p50,p95,p99,err_rate,late_rate,slo_viol_s,react_s,jain,cv,pod_s,scale_ev,fb_frac,profile,seed,config
0.02006781090018189,0.02006781090018189,0.02006781090018189,0.0,0.0,0.0,,0.9998159683730706,0.012013145517126449,9000.0,0.0,0.0,S1,0,A1
0.02006781090018189,0.02006781090018189,0.02006781090018189,0.0,0.0,0.0,,0.9998159683730706,0.012013145517126449,9000.0,0.0,0.0,S1,0,A2
0.02006781090018189,0.02006781090018189,0.02006781090018189,0.0,0.0,0.0,,0.9998159683730705,0.012013145517126449,9000.0,0.0,0.0,S1,0,A3
0.02006781090018189,0.02006781090018189,0.02006781090018189,0.0,0.0,0.0,,0.9998159683730705,0.012013145517126449,9000.0,0.0,0.0,S1,0,A4
0.02006781090018189,0.02006781090018189,0.08081649291125372,0.0,0.0,0.0,,0.9981838897942149,0.01905660758527366,9425.0,10.0,0.0,S1,0,B1
0.02006781090018189,0.02006781090018189,0.08081649291125372,0.0,0.0,0.0,,0.9984527920004082,0.01774177171512355,9295.0,8.0,0.0,S1,0,B2
0.02006781090018189,0.02006781090018189,0.02006781090018189,0.0,0.0,0.0,,0.9980517680864237,0.02179973351069437,10415.0,11.0,0.0,S1,0,B3
0.02006781090018189,0.02006781090018189,0.16218100973589297,0.0,0.001196296681577031,14.0,,0.9975702444673769,0.021240551639190437,9425.0,10.0,0.0,S1,0,B4
0.02006781090018189,0.02006781090018189,0.08081649291125372,0.0,0.0,0.0,,0.9981838897942149,0.01905660758527366,9425.0,10.0,0.0,S1,0,B5
0.02006781090018189,0.02006781090018189,0.08081649291125372,0.0,0.0,0.0,,0.9992416171684199,0.013781961516915115,8980.0,2.0,0.0,S1,0,B6
0.02006781090018189,0.02006781090018189,0.08081649291125372,0.0,0.0,0.0,,0.9986878652387032,0.01646312365577698,9125.0,6.0,0.0,S1,0,B7
0.02006781090018189,0.02006781090018189,0.02006781090018189,0.0,0.0,0.0,,0.999816805062693,0.01192782700445233,9000.0,0.0,0.0,S1,1,A1
0.02006781090018189,0.02006781090018189,0.02006781090018189,0.0,0.0,0.0,,0.999816805062693,0.01192782700445233,9000.0,0.0,0.0,S1,1,A2
0.02006781090018189,0.02006781090018189,0.02006781090018189,0.0,0.0,0.0,,0.9998168050626929,0.011927827004452333,9000.0,0.0,0.0,S1,1,A3
0.02006781090018189,0.02006781090018189,0.02006781090018189,0.0,0.0,0.0,,0.9998168050626929,0.011927827004452333,9000.0,0.0,0.0,S1,1,A4
0.02006781090018189,0.02006781090018189,0.1673978978860472,0.0,0.0,0.0,,0.9979200512731368,0.020351645491217974,9500.0,12.0,0.0,S1,1,B1
0.02006781090018189,0.02006781090018189,0.1673978978860472,0.0,0.0,0.0,,0.998174132766038,0.019032434923518866,9400.0,10.0,0.0,S1,1,B2
0.02006781090018189,0.02006781090018189,0.02006781090018189,0.0,0.0,0.0,,0.9978506163699924,0.022187287793637028,10200.0,13.0,0.0,S1,1,B3
0.02006781090018189,0.02006781090018189,0.1899984246214733,0.0,0.0013490247519955876,17.0,,0.997318025918834,0.022756069935276325,9500.0,12.0,0.0,S1,1,B4
0.02006781090018189,0.02006781090018189,0.1673978978860472,0.0,0.0,0.0,,0.9979200512731368,0.020351645491217974,9500.0,12.0,0.0,S1,1,B5
0.02006781090018189,0.02006781090018189,0.17278259805078636,0.0,0.0,0.0,,0.9991874753146567,0.014293445405458054,8970.0,3.0,0.0,S1,1,B6
0.02006781090018189,0.02006781090018189,0.1673978978860472,0.0,0.0,0.0,,0.9984736102342201,0.017605156429474373,9275.0,9.0,0.0,S1,1,B7
0.02006781090018189,0.02006781090018189,0.02006781090018189,0.0,0.0,0.0,,0.9998166358562118,0.012007606589859192,9000.0,0.0,0.0,S1,2,A1
0.02006781090018189,0.02006781090018189,0.02006781090018189,0.0,0.0,0.0,,0.9998166358562118,0.012007606589859192,9000.0,0.0,0.0,S1,2,A2
0.02006781090018189,0.02006781090018189,0.02006781090018189,0.0,0.0,0.0,,0.9998166358562118,0.012007606589859192,9000.0,0.0,0.0,S1,2,A3
0.02006781090018189,0.02006781090018189,0.02006781090018189,0.0,0.00028443965388185274,5.0,,0.9994341838646026,0.013559694490763202,8845.0,2.0,0.0,S1,2,A4
0.02006781090018189,0.02006781090018189,0.25263877101318966,0.0,0.0,0.0,,0.9984332152975254,0.0180302616553923,9450.0,8.0,0.0,S1,2,B1
0.02006781090018189,0.02006781090018189,0.25263877101318966,0.0,0.0,0.0,,0.9984106115307749,0.018017968792740428,9365.0,8.0,0.0,S1,2,B2
0.02006781090018189,0.02006781090018189,0.02006781090018189,0.0,0.0,0.0,,0.998661696568488,0.018835975774031642,10610.0,7.0,0.0,S1,2,B3
0.02006781090018189,0.02006781090018189,0.34673685045253166,0.0,0.0015831312314739962,15.0,,0.9982959246243887,0.019065496494291713,9450.0,8.0,0.0,S1,2,B4
0.02006781090018189,0.02006781090018189,0.25263877101318966,0.0,0.0,0.0,,0.9984332152975254,0.0180302616553923,9450.0,8.0,0.0,S1,2,B5
0.02006781090018189,0.02006781090018189,0.25263877101318966,0.0,0.0,0.0,,0.9992385671775994,0.013706132283758284,8980.0,2.0,0.0,S1,2,B6
0.02006781090018189,0.02006781090018189,0.25263877101318966,0.0,0.0,0.0,,0.9989617395032035,0.015048906775933625,9045.0,4.0,0.0,S1,2,B7
0.02006781090018189,0.02006781090018189,0.02006781090018189,0.0,0.0,0.0,,0.9998223702608976,0.011804060034329985,9000.0,0.0,0.0,S1,3,A1
0.02006781090018189,0.02006781090018189,0.02006781090018189,0.0,0.0,0.0,,0.9998223702608976,0.011804060034329985,9000.0,0.0,0.0,S1,3,A2
0.02006781090018189,0.02006781090018189,0.02006781090018189,0.0,0.0,0.0,,0.9998223702608976,0.011804060034329985,9000.0,0.0,0.0,S1,3,A3
0.02006781090018189,0.02006781090018189,0.02006781090018189,0.0,0.0,0.0,,0.9998223702608976,0.011804060034329985,9000.0,0.0,0.0,S1,3,A4
0.02006781090018189,0.02006781090018189,0.04156712619977309,0.0,0.0,0.0,,0.9978793157306374,0.020777650097339194,9710.0,12.0,0.0,S1,3,B1
0.02006781090018189,0.02006781090018189,0.04027170343254591,0.0,0.0,0.0,,0.9981248609488854,0.01977669853739241,9755.0,10.0,0.0,S1,3,B2
0.02006781090018189,0.02006781090018189,0.02006781090018189,0.0,0.0,0.0,,0.9991726603880575,0.016688266719453834,10580.0,3.0,0.0,S1,3,B3
0.02006781090018189,0.02006781090018189,0.06077850313707005,0.0,0.0018188139283819144,23.0,,0.9974769969288273,0.022742998016741036,9710.0,12.0,0.0,S1,3,B4
0.02006781090018189,0.02006781090018189,0.04156712619977309,0.0,0.0,0.0,,0.9978793157306374,0.020777650097339194,9710.0,12.0,0.0,S1,3,B5
0.02006781090018189,0.02006781090018189,0.04570881896148752,0.0,0.0,0.0,,0.9991460552315301,0.014493827476247488,8960.0,3.0,0.0,S1,3,B6
0.02006781090018189,0.02006781090018189,0.047179137813158536,0.0,0.0,0.0,,0.9980670595349254,0.019808546982366962,9290.0,11.0,0.0,S1,3,B7
0.02006781090018189,0.02006781090018189,0.02006781090018189,0.0,0.0,0.0,,0.9998161253016111,0.01208409981107125,9000.0,0.0,0.0,S1,4,A1
0.02006781090018189,0.02006781090018189,0.02006781090018189,0.0,0.0,0.0,,0.9998161253016111,0.01208409981107125,9000.0,0.0,0.0,S1,4,A2
0.02006781090018189,0.02006781090018189,0.02006781090018189,0.0,0.0,0.0,,0.9998161253016111,0.01208409981107125,9000.0,0.0,0.0,S1,4,A3
0.02006781090018189,0.02006781090018189,0.02006781090018189,0.0,0.0,0.0,,0.9998161253016111,0.01208409981107125,9000.0,0.0,0.0,S1,4,A4
0.02006781090018189,0.02006781090018189,0.36940264435828357,0.0,0.0009197729010523827,4.0,,0.9977255231375759,0.0218195518663165,9630.0,14.0,0.0,S1,4,B1
0.02006781090018189,0.02006781090018189,0.36940264435828357,0.0,0.0009197729010523827,4.0,,0.9982393663961366,0.0193332557017594,9510.0,10.0,0.0,S1,4,B2
0.02006781090018189,0.02006781090018189,0.02006781090018189,0.0,0.0,0.0,,0.9986902405967724,0.01823707070610498,10310.0,6.0,0.0,S1,4,B3
0.02006781090018189,0.02006781090018189,0.3812852456636189,0.0,0.0023640749263996986,22.0,,0.9966907355038103,0.025233700710970294,9630.0,14.0,0.0,S1,4,B4
0.02006781090018189,0.02006781090018189,0.36940264435828357,0.0,0.0009197729010523827,4.0,,0.9977255231375759,0.0218195518663165,9630.0,14.0,0.0,S1,4,B5
0.02006781090018189,0.02006781090018189,0.36940264435828357,0.0,0.0009197729010523827,4.0,,0.99934393319132,0.013620823014407786,8980.0,2.0,0.0,S1,4,B6
0.02006781090018189,0.02006781090018189,0.36940264435828357,0.0,0.0009197729010523827,4.0,,0.9990664860581343,0.014972113477027834,9045.0,4.0,0.0,S1,4,B7
0.02006781090018189,0.02006781090018189,0.02006781090018189,0.0,0.0,0.0,,0.9998197402163063,0.011898513683342573,9000.0,0.0,0.0,S1,5,A1
0.02006781090018189,0.02006781090018189,0.02006781090018189,0.0,0.0,0.0,,0.9998197402163063,0.011898513683342573,9000.0,0.0,0.0,S1,5,A2
0.02006781090018189,0.02006781090018189,0.02006781090018189,0.0,0.0,0.0,,0.9998197402163063,0.011898513683342573,9000.0,0.0,0.0,S1,5,A3
0.02006781090018189,0.02006781090018189,0.02006781090018189,0.0,0.0,0.0,,0.9998197402163063,0.011898513683342573,9000.0,0.0,0.0,S1,5,A4
0.02006781090018189,0.02006781090018189,0.1428893958511103,0.0,0.0,0.0,,0.997556619334265,0.022083522748542965,9700.0,14.0,0.0,S1,5,B1
0.02006781090018189,0.02006781090018189,0.1428893958511103,0.0,0.0,0.0,,0.9975887533864352,0.021972334664924126,9650.0,14.0,0.0,S1,5,B2
0.02006781090018189,0.02006781090018189,0.02006781090018189,0.0,0.0,0.0,,0.9986730196258177,0.018763684957887994,10680.0,6.0,0.0,S1,5,B3
0.02006781090018189,0.02006781090018189,0.2225871044793004,0.0,0.0017211577360155934,21.0,,0.9967580353851251,0.02518906757499073,9700.0,14.0,0.0,S1,5,B4
0.02006781090018189,0.02006781090018189,0.1428893958511103,0.0,0.0,0.0,,0.997556619334265,0.022083522748542965,9700.0,14.0,0.0,S1,5,B5
0.02006781090018189,0.02006781090018189,0.1428893958511103,0.0,0.0,0.0,,0.9992133931626601,0.013696942995073798,8980.0,2.0,0.0,S1,5,B6
0.02006781090018189,0.02006781090018189,0.1428893958511103,0.0,0.0,0.0,,0.9983914398577648,0.01771795119163988,9190.0,8.0,0.0,S1,5,B7
0.02006781090018189,0.02006781090018189,0.02006781090018189,0.0,0.0,0.0,,0.9998212069848094,0.011868179969770297,9000.0,0.0,0.0,S1,6,A1
0.02006781090018189,0.02006781090018189,0.02006781090018189,0.0,0.0,0.0,,0.9998212069848094,0.011868179969770297,9000.0,0.0,0.0,S1,6,A2
0.02006781090018189,0.02006781090018189,0.02006781090018189,0.0,0.0,0.0,,0.9998212069848094,0.011868179969770298,9000.0,0.0,0.0,S1,6,A3
0.02006781090018189,0.02006781090018189,0.02006781090018189,0.0,0.0,0.0,,0.9998212069848094,0.011868179969770298,9000.0,0.0,0.0,S1,6,A4
0.02006781090018189,0.02006781090018189,1.0839269140212038,0.0,0.015099259912217876,29.0,,0.998010321124907,0.02101659502599608,9620.0,13.0,0.0,S1,6,B1
0.02006781090018189,0.02006781090018189,1.0839269140212038,0.0,0.015099259912217876,29.0,,0.9983518875501295,0.019287254801566015,9575.0,11.0,0.0,S1,6,B2
0.02006781090018189,0.02006781090018189,0.02006781090018189,0.0,0.0,0.0,,0.9984226587114962,0.01987191341358877,10570.0,8.0,0.0,S1,6,B3
0.02006781090018189,0.02006781090018189,1.0174193661806046,0.0,0.014878886379079206,44.0,,0.997007477319132,0.023915782387790657,9620.0,13.0,0.0,S1,6,B4
0.02006781090018189,0.02006781090018189,1.0839269140212038,0.0,0.015099259912217876,29.0,,0.998010321124907,0.02101659502599608,9620.0,13.0,0.0,S1,6,B5
0.02006781090018189,0.02006781090018189,1.0839269140212038,0.0,0.015099259912217876,29.0,,0.9996174694522854,0.012824101449676724,8980.0,2.0,0.0,S1,6,B6
0.02006781090018189,0.02006781090018189,1.0839269140212038,0.0,0.015099259912217876,29.0,,0.9982924137780176,0.01956935466581423,9415.0,13.0,0.0,S1,6,B7
0.02006781090018189,0.02006781090018189,0.02006781090018189,0.0,0.0,0.0,,0.999815449138485,0.011980451952169666,9000.0,0.0,0.0,S1,7,A1
0.02006781090018189,0.02006781090018189,0.02006781090018189,0.0,0.0,0.0,,0.999815449138485,0.011980451952169666,9000.0,0.0,0.0,S1,7,A2
0.02006781090018189,0.02006781090018189,0.02006781090018189,0.0,0.0,0.0,,0.9998154491384852,0.011980451952169666,9000.0,0.0,0.0,S1,7,A3
0.02006781090018189,0.02006781090018189,0.02006781090018189,0.0,0.0,0.0,,0.9998154491384852,0.011980451952169666,9000.0,0.0,0.0,S1,7,A4
0.02006781090018189,0.02006781090018189,0.06898425842094826,0.0,0.0,0.0,,0.9981300493403717,0.019520798392156636,9495.0,10.0,0.0,S1,7,B1
0.02006781090018189,0.02006781090018189,0.06898425842094826,0.0,0.0,0.0,,0.9979727434524731,0.02016572978359049,9535.0,11.0,0.0,S1,7,B2
0.02006781090018189,0.02006781090018189,0.02006781090018189,0.0,0.0,0.0,,0.9984615721016151,0.01962793113799135,10450.0,8.0,0.0,S1,7,B3
0.02006781090018189,0.02006781090018189,0.16218100973589297,0.0,0.001151810923505544,14.0,,0.9976017621096903,0.021598145530327892,9495.0,10.0,0.0,S1,7,B4
0.02006781090018189,0.02006781090018189,0.06898425842094826,0.0,0.0,0.0,,0.9981300493403717,0.019520798392156636,9495.0,10.0,0.0,S1,7,B5
0.02006781090018189,0.02006781090018189,0.06898425842094826,0.0,0.0,0.0,,0.9991999795560842,0.013861216249130438,8980.0,2.0,0.0,S1,7,B6
0.02006781090018189,0.02006781090018189,0.06898425842094826,0.0,0.0,0.0,,0.9989347654818636,0.015184466579052388,9050.0,4.0,0.0,S1,7,B7
0.02006781090018189,0.02006781090018189,0.02006781090018189,0.0,0.0,0.0,,0.9998131091506034,0.012147705754971903,9000.0,0.0,0.0,S1,8,A1
0.02006781090018189,0.02006781090018189,0.02006781090018189,0.0,0.0,0.0,,0.9998131091506034,0.012147705754971903,9000.0,0.0,0.0,S1,8,A2
0.02006781090018189,0.02006781090018189,0.02006781090018189,0.0,0.0,0.0,,0.9998131091506034,0.012147705754971903,9000.0,0.0,0.0,S1,8,A3
0.02006781090018189,0.02006781090018189,0.02006781090018189,0.0,0.00051879996715511,9.0,,0.9990939321156136,0.015372413179730652,9025.0,4.0,0.0,S1,8,A4
0.02006781090018189,0.02006781090018189,0.25263877101318966,0.0,0.0013399222173286654,3.0,,0.996997483955915,0.025142730159051104,9765.0,19.0,0.0,S1,8,B1
0.02006781090018189,0.02006781090018189,0.25263877101318966,0.0,0.0013399222173286654,3.0,,0.9973553281087071,0.02296156936383353,9720.0,16.0,0.0,S1,8,B2
0.02006781090018189,0.02006781090018189,0.02006781090018189,0.0,0.0,0.0,,0.998029984670433,0.021705525765184447,10210.0,11.0,0.0,S1,8,B3
0.02006781090018189,0.02006781090018189,0.34673685045253166,0.0,0.0028963221187939953,26.0,,0.9958026163079106,0.02902587598972368,9765.0,19.0,0.0,S1,8,B4
0.02006781090018189,0.02006781090018189,0.25263877101318966,0.0,0.0013399222173286654,3.0,,0.996997483955915,0.025142730159051104,9765.0,19.0,0.0,S1,8,B5
0.02006781090018189,0.02006781090018189,0.25263877101318966,0.0,0.0013399222173286654,3.0,,0.9991179356158166,0.014655882596295985,8970.0,3.0,0.0,S1,8,B6
0.02006781090018189,0.02006781090018189,0.25263877101318966,0.0,0.0013399222173286654,3.0,,0.9982694009718143,0.018753816909782728,9180.0,9.0,0.0,S1,8,B7
0.02006781090018189,0.02006781090018189,0.02006781090018189,0.0,0.0,0.0,,0.9998217401008942,0.011793067174822588,9000.0,0.0,0.0,S1,9,A1
0.02006781090018189,0.02006781090018189,0.02006781090018189,0.0,0.0,0.0,,0.9998217401008942,0.011793067174822588,9000.0,0.0,0.0,S1,9,A2
0.02006781090018189,0.02006781090018189,0.02006781090018189,0.0,0.0,0.0,,0.9998217401008942,0.01179306717482259,9000.0,0.0,0.0,S1,9,A3
0.02006781090018189,0.02006781090018189,0.02006781090018189,0.0,0.0,0.0,,0.9998217401008942,0.01179306717482259,9000.0,0.0,0.0,S1,9,A4
0.02006781090018189,0.02006781090018189,0.41927599668460547,0.0,0.004290898661989697,10.0,,0.9981609339506989,0.019054808744608596,9440.0,10.0,0.0,S1,9,B1
0.02006781090018189,0.02006781090018189,0.41927599668460547,0.0,0.004290898661989697,10.0,,0.9984373262864188,0.017632077100356563,9345.0,8.0,0.0,S1,9,B2
0.02006781090018189,0.02006781090018189,0.02006781090018189,0.0,0.0,0.0,,0.9984694573617973,0.019772292102587026,10670.0,8.0,0.0,S1,9,B3
0.02006781090018189,0.02006781090018189,0.43276287768448307,0.0,0.005651337826459438,26.0,,0.9978596412263444,0.02057795411593696,9440.0,10.0,0.0,S1,9,B4
0.02006781090018189,0.02006781090018189,0.41927599668460547,0.0,0.004290898661989697,10.0,,0.9981609339506989,0.019054808744608596,9440.0,10.0,0.0,S1,9,B5
0.02006781090018189,0.02006781090018189,0.41927599668460547,0.0,0.004290898661989697,10.0,,0.999268290151732,0.013472293268082898,8980.0,2.0,0.0,S1,9,B6
0.02006781090018189,0.02006781090018189,0.41927599668460547,0.0,0.004290898661989697,10.0,,0.9989956115498546,0.014772722162530779,9050.0,4.0,0.0,S1,9,B7
0.02006781090018189,0.02006781090018189,0.02006781090018189,0.0,0.0,0.0,,0.9991368094045366,0.023089610414269723,23400.0,0.0,0.0,S2,0,A1
0.02006781090018189,0.02006781090018189,1.3106900423660772,0.00039269603679076715,0.012596480564749993,150.0,,0.9964871587494831,0.026948810559341767,16980.0,9.0,0.0,S2,0,A2
0.02006781090018189,0.02006781090018189,0.024266100950824154,0.0,0.002568543308239843,48.0,,0.99801934151553,0.021185149797010853,16995.0,9.0,0.0,S2,0,A3
0.02006781090018189,0.02006781090018189,0.024266100950824154,0.0,0.002758941386683851,57.0,,0.9979975720948927,0.021984575241569628,16110.0,13.0,0.0,S2,0,A4
0.02006781090018189,0.02006781090018189,0.02006781090018189,0.0,0.0,0.0,,0.9968668099362576,0.02873092289286773,18600.0,22.0,0.0,S2,0,B1
0.02006781090018189,0.02006781090018189,0.02006781090018189,0.0,0.0,0.0,,0.9971529663747073,0.026774602700937487,18375.0,17.0,0.0,S2,0,B2
0.02006781090018189,0.02006781090018189,0.02006781090018189,0.0,0.0,0.0,,0.9971816822262086,0.026756004503661692,18655.0,16.0,0.0,S2,0,B3
0.02006781090018189,0.02006781090018189,0.026683942737144424,0.0,0.0021731011453176717,33.0,,0.9961872807633265,0.03300720903460717,18600.0,22.0,0.0,S2,0,B4
0.02006781090018189,0.02006781090018189,0.02006781090018189,0.0,0.0,0.0,,0.9968668099362576,0.02873092289286773,18600.0,22.0,0.0,S2,0,B5
0.02006781090018189,0.02006781090018189,0.02006781090018189,0.0,0.0,0.0,,0.9970370118246055,0.02529084473487452,16850.0,15.0,0.0,S2,0,B6
0.02006781090018189,0.02006781090018189,0.02006781090018189,0.0,0.0,0.0,,0.9964950123960368,0.028969308345177094,17775.0,23.0,0.0,S2,0,B7
0.02006781090018189,0.02006781090018189,0.02006781090018189,0.0,0.0,0.0,,0.9991284295138058,0.02308576575261435,23400.0,0.0,0.0,S2,1,A1
0.02006781090018189,0.02006781090018189,1.0839269140212038,0.00032657884611861273,0.011965244315787545,146.0,,0.9966402385410289,0.02656073746462906,16980.0,9.0,0.0,S2,1,A2
0.02006781090018189,0.02006781090018189,0.02350985767597148,0.0,0.0017313717227606677,33.0,,0.9981015241045222,0.0200206707642015,16230.0,7.0,0.0,S2,1,A3
0.02006781090018189,0.02006781090018189,0.028428241752041873,0.0,0.0026401128597863728,48.0,,0.9974643879625407,0.023375493375573885,16210.0,14.0,0.0,S2,1,A4
0.02006781090018189,0.02006781090018189,0.02006781090018189,0.0,0.0,0.0,,0.9969861451705854,0.027796786672136118,18735.0,18.0,0.0,S2,1,B1
0.02006781090018189,0.02006781090018189,0.02006781090018189,0.0,0.0,0.0,,0.9971934789656562,0.026650475304033895,18545.0,16.0,0.0,S2,1,B2
0.02006781090018189,0.02006781090018189,0.02006781090018189,0.0,0.0,0.0,,0.9971559611268729,0.02692212363603544,18810.0,15.0,0.0,S2,1,B3
0.02006781090018189,0.02006781090018189,0.025852348395621914,0.0,0.0019695498433520823,34.0,,0.9962030357290068,0.031889983404937636,18735.0,18.0,0.0,S2,1,B4
0.02006781090018189,0.02006781090018189,0.02006781090018189,0.0,0.0,0.0,,0.9969861451705854,0.027796786672136118,18735.0,18.0,0.0,S2,1,B5
0.02006781090018189,0.02006781090018189,0.02006781090018189,0.0,0.0,0.0,,0.9970338452879832,0.025617021817784063,16660.0,15.0,0.0,S2,1,B6
0.02006781090018189,0.02006781090018189,0.02006781090018189,0.0,0.0,0.0,,0.9967986207115024,0.02730433218152219,17625.0,19.0,0.0,S2,1,B7
0.02006781090018189,0.02006781090018189,0.02006781090018189,0.0,0.0,0.0,,0.9991448810231986,0.02306476989284812,23400.0,0.0,0.0,S2,2,A1
0.02006781090018189,0.02006781090018189,0.6327760017024558,0.00019513656785296137,0.010316343196207507,119.0,,0.9963820367903077,0.026240541807469597,17130.0,8.0,0.0,S2,2,A2
0.02006781090018189,0.02006781090018189,0.025852348395621914,0.0,0.002127081071382991,40.0,,0.9978394574641051,0.021343710956570842,17130.0,8.0,0.0,S2,2,A3
0.02006781090018189,0.02006781090018189,0.028428241752041873,0.0,0.0022103146785240647,43.0,,0.9968299153767866,0.025553452201775254,16370.0,15.0,0.0,S2,2,A4
0.02006781090018189,0.02006781090018189,0.02006781090018189,0.0,0.0,0.0,,0.9971305595538368,0.0262976503428926,18280.0,16.0,0.0,S2,2,B1
0.02006781090018189,0.02006781090018189,0.02006781090018189,0.0,0.0,0.0,,0.9971184376017829,0.02678250149713894,18190.0,17.0,0.0,S2,2,B2
0.02006781090018189,0.02006781090018189,0.02006781090018189,0.0,0.0,0.0,,0.997276144559102,0.026185576872067972,18620.0,14.0,0.0,S2,2,B3
0.02006781090018189,0.02006781090018189,0.024266100950824154,0.0,0.0018847787928167547,37.0,,0.9965344933996328,0.029915829203203907,18280.0,16.0,0.0,S2,2,B4
0.02006781090018189,0.02006781090018189,0.02006781090018189,0.0,0.0,0.0,,0.9971305595538368,0.0262976503428926,18280.0,16.0,0.0,S2,2,B5
0.02006781090018189,0.02006781090018189,0.02006781090018189,0.0,0.0,0.0,,0.9970195222507356,0.02550106949595574,16425.0,16.0,0.0,S2,2,B6
0.02006781090018189,0.02006781090018189,0.02006781090018189,0.0,0.0,0.0,,0.9968316956614197,0.02692633138786725,17505.0,17.0,0.0,S2,2,B7
0.02006781090018189,0.02006781090018189,0.02006781090018189,0.0,0.0,0.0,,0.9991839122005642,0.022509616757453187,23400.0,0.0,0.0,S2,3,A1
0.02006781090018189,0.02006781090018189,0.9252306262333164,0.00015297530193443814,0.011267375557525031,143.0,,0.99619514943246,0.027650319275830393,16995.0,9.0,0.0,S2,3,A2
0.02006781090018189,0.02006781090018189,0.022777182418573218,0.0,0.0020342556375234425,42.0,,0.9978125319749004,0.021784788758323757,16995.0,9.0,0.0,S2,3,A3
0.02006781090018189,0.02006781090018189,0.024266100950824154,0.0,0.0026118614973348903,53.0,,0.9975838376556967,0.023508011454687665,16845.0,13.0,0.0,S2,3,A4
0.02006781090018189,0.02006781090018189,0.02006781090018189,0.0,0.0,0.0,,0.9970991651002565,0.02694147514490914,18955.0,17.0,0.0,S2,3,B1
0.02006781090018189,0.02006781090018189,0.02006781090018189,0.0,0.0,0.0,,0.9973115398944713,0.025785716802480717,18675.0,14.0,0.0,S2,3,B2
0.02006781090018189,0.02006781090018189,0.02006781090018189,0.0,0.0,0.0,,0.9972843883033317,0.026255922140581905,19155.0,13.0,0.0,S2,3,B3
0.02006781090018189,0.02006781090018189,0.024266100950824154,0.0,0.0016913021582603955,27.0,,0.9960744425060262,0.03166219014422989,18955.0,17.0,0.0,S2,3,B4
0.02006781090018189,0.02006781090018189,0.02006781090018189,0.0,0.0,0.0,,0.9970991651002565,0.02694147514490914,18955.0,17.0,0.0,S2,3,B5
0.02006781090018189,0.02006781090018189,0.02006781090018189,0.0,0.0,0.0,,0.9974861082650162,0.02376232423287716,17140.0,12.0,0.0,S2,3,B6
0.02006781090018189,0.02006781090018189,0.021379620895022326,0.0,0.0,0.0,,0.9966875293895244,0.02829494833219204,18200.0,21.0,0.0,S2,3,B7
0.02006781090018189,0.02006781090018189,0.02006781090018189,0.0,0.0,0.0,,0.9991584937336704,0.022926204575155325,23400.0,0.0,0.0,S2,4,A1
0.02006781090018189,0.02006781090018189,1.1187936686591167,0.00016176259430850126,0.012461172433472861,155.0,,0.9956516262422659,0.02957329506223567,17085.0,11.0,0.0,S2,4,A2
0.02006781090018189,0.02006781090018189,0.024266100950824154,0.0,0.00236100685400835,46.0,,0.997591728903522,0.023053095890329302,17085.0,11.0,0.0,S2,4,A3
0.02006781090018189,0.02006781090018189,0.0220673406908459,0.0,0.0021501702142354717,48.0,,0.9982089236961178,0.020875974650612313,16135.0,10.0,0.0,S2,4,A4
0.02006781090018189,0.02006781090018189,0.02006781090018189,0.0,0.0,0.0,,0.9971063237846137,0.026989861922713534,18800.0,18.0,0.0,S2,4,B1
0.02006781090018189,0.02006781090018189,0.02006781090018189,0.0,0.0,0.0,,0.9972206179701223,0.026217771696249,18465.0,16.0,0.0,S2,4,B2
0.02006781090018189,0.02006781090018189,0.02006781090018189,0.0,0.0,0.0,,0.9970094933859053,0.027550813730376895,19005.0,17.0,0.0,S2,4,B3
0.02006781090018189,0.02006781090018189,0.024266100950824154,0.0,0.0018030167815059916,28.0,,0.9961533802197228,0.03155006701741479,18800.0,18.0,0.0,S2,4,B4
0.02006781090018189,0.02006781090018189,0.02006781090018189,0.0,0.0,0.0,,0.9971063237846137,0.026989861922713534,18800.0,18.0,0.0,S2,4,B5
0.02006781090018189,0.02006781090018189,0.02006781090018189,0.0,0.0,0.0,,0.9973178458680388,0.024765055726433585,16865.0,15.0,0.0,S2,4,B6
0.02006781090018189,0.02006781090018189,0.02006781090018189,0.0,0.0,0.0,,0.9972529548294178,0.025771155928818647,17995.0,15.0,0.0,S2,4,B7
0.02006781090018189,0.02006781090018189,0.02006781090018189,0.0,0.0,0.0,,0.9991369187476703,0.022957007317970433,23400.0,0.0,0.0,S2,5,A1
0.02006781090018189,0.02006781090018189,0.7182076058301705,0.00014873848067936866,0.010504372640076386,126.0,,0.9965447424205457,0.02598011682330603,17145.0,7.0,0.0,S2,5,A2
0.02006781090018189,0.02006781090018189,0.022777182418573218,0.0,0.0019638904561433967,38.0,,0.9980780339371417,0.020577686255306007,17145.0,7.0,0.0,S2,5,A3
0.02006781090018189,0.02006781090018189,0.026683942737144424,0.0,0.002625754090534265,49.0,,0.9975628903079443,0.02311716432340987,16625.0,14.0,0.0,S2,5,A4
0.02006781090018189,0.02006781090018189,0.02006781090018189,0.0,0.0,0.0,,0.9970982293667965,0.027474352647210848,18900.0,18.0,0.0,S2,5,B1
0.02006781090018189,0.02006781090018189,0.02006781090018189,0.0,0.0,0.0,,0.9971175774457055,0.0273631259184214,18590.0,18.0,0.0,S2,5,B2
0.02006781090018189,0.02006781090018189,0.02006781090018189,0.0,0.0,0.0,,0.9972332165089062,0.026319540984325183,19025.0,14.0,0.0,S2,5,B3
0.02006781090018189,0.02006781090018189,0.024266100950824154,0.0,0.0017541194681943782,26.0,,0.9958702955133213,0.03279725919387054,18900.0,18.0,0.0,S2,5,B4
0.02006781090018189,0.02006781090018189,0.02006781090018189,0.0,0.0,0.0,,0.9970982293667965,0.027474352647210848,18900.0,18.0,0.0,S2,5,B5
0.02006781090018189,0.02006781090018189,0.02006781090018189,0.0,0.0,0.0,,0.9970155582060465,0.02605384856607687,17210.0,15.0,0.0,S2,5,B6
0.02006781090018189,0.02006781090018189,0.021379620895022326,0.0,0.0,0.0,,0.9965714099542872,0.028769615246187853,18250.0,22.0,0.0,S2,5,B7
0.02006781090018189,0.02006781090018189,0.02006781090018189,0.0,0.0,0.0,,0.9990355523211749,0.024578347277386337,25200.0,0.0,0.0,S2,6,A1
0.02006781090018189,0.02006781090018189,0.7897688493998856,0.00013091841525515548,0.010992632453320814,138.0,,0.9959416879924856,0.027967262103047494,17370.0,10.0,0.0,S2,6,A2
0.02006781090018189,0.02006781090018189,0.025852348395621914,0.0,0.002408898840694861,48.0,,0.997534881368753,0.02317767953890197,17205.0,12.0,0.0,S2,6,A3
0.02006781090018189,0.02006781090018189,0.02350985767597148,0.0,0.002259019827368269,47.0,,0.998108067386676,0.02074269041588934,16655.0,11.0,0.0,S2,6,A4
0.02006781090018189,0.02006781090018189,0.02006781090018189,0.0,0.0,0.0,,0.9967380936828589,0.029739447114085445,19040.0,24.0,0.0,S2,6,B1
0.02006781090018189,0.02006781090018189,0.02006781090018189,0.0,0.0,0.0,,0.996946485187845,0.028145429805221736,18680.0,21.0,0.0,S2,6,B2
0.02006781090018189,0.02006781090018189,0.02006781090018189,0.0,0.0,0.0,,0.9968941230558513,0.027800713313084497,19125.0,19.0,0.0,S2,6,B3
0.02006781090018189,0.02006781090018189,0.028428241752041873,0.0,0.002338473762143812,31.0,,0.9957581582518104,0.03483231382689258,19040.0,24.0,0.0,S2,6,B4
0.02006781090018189,0.02006781090018189,0.02006781090018189,0.0,0.0,0.0,,0.9967380936828589,0.029739447114085445,19040.0,24.0,0.0,S2,6,B5
0.02006781090018189,0.02006781090018189,0.02006781090018189,0.0,0.0,0.0,,0.9965627394007838,0.02789349232253599,17260.0,20.0,0.0,S2,6,B6
0.02006781090018189,0.02006781090018189,0.0220673406908459,0.0,0.0,0.0,,0.9961797178913169,0.029545440660988735,18325.0,25.0,0.0,S2,6,B7
0.02006781090018189,0.02006781090018189,0.02006781090018189,0.0,0.0,0.0,,0.9991394189431619,0.022799604096566714,23400.0,0.0,0.0,S2,7,A1
0.02006781090018189,0.02006781090018189,1.4412854420872234,7.436336695291973e-05,0.01291260192830637,158.0,,0.9958033698570828,0.029683925758446108,17055.0,11.0,0.0,S2,7,A2
0.02006781090018189,0.02006781090018189,0.022777182418573218,0.0,0.0020124012390222226,41.0,,0.9980976069672847,0.020236560063978754,16575.0,8.0,0.0,S2,7,A3
0.02006781090018189,0.02006781090018189,0.029342695039559687,0.0,0.0031636563274044615,57.0,,0.99751015909108,0.02366228082310884,16665.0,16.0,0.0,S2,7,A4
0.02006781090018189,0.02006781090018189,0.02006781090018189,0.0,0.0,0.0,,0.9969891550567013,0.027522814066566023,18790.0,20.0,0.0,S2,7,B1
0.02006781090018189,0.02006781090018189,0.02006781090018189,0.0,0.0,0.0,,0.9968840128059219,0.027762426925309308,18595.0,21.0,0.0,S2,7,B2
0.02006781090018189,0.02006781090018189,0.02006781090018189,0.0,0.0,0.0,,0.9973130064936128,0.026153651812849836,18810.0,15.0,0.0,S2,7,B3
0.02006781090018189,0.02006781090018189,0.025852348395621914,0.0,0.0021280775876156535,35.0,,0.9960999564435196,0.031787932530396586,18790.0,20.0,0.0,S2,7,B4
0.02006781090018189,0.02006781090018189,0.02006781090018189,0.0,0.0,0.0,,0.9969891550567013,0.027522814066566023,18790.0,20.0,0.0,S2,7,B5
0.02006781090018189,0.02006781090018189,0.02006781090018189,0.0,0.0,0.0,,0.9970500766317013,0.02544297585420862,16850.0,15.0,0.0,S2,7,B6
0.02006781090018189,0.02006781090018189,0.02006781090018189,0.0,0.0,0.0,,0.9967355157991898,0.027408148261655777,17840.0,18.0,0.0,S2,7,B7
0.02006781090018189,0.02006781090018189,0.02006781090018189,0.0,0.0,0.0,,0.9991187267196192,0.023380726403118706,23400.0,0.0,0.0,S2,8,A1
0.02006781090018189,0.02006781090018189,0.8151734005153627,7.556893269019871e-05,0.011003573857572837,117.0,,0.9963117971186608,0.026447372895227157,17040.0,8.0,0.0,S2,8,A2
0.02006781090018189,0.02006781090018189,0.028428241752041873,0.0,0.001880007593756163,34.0,,0.997601892068523,0.02196660507284937,17205.0,9.0,0.0,S2,8,A3
0.02006781090018189,0.02006781090018189,0.026683942737144424,0.0,0.0022302050867107426,42.0,,0.9973170227829287,0.023312715944818093,16390.0,13.0,0.0,S2,8,A4
0.02006781090018189,0.02006781090018189,0.02006781090018189,0.0,0.0,0.0,,0.9971387727111325,0.02588360772359063,18645.0,16.0,0.0,S2,8,B1
0.02006781090018189,0.02006781090018189,0.02006781090018189,0.0,0.0,0.0,,0.9971833467357079,0.025992970672349618,18475.0,17.0,0.0,S2,8,B2
0.02006781090018189,0.02006781090018189,0.02006781090018189,0.0,0.0,0.0,,0.9972069018056384,0.026884461634445512,18805.0,15.0,0.0,S2,8,B3
0.02006781090018189,0.02006781090018189,0.025852348395621914,0.0,0.0019592628158458837,26.0,,0.9964017962629074,0.029646013765059997,18645.0,16.0,0.0,S2,8,B4
0.02006781090018189,0.02006781090018189,0.02006781090018189,0.0,0.0,0.0,,0.9971387727111325,0.02588360772359063,18645.0,16.0,0.0,S2,8,B5
0.02006781090018189,0.02006781090018189,0.02006781090018189,0.0,0.0,0.0,,0.9970607416908287,0.025688543582591657,16705.0,15.0,0.0,S2,8,B6
0.02006781090018189,0.02006781090018189,0.021379620895022326,0.0,0.0,0.0,,0.9965473781596673,0.028597011712315126,17800.0,22.0,0.0,S2,8,B7
0.02006781090018189,0.02006781090018189,0.02006781090018189,0.0,0.0,0.0,,0.9991540613318363,0.022951764700706676,23400.0,0.0,0.0,S2,9,A1
0.02006781090018189,0.02006781090018189,1.1547819846894583,0.00032817810766057575,0.012187073323068879,142.0,,0.9961617301275986,0.02748714183115893,17370.0,10.0,0.0,S2,9,A2
0.02006781090018189,0.02006781090018189,0.024266100950824154,0.0,0.0025328268889986344,47.0,,0.9977882254102368,0.021820641901297302,17385.0,10.0,0.0,S2,9,A3
0.02006781090018189,0.02006781090018189,0.024266100950824154,0.0,0.0025382738285448683,56.0,,0.9976710683185709,0.02302850504292281,16240.0,13.0,0.0,S2,9,A4
0.02006781090018189,0.02006781090018189,0.02006781090018189,0.0,0.0,0.0,,0.9972645882087353,0.02534570969402231,18560.0,14.0,0.0,S2,9,B1
0.02006781090018189,0.02006781090018189,0.02006781090018189,0.0,0.0,0.0,,0.997344332564531,0.024905099698144154,18375.0,14.0,0.0,S2,9,B2
0.02006781090018189,0.02006781090018189,0.02006781090018189,0.0,0.0,0.0,,0.997292423982166,0.02588184564215308,18975.0,15.0,0.0,S2,9,B3
0.02006781090018189,0.02006781090018189,0.02350985767597148,0.0,0.0018755628504197775,34.0,,0.9966767352561025,0.02861883744866478,18560.0,14.0,0.0,S2,9,B4
0.02006781090018189,0.02006781090018189,0.02006781090018189,0.0,0.0,0.0,,0.9972645882087353,0.02534570969402231,18560.0,14.0,0.0,S2,9,B5
0.02006781090018189,0.02006781090018189,0.02006781090018189,0.0,0.0,0.0,,0.997553469457274,0.02320751113321619,16960.0,11.0,0.0,S2,9,B6
0.02006781090018189,0.02006781090018189,0.02006781090018189,0.0,0.0,0.0,,0.997064557737857,0.026640001678466356,17750.0,20.0,0.0,S2,9,B7
0.02006781090018189,0.02006781090018189,0.02006781090018189,0.0,0.0,0.0,0.0,0.9987011762892385,0.03141797652826152,18000.0,0.0,0.0,S3,0,A1
0.02006781090018189,2.0417379446695296,3.726061338637685,0.1525488116556844,0.25100492028443766,399.0,111.66666666666667,0.9934861532590633,0.03873298158667662,14310.0,21.0,0.0,S3,0,A2
0.02006781090018189,2.0417379446695296,3.9696297343000686,0.14938105255837406,0.2631856668463237,363.0,111.66666666666667,0.995427911258452,0.0331296298191732,14775.0,21.0,0.0,S3,0,A3
0.02006781090018189,2.0417379446695296,3.9696297343000686,0.15363631621955248,0.2738512092077125,374.0,114.66666666666667,0.9961865958046696,0.023120224995449117,10155.0,31.0,0.0,S3,0,A4
0.02006781090018189,2.0417379446695296,2.0417379446695296,0.05238451240502808,0.09474068536258845,133.0,43.666666666666664,0.9980093140837172,0.023618086464940947,11980.0,27.0,0.025,S3,0,B1
0.02006781090018189,2.0417379446695296,2.0417379446695296,0.05212719717648695,0.09363492532642523,132.0,44.0,0.9985802820838204,0.021442791644845215,12070.0,26.0,0.0,S3,0,B2
0.02006781090018189,2.0417379446695296,2.0417379446695296,0.05157779439122347,0.09035937201175305,127.0,42.666666666666664,0.9980635003551106,0.025173939862623413,13125.0,25.0,0.0,S3,0,B3
0.02006781090018189,2.0417379446695296,2.7148760106825023,0.050091277361475735,0.10713180450997097,145.0,43.666666666666664,0.9968773714179041,0.02619366674734877,11980.0,27.0,0.025,S3,0,B4
0.02006781090018189,2.0417379446695296,2.0417379446695296,0.05238451240502808,0.09474068536258845,133.0,43.666666666666664,0.9980015611951323,0.02389264620396064,12075.0,28.0,0.0,S3,0,B5
0.02006781090018189,2.0417379446695296,2.0417379446695296,0.06647078255124572,0.08698993341099154,139.0,46.333333333333336,0.9984774187364673,0.01992490447902548,10905.0,23.0,0.0,S3,0,B6
0.02006781090018189,2.0417379446695296,2.0417379446695296,0.05951631691499904,0.08336317958168889,130.0,42.666666666666664,0.9966492421056172,0.026023822593234592,12035.0,32.0,0.19166666666666668,S3,0,B7
0.02006781090018189,0.02006781090018189,0.02006781090018189,0.0,0.0,0.0,0.0,0.998649265934353,0.032004138973546696,18000.0,0.0,0.0,S3,1,A1
0.02006781090018189,2.0417379446695296,3.726061338637685,0.15726496172218862,0.25329150934868616,399.0,112.33333333333333,0.9934250965589886,0.039102971316237044,14295.0,23.0,0.0,S3,1,A2
0.02006781090018189,2.0417379446695296,3.9696297343000686,0.15381352691267375,0.2685252786527323,365.0,112.33333333333333,0.9954067082096233,0.033699899757902496,14775.0,23.0,0.0,S3,1,A3
0.02006781090018189,2.0417379446695296,3.9696297343000686,0.16272241807296772,0.26990724323271936,375.0,116.0,0.9960923836650846,0.023653030404415902,10035.0,30.0,0.0,S3,1,A4
0.02006781090018189,2.0417379446695296,2.0417379446695296,0.04781423614732611,0.09817337310610011,135.0,44.333333333333336,0.9983586882118559,0.022015320325022278,11695.0,21.0,0.05277777777777778,S3,1,B1
0.02006781090018189,2.0417379446695296,2.0417379446695296,0.0416206011806671,0.10419317605011925,133.0,43.666666666666664,0.998403573784376,0.022480810988976415,11915.0,23.0,0.0,S3,1,B2
0.02006781090018189,2.0417379446695296,2.0417379446695296,0.04678862721375081,0.08939485596278604,129.0,42.0,0.9984391030040171,0.024178120903472582,13120.0,19.0,0.0,S3,1,B3
0.02006781090018189,2.0417379446695296,2.6302679918953813,0.04551965344847966,0.11081791443292517,146.0,44.333333333333336,0.9981271835923042,0.022527401632748058,11695.0,21.0,0.05277777777777778,S3,1,B4
0.02006781090018189,2.0417379446695296,2.0417379446695296,0.04781423614732611,0.09817337310610011,135.0,44.333333333333336,0.998755862745208,0.020911540618667745,11915.0,22.0,0.0,S3,1,B5
0.02006781090018189,2.0417379446695296,2.0417379446695296,0.053232580293011256,0.10743688159257946,145.0,47.666666666666664,0.998481754990585,0.019944281523226873,10825.0,23.0,0.0,S3,1,B6
0.02006781090018189,2.0417379446695296,2.0417379446695296,0.04781423614732611,0.09187370060563077,130.0,41.666666666666664,0.9957787609358241,0.029490595770619046,12060.0,34.0,0.19444444444444445,S3,1,B7
0.02006781090018189,0.02006781090018189,0.02006781090018189,0.0,0.0,0.0,0.0,0.9986352310283124,0.03236630687765767,18000.0,0.0,0.0,S3,2,A1
0.02006781090018189,2.0417379446695296,3.726061338637685,0.13962181486803826,0.2606796116504854,394.0,107.33333333333333,0.9933449710291904,0.038990915774911546,14295.0,22.0,0.0,S3,2,A2
0.02006781090018189,2.0417379446695296,3.8459178204535354,0.13671970838736813,0.26325926185552556,348.0,107.33333333333333,0.9953257015125268,0.03353137769307392,14790.0,23.0,0.0,S3,2,A3
0.02006781090018189,2.0417379446695296,3.9696297343000686,0.15783358452209878,0.2688601871648382,371.0,116.0,0.9960170101127354,0.023363329733164788,9980.0,30.0,0.0,S3,2,A4
0.02006781090018189,2.0417379446695296,2.0417379446695296,0.04843153061582139,0.0968280116364656,134.0,43.666666666666664,0.9975877570176747,0.02366264467024818,11555.0,24.0,0.05555555555555555,S3,2,B1
0.02006781090018189,2.0417379446695296,2.0417379446695296,0.0476954891171007,0.09594476183800077,133.0,43.333333333333336,0.9987473834119825,0.020442962199689683,11925.0,24.0,0.0,S3,2,B2
0.02006781090018189,2.0417379446695296,2.0417379446695296,0.046819249237671307,0.09334758683537205,129.0,41.666666666666664,0.9986765002491231,0.022003684434096983,12805.0,19.0,0.0,S3,2,B3
0.02006781090018189,2.0417379446695296,2.6302679918953813,0.04616732676737584,0.1116469804773755,157.0,43.666666666666664,0.9971216495172851,0.02504137825734343,11555.0,24.0,0.05555555555555555,S3,2,B4
0.02006781090018189,2.0417379446695296,2.0417379446695296,0.04843153061582139,0.0968280116364656,134.0,43.666666666666664,0.998855872384509,0.019641613814461445,11820.0,20.0,0.0,S3,2,B5
0.02006781090018189,2.0417379446695296,2.0417379446695296,0.06291752830254811,0.09107286810837335,144.0,46.333333333333336,0.9986656371551786,0.01774131814262563,10385.0,21.0,0.0,S3,2,B6
0.02006781090018189,2.0417379446695296,2.0417379446695296,0.04802145035224843,0.09232764361571624,129.0,43.0,0.9965106215343171,0.026356229256259432,11990.0,33.0,0.19166666666666668,S3,2,B7
0.02006781090018189,0.02006781090018189,0.02006781090018189,0.0,0.0,0.0,0.0,0.9987331352123318,0.03095174784036497,18000.0,0.0,0.0,S3,3,A1
0.02006781090018189,2.0417379446695296,3.726061338637685,0.13990620278520302,0.26854238307821676,397.0,110.0,0.9934732901997753,0.039658337047377264,14970.0,21.0,0.0,S3,3,A2
0.02006781090018189,2.0417379446695296,3.726061338637685,0.13746128813930117,0.26735709939633423,352.0,110.0,0.9954621907179756,0.033621588526958915,15270.0,21.0,0.0,S3,3,A3
0.02006781090018189,2.0417379446695296,3.9696297343000686,0.16547995870734858,0.28079857526679564,385.0,119.66666666666667,0.996255433020794,0.022586313068037923,10160.0,31.0,0.0,S3,3,A4
0.02006781090018189,2.0417379446695296,2.0417379446695296,0.048857273727892364,0.09875370027277762,137.0,44.666666666666664,0.9979394995067551,0.023635722417658853,12000.0,26.0,0.075,S3,3,B1
0.02006781090018189,2.0417379446695296,2.0417379446695296,0.048556466333499686,0.09628229406657414,136.0,44.666666666666664,0.9987189264161636,0.020780444933516183,12120.0,23.0,0.0,S3,3,B2
0.02006781090018189,2.0417379446695296,2.0417379446695296,0.04727119837564007,0.09092587148687728,130.0,42.333333333333336,0.9984382512305577,0.02323027362884201,13045.0,19.0,0.0,S3,3,B3
0.02006781090018189,2.0417379446695296,2.802205621666748,0.046657619656395914,0.11305743370273393,149.0,44.666666666666664,0.9971685171731596,0.025571291340814137,12000.0,26.0,0.075,S3,3,B4
0.02006781090018189,2.0417379446695296,2.0417379446695296,0.048857273727892364,0.09875370027277762,137.0,44.666666666666664,0.998328823951235,0.022621415327528403,12175.0,26.0,0.0,S3,3,B5
0.02006781090018189,2.0417379446695296,2.0417379446695296,0.05623389142220369,0.10029875643488545,144.0,46.666666666666664,0.9990129988217151,0.01775011790784785,11210.0,17.0,0.0,S3,3,B6
0.02006781090018189,2.0417379446695296,2.0417379446695296,0.049120480197985955,0.09075153992876334,131.0,43.0,0.9968725728146304,0.025088654529165786,12300.0,29.0,0.18888888888888888,S3,3,B7
0.02006781090018189,0.02006781090018189,0.02006781090018189,0.0,0.0,0.0,0.0,0.9986883202088868,0.031529374854046714,18000.0,0.0,0.0,S3,4,A1
0.02006781090018189,2.0417379446695296,3.726061338637685,0.14794801665237475,0.2723999681889851,407.0,112.66666666666667,0.9929458004105127,0.03952972091148791,14220.0,21.0,0.0,S3,4,A2
0.02006781090018189,2.0417379446695296,3.726061338637685,0.14558725899698488,0.2716798982047523,367.0,112.66666666666667,0.9953908591030346,0.032595601309446186,14670.0,22.0,0.0,S3,4,A3
0.02006781090018189,2.0417379446695296,3.9696297343000686,0.16354492268540288,0.26836567453182486,380.0,116.33333333333333,0.9962736778562916,0.022355154626724758,9930.0,31.0,0.0,S3,4,A4
0.02006781090018189,2.0417379446695296,2.0417379446695296,0.049396973804320767,0.09564050786976847,135.0,44.0,0.9985079397397386,0.020541812115833828,11620.0,16.0,0.05277777777777778,S3,4,B1
0.02006781090018189,2.0417379446695296,2.0417379446695296,0.049020082432021245,0.09380100135542585,134.0,44.333333333333336,0.9984693425803189,0.021560934187728906,11960.0,21.0,0.0,S3,4,B2
0.02006781090018189,2.0417379446695296,2.0417379446695296,0.04815911039805261,0.0889671101767586,128.0,41.333333333333336,0.9984470642137151,0.022305267633684466,12760.0,19.0,0.0,S3,4,B3
0.02006781090018189,2.0417379446695296,2.3173946499684797,0.04782716937290808,0.10722040884069597,145.0,44.0,0.9982127748630859,0.02110755820629871,11620.0,16.0,0.05277777777777778,S3,4,B4
0.02006781090018189,2.0417379446695296,2.0417379446695296,0.049396973804320767,0.09564050786976847,135.0,44.0,0.9988835464900416,0.01955082810220183,11870.0,17.0,0.0,S3,4,B5
0.02006781090018189,2.0417379446695296,2.0417379446695296,0.0637845426129291,0.09245594865978811,142.0,46.0,0.99899940978089,0.01838820857435165,11210.0,18.0,0.0,S3,4,B6
0.02006781090018189,2.0417379446695296,2.0417379446695296,0.05352721916406185,0.08524833337943626,130.0,43.0,0.9971630583702353,0.02368416944189291,12320.0,26.0,0.19722222222222222,S3,4,B7
0.02006781090018189,0.02006781090018189,0.02006781090018189,0.0,0.0,0.0,0.0,0.998680957598698,0.03172571314547892,18000.0,0.0,0.0,S3,5,A1
0.02006781090018189,2.0417379446695296,3.726061338637685,0.13720424235555143,0.24013940836450187,375.0,100.33333333333333,0.9936367597360287,0.03890871592294287,14625.0,20.0,0.0,S3,5,A2
0.02006781090018189,2.0417379446695296,3.726061338637685,0.13424022613073955,0.2436357797629474,326.0,100.33333333333333,0.9952514292331754,0.03435600945125988,15315.0,21.0,0.0,S3,5,A3
0.02006781090018189,2.0417379446695296,3.9696297343000686,0.16553326532925308,0.2633595389460741,370.0,114.0,0.9961007717222355,0.023563014034411987,10020.0,31.0,0.0,S3,5,A4
0.02006781090018189,2.0417379446695296,2.0417379446695296,0.05159723724837632,0.09851318351828382,135.0,44.666666666666664,0.9984023122022269,0.02140155423742041,12070.0,22.0,0.0,S3,5,B1
0.02006781090018189,2.0417379446695296,2.0417379446695296,0.051161049460947454,0.09977709773697532,136.0,44.666666666666664,0.998371253288516,0.021655648509965215,11960.0,24.0,0.0,S3,5,B2
0.02006781090018189,2.0417379446695296,2.0417379446695296,0.05046040136145542,0.09711188731929976,132.0,43.333333333333336,0.9985396317669508,0.022860114878473767,13020.0,20.0,0.0,S3,5,B3
0.02006781090018189,2.0417379446695296,2.9853826189179604,0.0488581840162935,0.1144615141554958,148.0,44.666666666666664,0.9977776892859499,0.022848168284641566,12070.0,22.0,0.0,S3,5,B4
0.02006781090018189,2.0417379446695296,2.0417379446695296,0.05159723724837632,0.09851318351828382,135.0,44.666666666666664,0.9984023122022269,0.02140155423742041,12070.0,22.0,0.0,S3,5,B5
0.02006781090018189,2.0417379446695296,2.0417379446695296,0.05938336098145687,0.10213663324849996,144.0,47.666666666666664,0.997832398361424,0.02241754882613955,11185.0,24.0,0.0,S3,5,B6
0.02006781090018189,2.0417379446695296,2.0417379446695296,0.05641075838287671,0.08916949158363643,132.0,42.666666666666664,0.9972468058961549,0.023575419774717474,12335.0,31.0,0.19166666666666668,S3,5,B7
0.02006781090018189,0.02006781090018189,0.02006781090018189,0.0,0.0,0.0,0.0,0.9986861799698115,0.0316993981845045,18000.0,0.0,0.0,S3,6,A1
0.02006781090018189,2.1074146752966985,3.726061338637685,0.1479094554302752,0.24173720826621886,386.0,110.33333333333333,0.9939638989428995,0.038237750737390816,14730.0,20.0,0.0,S3,6,A2
0.02006781090018189,2.0417379446695296,3.9696297343000686,0.14471452071695398,0.2554945337400185,346.0,110.33333333333333,0.9957439296915223,0.032431250798579364,14910.0,20.0,0.0,S3,6,A3
0.02006781090018189,2.0417379446695296,3.9696297343000686,0.16361595668117482,0.27864731484972066,381.0,118.33333333333333,0.9962042998439534,0.022599824903046014,10185.0,30.0,0.0,S3,6,A4
0.02006781090018189,2.0417379446695296,2.0417379446695296,0.049419102779396144,0.09577093114911409,135.0,43.666666666666664,0.9984511723480417,0.022323670657852648,12215.0,30.0,0.016666666666666666,S3,6,B1
0.02006781090018189,2.0417379446695296,2.0417379446695296,0.04961102162514137,0.09421159052743411,139.0,43.0,0.9981313158791927,0.0221538652344507,12020.0,22.0,0.03333333333333333,S3,6,B2
0.02006781090018189,2.0417379446695296,2.0417379446695296,0.048970149765242124,0.09020871174474794,129.0,41.666666666666664,0.998671535679104,0.02243432499257521,13410.0,21.0,0.0,S3,6,B3
0.02006781090018189,2.0417379446695296,2.7148760106825023,0.04746392953836663,0.11001233764008363,142.0,43.666666666666664,0.9974794063694917,0.02477159893341708,12215.0,30.0,0.016666666666666666,S3,6,B4
0.02006781090018189,2.0417379446695296,2.0417379446695296,0.049419102779396144,0.09577093114911409,135.0,43.666666666666664,0.9984519719159003,0.022294259655591026,12210.0,30.0,0.0,S3,6,B5
0.02006781090018189,2.0417379446695296,2.0417379446695296,0.06556084855546797,0.09395455635902533,145.0,47.0,0.9982456669350276,0.020102942606473394,10930.0,22.0,0.0,S3,6,B6
0.02006781090018189,2.0417379446695296,2.0417379446695296,0.058425580040440045,0.082381164536139,132.0,43.333333333333336,0.9966100402549031,0.02591275943918545,12285.0,33.0,0.18611111111111112,S3,6,B7
0.02006781090018189,0.02006781090018189,0.02006781090018189,0.0,0.0,0.0,0.0,0.9986371143382399,0.03240912117082878,18000.0,0.0,0.0,S3,7,A1
0.02006781090018189,2.0417379446695296,3.726061338637685,0.1448508778682043,0.24956351511164915,384.0,107.33333333333333,0.9937584501796382,0.038111794283858115,14505.0,21.0,0.0,S3,7,A2
0.02006781090018189,2.0417379446695296,3.9696297343000686,0.14175437184663722,0.25629185531444404,343.0,107.33333333333333,0.9955396208058144,0.03305690968352934,14850.0,21.0,0.0,S3,7,A3
0.02006781090018189,2.0417379446695296,3.9696297343000686,0.16052847036101411,0.2702497498303045,373.0,114.66666666666667,0.9960824907167215,0.023337639200693643,9955.0,29.0,0.0,S3,7,A4
0.02006781090018189,2.0417379446695296,2.0417379446695296,0.048410460242262233,0.09658999461172964,135.0,44.0,0.9983136080743316,0.0215454068025326,11630.0,22.0,0.05,S3,7,B1
0.02006781090018189,2.0417379446695296,2.0417379446695296,0.04859590071587021,0.09437870443587608,132.0,43.666666666666664,0.9986507437700751,0.020856928943876488,12050.0,24.0,0.0,S3,7,B2
0.02006781090018189,2.0417379446695296,2.0417379446695296,0.04737829156840654,0.09063840507197189,127.0,41.0,0.9984125699997182,0.023697908340602966,13150.0,20.0,0.0,S3,7,B3
0.02006781090018189,2.0417379446695296,2.6302679918953813,0.04630063749536399,0.11355604850842879,147.0,44.0,0.9972121934056312,0.024348268617124174,11630.0,22.0,0.05,S3,7,B4
0.02006781090018189,2.0417379446695296,2.0417379446695296,0.048410460242262233,0.09658999461172964,135.0,44.0,0.9986680464560359,0.02057157036767702,11820.0,23.0,0.0,S3,7,B5
0.02006781090018189,2.0417379446695296,2.0417379446695296,0.05651385905124455,0.10331133706080348,144.0,47.333333333333336,0.9979364198841996,0.0207483135401349,10565.0,22.0,0.0,S3,7,B6
0.02006781090018189,2.0417379446695296,2.0417379446695296,0.05279980126379432,0.08681938097870584,134.0,43.0,0.996264412629728,0.027725959461605977,12145.0,29.0,0.18888888888888888,S3,7,B7
0.02006781090018189,0.02006781090018189,0.02006781090018189,0.0,0.0,0.0,0.0,0.9986376315405032,0.032079939660253715,18000.0,0.0,0.0,S3,8,A1
0.02006781090018189,2.0417379446695296,3.726061338637685,0.15527500916406292,0.24363926757318158,390.0,106.0,0.9931531955997212,0.03999519171789996,14235.0,22.0,0.0,S3,8,A2
0.02006781090018189,2.0417379446695296,3.9696297343000686,0.1519410358009391,0.2507750178917419,348.0,106.0,0.9953196875582024,0.03319638138494573,14865.0,23.0,0.0,S3,8,A3
0.02006781090018189,2.0417379446695296,3.726061338637685,0.15710345790640437,0.2680078200003491,374.0,115.66666666666667,0.996345829913198,0.022797984918389556,10035.0,30.0,0.0,S3,8,A4
0.02006781090018189,2.0417379446695296,2.0417379446695296,0.049817591509713904,0.09519104889245754,133.0,43.333333333333336,0.9986450177370375,0.021234402815543164,12040.0,22.0,0.0,S3,8,B1
0.02006781090018189,2.0417379446695296,2.0417379446695296,0.04924505576986856,0.09846567403864616,136.0,45.0,0.998755535771111,0.020603421979559697,11875.0,19.0,0.0,S3,8,B2
0.02006781090018189,2.0417379446695296,2.0417379446695296,0.04823613608197036,0.0887500218191974,128.0,42.666666666666664,0.9982687426308928,0.023890541132539078,12810.0,19.0,0.0,S3,8,B3
0.02006781090018189,2.0417379446695296,2.802205621666748,0.047087573530695245,0.11014330848854056,142.0,43.333333333333336,0.9978033910231255,0.022802656528377332,12040.0,22.0,0.0,S3,8,B4
0.02006781090018189,2.0417379446695296,2.0417379446695296,0.049817591509713904,0.09519104889245754,133.0,43.333333333333336,0.9986450177370375,0.021234402815543164,12040.0,22.0,0.0,S3,8,B5
0.02006781090018189,2.0417379446695296,2.0417379446695296,0.06902023075983173,0.09757021417724171,149.0,48.333333333333336,0.9974901995409525,0.023294107197377994,10920.0,26.0,0.0,S3,8,B6
0.02006781090018189,2.0417379446695296,2.0417379446695296,0.05648902930754595,0.08621899492049084,137.0,42.0,0.9963750570886671,0.027646652845334414,12080.0,34.0,0.19444444444444445,S3,8,B7
0.02006781090018189,0.02006781090018189,0.02006781090018189,0.0,0.0,0.0,0.0,0.9987265620842312,0.030976190970070705,18000.0,0.0,0.0,S3,9,A1
0.02006781090018189,2.0417379446695296,3.609940135864167,0.12699333165097812,0.24436699080811816,376.0,98.66666666666667,0.9936928675039903,0.039578693740498876,14655.0,19.0,0.0,S3,9,A2
0.02006781090018189,2.0417379446695296,3.726061338637685,0.12458474057737048,0.2416490076985035,323.0,98.66666666666667,0.9954579610389841,0.03393657627951459,14985.0,20.0,0.0,S3,9,A3
0.02006781090018189,2.0417379446695296,3.8459178204535354,0.15365030749074415,0.26136367564652563,367.0,113.66666666666667,0.9962174269988963,0.02311647369087135,10095.0,30.0,0.0,S3,9,A4
0.02006781090018189,2.0417379446695296,2.0417379446695296,0.04944741545300871,0.09430407533263965,132.0,43.0,0.9979064282941931,0.023594731415681688,12005.0,24.0,0.030555555555555555,S3,9,B1
0.02006781090018189,2.0417379446695296,2.0417379446695296,0.049146665652644354,0.09177017184221352,131.0,43.333333333333336,0.9982813115725265,0.022224511074679185,11975.0,21.0,0.03333333333333333,S3,9,B2
0.02006781090018189,2.0417379446695296,2.0417379446695296,0.04804737327889877,0.08772906245570854,125.0,41.333333333333336,0.9983994166031426,0.02350666497275621,13120.0,21.0,0.0,S3,9,B3
0.02006781090018189,2.0417379446695296,2.1752040340195222,0.04773625279576323,0.10143564818495766,141.0,43.0,0.9967134998709865,0.026402903911752172,12005.0,24.0,0.030555555555555555,S3,9,B4
0.02006781090018189,2.0417379446695296,2.0417379446695296,0.04944741545300871,0.09430407533263965,132.0,43.0,0.9983213718957371,0.022244144829377817,12115.0,23.0,0.0,S3,9,B5
0.02006781090018189,2.0417379446695296,2.0417379446695296,0.057294565416538476,0.09567991924695016,140.0,46.0,0.9985769711518113,0.019788146380355115,11190.0,16.0,0.0,S3,9,B6
0.02006781090018189,2.0417379446695296,2.0417379446695296,0.049616803271604726,0.0884342688841491,128.0,42.666666666666664,0.9967218015518319,0.025419783047782425,12125.0,28.0,0.19722222222222222,S3,9,B7
0.02006781090018189,0.02006781090018189,0.02006781090018189,0.0,0.0,0.0,,0.9993705556181586,0.021022410249950222,19800.0,0.0,0.0,S4,0,A1
0.02006781090018189,1.8567353246307055,2.7148760106825023,0.00548025743685353,0.10787154088788442,279.0,,0.9945424796435169,0.03448739713682522,18795.0,36.0,0.0,S4,0,A2
0.02006781090018189,1.742809826672464,2.0417379446695296,0.004232864555040652,0.09569716519907988,195.0,,0.9963147725469391,0.02815489788701429,19290.0,37.0,0.0,S4,0,A3
0.02006781090018189,0.15222991328804203,1.8567353246307055,0.0004347991317430192,0.036537657628656954,151.0,,0.9966441544529908,0.027654058914266748,15475.0,43.0,0.0,S4,0,A4
0.02006781090018189,0.02006781090018189,0.026683942737144424,0.0,0.0,0.0,,0.9938029549248277,0.04445941405105657,17665.0,59.0,0.0,S4,0,B1
0.02006781090018189,0.02006781090018189,0.025852348395621914,0.0,0.0,0.0,,0.9941168733289768,0.04351111327597664,17365.0,56.0,0.0,S4,0,B2
0.02006781090018189,0.02006781090018189,0.028428241752041873,0.0,0.0,0.0,,0.9950920342274336,0.0397714375080368,16800.0,45.0,0.0,S4,0,B3
0.02006781090018189,0.02006781090018189,0.15712670380639343,0.0,0.004151269859366512,72.0,,0.9913491102596839,0.054165096323295685,17665.0,59.0,0.0,S4,0,B4
0.02006781090018189,0.02006781090018189,0.026683942737144424,0.0,0.0,0.0,,0.9938029549248277,0.04445941405105657,17665.0,59.0,0.0,S4,0,B5
0.02006781090018189,0.02006781090018189,0.050263184440820056,0.0,0.0,0.0,,0.9946205640069401,0.039471461997527005,14995.0,45.0,0.0,S4,0,B6
0.02006781090018189,0.02006781090018189,0.028428241752041873,0.0,0.0,0.0,,0.9942531916178158,0.040957363479784716,15670.0,50.0,0.0,S4,0,B7
0.02006781090018189,0.02006781090018189,0.02006781090018189,0.0,0.0,0.0,,0.9993572320122606,0.020932814435052335,19800.0,0.0,0.0,S4,1,A1
0.02006781090018189,1.6358745652400533,2.892344370499147,0.005164584179041892,0.09915533231327871,290.0,,0.9950622540734417,0.03363591419543954,18645.0,36.0,0.0,S4,1,A2
0.02006781090018189,1.4412854420872234,2.0417379446695296,0.0035731651284064397,0.09739439981085868,196.0,,0.9967925928991253,0.02702851224874164,19140.0,36.0,0.0,S4,1,A3
0.02006781090018189,0.25263877101318966,2.0417379446695296,0.002304044680177186,0.04032635800348841,157.0,,0.997137570314448,0.025508962673025434,15340.0,41.0,0.0,S4,1,A4
0.02006781090018189,0.02006781090018189,2.0417379446695296,0.004523332634462085,0.01496625344045394,46.0,,0.9936648441154777,0.0448785226500726,18160.0,62.0,0.0,S4,1,B1
0.02006781090018189,0.02006781090018189,2.0417379446695296,0.004523332634462085,0.01496625344045394,46.0,,0.9941578480686631,0.043240404145815634,17805.0,57.0,0.0,S4,1,B2
0.02006781090018189,0.021379620895022326,1.6358745652400533,0.00014051772976879257,0.017968425889164967,41.0,,0.9944915583470917,0.04134275410558889,16855.0,46.0,0.0,S4,1,B3
0.02006781090018189,0.022777182418573218,2.0417379446695296,0.004523332634462085,0.018267304869943036,104.0,,0.9904220597187992,0.056020152525267666,18160.0,62.0,0.0,S4,1,B4
0.02006781090018189,0.02006781090018189,2.0417379446695296,0.004523332634462085,0.01496625344045394,46.0,,0.9936648441154777,0.0448785226500726,18160.0,62.0,0.0,S4,1,B5
0.02006781090018189,0.04290421892388853,2.0417379446695296,0.004523332634462085,0.02089253293244889,60.0,,0.9948157888678725,0.039204671794372876,15195.0,49.0,0.0,S4,1,B6
0.02006781090018189,0.02006781090018189,2.0417379446695296,0.004523332634462085,0.01496625344045394,46.0,,0.9944716624495448,0.03885122800463628,15830.0,47.0,0.0,S4,1,B7
0.02006781090018189,0.02006781090018189,0.02006781090018189,0.0,0.0,0.0,,0.9993458210141968,0.021323060345495873,19800.0,0.0,0.0,S4,2,A1
0.02006781090018189,0.8684603593990751,2.6302679918953813,0.002366703857727288,0.057400457562745824,254.0,,0.9948293743039334,0.0365085434701218,18300.0,39.0,0.0,S4,2,A2
0.02006781090018189,0.2447653853410146,1.9781080029332403,0.0003009094904824695,0.03192007302971904,120.0,,0.9968711679858249,0.02849144945060385,18465.0,39.0,0.0,S4,2,A3
0.02006781090018189,0.10411181076233397,1.4412854420872234,0.0,0.024868422535528734,126.0,,0.9965982038020232,0.027445518759225226,15310.0,46.0,0.0,S4,2,A4
0.02006781090018189,0.02006781090018189,2.0417379446695296,0.021800723535179364,0.017006457720526086,51.0,,0.9943061731546677,0.04188400007599607,17790.0,58.0,0.0,S4,2,B1
0.02006781090018189,0.02006781090018189,2.0417379446695296,0.021800723535179364,0.017006457720526086,51.0,,0.9950040445404035,0.03911158953853481,17135.0,52.0,0.0,S4,2,B2
0.02006781090018189,0.022777182418573218,2.0417379446695296,0.016774295342101408,0.021647451285345596,49.0,,0.9951503558033397,0.0389480297979439,16880.0,50.0,0.0,S4,2,B3
0.02006781090018189,0.024266100950824154,2.0417379446695296,0.021300334719545594,0.02299759948608716,92.0,,0.9904061848638785,0.05453840567924234,17790.0,58.0,0.0,S4,2,B4
0.02006781090018189,0.02006781090018189,2.0417379446695296,0.021800723535179364,0.017006457720526086,51.0,,0.9943061731546677,0.04188400007599607,17790.0,58.0,0.0,S4,2,B5
0.02006781090018189,0.022777182418573218,2.0417379446695296,0.021929201744598843,0.020727817786342993,53.0,,0.9951124726075886,0.035786583264171355,14990.0,46.0,0.0,S4,2,B6
0.02006781090018189,0.0220673406908459,2.0417379446695296,0.021929201744598843,0.020727817786342993,53.0,,0.9943349687538237,0.03864743622717563,15640.0,50.0,0.0,S4,2,B7
0.02006781090018189,0.02006781090018189,0.02006781090018189,0.0,0.0,0.0,,0.999377635091062,0.021006046571486303,19800.0,0.0,0.0,S4,3,A1
0.02006781090018189,1.9781080029332403,2.892344370499147,0.0056526258530966945,0.10077992692933639,300.0,,0.9950609541805198,0.03499778641452561,19020.0,45.0,0.0,S4,3,A2
0.02006781090018189,1.4876473740795015,2.0417379446695296,0.004044983163796767,0.08646970474430773,203.0,,0.9969509058552222,0.02799080436550569,19215.0,46.0,0.0,S4,3,A3
0.02006781090018189,0.12196915077508336,1.0839269140212038,0.0,0.030313974819470534,143.0,,0.9963395208804766,0.03028570114408049,15870.0,48.0,0.0,S4,3,A4
0.02006781090018189,0.02006781090018189,2.0417379446695296,0.01765103582840947,0.026550329126301255,59.0,,0.994383256327363,0.042289094410056884,17820.0,59.0,0.0,S4,3,B1
0.02006781090018189,0.02006781090018189,2.0417379446695296,0.01765103582840947,0.026550329126301255,59.0,,0.9952639891948469,0.03916503860999141,17760.0,53.0,0.0,S4,3,B2
0.02006781090018189,0.02350985767597148,2.0417379446695296,0.012427298213314364,0.02686745316364261,55.0,,0.9956748866891624,0.03631057650610487,17195.0,50.0,0.0,S4,3,B3
0.02006781090018189,0.029342695039559687,2.0417379446695296,0.016812529042175294,0.0343589579832673,109.0,,0.991616336062611,0.05244404868613115,17820.0,59.0,0.0,S4,3,B4
0.02006781090018189,0.02006781090018189,2.0417379446695296,0.01765103582840947,0.026550329126301255,59.0,,0.994383256327363,0.042289094410056884,17820.0,59.0,0.0,S4,3,B5
0.02006781090018189,0.037800713730181124,2.0417379446695296,0.01765103582840947,0.026550329126301255,59.0,,0.9950078328417433,0.03779297484374272,15365.0,53.0,0.0,S4,3,B6
0.02006781090018189,0.022777182418573218,2.0417379446695296,0.01765103582840947,0.026550329126301255,59.0,,0.9946577978822249,0.038511175413754796,16125.0,55.0,0.0,S4,3,B7
0.02006781090018189,0.02006781090018189,0.02006781090018189,0.0,0.0,0.0,,0.9993470238794576,0.021329231700884858,19800.0,0.0,0.0,S4,4,A1
0.02006781090018189,1.9781080029332403,2.802205621666748,0.0057618904567101675,0.09271044098286785,283.0,,0.9948043696615038,0.03589427688572044,19440.0,44.0,0.0,S4,4,A2
0.02006781090018189,1.191927939457827,2.0417379446695296,0.004278620592159323,0.07244718543192642,165.0,,0.9965505939824003,0.029308100691040808,20025.0,45.0,0.0,S4,4,A3
0.02006781090018189,0.037800713730181124,0.3812852456636189,0.0,0.0082921743432969,109.0,,0.9963779742779505,0.02909247624980031,15645.0,48.0,0.0,S4,4,A4
0.02006781090018189,0.02006781090018189,2.0417379446695296,0.006679684393747957,0.021373222947719983,56.0,,0.993964293994392,0.043678462240281296,18160.0,65.0,0.0,S4,4,B1
0.02006781090018189,0.02006781090018189,2.0417379446695296,0.006679684393747957,0.021373222947719983,56.0,,0.995314706720214,0.03857464326715805,18025.0,53.0,0.0,S4,4,B2
0.02006781090018189,0.02006781090018189,1.742809826672464,0.001674338879120685,0.017152033504448706,39.0,,0.9958563142656999,0.03573964612984374,17415.0,48.0,0.0,S4,4,B3
0.02006781090018189,0.025852348395621914,2.0417379446695296,0.006229070764010991,0.02858083213316958,113.0,,0.9910991154960089,0.053499639884064344,18160.0,65.0,0.0,S4,4,B4
0.02006781090018189,0.02006781090018189,2.0417379446695296,0.006679684393747957,0.021373222947719983,56.0,,0.993964293994392,0.043678462240281296,18160.0,65.0,0.0,S4,4,B5
0.02006781090018189,0.026683942737144424,2.0417379446695296,0.006679684393747957,0.021373222947719983,56.0,,0.9955638351376723,0.035240520307723074,15470.0,50.0,0.0,S4,4,B6
0.02006781090018189,0.02006781090018189,2.0417379446695296,0.006679684393747957,0.021373222947719983,56.0,,0.9948216670131016,0.037672946054175586,16035.0,55.0,0.0,S4,4,B7
0.02006781090018189,0.02006781090018189,0.02006781090018189,0.0,0.0,0.0,,0.999360253436798,0.021114853148338577,19800.0,0.0,0.0,S4,5,A1
0.02006781090018189,1.1547819846894583,2.892344370499147,0.003250375574407918,0.0694387371862849,291.0,,0.9941264521121106,0.039106277357808764,19260.0,44.0,0.0,S4,5,A2
0.02006781090018189,0.4911905467933634,2.0417379446695296,0.0010041092258748674,0.04834194945210322,144.0,,0.9966723679180909,0.029098100896121644,19245.0,41.0,0.0,S4,5,A3
0.02006781090018189,0.985711900900616,2.0417379446695296,0.0013288706256627783,0.06435025627430187,191.0,,0.997407941542088,0.023125546386022558,15505.0,44.0,0.0,S4,5,A4
0.02006781090018189,0.02006781090018189,0.026683942737144424,0.0,0.0,0.0,,0.9938568583373462,0.042323480828526605,18200.0,61.0,0.0,S4,5,B1
0.02006781090018189,0.02006781090018189,0.026683942737144424,0.0,0.0,0.0,,0.9941879173852792,0.04155163298415154,18225.0,56.0,0.0,S4,5,B2
0.02006781090018189,0.02006781090018189,0.05527134079444351,0.0,0.0,0.0,,0.9951196932872004,0.03851698283498938,17160.0,46.0,0.0,S4,5,B3
0.02006781090018189,0.02006781090018189,0.15222991328804203,0.0,0.004506892895015907,81.0,,0.9927066355116775,0.04782968013115588,18200.0,61.0,0.0,S4,5,B4
0.02006781090018189,0.02006781090018189,0.026683942737144424,0.0,0.0,0.0,,0.9938568583373462,0.042323480828526605,18200.0,61.0,0.0,S4,5,B5
0.02006781090018189,0.02350985767597148,0.12589254117941676,0.0,0.0,0.0,,0.9941173659511683,0.04165689717967506,15405.0,53.0,0.0,S4,5,B6
0.02006781090018189,0.02006781090018189,0.03126079367123956,0.0,0.0,0.0,,0.9934947794861257,0.04389372815838638,16135.0,58.0,0.0,S4,5,B7
0.02006781090018189,0.02006781090018189,0.02006781090018189,0.0,0.0,0.0,,0.9992627335928155,0.02265904406724428,21600.0,0.0,0.0,S4,6,A1
0.02006781090018189,1.8567353246307055,2.7148760106825023,0.005704897259971566,0.09922503465875476,283.0,,0.9947444354722049,0.0353641346276333,18915.0,37.0,0.0,S4,6,A2
0.02006781090018189,1.3963683610559376,2.0417379446695296,0.00393167147915618,0.0887109592307081,186.0,,0.9966790995010484,0.02836644738782344,19275.0,38.0,0.0,S4,6,A3
0.02006781090018189,0.12994213556374826,1.4876473740795015,6.622691991840843e-05,0.025647478520402306,148.0,,0.9954953019314644,0.03429504561960512,15725.0,52.0,0.0,S4,6,A4
0.02006781090018189,0.02006781090018189,2.0417379446695296,0.002975796268333819,0.014574337510044416,45.0,,0.9937231785527026,0.04404803236446507,18450.0,62.0,0.0,S4,6,B1
0.02006781090018189,0.02006781090018189,2.0417379446695296,0.002975796268333819,0.014574337510044416,45.0,,0.9937410783496358,0.04503695437558081,18020.0,60.0,0.0,S4,6,B2
0.02006781090018189,0.02006781090018189,0.34673685045253166,0.0,0.004335655690658472,11.0,,0.9947147967318601,0.03949784274946287,16935.0,44.0,0.0,S4,6,B3
0.02006781090018189,0.0220673406908459,2.0417379446695296,0.002975796268333819,0.017386774042579493,91.0,,0.9901346020359196,0.05590168792785952,18450.0,62.0,0.0,S4,6,B4
0.02006781090018189,0.02006781090018189,2.0417379446695296,0.002975796268333819,0.014574337510044416,45.0,,0.9937231785527026,0.04404803236446507,18450.0,62.0,0.0,S4,6,B5
0.02006781090018189,0.028428241752041873,2.0417379446695296,0.002975796268333819,0.014936378005598383,48.0,,0.9946074857050313,0.03927190926746268,15300.0,47.0,0.0,S4,6,B6
0.02006781090018189,0.02006781090018189,2.0417379446695296,0.002975796268333819,0.014574337510044416,45.0,,0.9941265661823481,0.04003787684589511,16255.0,51.0,0.0,S4,6,B7
0.02006781090018189,0.02006781090018189,0.02006781090018189,0.0,0.0,0.0,,0.9993478448131009,0.02140164057047315,19800.0,0.0,0.0,S4,7,A1
0.02006781090018189,1.4876473740795015,2.892344370499147,0.004033641908154316,0.07906622283334043,316.0,,0.9951912412783717,0.035565453933363224,17895.0,34.0,0.0,S4,7,A2
0.02006781090018189,0.6531305526474723,1.5355006336570662,3.925412673026583e-06,0.06789898455181881,168.0,,0.9972466754500731,0.027162991806559053,18270.0,35.0,0.0,S4,7,A3
0.02006781090018189,0.6327760017024558,1.6884958594867534,0.0005147898334054862,0.06140579121739384,175.0,,0.9973046045526549,0.023680593001969178,15290.0,41.0,0.0,S4,7,A4
0.02006781090018189,0.02006781090018189,0.028428241752041873,0.0,0.0,0.0,,0.9931112570614852,0.04664573098489075,18545.0,68.0,0.0,S4,7,B1
0.02006781090018189,0.02006781090018189,0.028428241752041873,0.0,0.0,0.0,,0.9940636667373215,0.04115203864648171,18270.0,58.0,0.0,S4,7,B2
0.02006781090018189,0.02006781090018189,0.028428241752041873,0.0,0.0,0.0,,0.9945845482533425,0.041054241432844876,16900.0,48.0,0.0,S4,7,B3
0.02006781090018189,0.02006781090018189,0.20892961308540398,0.0,0.004223744036176603,68.0,,0.99009673658589,0.05730708850208673,18545.0,68.0,0.0,S4,7,B4
0.02006781090018189,0.02006781090018189,0.028428241752041873,0.0,0.0,0.0,,0.9931112570614852,0.04664573098489075,18545.0,68.0,0.0,S4,7,B5
0.02006781090018189,0.02006781090018189,0.050263184440820056,0.0,0.0,0.0,,0.9940339977766864,0.04152439954619622,15275.0,50.0,0.0,S4,7,B6
0.02006781090018189,0.02006781090018189,0.029342695039559687,0.0,0.0,0.0,,0.9938431293517687,0.04223280463953003,15855.0,55.0,0.0,S4,7,B7
0.02006781090018189,0.02006781090018189,0.02006781090018189,0.0,0.0,0.0,,0.9992088837606669,0.023262200275196956,21600.0,0.0,0.0,S4,8,A1
0.02006781090018189,1.8567353246307055,2.802205621666748,0.005840678344304362,0.08697199598348768,290.0,,0.9948197854330184,0.03573085551150498,18840.0,37.0,0.0,S4,8,A2
0.02006781090018189,1.4412854420872234,2.0417379446695296,0.0038413477630257725,0.07330246569229053,182.0,,0.9966881971353566,0.028525410831256287,19260.0,38.0,0.0,S4,8,A3
0.02006781090018189,1.4412854420872234,2.0417379446695296,0.005370969541448176,0.07771281936851501,220.0,,0.9962358367586004,0.028272234299747755,15690.0,51.0,0.0,S4,8,A4
0.02006781090018189,0.02006781090018189,2.0417379446695296,0.01859198928930046,0.016380676112908624,50.0,,0.9938792012408748,0.0443995658077,18025.0,64.0,0.0,S4,8,B1
0.02006781090018189,0.02006781090018189,2.0417379446695296,0.01859198928930046,0.016380676112908624,50.0,,0.9940428279819147,0.04401341980758274,17650.0,59.0,0.0,S4,8,B2
0.02006781090018189,0.0220673406908459,2.0417379446695296,0.01366729889545911,0.020988508311949126,48.0,,0.9947423164042298,0.04098154470580801,17055.0,52.0,0.0,S4,8,B3
0.02006781090018189,0.025852348395621914,2.0417379446695296,0.01824389155416713,0.021474952582840566,92.0,,0.9902881653027364,0.05703995666223054,18025.0,64.0,0.0,S4,8,B4
0.02006781090018189,0.02006781090018189,2.0417379446695296,0.01859198928930046,0.016380676112908624,50.0,,0.9938792012408748,0.0443995658077,18025.0,64.0,0.0,S4,8,B5
0.02006781090018189,0.2024184057376061,2.0417379446695296,0.019085127747406002,0.035775967867901375,101.0,,0.9951759796792231,0.03764977836503658,15165.0,53.0,0.0,S4,8,B6
0.02006781090018189,0.025852348395621914,2.0417379446695296,0.01859198928930046,0.016380676112908624,50.0,,0.9942433533845784,0.04030465856641343,15835.0,53.0,0.0,S4,8,B7
0.02006781090018189,0.02006781090018189,0.02006781090018189,0.0,0.0,0.0,,0.9993685263850719,0.02098017620120483,19800.0,0.0,0.0,S4,9,A1
0.02006781090018189,1.2302687708123812,2.9853826189179604,0.003741903580306328,0.07424643139401914,288.0,,0.994762217602548,0.03659597930624178,19395.0,43.0,0.0,S4,9,A2
0.02006781090018189,1.0839269140212038,2.0417379446695296,0.0009161592836738208,0.08160219701619063,174.0,,0.9965082208799918,0.029647983172390518,20115.0,44.0,0.0,S4,9,A3
0.02006781090018189,0.2225871044793004,1.742809826672464,0.0005563184083995249,0.035014945538193905,125.0,,0.9971487391448494,0.025113791385676598,15375.0,47.0,0.0,S4,9,A4
0.02006781090018189,0.02006781090018189,1.0839269140212038,0.0008388928380627757,0.014901385939272989,42.0,,0.9945438855116324,0.04032791021128126,17875.0,56.0,0.0,S4,9,B1
0.02006781090018189,0.02006781090018189,1.0839269140212038,0.0008388928380627757,0.014901385939272989,42.0,,0.9949371111513698,0.03884568047734784,18110.0,55.0,0.0,S4,9,B2
0.02006781090018189,0.02006781090018189,0.036622669692491984,0.0,0.0,0.0,,0.9949033076159912,0.041215001611559644,17275.0,51.0,0.0,S4,9,B3
0.02006781090018189,0.0220673406908459,1.1187936686591167,0.0007020208486946386,0.02021069455911766,115.0,,0.9926729189145466,0.047224473891580014,17875.0,56.0,0.0,S4,9,B4
0.02006781090018189,0.02006781090018189,1.0839269140212038,0.0008388928380627757,0.014901385939272989,42.0,,0.9945438855116324,0.04032791021128126,17875.0,56.0,0.0,S4,9,B5
0.02006781090018189,0.04570881896148752,1.0839269140212038,0.0008388928380627757,0.014901385939272989,42.0,,0.9952751351223741,0.036305198622714065,15400.0,47.0,0.0,S4,9,B6
0.02006781090018189,0.02006781090018189,1.0839269140212038,0.0008388928380627757,0.014682832278830318,41.0,,0.9951005241057549,0.03646764617779084,15980.0,49.0,0.0,S4,9,B7
0.02006781090018189,0.02006781090018189,0.02006781090018189,0.0,0.0,0.0,0.0,0.9990165076296982,0.028455184453005582,14400.0,0.0,0.0,S5,0,A1
0.02006781090018189,0.33593093598651524,2.0417379446695296,0.01794131921252805,0.04420880404019048,95.0,35.333333333333336,0.9962385989536369,0.025007123463762278,7995.0,10.0,0.0,S5,0,A2
0.02006781090018189,0.26915348039269155,2.0417379446695296,0.017759923886040488,0.03875373001648175,67.0,35.333333333333336,0.9971915228944229,0.022588722461109007,8025.0,10.0,0.0,S5,0,A3
0.02006781090018189,2.0417379446695296,2.0417379446695296,0.03493842169247846,0.1229884339456727,139.0,62.666666666666664,0.9963515145806806,0.022651279722470552,7085.0,18.0,0.0,S5,0,A4
0.02006781090018189,1.9164610627353873,2.0417379446695296,0.011551638804664864,0.07832433964893397,79.0,30.666666666666668,0.9978541082243796,0.022788743787151036,8865.0,21.0,0.0,S5,0,B1
0.02006781090018189,1.7988709151287874,2.0417379446695296,0.01139787322989395,0.07403331907798318,76.0,29.666666666666668,0.9980601305743528,0.021903270789939474,8940.0,19.0,0.0,S5,0,B2
0.02006781090018189,1.7988709151287874,2.0417379446695296,0.010225410722265736,0.07832914482314557,78.0,29.666666666666668,0.9983146229528043,0.020862791004713332,8945.0,14.0,0.0,S5,0,B3
0.02006781090018189,1.584893192461114,2.0417379446695296,0.010626642768933587,0.08238230927062261,95.0,30.666666666666668,0.9972661940612781,0.024149256561694914,8865.0,21.0,0.0,S5,0,B4
0.02006781090018189,1.9164610627353873,2.0417379446695296,0.011551638804664864,0.07832433964893397,79.0,30.666666666666668,0.9978541082243796,0.022788743787151036,8865.0,21.0,0.0,S5,0,B5
0.02006781090018189,2.0417379446695296,2.0417379446695296,0.0229014602924429,0.08261055504567318,92.0,35.0,0.9975789803126996,0.022010098230906966,7900.0,21.0,0.0,S5,0,B6
0.02006781090018189,2.0417379446695296,2.0417379446695296,0.05293620170199271,0.10473117452873254,130.0,44.333333333333336,0.9964156238822642,0.02571217998820062,8135.0,24.0,0.06666666666666667,S5,0,B7
0.02006781090018189,0.02006781090018189,0.02006781090018189,0.0,0.0,0.0,0.0,0.997328774924034,0.046552284062729134,25200.0,0.0,0.0,S5,1,A1
0.02006781090018189,2.0417379446695296,2.0417379446695296,0.039116563492661495,0.09161236977669206,185.0,60.5,0.9942343678498186,0.03282126333855678,10695.0,18.0,0.0,S5,1,A2
0.02006781090018189,2.0417379446695296,2.0417379446695296,0.03847213905291419,0.0811726938527857,140.0,60.5,0.995337040635452,0.029398699089511773,10875.0,19.0,0.0,S5,1,A3
0.02006781090018189,2.0417379446695296,2.6302679918953813,0.05551666977312294,0.1711026201306298,213.0,65.5,0.9956253823721316,0.025410970228150725,9060.0,29.0,0.0,S5,1,A4
0.02006781090018189,0.6327760017024558,2.0417379446695296,0.01467701447079865,0.05252158326162046,64.0,43.833333333333336,0.9974008399650875,0.02521392585222762,10840.0,29.0,0.0,S5,1,B1
0.02006781090018189,0.5939501549952435,2.0417379446695296,0.01524410797777628,0.05053080745390878,63.0,15.5,0.9975896054651676,0.02575222943937813,11370.0,31.0,0.0,S5,1,B2
0.02006781090018189,0.6741398498898495,2.0417379446695296,0.014950647002137506,0.05404837347271408,66.0,42.833333333333336,0.9977380887903325,0.024227618147498322,11330.0,22.0,0.0,S5,1,B3
0.02006781090018189,0.8684603593990751,2.0417379446695296,0.013651883900492936,0.05773844695692865,80.0,43.833333333333336,0.9963786080286094,0.027390406464041315,10840.0,29.0,0.0,S5,1,B4
0.02006781090018189,0.6327760017024558,2.0417379446695296,0.01467701447079865,0.05252158326162046,64.0,43.833333333333336,0.9974008399650875,0.02521392585222762,10840.0,29.0,0.0,S5,1,B5
0.02006781090018189,1.5355006336570662,2.0417379446695296,0.02401621173605961,0.08620217874945968,97.0,46.333333333333336,0.9975783230119927,0.022385129337377456,9650.0,29.0,0.0,S5,1,B6
0.02006781090018189,2.0417379446695296,2.0417379446695296,0.05322747587869751,0.13132378659835106,166.0,45.0,0.9947438371646485,0.033020783688465664,12020.0,31.0,0.2388888888888889,S5,1,B7
0.02006781090018189,0.02006781090018189,0.02006781090018189,0.0,0.0,0.0,0.0,0.9984985851460396,0.034020798251227766,19800.0,0.0,0.0,S5,2,A1
0.02006781090018189,2.0417379446695296,2.9853826189179604,0.10124401735664934,0.19025457660576942,345.0,47.125,0.9931899313631556,0.03831518913584111,12690.0,24.0,0.0,S5,2,A2
0.02006781090018189,2.0417379446695296,2.7148760106825023,0.10026817140622381,0.19223978993239846,311.0,47.125,0.995203405111811,0.03265192526830506,12840.0,24.0,0.0,S5,2,A3
0.02006781090018189,2.0417379446695296,3.1805336883295205,0.14437119392144812,0.25083524219230124,402.0,58.75,0.9920538530619318,0.036436718736959785,9490.0,49.0,0.0,S5,2,A4
0.02006781090018189,2.0417379446695296,2.0417379446695296,0.04664227051790603,0.14698120937855,178.0,31.25,0.995455410236615,0.033098476527846046,11635.0,53.0,0.06666666666666667,S5,2,B1
0.02006781090018189,2.0417379446695296,2.0417379446695296,0.04651563402052256,0.14202748756913794,170.0,29.25,0.9960282721168167,0.0316601124356978,12240.0,51.0,0.0,S5,2,B2
0.02006781090018189,2.0417379446695296,2.0417379446695296,0.03688194871221856,0.138941654096132,151.0,31.375,0.9969206619551235,0.029726698922591086,12715.0,35.0,0.0,S5,2,B3
0.02006781090018189,2.0417379446695296,3.9696297343000686,0.04377432631245694,0.1678203624038587,220.0,31.25,0.9950636473705864,0.03376045295125856,11635.0,53.0,0.06666666666666667,S5,2,B4
0.02006781090018189,2.0417379446695296,2.0417379446695296,0.04664227051790603,0.14662364750358492,173.0,31.25,0.9951761957254678,0.03417019328650787,12085.0,58.0,0.0,S5,2,B5
0.02006781090018189,2.0417379446695296,2.0417379446695296,0.07332811888932343,0.2013687915526007,278.0,46.0,0.9979134353289093,0.022346885687318872,10485.0,43.0,0.0,S5,2,B6
0.02006781090018189,2.0417379446695296,2.0417379446695296,0.05588487252546697,0.1204341024638248,167.0,34.0,0.9937111489525697,0.03875470224924947,13700.0,57.0,0.15,S5,2,B7
0.02006781090018189,0.02006781090018189,0.02006781090018189,0.0,0.0,0.0,0.0,0.9962722859695105,0.053742272558058045,30600.0,0.0,0.0,S5,3,A1
0.02006781090018189,2.5482967479793466,2.802205621666748,0.16895263406678374,0.19894959758834743,302.0,54.1,0.992167118067866,0.04132866849356935,14460.0,22.0,0.0,S5,3,A2
0.02006781090018189,2.5482967479793466,2.6302679918953813,0.16923749956957135,0.19836734502221012,296.0,54.1,0.993862404900321,0.037368821443865996,14460.0,22.0,0.0,S5,3,A3
0.02006781090018189,2.0417379446695296,3.4974378036641802,0.281536332873166,0.238452773369145,399.0,73.3,0.9928921833941127,0.03227735132600172,9225.0,40.0,0.0,S5,3,A4
0.02006781090018189,2.0417379446695296,2.0417379446695296,0.13968661664303222,0.24102830185726046,268.0,56.2,0.9961339385188887,0.032127195508871824,14895.0,42.0,0.13055555555555556,S5,3,B1
0.02006781090018189,2.0417379446695296,2.0417379446695296,0.10857445163390714,0.21767480881142218,237.0,50.0,0.9971680365400664,0.029375533055044183,14810.0,48.0,0.08888888888888889,S5,3,B2
0.02006781090018189,2.0417379446695296,2.0417379446695296,0.08418558204909078,0.13562728322830875,177.0,37.6,0.9975837037171961,0.029804588802505885,17205.0,37.0,0.0,S5,3,B3
0.02006781090018189,2.0417379446695296,5.1138737255998015,0.13540111254065595,0.2659524681561063,280.0,56.2,0.9945164348851712,0.03529972918997702,14895.0,42.0,0.13055555555555556,S5,3,B4
0.02006781090018189,2.0417379446695296,2.0417379446695296,0.10443059768538954,0.21589909500421037,233.0,49.6,0.9970549774941286,0.029985118043575457,14855.0,53.0,0.0,S5,3,B5
0.02006781090018189,2.0417379446695296,2.0417379446695296,0.1364850101268121,0.19862951519647895,249.0,51.2,0.9982445794110931,0.023102472677529903,13690.0,42.0,0.0,S5,3,B6
0.02006781090018189,2.0417379446695296,2.0417379446695296,0.11240057098316163,0.22330246768654777,247.0,52.0,0.9947896878831629,0.036750861975978176,17965.0,36.0,0.31666666666666665,S5,3,B7
0.02006781090018189,0.02006781090018189,0.02006781090018189,0.0,0.0,0.0,0.0,0.9972915608697862,0.04660983313886656,25200.0,0.0,0.0,S5,4,A1
0.02006781090018189,2.0417379446695296,3.1805336883295205,0.04385996559332526,0.18965730040520884,195.0,66.0,0.995500861615031,0.02944824789691672,12435.0,12.0,0.0,S5,4,A2
0.02006781090018189,2.0417379446695296,2.7148760106825023,0.04270832937745186,0.1827617242832892,174.0,66.0,0.9964765162955603,0.026342304303957224,12570.0,12.0,0.0,S5,4,A3
0.02006781090018189,2.0417379446695296,3.726061338637685,0.12182659187835379,0.2442627059748368,300.0,99.75,0.9960557501789394,0.02271942461437053,9285.0,31.0,0.0,S5,4,A4
0.02006781090018189,2.0417379446695296,2.0417379446695296,0.014191803919930426,0.11929925831969346,117.0,46.25,0.9982026305798357,0.021808863542322948,11125.0,23.0,0.0,S5,4,B1
0.02006781090018189,1.9781080029332403,2.0417379446695296,0.010006797786731783,0.08183168072428709,73.0,44.0,0.9979698167999216,0.02170965667691309,10820.0,16.0,0.06111111111111111,S5,4,B2
0.02006781090018189,1.9781080029332403,2.0417379446695296,0.010097941295984748,0.08311908279248521,72.0,44.0,0.9978242937475168,0.02413928509493155,11860.0,16.0,0.0,S5,4,B3
0.02006781090018189,2.0417379446695296,2.0417379446695296,0.013779759305182647,0.12017461577314381,123.0,46.25,0.9976915925841521,0.022692325643847464,11125.0,23.0,0.0,S5,4,B4
0.02006781090018189,2.0417379446695296,2.0417379446695296,0.014191803919930426,0.11929925831969346,117.0,46.25,0.9982026305798357,0.021808863542322948,11125.0,23.0,0.0,S5,4,B5
0.02006781090018189,2.0417379446695296,2.0417379446695296,0.03525354984980309,0.11836123970363169,135.0,50.25,0.9983913918491268,0.019712857037542497,9940.0,24.0,0.0,S5,4,B6
0.02006781090018189,2.0417379446695296,2.0417379446695296,0.024642926314270414,0.11612442608071517,125.0,46.0,0.9960875181762339,0.027933116395641163,12325.0,31.0,0.08333333333333333,S5,4,B7
0.02006781090018189,0.02006781090018189,0.02006781090018189,0.0,0.0,0.0,0.0,0.9954396857985942,0.05946464851994733,34200.0,0.0,0.0,S5,5,A1
0.02006781090018189,2.0417379446695296,3.9696297343000686,0.2069034844222541,0.28022632288192956,359.0,103.14285714285714,0.992257593427728,0.04077176820067395,14985.0,22.0,0.0,S5,5,A2
0.02006781090018189,2.0417379446695296,3.9696297343000686,0.20672339487427888,0.2750503008737448,326.0,103.14285714285714,0.9946544317003045,0.03524194152885665,14985.0,22.0,0.0,S5,5,A3
0.02006781090018189,2.0417379446695296,3.9696297343000686,0.1706449379312058,0.2851834429395582,377.0,99.28571428571429,0.9949694255016682,0.027328234336303298,10990.0,41.0,0.0,S5,5,A4
0.02006781090018189,2.0417379446695296,2.0417379446695296,0.07612819891822072,0.18667523644515652,183.0,70.42857142857143,0.9971059449980039,0.027308831987655095,13480.0,41.0,0.08055555555555556,S5,5,B1
0.02006781090018189,2.0417379446695296,2.0417379446695296,0.07800439045897994,0.19220134632462071,212.0,64.57142857142857,0.997199621820727,0.0266077328347431,13255.0,42.0,0.11666666666666667,S5,5,B2
0.02006781090018189,2.0417379446695296,2.0417379446695296,0.062455365737032,0.1699719308704535,164.0,69.0,0.997167257918899,0.030804735593442923,16450.0,32.0,0.0,S5,5,B3
0.02006781090018189,2.0417379446695296,4.650503761666063,0.0730208779675963,0.21872108476007726,219.0,70.42857142857143,0.996890110388317,0.028079492951960546,13480.0,41.0,0.08055555555555556,S5,5,B4
0.02006781090018189,2.0417379446695296,2.0417379446695296,0.069927529481901,0.18950077935304382,179.0,70.42857142857143,0.9970202612032866,0.028376157266134905,13980.0,44.0,0.0,S5,5,B5
0.02006781090018189,2.0417379446695296,2.0417379446695296,0.09390427930025895,0.205907558172029,209.0,72.0,0.9975248149225844,0.024185133256834555,12775.0,39.0,0.0,S5,5,B6
0.02006781090018189,2.0417379446695296,2.0417379446695296,0.07272202246772361,0.15291776117641945,190.0,58.714285714285715,0.9957886197094683,0.031698237375528765,15180.0,45.0,0.20555555555555555,S5,5,B7
0.02006781090018189,0.02006781090018189,0.02006781090018189,0.0,0.0,0.0,0.0,0.9975863901983453,0.04343102236781988,25200.0,0.0,0.0,S5,6,A1
0.02006781090018189,2.0417379446695296,2.9853826189179604,0.1723693529660976,0.21997438642221653,305.0,55.25,0.9918936097948962,0.039977610665541716,13860.0,23.0,0.0,S5,6,A2
0.02006781090018189,2.0417379446695296,2.9853826189179604,0.17228284246032644,0.21875434573802355,295.0,55.25,0.9932028381447346,0.036878890885962676,13860.0,23.0,0.0,S5,6,A3
0.02006781090018189,2.3919384495683134,3.4974378036641802,0.24571247465323032,0.22104000181106107,380.0,73.625,0.9942029865411062,0.0299378144624925,9435.0,41.0,0.0,S5,6,A4
0.02006781090018189,2.0417379446695296,2.0417379446695296,0.08148076879541802,0.19967028986679,203.0,41.75,0.9961692474214316,0.030611197575777023,13945.0,43.0,0.125,S5,6,B1
0.02006781090018189,2.0417379446695296,2.0417379446695296,0.08165540682575975,0.20158807416295021,203.0,41.5,0.9957809067016526,0.032878990285341934,14165.0,42.0,0.12222222222222222,S5,6,B2
0.02006781090018189,2.0417379446695296,2.0417379446695296,0.06450126289168238,0.12030458166106639,138.0,27.375,0.9977011679392683,0.027599699795368787,15365.0,30.0,0.0,S5,6,B3
0.02006781090018189,2.0417379446695296,4.365158322401661,0.07852324141120465,0.21859426087687694,221.0,41.75,0.9952452101196958,0.032676968838274936,13945.0,43.0,0.125,S5,6,B4
0.02006781090018189,2.0417379446695296,2.0417379446695296,0.08232889515573508,0.19428157471758767,201.0,39.75,0.9970198216526872,0.029093680148083743,14245.0,50.0,0.0,S5,6,B5
0.02006781090018189,2.0417379446695296,2.0417379446695296,0.10751234593853388,0.18576635371962835,213.0,41.125,0.9974020183649681,0.025222290424163553,12890.0,43.0,0.0,S5,6,B6
0.02006781090018189,2.0417379446695296,2.0417379446695296,0.08882526818256789,0.1749913489494229,193.0,40.125,0.993450977881338,0.04064916178108869,16715.0,37.0,0.35,S5,6,B7
0.02006781090018189,0.02006781090018189,0.02006781090018189,0.0,0.0,0.0,0.0,0.9987979462957373,0.03147666584399885,16200.0,0.0,0.0,S5,7,A1
0.02006781090018189,2.0417379446695296,2.468880104906209,0.04589423202401148,0.1149482205775433,166.0,44.6,0.9947862163754859,0.029458203939681366,9015.0,17.0,0.0,S5,7,A2
0.02006781090018189,2.0417379446695296,2.0417379446695296,0.045727615070561695,0.10944287019257658,140.0,44.6,0.9964807717529341,0.025238552902107542,9000.0,16.0,0.0,S5,7,A3
0.02006781090018189,2.0417379446695296,2.6302679918953813,0.05471211386812326,0.19173649820100297,246.0,70.4,0.9946677711254582,0.02687441111314232,7640.0,30.0,0.0,S5,7,A4
0.02006781090018189,0.04570881896148752,2.0417379446695296,0.010411811860330716,0.036856136164501035,41.0,16.6,0.995903612613116,0.030099289968613933,9605.0,31.0,0.0,S5,7,B1
0.02006781090018189,0.03330427623087463,2.0417379446695296,0.010178781156205142,0.03635278984358979,40.0,8.6,0.9967432278449815,0.027824654157294793,9650.0,25.0,0.0,S5,7,B2
0.02006781090018189,0.03126079367123956,2.0417379446695296,0.010411811860330716,0.03729423388825712,41.0,8.8,0.9980196048314437,0.022849897316340673,9295.0,17.0,0.0,S5,7,B3
0.02006781090018189,0.13843630530808698,2.0417379446695296,0.010122853787215003,0.041698514196230496,67.0,16.6,0.9947007226517839,0.0333888546317628,9605.0,31.0,0.0,S5,7,B4
0.02006781090018189,0.04570881896148752,2.0417379446695296,0.010411811860330716,0.036856136164501035,41.0,16.6,0.995903612613116,0.030099289968613933,9605.0,31.0,0.0,S5,7,B5
0.02006781090018189,1.9781080029332403,2.0417379446695296,0.015373035551164222,0.07084366436121624,87.0,18.6,0.9971748052740995,0.024206239426610664,8015.0,22.0,0.0,S5,7,B6
0.02006781090018189,2.0417379446695296,2.0417379446695296,0.019322905986092726,0.07927704554352082,102.0,22.4,0.996082366179902,0.02806786770918247,8990.0,24.0,0.06388888888888888,S5,7,B7
0.02006781090018189,0.02006781090018189,0.02006781090018189,0.0,0.0,0.0,0.0,0.9920420965428765,0.0788093697417523,45000.0,0.0,0.0,S5,8,A1
0.02006781090018189,2.5482967479793466,3.9696297343000686,0.23932766874036174,0.28604533335548227,379.0,86.6,0.9887098417455501,0.05395026013652377,18480.0,32.0,0.0,S5,8,A2
0.02006781090018189,2.5482967479793466,4.365158322401661,0.23740278689114624,0.29468688311724267,347.0,86.6,0.9911802232311245,0.04735799255666464,18465.0,31.0,0.0,S5,8,A3
0.02006781090018189,2.1074146752966985,4.505572682644998,0.3128337915396563,0.28459803815709694,469.0,89.8,0.9932919168004106,0.03210805721837215,10855.0,49.0,0.0,S5,8,A4
0.02006781090018189,2.0417379446695296,2.0417379446695296,0.11206536154001623,0.20537056571177023,244.0,49.2,0.9958851092254324,0.03262234274209192,15765.0,37.0,0.18055555555555555,S5,8,B1
0.02006781090018189,2.0417379446695296,2.1074146752966985,0.08987488614057382,0.1985653020147235,214.0,43.6,0.996558055019116,0.031329492099873124,16390.0,47.0,0.06944444444444445,S5,8,B2
0.02006781090018189,2.0417379446695296,2.0417379446695296,0.0767059533598567,0.15300630414379096,152.0,39.9,0.9954469140995631,0.03881796072437729,19905.0,31.0,0.0,S5,8,B3
0.02006781090018189,2.0417379446695296,4.650503761666063,0.10975287313360521,0.22151230235526356,267.0,49.2,0.9942106594251803,0.03727905350233834,16170.0,37.0,0.18055555555555555,S5,8,B4
0.02006781090018189,2.0417379446695296,2.0417379446695296,0.0946535212671412,0.17262888610181318,177.0,42.3,0.9959024615184211,0.033043905121326246,16165.0,51.0,0.0,S5,8,B5
0.02006781090018189,2.0417379446695296,2.0417379446695296,0.11220517676243318,0.18798779593068488,231.0,43.9,0.9975375498034873,0.02438888322802748,14630.0,45.0,0.0,S5,8,B6
0.02006781090018189,2.0417379446695296,2.0417379446695296,0.09228912126824866,0.11611308144444352,178.0,31.1,0.9949718426594568,0.03733423487693762,19235.0,48.0,0.15555555555555556,S5,8,B7
0.02006781090018189,0.02006781090018189,0.02006781090018189,0.0,0.0,0.0,0.0,0.9882435656846233,0.09827448354562793,55800.0,0.0,0.0,S5,9,A1
0.02006781090018189,2.0417379446695296,3.4974378036641802,0.07922810553710298,0.2535142675421482,190.0,68.28571428571429,0.9949234422052349,0.031444586992540456,16170.0,9.0,0.0,S5,9,A2
0.02006781090018189,2.0417379446695296,3.726061338637685,0.07621697356656291,0.27184837414236507,183.0,68.28571428571429,0.995938612832183,0.028679429858944953,16170.0,9.0,0.0,S5,9,A3
0.02006781090018189,2.0417379446695296,3.726061338637685,0.2875039559514409,0.2355911190042371,376.0,100.85714285714286,0.9941556615738677,0.028912849506074513,9410.0,38.0,0.0,S5,9,A4
0.02006781090018189,2.0417379446695296,2.0417379446695296,0.06241031896490802,0.2231064435151586,138.0,54.142857142857146,0.9977857614321649,0.02575125101456669,14550.0,28.0,0.1,S5,9,B1
0.02006781090018189,2.0417379446695296,2.0417379446695296,0.05177533882916128,0.23162748610424047,135.0,54.142857142857146,0.9981380409485604,0.02512397055917894,14950.0,23.0,0.09444444444444444,S5,9,B2
0.02006781090018189,2.0417379446695296,2.0417379446695296,0.05340150372243509,0.09407943857751667,98.0,52.714285714285715,0.9976708426584165,0.02705595162624415,15970.0,21.0,0.0,S5,9,B3
0.02006781090018189,2.0417379446695296,4.365158322401661,0.06131187031238958,0.2322550613134066,152.0,54.142857142857146,0.9968107754003857,0.02747506501037089,14550.0,28.0,0.1,S5,9,B4
0.02006781090018189,2.0417379446695296,2.0417379446695296,0.06241031896490802,0.2231064435151586,138.0,60.42857142857143,0.9973627911332376,0.026605292043603953,13955.0,35.0,0.0,S5,9,B5
0.02006781090018189,2.0417379446695296,2.0417379446695296,0.07506321840846313,0.19255267176510713,177.0,61.42857142857143,0.9969058468374409,0.02770843229427921,13195.0,40.0,0.0,S5,9,B6
0.02006781090018189,1.6884958594867534,2.0417379446695296,0.06410945771971277,0.06752002556389591,96.0,39.0,0.9973945778770775,0.026053696055924936,14535.0,29.0,0.07222222222222222,S5,9,B7
0.02006781090018189,0.02006781090018189,0.02006781090018189,0.0,0.0,0.0,0.0,0.9915443513042952,0.08293793224166135,45000.0,0.0,0.0,S5X,0,A1
0.02006781090018189,2.0417379446695296,2.6302679918953813,0.2599442933881557,0.2505504343789376,373.0,68.88888888888889,0.9902936271223963,0.044097789049917464,11625.0,27.0,0.0,S5X,0,A2
0.02006781090018189,2.0417379446695296,2.7148760106825023,0.2599442933881557,0.24963857019696267,364.0,68.88888888888889,0.9918068350658347,0.04076973531773061,11625.0,27.0,0.0,S5X,0,A3
0.02006781090018189,2.0417379446695296,3.4974378036641802,0.2844552025996419,0.23289011207639765,380.0,68.77777777777777,0.9927050996701221,0.032430274015705196,8530.0,34.0,0.0,S5X,0,A4
0.02006781090018189,2.0417379446695296,2.0417379446695296,0.1335930764639565,0.194896876450693,228.0,44.0,0.9939405644904166,0.04209343509372977,17020.0,38.0,0.2833333333333333,S5X,0,B1
0.02006781090018189,2.0417379446695296,2.0417379446695296,0.13384674050003315,0.1944376284899529,229.0,43.666666666666664,0.9922609383569678,0.045298827340082004,18425.0,40.0,0.25833333333333336,S5X,0,B2
0.02006781090018189,2.0417379446695296,2.0417379446695296,0.12814676039525166,0.18802805225810731,221.0,42.333333333333336,0.9952637932883883,0.0337977025044182,15855.0,33.0,0.11944444444444445,S5X,0,B3
0.02006781090018189,2.0417379446695296,4.650503761666063,0.12828602692486238,0.2130297101929836,245.0,44.0,0.9930946664100897,0.044688434563795114,17545.0,38.0,0.2833333333333333,S5X,0,B4
0.02006781090018189,2.0417379446695296,2.0417379446695296,0.12771403939253267,0.19686650308375886,224.0,44.0,0.9945687464343066,0.03806477719976816,15935.0,52.0,0.0,S5X,0,B5
0.02006781090018189,2.0417379446695296,2.0417379446695296,0.1497148352012733,0.1906525631673188,238.0,44.55555555555556,0.9943342117695586,0.03674233269814005,15525.0,36.0,0.1388888888888889,S5X,0,B6
0.02006781090018189,2.0417379446695296,2.0417379446695296,0.13119238676304795,0.13812587041581006,201.0,27.77777777777778,0.9921648995777315,0.05080028170678125,23150.0,36.0,0.39444444444444443,S5X,0,B7
0.02006781090018189,0.02006781090018189,0.02006781090018189,0.0,0.0,0.0,0.0,0.9929181306182238,0.07620211998862807,39600.0,0.0,0.0,S5X,1,A1
0.02006781090018189,2.0417379446695296,3.388441561392024,0.1855377085774102,0.24061878253876923,324.0,51.6,0.9884041511752178,0.05130540662601534,14370.0,32.0,0.0,S5X,1,A2
0.02006781090018189,2.0417379446695296,2.892344370499147,0.18445972644903674,0.2615545126203631,302.0,51.6,0.9910421529100276,0.04551156740871172,14370.0,32.0,0.0,S5X,1,A3
0.02006781090018189,2.0417379446695296,2.9853826189179604,0.19707142411491083,0.2659513625555455,352.0,64.4,0.9918275149312783,0.036896905409097784,9530.0,41.0,0.0,S5X,1,A4
0.02006781090018189,2.0417379446695296,2.0417379446695296,0.08593701256837041,0.11580162355893546,154.0,40.4,0.9928875770175696,0.04494844551678148,16805.0,32.0,0.36666666666666664,S5X,1,B1
0.02006781090018189,2.0417379446695296,2.0417379446695296,0.10803477965490707,0.2516057081060097,243.0,48.3,0.9913201304756756,0.049085700573569827,18160.0,39.0,0.375,S5X,1,B2
0.02006781090018189,2.0417379446695296,2.0417379446695296,0.08294916499712307,0.15241488793838517,162.0,40.0,0.9930044892170229,0.043475059396427845,16280.0,38.0,0.18333333333333332,S5X,1,B3
0.02006781090018189,2.0417379446695296,3.8459178204535354,0.08202629444509917,0.13540720688244795,163.0,40.4,0.9920112798235254,0.04644785174923288,17075.0,32.0,0.36666666666666664,S5X,1,B4
0.02006781090018189,2.0417379446695296,2.0417379446695296,0.08593701256837041,0.11431463213426597,147.0,42.4,0.9922999290046506,0.04552303423055553,14985.0,59.0,0.0,S5X,1,B5
0.02006781090018189,2.0417379446695296,2.0417379446695296,0.1025989421217184,0.10368732279152311,164.0,47.1,0.993971520061399,0.037702574223343846,14590.0,36.0,0.18055555555555555,S5X,1,B6
0.02006781090018189,2.0417379446695296,2.0417379446695296,0.09584682255235666,0.0947688404239832,154.0,36.7,0.9901251058972033,0.05643412015738737,21835.0,35.0,0.46111111111111114,S5X,1,B7
0.02006781090018189,0.02006781090018189,0.02006781090018189,0.0,0.0,0.0,0.0,0.9947827727175003,0.06113598899478668,39600.0,0.0,0.0,S5X,2,A1
0.02006781090018189,2.0417379446695296,2.2451739778971898,0.13470474662362172,0.17468483511385083,284.0,50.94117647058823,0.9895187926032714,0.05286513826421444,20700.0,22.0,0.0,S5X,2,A2
0.02006781090018189,2.0417379446695296,2.1752040340195222,0.13462681626074413,0.17462261164581677,278.0,50.94117647058823,0.9914593471145574,0.04840682929664642,20700.0,22.0,0.0,S5X,2,A3
0.7413102413009177,2.7148760106825023,4.365158322401661,0.33359632313673937,0.3420514654532889,629.0,68.23529411764706,0.9867695602113421,0.050668384501965896,12380.0,62.0,0.0,S5X,2,A4
0.02006781090018189,2.0417379446695296,2.0417379446695296,0.1270186380430659,0.2184388071459122,342.0,48.470588235294116,0.9907499987035122,0.053928093155113335,21345.0,41.0,0.6638888888888889,S5X,2,B1
0.02006781090018189,2.0417379446695296,2.0417379446695296,0.09500013290449483,0.12453392810108474,200.0,33.76470588235294,0.9919940192648816,0.053516299497179315,24885.0,42.0,0.6416666666666667,S5X,2,B2
0.02006781090018189,2.0417379446695296,2.0417379446695296,0.08416479190780778,0.11571873542581392,181.0,26.294117647058822,0.9930275399147511,0.049280264436068574,25200.0,43.0,0.23333333333333334,S5X,2,B3
0.02006781090018189,2.0417379446695296,3.609940135864167,0.12287987125179119,0.18039610372350065,314.0,48.411764705882355,0.990976805132441,0.05224538209808413,20640.0,38.0,0.6638888888888889,S5X,2,B4
0.02006781090018189,2.0417379446695296,2.0417379446695296,0.12233012993226704,0.1571293595694861,265.0,31.058823529411764,0.9918401899744091,0.049437942858511906,22940.0,82.0,0.0,S5X,2,B5
0.02006781090018189,2.0417379446695296,2.0417379446695296,0.11885830206050296,0.2576891291372565,348.0,44.64705882352941,0.9917267972644109,0.04974303909601455,21440.0,43.0,0.49166666666666664,S5X,2,B6
0.02006781090018189,2.0417379446695296,2.0417379446695296,0.07356142966573312,0.1286056385336043,184.0,42.705882352941174,0.9923785007742782,0.050475537185519136,25240.0,36.0,0.7361111111111112,S5X,2,B7
0.02006781090018189,0.02006781090018189,0.02006781090018189,0.0,0.0,0.0,0.0,0.9905666045095712,0.08654409219111374,48600.0,0.0,0.0,S5X,3,A1
0.02006781090018189,2.0417379446695296,2.7148760106825023,0.08004000023426198,0.22133511762880018,299.0,36.0,0.9879121940339147,0.05916625236012043,20130.0,20.0,0.0,S5X,3,A2
0.02006781090018189,2.0417379446695296,2.0417379446695296,0.07889943718557649,0.21838195245652975,267.0,36.0,0.990632553193219,0.05245459188436008,20100.0,21.0,0.0,S5X,3,A3
0.02006781090018189,2.0417379446695296,3.388441561392024,0.3039842107420834,0.2908567546515646,484.0,70.76923076923077,0.991152083179133,0.03798674932328762,9780.0,40.0,0.0,S5X,3,A4
0.02006781090018189,2.0417379446695296,2.0417379446695296,0.07097698961633743,0.19202894306848065,221.0,30.23076923076923,0.9916980069130338,0.05253905263875632,21730.0,28.0,0.5222222222222223,S5X,3,B1
0.02006781090018189,2.0417379446695296,2.0417379446695296,0.09739808139432735,0.20684967408301075,236.0,50.76923076923077,0.9912035617804675,0.05515534932524413,20870.0,44.0,0.38333333333333336,S5X,3,B2
0.02006781090018189,2.0417379446695296,2.0417379446695296,0.12201608794194987,0.23340034202250087,251.0,47.69230769230769,0.9922422975754863,0.047880960653201285,20355.0,46.0,0.08611111111111111,S5X,3,B3
0.02006781090018189,2.0417379446695296,3.2828421431654635,0.07548360458919233,0.1499964860701966,214.0,31.923076923076923,0.9922009755753344,0.05039695080478247,21680.0,28.0,0.5222222222222223,S5X,3,B4
0.02006781090018189,2.0417379446695296,2.0417379446695296,0.1502102501332365,0.1735486005774558,246.0,45.23076923076923,0.9926975914630426,0.04471881025342432,19160.0,70.0,0.0,S5X,3,B5
0.02006781090018189,2.0417379446695296,2.3919384495683134,0.1584240610486738,0.2592416353829305,296.0,48.23076923076923,0.9930145555369279,0.042029637575473726,17070.0,45.0,0.2388888888888889,S5X,3,B6
0.02006781090018189,2.0417379446695296,2.0417379446695296,0.07922813603593579,0.1514642838318233,192.0,40.0,0.987632908018597,0.07001776123525108,30095.0,39.0,0.5416666666666666,S5X,3,B7
0.02006781090018189,0.02006781090018189,0.02006781090018189,0.0,0.0,0.0,0.0,0.9921022478550338,0.08002004337790668,43200.0,0.0,0.0,S5X,4,A1
0.02006781090018189,2.0417379446695296,2.468880104906209,0.08138050703914392,0.10261350425522373,154.0,53.25,0.9904848164561966,0.04432808542619975,14970.0,20.0,0.0,S5X,4,A2
0.02006781090018189,2.0417379446695296,2.468880104906209,0.08138050703914392,0.10261350425522373,154.0,53.25,0.9918454962777918,0.04124477387277348,14970.0,20.0,0.0,S5X,4,A3
0.02006781090018189,2.468880104906209,2.5482967479793466,0.19990323548791047,0.25675626727013684,310.0,61.125,0.9931698313442163,0.03100565803131153,8625.0,29.0,0.0,S5X,4,A4
0.02006781090018189,2.0417379446695296,2.0417379446695296,0.08398331717716702,0.20838004822701886,179.0,52.0,0.9960074817520201,0.03265242128135668,15495.0,27.0,0.23055555555555557,S5X,4,B1
0.02006781090018189,2.0417379446695296,2.0417379446695296,0.18246233773402007,0.21464128136222355,255.0,52.875,0.9962834777186385,0.029318728485449207,12375.0,27.0,0.22777777777777777,S5X,4,B2
0.02006781090018189,2.0417379446695296,2.0417379446695296,0.09866358032144447,0.193941265148562,174.0,51.375,0.9954974182217475,0.033699361878326506,14670.0,26.0,0.1638888888888889,S5X,4,B3
0.02006781090018189,2.0417379446695296,3.388441561392024,0.08052842737831992,0.2274931954367167,190.0,52.0,0.9953107711566351,0.03402159628964208,15495.0,27.0,0.23055555555555557,S5X,4,B4
0.02006781090018189,2.0417379446695296,2.0417379446695296,0.07023275228629877,0.19182486485740602,166.0,49.75,0.9960346967382943,0.03342643410510797,14980.0,41.0,0.0,S5X,4,B5
0.02006781090018189,2.0417379446695296,2.0417379446695296,0.12555066079295155,0.18841827107172304,193.0,53.5,0.9955441874677553,0.031462177201419306,13555.0,30.0,0.16666666666666666,S5X,4,B6
0.02006781090018189,2.0417379446695296,2.0417379446695296,0.07524863822491454,0.20624812421734587,171.0,50.875,0.9942749183302987,0.037646029434866446,16715.0,26.0,0.37222222222222223,S5X,4,B7
0.02006781090018189,0.02006781090018189,0.02006781090018189,0.0,0.0,0.0,0.0,0.9866768077464299,0.10386572960217592,57600.0,0.0,0.0,S5X,5,A1
0.02006781090018189,2.0417379446695296,2.0417379446695296,0.22458224949320088,0.18855192915990682,267.0,47.45454545454545,0.9906519600067623,0.04644105941138612,14625.0,21.0,0.0,S5X,5,A2
0.02006781090018189,2.0417379446695296,2.0417379446695296,0.22454146387149207,0.1867679358547911,248.0,47.45454545454545,0.9927898476809957,0.04137881969124163,14625.0,21.0,0.0,S5X,5,A3
0.02006781090018189,2.0417379446695296,3.388441561392024,0.36042480490877615,0.2070028912474056,413.0,56.0,0.9905351460783781,0.0408586441065004,8400.0,45.0,0.0,S5X,5,A4
0.02006781090018189,2.0417379446695296,2.0417379446695296,0.15330559911057134,0.15767721352632486,196.0,37.18181818181818,0.9893069336701312,0.06249699515689913,25420.0,41.0,0.44166666666666665,S5X,5,B1
0.02006781090018189,2.0417379446695296,2.0417379446695296,0.15606391560095348,0.15643551793207836,193.0,37.18181818181818,0.9898332048815754,0.05977927802612874,25465.0,42.0,0.3972222222222222,S5X,5,B2
0.02006781090018189,2.0417379446695296,2.0417379446695296,0.18995827781957045,0.15124214876782105,193.0,39.18181818181818,0.9902775079244936,0.05331882028794153,20795.0,38.0,0.225,S5X,5,B3
0.02006781090018189,2.0417379446695296,4.229119919212239,0.14973157018601266,0.17070142205867692,201.0,37.18181818181818,0.9875843413661398,0.06639605866532014,26610.0,42.0,0.44166666666666665,S5X,5,B4
0.02006781090018189,2.0417379446695296,2.0417379446695296,0.21307617243556626,0.22566231317919389,283.0,45.63636363636363,0.9922934321141154,0.04602216001036974,17995.0,76.0,0.0,S5X,5,B5
0.02006781090018189,2.0417379446695296,2.0417379446695296,0.16957301985806603,0.16712588255553643,219.0,37.54545454545455,0.9916122800871733,0.0479611594514506,21125.0,43.0,0.1388888888888889,S5X,5,B6
0.02006781090018189,2.0417379446695296,2.0417379446695296,0.1484113245055121,0.10993084571252482,183.0,35.09090909090909,0.9884807007015491,0.06772874934563819,30045.0,35.0,0.5777777777777777,S5X,5,B7
0.02006781090018189,0.02006781090018189,0.02006781090018189,0.0,0.0,0.0,0.0,0.9923061039905838,0.07733452111421564,45000.0,0.0,0.0,S5X,6,A1
0.02006781090018189,2.0417379446695296,2.5482967479793466,0.19266670013317702,0.2619423765750176,402.0,69.38461538461539,0.9846204276515843,0.06480904998631352,15720.0,29.0,0.0,S5X,6,A2
0.02006781090018189,2.0417379446695296,2.5482967479793466,0.19204806184611115,0.25807847109231735,358.0,69.38461538461539,0.9877697541405533,0.057826724046678095,15870.0,29.0,0.0,S5X,6,A3
0.02006781090018189,2.2451739778971898,3.4974378036641802,0.28357256966693933,0.29663041456147554,503.0,72.6923076923077,0.989636063280724,0.04268749846608997,9855.0,48.0,0.0,S5X,6,A4
0.02006781090018189,2.0417379446695296,2.0417379446695296,0.13653007408894807,0.16201679034510863,237.0,37.92307692307692,0.9908331922037196,0.055706951138779354,22620.0,45.0,0.5388888888888889,S5X,6,B1
0.02006781090018189,2.0417379446695296,2.0417379446695296,0.13632632209941326,0.1617185446792678,236.0,37.92307692307692,0.9912185151439543,0.05442911640385128,22000.0,47.0,0.5583333333333333,S5X,6,B2
0.02006781090018189,2.0417379446695296,2.0417379446695296,0.13688147244771104,0.26618425676294194,300.0,56.84615384615385,0.9902928184617917,0.0526069752547002,19335.0,44.0,0.25277777777777777,S5X,6,B3
0.02006781090018189,2.0417379446695296,4.097321098135414,0.13373365185576722,0.17195634392154663,241.0,37.92307692307692,0.9906766320610741,0.055809159218205055,22890.0,45.0,0.5388888888888889,S5X,6,B4
0.02006781090018189,2.0417379446695296,2.0417379446695296,0.13681946097263523,0.23143420730140826,293.0,42.0,0.9922423284742808,0.04731906108946935,19240.0,79.0,0.0,S5X,6,B5
0.02006781090018189,2.0417379446695296,2.0417379446695296,0.14354475309097675,0.1593753967996173,243.0,31.923076923076923,0.991822630478204,0.05140877046011326,22445.0,46.0,0.39166666666666666,S5X,6,B6
0.02006781090018189,2.0417379446695296,2.0417379446695296,0.12592020599621434,0.18153564035706798,246.0,44.53846153846154,0.9887045258585367,0.0643050816178609,28985.0,41.0,0.6666666666666666,S5X,6,B7
0.02006781090018189,0.02006781090018189,0.02006781090018189,0.0,0.0,0.0,0.0,0.9962861221779202,0.054989735049153235,28800.0,0.0,0.0,S5X,7,A1
0.02006781090018189,2.0417379446695296,2.0417379446695296,0.08613591962042981,0.069324278227432,121.0,41.7,0.9925023053315163,0.040610013866129856,12660.0,17.0,0.0,S5X,7,A2
0.02006781090018189,2.0417379446695296,2.0417379446695296,0.08613591962042981,0.06777762272459453,109.0,41.7,0.9935753501577839,0.038116299989638266,12660.0,17.0,0.0,S5X,7,A3
0.02006781090018189,2.0417379446695296,2.468880104906209,0.15876186156851801,0.230890664247837,318.0,68.6,0.9902459107022156,0.0412845206743188,8300.0,38.0,0.0,S5X,7,A4
0.02006781090018189,2.0417379446695296,2.0417379446695296,0.05921093435048221,0.1482269668496294,136.0,26.5,0.993570485659353,0.0403863180656769,15655.0,27.0,0.475,S5X,7,B1
0.02006781090018189,2.0417379446695296,2.0417379446695296,0.06190885973889044,0.1495875585325767,141.0,35.5,0.9941465849828605,0.038568561133090686,15385.0,26.0,0.4722222222222222,S5X,7,B2
0.02006781090018189,2.0417379446695296,2.0417379446695296,0.0700258938816014,0.18934707104536855,183.0,44.4,0.9933985854737915,0.040222636943801515,14520.0,46.0,0.1111111111111111,S5X,7,B3
0.02006781090018189,2.0417379446695296,3.388441561392024,0.057135159859831926,0.15502798709957516,141.0,26.5,0.9934846711294408,0.040986047674287,15925.0,27.0,0.475,S5X,7,B4
0.02006781090018189,2.0417379446695296,2.0417379446695296,0.09343117189195894,0.21535724253418922,228.0,46.8,0.9935288924457567,0.03928572813227816,14275.0,56.0,0.0,S5X,7,B5
0.02006781090018189,2.0417379446695296,2.0417379446695296,0.11509016342605513,0.15888881136229727,198.0,59.8,0.9920116983836202,0.042520059894954824,12695.0,30.0,0.37222222222222223,S5X,7,B6
0.02006781090018189,1.584893192461114,2.0417379446695296,0.06024591434862158,0.0604319781685118,80.0,21.2,0.9928993142065323,0.04528894764192155,16835.0,29.0,0.5416666666666666,S5X,7,B7
0.02006781090018189,0.02006781090018189,0.02006781090018189,0.0,0.0,0.0,0.0,0.9817244654261841,0.1183367813184972,66600.0,0.0,0.0,S5X,8,A1
0.02006781090018189,2.0417379446695296,3.2828421431654635,0.2632593254855213,0.204574579049322,422.0,61.1764705882353,0.9839033617611668,0.0718511790144232,20145.0,32.0,0.0,S5X,8,A2
0.02006781090018189,2.0417379446695296,3.081413635333949,0.2612731584960016,0.19681803506680573,344.0,57.529411764705884,0.9872120933005668,0.062494773799085176,20220.0,32.0,0.0,S5X,8,A3
0.026683942737144424,2.0417379446695296,3.388441561392024,0.37477834897928775,0.2702422639447673,526.0,75.29411764705883,0.9865196080417292,0.05205653592402546,10770.0,52.0,0.0,S5X,8,A4
0.02006781090018189,2.0417379446695296,3.9696297343000686,0.22838126459047337,0.21035613172403517,310.0,44.64705882352941,0.9914589662308916,0.0537779522261574,26635.0,38.0,0.6138888888888889,S5X,8,B1
0.02006781090018189,2.0417379446695296,3.726061338637685,0.19408061391744896,0.17069363731187603,234.0,31.176470588235293,0.991175594695816,0.05681381884247623,27910.0,42.0,0.6166666666666667,S5X,8,B2
0.02006781090018189,2.0417379446695296,2.0417379446695296,0.21678587393831023,0.16554413152535638,266.0,41.411764705882355,0.9935156347912623,0.04381789507790531,21035.0,41.0,0.2861111111111111,S5X,8,B3
0.02006781090018189,2.7148760106825023,5.1138737255998015,0.22466410867729597,0.22390788754780708,320.0,44.64705882352941,0.9912810733564609,0.05408909097610047,26950.0,40.0,0.6138888888888889,S5X,8,B4
0.02006781090018189,2.0417379446695296,2.0417379446695296,0.21774077385387175,0.21001465256047286,299.0,36.529411764705884,0.9937577817934504,0.04362169341224154,22350.0,80.0,0.0,S5X,8,B5
0.02006781090018189,2.0417379446695296,2.0417379446695296,0.22983410321362938,0.21402423881190086,330.0,45.588235294117645,0.9923349634158267,0.0461956584757131,22045.0,45.0,0.34444444444444444,S5X,8,B6
0.02006781090018189,2.0417379446695296,2.0417379446695296,0.15832960810609448,0.22502607659067203,259.0,38.76470588235294,0.9903204497750638,0.06065471020213837,30055.0,35.0,0.6916666666666667,S5X,8,B7
0.02006781090018189,0.02006781090018189,0.02006781090018189,0.0,0.0,0.0,0.0,0.9857199661804054,0.10609314762875326,61200.0,0.0,0.0,S5X,9,A1
0.02006781090018189,2.0417379446695296,2.0417379446695296,0.14958748197138055,0.11084880336398803,162.0,48.69230769230769,0.9939132438405951,0.03678906177941563,14835.0,13.0,0.0,S5X,9,A2
0.02006781090018189,2.0417379446695296,2.0417379446695296,0.14936547965559172,0.10136364559724427,139.0,48.69230769230769,0.995817157651842,0.031381743905071695,14505.0,12.0,0.0,S5X,9,A3
0.02006781090018189,2.5482967479793466,2.7148760106825023,0.23743437872724477,0.20007849885806653,343.0,94.07692307692308,0.9904545322233547,0.040332597905768944,10700.0,38.0,0.0,S5X,9,A4
0.02006781090018189,2.0417379446695296,2.0417379446695296,0.18976264615152455,0.11651639189648018,197.0,60.76923076923077,0.9946110429307574,0.03749128977851972,15490.0,23.0,0.48333333333333334,S5X,9,B1
0.02006781090018189,2.0417379446695296,2.0417379446695296,0.18976264615152455,0.11627262464777084,196.0,60.76923076923077,0.9947698852953178,0.03700261443882747,15420.0,23.0,0.48333333333333334,S5X,9,B2
0.02006781090018189,2.0417379446695296,2.0417379446695296,0.06769474536479479,0.1149739836501824,84.0,25.384615384615383,0.9948212797446773,0.04037978879683616,20835.0,26.0,0.225,S5X,9,B3
0.02006781090018189,2.0417379446695296,2.0417379446695296,0.18931864151994685,0.11772942415791475,202.0,60.76923076923077,0.994408711480057,0.037939654169969014,15490.0,23.0,0.48333333333333334,S5X,9,B4
0.02006781090018189,2.0417379446695296,2.0417379446695296,0.10760873034989306,0.13473654274197527,153.0,47.84615384615385,0.9932105225864145,0.04381290102152279,19030.0,53.0,0.0,S5X,9,B5
0.02006781090018189,2.0417379446695296,2.0417379446695296,0.12296461602305342,0.12023674443035366,128.0,47.76923076923077,0.9946829726658535,0.038464862474084247,17585.0,23.0,0.4777777777777778,S5X,9,B6
0.02006781090018189,2.0417379446695296,2.0417379446695296,0.07440414868641375,0.15048564820323224,117.0,46.84615384615385,0.9948185539105066,0.03838346421575593,19725.0,18.0,0.5194444444444445,S5X,9,B7
