arrived,p50,p95,p99,err_rate,late_rate,slo_viol_s,react_s,jain,cv,pod_s,scale_ev,fb_frac,profile,seed,family,param
287585.0,0.02006781090018189,2.0417379446695296,2.0417379446695296,0.02048177060695099,0.16711493993080306,168.0,55.666666666666664,0.9885072810992889,0.06857341959990335,32865.0,27.0,0.0,S3,0,HPA+LC,0.35
287585.0,0.02006781090018189,2.0417379446695296,2.0417379446695296,0.0499434949667055,0.1739103221656206,204.0,62.666666666666664,0.9868337952256206,0.07098318691516431,30375.0,31.0,0.0,S3,0,HPA+LC,0.45
287585.0,0.02006781090018189,2.0417379446695296,3.388441561392024,0.0827911747831076,0.20731435923292243,251.0,80.66666666666667,0.9924352991110315,0.04875477760070904,22125.0,22.0,0.0,S3,0,HPA+LC,0.55
287585.0,0.02006781090018189,2.0417379446695296,3.1805336883295205,0.09122954952448842,0.21989237964427907,271.0,87.0,0.9939297073474135,0.040994473943061556,17565.0,22.0,0.0,S3,0,HPA+LC,0.65
287585.0,0.02006781090018189,2.0417379446695296,3.9696297343000686,0.1719143905280178,0.3101691673766017,410.0,120.0,0.9951778457837108,0.030337426608428537,12510.0,23.0,0.0,S3,0,HPA+LC,0.75
287585.0,0.02006781090018189,2.0417379446695296,3.4974378036641802,0.21119582036615261,0.3140158561816506,443.0,120.0,0.9955389841255635,0.02577490936177059,9570.0,22.0,0.0,S3,0,HPA+LC,0.85
287585.0,0.02006781090018189,2.0417379446695296,2.0417379446695296,0.03177147625919293,0.1014691308656571,119.0,39.0,0.996386602457225,0.0323837070507084,15095.0,28.0,0.025,S3,0,ПАБ naive,0.5
287585.0,0.02006781090018189,2.0417379446695296,2.0417379446695296,0.05170645200549403,0.09200062590190726,129.0,43.0,0.9983045832326365,0.022868915365982612,12435.0,21.0,0.025,S3,0,ПАБ naive,0.6
287585.0,0.02006781090018189,2.0417379446695296,2.0417379446695296,0.06647078255124572,0.08698993341099154,139.0,46.333333333333336,0.9984774187364673,0.01992490447902548,10905.0,23.0,0.025,S3,0,ПАБ naive,0.7
287585.0,0.02006781090018189,2.0417379446695296,2.0417379446695296,0.07527513604673401,0.09780760470817323,152.0,50.0,0.9995392116052325,0.013102857849843212,9455.0,18.0,0.025,S3,0,ПАБ naive,0.8
287585.0,0.02006781090018189,2.0417379446695296,2.0417379446695296,0.07733365787506302,0.11492602187179443,165.0,74.33333333333333,0.9995832601405649,0.011865922155552789,8770.0,17.0,0.025,S3,0,ПАБ naive,0.9
287585.0,0.02006781090018189,2.0417379446695296,2.0417379446695296,0.03177147625919293,0.09954274388441678,117.0,39.0,0.9954508671950345,0.03505320526697427,17490.0,37.0,0.058333333333333334,S3,0,ПАБ linear,0.5
287585.0,0.02006781090018189,2.0417379446695296,2.0417379446695296,0.0516577707460403,0.08722638524262392,124.0,41.0,0.9965334013066068,0.029317551014812912,14660.0,36.0,0.058333333333333334,S3,0,ПАБ linear,0.6
287585.0,0.02006781090018189,2.0417379446695296,2.0417379446695296,0.05951631691499904,0.08336317958168889,130.0,42.666666666666664,0.9964993864917059,0.02855200409545038,13010.0,40.0,0.058333333333333334,S3,0,ПАБ linear,0.7
287585.0,0.02006781090018189,2.0417379446695296,2.0417379446695296,0.0738599022897578,0.07600883217135804,135.0,44.0,0.998091393041644,0.020096018327599587,11170.0,33.0,0.058333333333333334,S3,0,ПАБ linear,0.8
287585.0,0.02006781090018189,2.0417379446695296,2.0417379446695296,0.07559156423318324,0.07778222090860093,139.0,45.666666666666664,0.9988098458120062,0.01661085323774762,10235.0,29.0,0.058333333333333334,S3,0,ПАБ linear,0.9
287585.0,0.02006781090018189,2.0417379446695296,2.0417379446695296,0.030815237234209016,0.09680963888937184,114.0,38.666666666666664,0.9961083263494387,0.03443005541544656,16770.0,29.0,0.06666666666666667,S3,0,ПАБ AR,0.5
287585.0,0.02006781090018189,2.0417379446695296,2.0417379446695296,0.044056539805622685,0.08931967939913417,121.0,39.333333333333336,0.9973114406163897,0.02863044155799159,14335.0,26.0,0.06666666666666667,S3,0,ПАБ AR,0.6
287585.0,0.02006781090018189,2.0417379446695296,2.0417379446695296,0.051539544830224104,0.08903454630804805,127.0,41.666666666666664,0.9979705047317958,0.02417233884348749,12560.0,24.0,0.06666666666666667,S3,0,ПАБ AR,0.7
287585.0,0.02006781090018189,2.0417379446695296,2.0417379446695296,0.06590399360189161,0.08173583462280717,137.0,44.666666666666664,0.9984449425000997,0.019878773439304716,10980.0,21.0,0.06666666666666667,S3,0,ПАБ AR,0.8
287585.0,0.02006781090018189,2.0417379446695296,2.0417379446695296,0.07320618251995062,0.0834987916615957,142.0,47.0,0.9994691736244207,0.014227199637290171,9910.0,20.0,0.06666666666666667,S3,0,ПАБ AR,0.9
287585.0,0.02006781090018189,2.0417379446695296,2.0417379446695296,0.01643253299024636,0.06617608706990977,74.0,36.333333333333336,0.9950039563649317,0.038624960104888056,16345.0,37.0,0.04722222222222222,S3,0,ПАБ LSTM v2,0.5
287585.0,0.02006781090018189,2.0417379446695296,2.0417379446695296,0.028169063059617156,0.09990785333031973,115.0,37.666666666666664,0.996359375032546,0.03195775800166651,13835.0,35.0,0.04722222222222222,S3,0,ПАБ LSTM v2,0.6
287585.0,0.02006781090018189,2.0417379446695296,2.0417379446695296,0.038993688822435105,0.09743901802945217,123.0,41.0,0.9972706596198815,0.026999613988544568,12100.0,30.0,0.04722222222222222,S3,0,ПАБ LSTM v2,0.7
287585.0,0.02006781090018189,2.0417379446695296,2.0417379446695296,0.05247057391727663,0.09828485491246067,135.0,45.333333333333336,0.9974663017390082,0.02311003126587537,10565.0,27.0,0.04722222222222222,S3,0,ПАБ LSTM v2,0.8
287585.0,0.02006781090018189,2.0417379446695296,2.0417379446695296,0.061083679607768136,0.10572265591042648,147.0,48.333333333333336,0.9985617403811653,0.016838323146262893,9455.0,23.0,0.04722222222222222,S3,0,ПАБ LSTM v2,0.9
287585.0,0.02006781090018189,2.0417379446695296,2.0417379446695296,0.01996279360884608,0.10199419302119374,108.0,35.666666666666664,0.9962072974615833,0.03325058352699786,15660.0,29.0,0.06111111111111111,S3,0,ПАБ GRU v2,0.5
287585.0,0.02006781090018189,2.0417379446695296,2.0417379446695296,0.036335344332979816,0.09415477163273467,118.0,38.666666666666664,0.9972548094515352,0.027228985927233218,13200.0,26.0,0.06111111111111111,S3,0,ПАБ GRU v2,0.6
287585.0,0.02006781090018189,2.0417379446695296,2.0417379446695296,0.04330198028408992,0.09320722568979606,123.0,40.666666666666664,0.9978012400172315,0.023697383498544645,11580.0,22.0,0.06111111111111111,S3,0,ПАБ GRU v2,0.7
287585.0,0.02006781090018189,2.0417379446695296,2.0417379446695296,0.06082201783820436,0.09119216927169359,137.0,45.333333333333336,0.9984892711316522,0.018165181812063065,10140.0,21.0,0.06111111111111111,S3,0,ПАБ GRU v2,0.8
287585.0,0.02006781090018189,2.0417379446695296,2.0417379446695296,0.06506945772554201,0.1039866474259784,147.0,48.333333333333336,0.9985761057381661,0.016282875511096664,9200.0,20.0,0.06111111111111111,S3,0,ПАБ GRU v2,0.9
287634.0,0.02006781090018189,2.0417379446695296,2.0417379446695296,0.015504078099251131,0.16683180708817455,164.0,56.333333333333336,0.9883036347352622,0.06983892818987264,32940.0,27.0,0.0,S3,1,HPA+LC,0.35
287634.0,0.02006781090018189,2.0417379446695296,2.7148760106825023,0.04415767955109619,0.1772486910448695,200.0,63.0,0.9867508787322872,0.07160866403532055,30420.0,31.0,0.0,S3,1,HPA+LC,0.45
287634.0,0.02006781090018189,2.0417379446695296,3.388441561392024,0.07960029064714186,0.20801522073190234,254.0,80.66666666666667,0.9911164626158571,0.05344524496034546,23130.0,26.0,0.0,S3,1,HPA+LC,0.55
287634.0,0.02006781090018189,2.0417379446695296,3.4974378036641802,0.09106103589978931,0.23524948371889276,280.0,90.66666666666667,0.9937353376445163,0.04246664318373189,18420.0,22.0,0.0,S3,1,HPA+LC,0.65
287634.0,0.02006781090018189,2.0417379446695296,3.9696297343000686,0.17616919418427585,0.31892526613682665,419.0,120.0,0.9953374263637675,0.030278934339250583,12435.0,24.0,0.0,S3,1,HPA+LC,0.75
287634.0,0.02006781090018189,2.0417379446695296,3.4974378036641802,0.21560559600047283,0.3140988200282303,445.0,120.0,0.995487038784555,0.026143922736082507,9570.0,22.0,0.0,S3,1,HPA+LC,0.85
287634.0,0.02006781090018189,2.0417379446695296,2.0417379446695296,0.02713170209363288,0.10153180778350264,119.0,40.0,0.9975533360133849,0.029126085853714182,15170.0,19.0,0.0,S3,1,ПАБ naive,0.5
287634.0,0.02006781090018189,2.0417379446695296,2.0417379446695296,0.04719539414672813,0.09547897675518194,132.0,43.0,0.9984142105868914,0.023216963091038764,12520.0,21.0,0.0,S3,1,ПАБ naive,0.6
287634.0,0.02006781090018189,2.0417379446695296,2.0417379446695296,0.053232580293011256,0.10743688159257946,145.0,47.666666666666664,0.998481754990585,0.019944281523226873,10825.0,23.0,0.0,S3,1,ПАБ naive,0.7
287634.0,0.02006781090018189,2.0417379446695296,2.0417379446695296,0.07037067940507728,0.11023036219640238,160.0,51.333333333333336,0.9991947970771149,0.015568560615085922,9505.0,20.0,0.0,S3,1,ПАБ naive,0.8
287634.0,0.02006781090018189,2.0417379446695296,2.0417379446695296,0.07388903954330851,0.137452456941808,183.0,90.33333333333333,0.9992675924060854,0.01458145299782228,8880.0,19.0,0.0,S3,1,ПАБ naive,0.9
287634.0,0.02006781090018189,2.0417379446695296,2.0417379446695296,0.02713170209363288,0.09840630801643756,116.0,39.666666666666664,0.9945288534811445,0.03847479531237014,17310.0,39.0,0.075,S3,1,ПАБ linear,0.5
287634.0,0.02006781090018189,2.0417379446695296,2.0417379446695296,0.04678862721375081,0.08523679398124005,124.0,40.666666666666664,0.996448904609487,0.029360748745928814,14380.0,35.0,0.075,S3,1,ПАБ linear,0.6
287634.0,0.02006781090018189,2.0417379446695296,2.0417379446695296,0.04781423614732611,0.09187370060563077,130.0,41.666666666666664,0.9960692466189903,0.02984019373658614,12810.0,38.0,0.075,S3,1,ПАБ linear,0.7
287634.0,0.02006781090018189,2.0417379446695296,2.0417379446695296,0.06910518228025894,0.0790970469415994,138.0,45.333333333333336,0.9985350082182741,0.018329730208174553,10940.0,31.0,0.075,S3,1,ПАБ linear,0.8
287634.0,0.02006781090018189,2.0417379446695296,2.0417379446695296,0.07111815710242878,0.08344284750759647,145.0,68.0,0.9987877954307497,0.01706399449148016,10175.0,29.0,0.075,S3,1,ПАБ linear,0.9
287634.0,0.02006781090018189,2.0417379446695296,2.0417379446695296,0.026575439621185255,0.0952251820021277,111.0,37.666666666666664,0.9959668069805783,0.034532931287917665,16890.0,21.0,0.07777777777777778,S3,1,ПАБ AR,0.5
287634.0,0.02006781090018189,2.0417379446695296,2.0417379446695296,0.032843822357579426,0.09462372320379371,118.0,40.0,0.9966543904852285,0.031253155647354605,14300.0,23.0,0.07777777777777778,S3,1,ПАБ AR,0.6
287634.0,0.02006781090018189,2.0417379446695296,2.0417379446695296,0.04678862721375081,0.08939485596278604,129.0,42.0,0.9979051747722566,0.024847643494967993,12700.0,18.0,0.07777777777777778,S3,1,ПАБ AR,0.7
287634.0,0.02006781090018189,2.0417379446695296,2.0417379446695296,0.05383577741157165,0.09555893948559628,137.0,45.333333333333336,0.9985344070986987,0.01985512911374544,11020.0,21.0,0.07777777777777778,S3,1,ПАБ AR,0.8
287634.0,0.02006781090018189,2.0417379446695296,2.0417379446695296,0.06876447151588477,0.09762406391455808,151.0,49.333333333333336,0.9996564335542559,0.01354496608248727,9815.0,14.0,0.07777777777777778,S3,1,ПАБ AR,0.9
287634.0,0.02006781090018189,1.742809826672464,2.0417379446695296,0.011565913626344591,0.06521221413323877,70.0,35.666666666666664,0.9952430928417549,0.03764321770916997,16320.0,30.0,0.058333333333333334,S3,1,ПАБ LSTM v2,0.5
287634.0,0.02006781090018189,2.0417379446695296,2.0417379446695296,0.0256237092972319,0.0974389328104466,113.0,37.333333333333336,0.996408783859255,0.03168678464427169,13765.0,33.0,0.058333333333333334,S3,1,ПАБ LSTM v2,0.6
287634.0,0.02006781090018189,2.0417379446695296,2.0417379446695296,0.03579809758234423,0.09424563855455197,122.0,39.666666666666664,0.9974460705730086,0.026343434532700976,12130.0,27.0,0.058333333333333334,S3,1,ПАБ LSTM v2,0.7
287634.0,0.02006781090018189,2.0417379446695296,2.0417379446695296,0.04782814270913731,0.09687658621720659,136.0,44.666666666666664,0.9977183238051207,0.022578732097440917,10615.0,28.0,0.058333333333333334,S3,1,ПАБ LSTM v2,0.8
287634.0,0.02006781090018189,2.0417379446695296,2.0417379446695296,0.058282400550699845,0.10643387082194733,149.0,70.33333333333333,0.9979125132498018,0.020304081489103325,9720.0,26.0,0.058333333333333334,S3,1,ПАБ LSTM v2,0.9
287634.0,0.02006781090018189,2.0417379446695296,2.0417379446695296,0.019517859502006022,0.09610824867713831,105.0,35.666666666666664,0.9970857113083551,0.03159305433565164,16240.0,28.0,0.0,S3,1,ПАБ GRU v2,0.5
287634.0,0.02006781090018189,2.0417379446695296,2.0417379446695296,0.03264130805120396,0.09094978340529979,114.0,37.333333333333336,0.9977525546858148,0.02628823962173272,13770.0,25.0,0.0,S3,1,ПАБ GRU v2,0.6
287634.0,0.02006781090018189,2.0417379446695296,2.0417379446695296,0.04352058518812101,0.08629369267889053,122.0,40.0,0.9989331727401562,0.01976660261444989,11895.0,23.0,0.0,S3,1,ПАБ GRU v2,0.7
287634.0,0.02006781090018189,2.0417379446695296,2.0417379446695296,0.052935327534297055,0.09636204343019254,139.0,46.0,0.9984398483660017,0.019230120793921588,10520.0,23.0,0.0,S3,1,ПАБ GRU v2,0.8
287634.0,0.02006781090018189,2.0417379446695296,2.0417379446695296,0.06230313523436033,0.10861198606562507,153.0,50.0,0.9993580100210794,0.013807392999905509,9395.0,22.0,0.0,S3,1,ПАБ GRU v2,0.9
285310.0,0.02006781090018189,2.0417379446695296,2.0417379446695296,0.012950825417966423,0.1683467105954926,159.0,54.666666666666664,0.9881454235724351,0.06934187238952684,32985.0,27.0,0.0,S3,2,HPA+LC,0.35
285310.0,0.02006781090018189,2.0417379446695296,2.892344370499147,0.04337562651151379,0.18186358697557042,200.0,64.0,0.9864944224919704,0.07208048169567301,30345.0,31.0,0.0,S3,2,HPA+LC,0.45
285310.0,0.02006781090018189,2.0417379446695296,3.609940135864167,0.07983859661420911,0.20431548140618977,251.0,76.33333333333333,0.9913284661525134,0.05248446586417379,21990.0,27.0,0.0,S3,2,HPA+LC,0.55
285310.0,0.02006781090018189,2.0417379446695296,3.4974378036641802,0.08946233920998213,0.24149346325049945,287.0,91.66666666666667,0.9941066761138707,0.03980007642802727,17325.0,22.0,0.0,S3,2,HPA+LC,0.65
285310.0,0.02006781090018189,2.0417379446695296,3.9696297343000686,0.17530055027864427,0.29874872945217484,404.0,120.0,0.9950816447098547,0.03057173126541143,12420.0,25.0,0.0,S3,2,HPA+LC,0.75
285310.0,0.02006781090018189,2.0417379446695296,3.388441561392024,0.21075146332059866,0.3153674950054327,445.0,120.0,0.9950753469478726,0.02665422052201261,9585.0,22.0,0.0,S3,2,HPA+LC,0.85
285310.0,0.02006781090018189,2.0417379446695296,2.0417379446695296,0.027464862780834882,0.10381339595527672,121.0,39.666666666666664,0.9966557763820186,0.030882587038487796,14715.0,22.0,0.03611111111111111,S3,2,ПАБ naive,0.5
285310.0,0.02006781090018189,2.0417379446695296,2.0417379446695296,0.048207213206687465,0.09490729382075637,132.0,43.333333333333336,0.9980447006888344,0.023203519873192784,12160.0,19.0,0.03611111111111111,S3,2,ПАБ naive,0.6
285310.0,0.02006781090018189,2.0417379446695296,2.0417379446695296,0.06291752830254811,0.09107286810837335,144.0,46.333333333333336,0.9986677825277022,0.017659880671735746,10360.0,21.0,0.03611111111111111,S3,2,ПАБ naive,0.7
285310.0,0.02006781090018189,2.0417379446695296,2.0417379446695296,0.07225474045774771,0.11293330062037783,164.0,53.0,0.9995647348810879,0.012674240797573488,9220.0,14.0,0.03611111111111111,S3,2,ПАБ naive,0.8
285310.0,0.02006781090018189,2.0417379446695296,2.0417379446695296,0.07479583610809296,0.14158283971820126,188.0,60.333333333333336,0.9996844654423704,0.011465863687958896,8605.0,13.0,0.03611111111111111,S3,2,ПАБ naive,0.9
285310.0,0.02006781090018189,2.0417379446695296,2.0417379446695296,0.02652903858960429,0.11758438190038906,168.0,39.666666666666664,0.9946136327614956,0.03737971910925768,17015.0,39.0,0.11666666666666667,S3,2,ПАБ linear,0.5
285310.0,0.02006781090018189,2.0417379446695296,2.0417379446695296,0.04720479478462024,0.1067820966667835,177.0,40.0,0.9961955964973862,0.029396164090411528,14255.0,38.0,0.11666666666666667,S3,2,ПАБ linear,0.6
285310.0,0.02006781090018189,2.0417379446695296,2.0417379446695296,0.04807051978549648,0.10974378745925485,180.0,43.0,0.9961729324896148,0.02841479778996399,12680.0,41.0,0.11666666666666667,S3,2,ПАБ linear,0.7
285310.0,0.02006781090018189,2.0417379446695296,2.0417379446695296,0.06939118853177245,0.09447618380007711,189.0,44.666666666666664,0.998172096891614,0.019069521956583332,10930.0,30.0,0.11666666666666667,S3,2,ПАБ linear,0.8
285310.0,0.02006781090018189,2.0417379446695296,2.0417379446695296,0.07107356910027689,0.09778136062528478,193.0,45.666666666666664,0.9983511472166043,0.018053731323042135,10210.0,32.0,0.11666666666666667,S3,2,ПАБ linear,0.9
285310.0,0.02006781090018189,2.0417379446695296,2.0417379446695296,0.025789492131365884,0.09786898461322771,115.0,39.333333333333336,0.995885327921536,0.033354153070368514,15970.0,18.0,0.11944444444444445,S3,2,ПАБ AR,0.5
285310.0,0.02006781090018189,2.0417379446695296,2.0417379446695296,0.038985664715572535,0.0919000385545547,121.0,39.666666666666664,0.9972426134968096,0.027258255586499653,13450.0,17.0,0.11944444444444445,S3,2,ПАБ AR,0.6
285310.0,0.02006781090018189,2.0417379446695296,2.0417379446695296,0.046819249237671307,0.09334758683537205,129.0,41.666666666666664,0.9979698496810915,0.02329042620416762,12100.0,17.0,0.11944444444444445,S3,2,ПАБ AR,0.7
285310.0,0.02006781090018189,2.0417379446695296,2.0417379446695296,0.06132627668150433,0.08465178227191476,137.0,44.333333333333336,0.9991531077548681,0.015552428694913014,10365.0,15.0,0.11944444444444445,S3,2,ПАБ AR,0.8
285310.0,0.02006781090018189,2.0417379446695296,2.0417379446695296,0.06877081069713645,0.09144088885773369,148.0,47.666666666666664,0.9996926285485731,0.012401814338725826,9530.0,13.0,0.11944444444444445,S3,2,ПАБ AR,0.9
285310.0,0.02006781090018189,1.5355006336570662,2.0417379446695296,0.011016087764186324,0.06473660229224353,68.0,30.0,0.9956016458155297,0.03689463173778921,16635.0,36.0,0.0,S3,2,ПАБ LSTM v2,0.5
285310.0,0.02006781090018189,1.9164610627353873,2.0417379446695296,0.023090673302723352,0.09294802145035225,107.0,38.0,0.9964184983324381,0.03101566429534397,13920.0,33.0,0.0,S3,2,ПАБ LSTM v2,0.6
285310.0,0.02006781090018189,2.0417379446695296,2.0417379446695296,0.033205986470856264,0.09786197469419228,121.0,38.666666666666664,0.9975835655578834,0.02541053072182724,11985.0,27.0,0.0,S3,2,ПАБ LSTM v2,0.7
285310.0,0.02006781090018189,2.0417379446695296,2.0417379446695296,0.04569678595212225,0.09719690862570537,131.0,42.666666666666664,0.9979999124690896,0.021540680375871698,10690.0,28.0,0.0,S3,2,ПАБ LSTM v2,0.8
285310.0,0.02006781090018189,2.0417379446695296,2.0417379446695296,0.05560180154919211,0.10209684203147454,143.0,47.0,0.9981032592328484,0.019390567084553608,9675.0,28.0,0.0,S3,2,ПАБ LSTM v2,0.9
285310.0,0.02006781090018189,2.0417379446695296,2.0417379446695296,0.019224702954680872,0.11363078756440363,158.0,36.333333333333336,0.9961778067330591,0.033811795372361404,15910.0,33.0,0.041666666666666664,S3,2,ПАБ GRU v2,0.5
285310.0,0.02006781090018189,2.0417379446695296,2.0417379446695296,0.031309803371771056,0.11059549262206021,169.0,38.666666666666664,0.9965902071271366,0.02941791414303206,13400.0,33.0,0.041666666666666664,S3,2,ПАБ GRU v2,0.6
285310.0,0.02006781090018189,2.0417379446695296,2.0417379446695296,0.03901282815183485,0.11203690722372156,176.0,40.333333333333336,0.997305347042954,0.02561527210960033,11835.0,29.0,0.041666666666666664,S3,2,ПАБ GRU v2,0.7
285310.0,0.02006781090018189,2.0417379446695296,2.0417379446695296,0.05179629175283026,0.11356769829308472,187.0,44.0,0.9973684882501606,0.022751847497797135,10390.0,29.0,0.041666666666666664,S3,2,ПАБ GRU v2,0.8
285310.0,0.02006781090018189,2.0417379446695296,2.0417379446695296,0.06057271038519505,0.12136973817952403,199.0,48.333333333333336,0.9979002940146752,0.018703299598020404,9335.0,25.0,0.041666666666666664,S3,2,ПАБ GRU v2,0.9
292546.0,0.02006781090018189,2.0417379446695296,2.0417379446695296,0.012271574384883062,0.11075864992172171,113.0,56.0,0.9881288641561683,0.0708564591449864,33390.0,26.0,0.0,S3,3,HPA+LC,0.35
292546.0,0.02006781090018189,2.0417379446695296,2.6302679918953813,0.04504248904445796,0.16925201506771584,197.0,62.0,0.9869081288521716,0.0706998853136017,30540.0,31.0,0.0,S3,3,HPA+LC,0.45
292546.0,0.02006781090018189,2.0417379446695296,3.4974378036641802,0.08231525982238691,0.20672304526467633,256.0,79.66666666666667,0.9918889214288258,0.05061986934927088,22830.0,25.0,0.0,S3,3,HPA+LC,0.55
292546.0,0.02006781090018189,2.0417379446695296,3.4974378036641802,0.093210982204508,0.2425242525961729,292.0,92.66666666666667,0.993925727861581,0.041383796518050776,18210.0,22.0,0.0,S3,3,HPA+LC,0.65
292546.0,0.02006781090018189,2.0417379446695296,3.9696297343000686,0.17702515160009025,0.322092935811804,423.0,120.0,0.9953839222884183,0.029610192924494485,12540.0,24.0,0.0,S3,3,HPA+LC,0.75
292546.0,0.02006781090018189,2.0417379446695296,3.4974378036641802,0.21782044533167433,0.3107152379454855,444.0,120.0,0.9956113587983165,0.025304325820468522,9600.0,21.0,0.0,S3,3,HPA+LC,0.85
292546.0,0.02006781090018189,2.0417379446695296,2.0417379446695296,0.02829982293382921,0.10181646647023032,121.0,39.666666666666664,0.9973345164562005,0.030331030934243476,15230.0,24.0,0.005555555555555556,S3,3,ПАБ naive,0.5
292546.0,0.02006781090018189,2.0417379446695296,2.0417379446695296,0.04820096668558107,0.09371517641670028,134.0,43.666666666666664,0.9987052592160921,0.020995820848454028,12525.0,17.0,0.005555555555555556,S3,3,ПАБ naive,0.6
292546.0,0.02006781090018189,2.0417379446695296,2.0417379446695296,0.05623389142220369,0.10029875643488545,144.0,46.666666666666664,0.9990129988217151,0.01775011790784785,11210.0,17.0,0.005555555555555556,S3,3,ПАБ naive,0.7
292546.0,0.02006781090018189,2.0417379446695296,2.0417379446695296,0.07200577003274698,0.10918282936700553,161.0,52.0,0.9993954800825307,0.013535196284895475,9500.0,16.0,0.005555555555555556,S3,3,ПАБ naive,0.8
292546.0,0.02006781090018189,2.0417379446695296,2.0417379446695296,0.07398494595721698,0.12643139882274923,175.0,82.66666666666667,0.9994151593072594,0.01269185927762878,8885.0,16.0,0.005555555555555556,S3,3,ПАБ naive,0.9
292546.0,0.02006781090018189,2.0417379446695296,2.0417379446695296,0.028730524430345995,0.1144332857054959,163.0,39.333333333333336,0.9959406603720142,0.03355240389157611,17815.0,39.0,0.03888888888888889,S3,3,ПАБ linear,0.5
292546.0,0.02006781090018189,2.0417379446695296,2.0417379446695296,0.04848810101659226,0.10258557628543886,171.0,41.333333333333336,0.996945719150229,0.027337959829284175,14930.0,36.0,0.03888888888888889,S3,3,ПАБ linear,0.6
292546.0,0.02006781090018189,2.0417379446695296,2.0417379446695296,0.04955118169450275,0.1061815919547695,175.0,43.0,0.9969632380000183,0.02604350741053535,13340.0,38.0,0.03888888888888889,S3,3,ПАБ linear,0.7
292546.0,0.02006781090018189,2.0417379446695296,2.0417379446695296,0.07102130946928005,0.09202313482324147,183.0,44.666666666666664,0.9982293530980877,0.019070218791345777,11375.0,35.0,0.03888888888888889,S3,3,ПАБ linear,0.8
292546.0,0.02006781090018189,2.0417379446695296,2.0417379446695296,0.07198526043767475,0.09623443834473895,187.0,46.0,0.9984707619741134,0.01729139974486615,10505.0,33.0,0.03888888888888889,S3,3,ПАБ linear,0.9
292546.0,0.02006781090018189,2.0417379446695296,2.0417379446695296,0.021193248241302223,0.0986238061706535,110.0,38.0,0.9964961103508989,0.03231240610347707,16770.0,21.0,0.21944444444444444,S3,3,ПАБ AR,0.5
292546.0,0.02006781090018189,2.0417379446695296,2.0417379446695296,0.03307172205396758,0.0952021220594368,121.0,39.333333333333336,0.9965436325507048,0.031134362355500902,14460.0,22.0,0.21944444444444444,S3,3,ПАБ AR,0.6
292546.0,0.02006781090018189,2.0417379446695296,2.0417379446695296,0.04727119837564007,0.08860145071202477,128.0,41.666666666666664,0.9984366061096187,0.02251212056876778,12905.0,15.0,0.21944444444444444,S3,3,ПАБ AR,0.7
292546.0,0.02006781090018189,2.0417379446695296,2.0417379446695296,0.05369411989909279,0.09215986545705633,136.0,44.333333333333336,0.9984983752919839,0.02064721095834156,11555.0,20.0,0.21944444444444444,S3,3,ПАБ AR,0.8
292546.0,0.02006781090018189,2.0417379446695296,2.0417379446695296,0.06968134925789449,0.09414929617906244,150.0,48.333333333333336,0.9994594780223398,0.014615772981954947,10400.0,15.0,0.21944444444444444,S3,3,ПАБ AR,0.9
292546.0,0.02006781090018189,1.6358745652400533,2.0417379446695296,0.01071968169108448,0.06490261360606538,71.0,29.666666666666668,0.99633069559847,0.0341025432375217,16945.0,28.0,0.0,S3,3,ПАБ LSTM v2,0.5
292546.0,0.02006781090018189,1.7988709151287874,2.0417379446695296,0.020653162237733554,0.09976208869716216,112.0,38.0,0.9970917450458987,0.029224607171104845,14300.0,27.0,0.0,S3,3,ПАБ LSTM v2,0.6
292546.0,0.02006781090018189,2.0417379446695296,2.0417379446695296,0.03364599071598996,0.09796408086249683,125.0,41.333333333333336,0.997822465191355,0.02519756443152822,12350.0,26.0,0.0,S3,3,ПАБ LSTM v2,0.7
292546.0,0.02006781090018189,2.0417379446695296,2.0417379446695296,0.044773300609134974,0.10138832867309756,134.0,44.0,0.9984734545094358,0.02007498199627535,11025.0,24.0,0.0,S3,3,ПАБ LSTM v2,0.8
292546.0,0.02006781090018189,2.0417379446695296,2.0417379446695296,0.05549981883191019,0.11111671326902436,149.0,49.0,0.9982886014588891,0.018214549294493926,9870.0,24.0,0.0,S3,3,ПАБ LSTM v2,0.9
292546.0,0.02006781090018189,1.8567353246307055,2.0417379446695296,0.01071968169108448,0.10462969926097092,106.0,36.0,0.9960172785197584,0.03458143793366549,16385.0,29.0,0.022222222222222223,S3,3,ПАБ GRU v2,0.5
292546.0,0.02006781090018189,2.0417379446695296,2.0417379446695296,0.0281938566926227,0.09663095718280203,117.0,38.333333333333336,0.9974698721324843,0.026743337718147655,13705.0,25.0,0.022222222222222223,S3,3,ПАБ GRU v2,0.6
292546.0,0.02006781090018189,2.0417379446695296,2.0417379446695296,0.039781777908431494,0.092819590765213,126.0,42.0,0.9975215671447047,0.025647954117724327,12115.0,27.0,0.022222222222222223,S3,3,ПАБ GRU v2,0.7
292546.0,0.02006781090018189,2.0417379446695296,2.0417379446695296,0.052894245691275904,0.09589603002604719,138.0,44.666666666666664,0.9988526122055065,0.017243893904849705,10550.0,21.0,0.022222222222222223,S3,3,ПАБ GRU v2,0.8
292546.0,0.02006781090018189,2.0417379446695296,2.0417379446695296,0.06122114129060045,0.10587394802868609,150.0,49.0,0.9989634607521488,0.01505574697891419,9530.0,21.0,0.022222222222222223,S3,3,ПАБ GRU v2,0.9
289208.0,0.02006781090018189,2.0417379446695296,2.0417379446695296,0.008125639678017205,0.14916945589333627,145.0,50.0,0.9879248457072107,0.07038004409692873,33225.0,27.0,0.0,S3,4,HPA+LC,0.35
289208.0,0.02006781090018189,2.0417379446695296,3.1805336883295205,0.04106992199385909,0.18009270144670964,197.0,64.0,0.9869071180454688,0.06996220281271034,30570.0,30.0,0.0,S3,4,HPA+LC,0.45
289208.0,0.02006781090018189,2.0417379446695296,3.4974378036641802,0.07798539459489363,0.2053885093081796,253.0,78.66666666666667,0.9908148119784603,0.05403241137088629,22155.0,29.0,0.0,S3,4,HPA+LC,0.55
289208.0,0.02006781090018189,2.0417379446695296,3.4974378036641802,0.0921274653536555,0.23759716190423502,287.0,90.66666666666667,0.994074528425255,0.04031682437132583,17685.0,23.0,0.0,S3,4,HPA+LC,0.65
289208.0,0.02006781090018189,2.0417379446695296,3.9696297343000686,0.1742673093413737,0.3020369422699234,410.0,120.0,0.9955261820124022,0.02920790272063094,12480.0,25.0,0.0,S3,4,HPA+LC,0.75
289208.0,0.02006781090018189,2.0417379446695296,3.388441561392024,0.21988499626566346,0.30583006002600205,444.0,120.0,0.9948015463240002,0.0272697254891452,9540.0,24.0,0.0,S3,4,HPA+LC,0.85
289208.0,0.02006781090018189,2.0417379446695296,2.0417379446695296,0.02928342231196924,0.10000760698182623,119.0,38.333333333333336,0.997849656368418,0.027068462853390526,15195.0,18.0,0.0,S3,4,ПАБ naive,0.5
289208.0,0.02006781090018189,2.0417379446695296,2.0417379446695296,0.0490131669939974,0.09050233741805205,131.0,42.666666666666664,0.9986471082430156,0.02110216388829926,12370.0,18.0,0.0,S3,4,ПАБ naive,0.6
289208.0,0.02006781090018189,2.0417379446695296,2.0417379446695296,0.0637845426129291,0.09245594865978811,142.0,46.0,0.99899940978089,0.01838820857435165,11210.0,18.0,0.0,S3,4,ПАБ naive,0.7
289208.0,0.02006781090018189,2.0417379446695296,2.0417379446695296,0.07184102791070786,0.10363475422533264,157.0,50.666666666666664,0.9995688453454026,0.012389730609619494,9360.0,15.0,0.0,S3,4,ПАБ naive,0.8
289208.0,0.02006781090018189,2.0417379446695296,2.0417379446695296,0.07401247545019501,0.1277869215236093,175.0,77.33333333333333,0.9995835801067683,0.011633620869971589,8740.0,14.0,0.0,S3,4,ПАБ naive,0.9
289208.0,0.02006781090018189,2.0417379446695296,2.0417379446695296,0.02928342231196924,0.09810931924428093,116.0,38.0,0.9954523462238835,0.03370156577617261,17495.0,29.0,0.08888888888888889,S3,4,ПАБ linear,0.5
289208.0,0.02006781090018189,2.0417379446695296,2.0417379446695296,0.04887140051450859,0.08561658045420598,125.0,41.666666666666664,0.996356675794996,0.0291669788208823,14595.0,31.0,0.08888888888888889,S3,4,ПАБ linear,0.6
289208.0,0.02006781090018189,2.0417379446695296,2.0417379446695296,0.05352721916406185,0.08524833337943626,130.0,43.0,0.9970633444950878,0.0256758042713986,13060.0,30.0,0.08888888888888889,S3,4,ПАБ linear,0.7
289208.0,0.02006781090018189,2.0417379446695296,2.0417379446695296,0.07084520483527426,0.07774335426405908,137.0,44.666666666666664,0.9983246277419643,0.018476703147895353,11165.0,26.0,0.08888888888888889,S3,4,ПАБ linear,0.8
289208.0,0.02006781090018189,2.0417379446695296,2.0417379446695296,0.07238734751459157,0.08221072722746259,149.0,46.0,0.9986799352300265,0.016363092462259803,10225.0,25.0,0.08888888888888889,S3,4,ПАБ linear,0.9
289208.0,0.02006781090018189,2.0417379446695296,2.0417379446695296,0.028107797847915686,0.10395286437442948,146.0,38.0,0.9964173487481502,0.03243377895889392,16150.0,22.0,0.14444444444444443,S3,4,ПАБ AR,0.5
289208.0,0.02006781090018189,2.0417379446695296,2.0417379446695296,0.03252849160465824,0.10500228209454787,150.0,38.0,0.9969112146914341,0.029463536747204998,14155.0,22.0,0.14444444444444443,S3,4,ПАБ AR,0.6
289208.0,0.02006781090018189,2.0417379446695296,2.0417379446695296,0.04782716937290808,0.0968576249619651,159.0,40.666666666666664,0.997728051903362,0.024211597117469938,12370.0,22.0,0.14444444444444443,S3,4,ПАБ AR,0.7
289208.0,0.02006781090018189,2.0417379446695296,2.0417379446695296,0.053015476750297365,0.10037585405659595,168.0,44.333333333333336,0.9977532349904116,0.02207701008729841,11010.0,19.0,0.14444444444444443,S3,4,ПАБ AR,0.8
289208.0,0.02006781090018189,2.0417379446695296,2.0417379446695296,0.06971107299936379,0.10416724295316865,181.0,48.666666666666664,0.9988101954047955,0.015264418038152767,9635.0,15.0,0.14444444444444443,S3,4,ПАБ AR,0.9
289208.0,0.02006781090018189,1.6358745652400533,2.0417379446695296,0.01411095128765456,0.06554797930900944,71.0,24.0,0.9958148992803609,0.03603263466428448,16655.0,32.0,0.0,S3,4,ПАБ LSTM v2,0.5
289208.0,0.02006781090018189,1.7988709151287874,2.0417379446695296,0.02599167381261929,0.061090979502641696,78.0,39.0,0.9966730064492556,0.030023932130912187,14070.0,28.0,0.0,S3,4,ПАБ LSTM v2,0.6
289208.0,0.02006781090018189,2.0417379446695296,2.0417379446695296,0.034643751210201655,0.09438449143868773,120.0,40.333333333333336,0.9983854839873402,0.02202652767952348,12030.0,20.0,0.0,S3,4,ПАБ LSTM v2,0.7
289208.0,0.02006781090018189,2.0417379446695296,2.0417379446695296,0.04798968216646842,0.09876628585654615,134.0,43.666666666666664,0.9980867047829393,0.02074014993785194,10840.0,22.0,0.0,S3,4,ПАБ LSTM v2,0.8
289208.0,0.02006781090018189,2.0417379446695296,2.0417379446695296,0.05575571906724572,0.10965810074410114,148.0,47.333333333333336,0.9978253074821263,0.019819829849718345,9695.0,21.0,0.0,S3,4,ПАБ LSTM v2,0.9
289208.0,0.02006781090018189,2.0417379446695296,2.0417379446695296,0.019016590135819203,0.09716968410279107,106.0,36.333333333333336,0.9962016047011045,0.03355029955705194,16140.0,33.0,0.013888888888888888,S3,4,ПАБ GRU v2,0.5
289208.0,0.02006781090018189,2.0417379446695296,2.0417379446695296,0.033819949655611185,0.0917229122292606,116.0,38.666666666666664,0.9967168026683819,0.029997609339970303,13725.0,33.0,0.013888888888888888,S3,4,ПАБ GRU v2,0.6
289208.0,0.02006781090018189,2.0417379446695296,2.0417379446695296,0.04106732870460015,0.09158806118779564,125.0,40.333333333333336,0.9982646551061727,0.02181838057435519,11885.0,24.0,0.013888888888888888,S3,4,ПАБ GRU v2,0.7
289208.0,0.02006781090018189,2.0417379446695296,2.0417379446695296,0.054403750933584134,0.09603123011811568,138.0,45.0,0.9976386897398725,0.021540823150844036,10455.0,25.0,0.013888888888888888,S3,4,ПАБ GRU v2,0.8
289208.0,0.02006781090018189,2.0417379446695296,2.0417379446695296,0.06268498796713784,0.1068504329064203,152.0,49.333333333333336,0.9993599538793587,0.013141515625270618,9270.0,18.0,0.013888888888888888,S3,4,ПАБ GRU v2,0.9
291159.0,0.02006781090018189,2.0417379446695296,2.0417379446695296,0.02355070597165123,0.17120198929107464,173.0,57.333333333333336,0.988491795812391,0.06838102480429989,32730.0,26.0,0.0,S3,5,HPA+LC,0.35
291159.0,0.02006781090018189,2.0417379446695296,2.7148760106825023,0.05107518572326461,0.1865406873907384,208.0,65.33333333333333,0.9874741721076772,0.069030687170064,30270.0,30.0,0.0,S3,5,HPA+LC,0.45
291159.0,0.02006781090018189,2.0417379446695296,3.388441561392024,0.08918494705641934,0.21931315878952737,262.0,81.66666666666667,0.9927855339497792,0.04682827165818852,22545.0,23.0,0.0,S3,5,HPA+LC,0.55
291159.0,0.02006781090018189,2.0417379446695296,3.388441561392024,0.0999814534326605,0.22833056852097994,280.0,89.0,0.9931829482999658,0.04318571782943788,17895.0,23.0,0.0,S3,5,HPA+LC,0.65
291159.0,0.02006781090018189,2.0417379446695296,3.8459178204535354,0.1822011340882473,0.29019710879622473,403.0,120.0,0.9951372696549219,0.030028010751246066,12450.0,23.0,0.0,S3,5,HPA+LC,0.75
291159.0,0.02006781090018189,2.0417379446695296,3.609940135864167,0.21056536119439895,0.3171153905597972,443.0,120.0,0.9963900917582035,0.023381956622125596,9630.0,22.0,0.0,S3,5,HPA+LC,0.85
291159.0,0.02006781090018189,2.0417379446695296,2.0417379446695296,0.030718610793415282,0.10295062148173335,122.0,40.333333333333336,0.9961744175494365,0.032996027930126286,14700.0,26.0,0.058333333333333334,S3,5,ПАБ naive,0.5
291159.0,0.02006781090018189,2.0417379446695296,2.0417379446695296,0.05072486167351859,0.0973179602897386,132.0,43.333333333333336,0.9979994496973278,0.023288723590306967,12300.0,20.0,0.058333333333333334,S3,5,ПАБ naive,0.6
291159.0,0.02006781090018189,2.0417379446695296,2.0417379446695296,0.05938336098145687,0.10213663324849996,144.0,47.666666666666664,0.9978527694297067,0.022011260891100816,10925.0,22.0,0.058333333333333334,S3,5,ПАБ naive,0.7
291159.0,0.02006781090018189,2.0417379446695296,2.0417379446695296,0.07516511596756412,0.10599363234521345,160.0,52.0,0.9995583753863702,0.012868072185031441,9440.0,16.0,0.058333333333333334,S3,5,ПАБ naive,0.8
291159.0,0.02006781090018189,2.0417379446695296,2.0417379446695296,0.07759677701874233,0.13130282766460938,181.0,60.333333333333336,0.9996129442629039,0.011975256235272572,8840.0,16.0,0.058333333333333334,S3,5,ПАБ naive,0.9
291159.0,0.02006781090018189,2.0417379446695296,2.0417379446695296,0.030718610793415282,0.09934434449905379,118.0,40.333333333333336,0.9956935855848279,0.03487556193736773,17605.0,37.0,0.05277777777777778,S3,5,ПАБ linear,0.5
291159.0,0.02006781090018189,2.0417379446695296,2.0417379446695296,0.05066990888140157,0.08856672814510284,127.0,41.0,0.996565483786592,0.028936212111535117,14685.0,35.0,0.05277777777777778,S3,5,ПАБ linear,0.6
291159.0,0.02006781090018189,2.0417379446695296,2.0417379446695296,0.05641075838287671,0.08916949158363643,132.0,42.666666666666664,0.9971679841544527,0.024961040723947933,13045.0,36.0,0.05277777777777778,S3,5,ПАБ linear,0.7
291159.0,0.02006781090018189,2.0417379446695296,2.0417379446695296,0.0729086169412589,0.07923849168323836,140.0,45.333333333333336,0.9980196702499433,0.0204822114354308,11210.0,32.0,0.05277777777777778,S3,5,ПАБ linear,0.8
291159.0,0.02006781090018189,2.0417379446695296,2.0417379446695296,0.07504834128431544,0.08388200261712672,156.0,45.666666666666664,0.9988716507065173,0.016711173347647528,10220.0,30.0,0.05277777777777778,S3,5,ПАБ linear,0.9
291159.0,0.02006781090018189,2.0417379446695296,2.0417379446695296,0.029674507743191865,0.09638376282374922,115.0,38.666666666666664,0.9961432291133692,0.031871437520414575,15975.0,21.0,0.20555555555555555,S3,5,ПАБ AR,0.5
291159.0,0.02006781090018189,2.0417379446695296,2.0417379446695296,0.043166276845297585,0.08986756377099797,123.0,40.333333333333336,0.997008846324994,0.028722476653880877,13825.0,24.0,0.20555555555555555,S3,5,ПАБ AR,0.6
291159.0,0.02006781090018189,2.0417379446695296,2.0417379446695296,0.05046040136145542,0.09442950415408763,131.0,42.333333333333336,0.9983197070922195,0.022546915430466746,12455.0,18.0,0.20555555555555555,S3,5,ПАБ AR,0.7
291159.0,0.02006781090018189,2.0417379446695296,2.0417379446695296,0.06518088054980269,0.08934980543277041,140.0,45.333333333333336,0.9981721263298625,0.020723361024299357,11120.0,22.0,0.20555555555555555,S3,5,ПАБ AR,0.8
291159.0,0.02006781090018189,2.0417379446695296,2.0417379446695296,0.07272315126786395,0.09662418128926119,151.0,49.0,0.9994544045379853,0.014533735185796905,10150.0,18.0,0.20555555555555555,S3,5,ПАБ AR,0.9
291159.0,0.02006781090018189,1.9781080029332403,2.0417379446695296,0.016204204575506854,0.07681713428058208,86.0,37.0,0.9956013629346843,0.03512155671978592,16270.0,32.0,0.058333333333333334,S3,5,ПАБ LSTM v2,0.5
291159.0,0.02006781090018189,2.0417379446695296,2.0417379446695296,0.026187581355891453,0.10125481266249713,117.0,38.0,0.9967360323743812,0.02974323076225839,13920.0,29.0,0.058333333333333334,S3,5,ПАБ LSTM v2,0.6
291159.0,0.02006781090018189,2.0417379446695296,2.0417379446695296,0.03890228363196741,0.10302704020827108,128.0,41.666666666666664,0.9976723519262135,0.024049020777738794,12145.0,25.0,0.058333333333333334,S3,5,ПАБ LSTM v2,0.7
291159.0,0.02006781090018189,2.0417379446695296,2.0417379446695296,0.04987395203308158,0.10544324578666639,139.0,45.333333333333336,0.9976898015920549,0.022331875583665655,10730.0,26.0,0.058333333333333334,S3,5,ПАБ LSTM v2,0.8
291159.0,0.02006781090018189,2.0417379446695296,2.0417379446695296,0.06109891846036015,0.11138072324743525,151.0,48.666666666666664,0.9985040485204135,0.017294318139208262,9640.0,23.0,0.058333333333333334,S3,5,ПАБ LSTM v2,0.9
291159.0,0.02006781090018189,2.0417379446695296,2.0417379446695296,0.02058325519733204,0.10146346154506644,110.0,37.0,0.9963327590324272,0.033125305940726706,16040.0,33.0,0.06388888888888888,S3,5,ПАБ GRU v2,0.5
291159.0,0.02006781090018189,2.0417379446695296,2.0417379446695296,0.034283673182007084,0.09390745262897592,119.0,38.333333333333336,0.9974697064465302,0.026697945568343037,13520.0,25.0,0.06388888888888888,S3,5,ПАБ GRU v2,0.6
291159.0,0.02006781090018189,2.0417379446695296,2.0417379446695296,0.04498057762253614,0.09351076216088117,129.0,42.0,0.9983844277116996,0.020786322686427647,11630.0,21.0,0.06388888888888888,S3,5,ПАБ GRU v2,0.7
291159.0,0.02006781090018189,2.0417379446695296,2.0417379446695296,0.055876685934489405,0.09698480898752915,137.0,45.333333333333336,0.998470255013793,0.01892696537376388,10605.0,21.0,0.06388888888888888,S3,5,ПАБ GRU v2,0.8
291159.0,0.02006781090018189,2.0417379446695296,2.0417379446695296,0.06500571852492967,0.10830164961412836,151.0,49.333333333333336,0.9989550628746392,0.014889497978759473,9225.0,18.0,0.06388888888888888,S3,5,ПАБ GRU v2,0.9
291790.0,0.02006781090018189,2.0417379446695296,2.0417379446695296,0.02055587922821207,0.16526954316460468,169.0,55.666666666666664,0.9883279132137477,0.06953971212976913,32850.0,26.0,0.0,S3,6,HPA+LC,0.35
291790.0,0.02006781090018189,2.0417379446695296,2.0417379446695296,0.04806196237019775,0.1709791288255252,206.0,63.333333333333336,0.9872731861305003,0.07004640321932495,30390.0,31.0,0.0,S3,6,HPA+LC,0.45
291790.0,0.02006781090018189,2.0417379446695296,3.388441561392024,0.08476130093560437,0.21422769800198774,259.0,81.33333333333333,0.9925378035307391,0.048050130344970195,22770.0,22.0,0.0,S3,6,HPA+LC,0.55
291790.0,0.02006781090018189,2.0417379446695296,3.388441561392024,0.09515576270605572,0.22944069364954248,283.0,89.66666666666667,0.9939343158656134,0.04083178350017136,18270.0,21.0,0.0,S3,6,HPA+LC,0.65
291790.0,0.02006781090018189,2.0417379446695296,3.9696297343000686,0.17860276226052985,0.32804585489564414,426.0,120.0,0.9952485303431313,0.030056812708819186,12495.0,24.0,0.0,S3,6,HPA+LC,0.75
291790.0,0.02006781090018189,2.0417379446695296,3.609940135864167,0.21082970629562356,0.3162891120326262,440.0,120.0,0.9962248431775252,0.02406034509423593,9630.0,22.0,0.0,S3,6,HPA+LC,0.85
291790.0,0.02006781090018189,2.0417379446695296,2.0417379446695296,0.030679598341272832,0.1027554062853422,122.0,39.666666666666664,0.9977218306816111,0.02818268016938676,15335.0,22.0,0.0,S3,6,ПАБ naive,0.5
291790.0,0.02006781090018189,2.0417379446695296,2.0417379446695296,0.0505431988759039,0.09058569519174749,133.0,43.333333333333336,0.9986523338601984,0.021313146632182055,12585.0,21.0,0.0,S3,6,ПАБ naive,0.6
291790.0,0.02006781090018189,2.0417379446695296,2.0417379446695296,0.06556084855546797,0.09395455635902533,145.0,47.0,0.9982456669350276,0.020102942606473394,10930.0,22.0,0.0,S3,6,ПАБ naive,0.7
291790.0,0.02006781090018189,2.0417379446695296,2.0417379446695296,0.07391959971212173,0.09941053497378252,154.0,51.333333333333336,0.9993995734445212,0.013667741613307338,9580.0,19.0,0.0,S3,6,ПАБ naive,0.8
291790.0,0.02006781090018189,2.0417379446695296,2.0417379446695296,0.07631858528393708,0.11702594331539806,168.0,88.66666666666667,0.9994057642472578,0.012797529264216376,8945.0,18.0,0.0,S3,6,ПАБ naive,0.9
291790.0,0.02006781090018189,2.0417379446695296,2.0417379446695296,0.030001028136673637,0.09923232461701909,118.0,38.666666666666664,0.9956365699314523,0.034812581520517014,18045.0,38.0,0.05,S3,6,ПАБ linear,0.5
291790.0,0.02006781090018189,2.0417379446695296,2.0417379446695296,0.04320915727063984,0.0917406353884643,124.0,40.666666666666664,0.9959377964166285,0.031770407716010696,15055.0,41.0,0.05,S3,6,ПАБ linear,0.6
291790.0,0.02006781090018189,2.0417379446695296,2.0417379446695296,0.058425580040440045,0.082381164536139,132.0,43.333333333333336,0.9972923449196233,0.025055411580434277,13205.0,37.0,0.05,S3,6,ПАБ linear,0.7
291790.0,0.02006781090018189,2.0417379446695296,2.0417379446695296,0.06479660029473251,0.07946125638301518,136.0,43.666666666666664,0.9973857097715821,0.02253393607669339,11430.0,36.0,0.05,S3,6,ПАБ linear,0.8
291790.0,0.02006781090018189,2.0417379446695296,2.0417379446695296,0.07326501936324069,0.07948524623873333,140.0,45.0,0.9990734235008055,0.015361275411765558,10400.0,28.0,0.05,S3,6,ПАБ linear,0.9
291790.0,0.02006781090018189,2.0417379446695296,2.0417379446695296,0.022324274306864525,0.0993351382843826,111.0,38.666666666666664,0.995637408005329,0.03598315884433937,17350.0,27.0,0.08888888888888889,S3,6,ПАБ AR,0.5
291790.0,0.02006781090018189,2.0417379446695296,2.0417379446695296,0.04144418931423284,0.08850885911100449,120.0,38.666666666666664,0.9971962397570735,0.02845833942927213,14935.0,22.0,0.08888888888888889,S3,6,ПАБ AR,0.6
291790.0,0.02006781090018189,2.0417379446695296,2.0417379446695296,0.04862401041845162,0.08865279824531341,127.0,40.333333333333336,0.9982897677350303,0.02281013436199626,12825.0,18.0,0.08888888888888889,S3,6,ПАБ AR,0.7
291790.0,0.02006781090018189,2.0417379446695296,2.0417379446695296,0.06230165530004455,0.0816340518866308,134.0,43.666666666666664,0.998137145775336,0.021289519997566696,11595.0,24.0,0.08888888888888889,S3,6,ПАБ AR,0.8
291790.0,0.02006781090018189,2.0417379446695296,2.0417379446695296,0.07034511121011687,0.08175057404297612,141.0,45.333333333333336,0.9991445887703475,0.015428934136686657,10440.0,19.0,0.08888888888888889,S3,6,ПАБ AR,0.9
291790.0,0.02006781090018189,1.7988709151287874,2.0417379446695296,0.01308817985537544,0.0660235100586038,72.0,32.333333333333336,0.9957672267211878,0.03641626687690471,16760.0,33.0,0.0,S3,6,ПАБ LSTM v2,0.5
291790.0,0.02006781090018189,2.0417379446695296,2.0417379446695296,0.025818225436101305,0.09825388121594297,114.0,37.333333333333336,0.9973125979466526,0.028630210483684908,14060.0,27.0,0.0,S3,6,ПАБ LSTM v2,0.6
291790.0,0.02006781090018189,2.0417379446695296,2.0417379446695296,0.03806333321909593,0.09837040337228829,125.0,40.666666666666664,0.9982860012035659,0.022050914707922597,12020.0,25.0,0.0,S3,6,ПАБ LSTM v2,0.7
291790.0,0.02006781090018189,2.0417379446695296,2.0417379446695296,0.046913019637410465,0.10263288666506734,137.0,44.0,0.9982282406621664,0.020110479908441958,10790.0,24.0,0.0,S3,6,ПАБ LSTM v2,0.8
291790.0,0.02006781090018189,2.0417379446695296,2.0417379446695296,0.060379039720346826,0.10739915692792762,148.0,48.0,0.9981549745714416,0.01824553979195791,9585.0,26.0,0.0,S3,6,ПАБ LSTM v2,0.9
291790.0,0.02006781090018189,2.0417379446695296,2.0417379446695296,0.021919873881901367,0.09738510572672127,110.0,37.0,0.9960869675481947,0.03361186487383792,16070.0,30.0,0.022222222222222223,S3,6,ПАБ GRU v2,0.5
291790.0,0.02006781090018189,2.0417379446695296,2.0417379446695296,0.03409986634223243,0.09401624455944343,119.0,39.0,0.9971588053397727,0.02867456130508778,13920.0,28.0,0.022222222222222223,S3,6,ПАБ GRU v2,0.6
291790.0,0.02006781090018189,2.0417379446695296,2.0417379446695296,0.047400527776825796,0.09314918263134446,129.0,41.666666666666664,0.9983376961340615,0.021469806491016673,11870.0,25.0,0.022222222222222223,S3,6,ПАБ GRU v2,0.7
291790.0,0.02006781090018189,2.0417379446695296,2.0417379446695296,0.054710579526371705,0.09922889749477364,140.0,45.0,0.9984612868896708,0.018933666253754037,10645.0,23.0,0.022222222222222223,S3,6,ПАБ GRU v2,0.8
291790.0,0.02006781090018189,2.0417379446695296,2.0417379446695296,0.06384900099386545,0.10775386408033175,152.0,49.0,0.9990020113717039,0.014224674014486408,9305.0,21.0,0.022222222222222223,S3,6,ПАБ GRU v2,0.9
285806.0,0.02006781090018189,2.0417379446695296,2.0417379446695296,0.016676521836490488,0.16961067997172907,167.0,56.0,0.9883383480778619,0.06920159066909373,32745.0,28.0,0.0,S3,7,HPA+LC,0.35
285806.0,0.02006781090018189,2.0417379446695296,2.2451739778971898,0.046395107170598235,0.17679125000874718,202.0,62.666666666666664,0.9869977389720108,0.07091748841476153,30255.0,30.0,0.0,S3,7,HPA+LC,0.45
285806.0,0.02006781090018189,2.0417379446695296,3.388441561392024,0.0810348628090383,0.22047385289322127,262.0,82.0,0.9917073960143339,0.051160405650126674,23010.0,25.0,0.0,S3,7,HPA+LC,0.55
285806.0,0.02006781090018189,2.0417379446695296,3.4974378036641802,0.10522347326508191,0.232677060663527,292.0,92.0,0.9940150094571242,0.03969104977711162,17490.0,20.0,0.0,S3,7,HPA+LC,0.65
285806.0,0.02006781090018189,2.0417379446695296,3.8459178204535354,0.17525174419011497,0.29745701629776844,403.0,120.0,0.9951843148970856,0.029851758286498244,12465.0,24.0,0.0,S3,7,HPA+LC,0.75
285806.0,0.02006781090018189,2.0417379446695296,3.726061338637685,0.20284913542752778,0.3231475196461936,442.0,120.0,0.9962157363219842,0.023953562387055913,9600.0,21.0,0.0,S3,7,HPA+LC,0.85
285806.0,0.02006781090018189,2.0417379446695296,2.0417379446695296,0.02859632058109347,0.10373120228406682,121.0,39.0,0.9978909279561357,0.027881673609706024,14855.0,19.0,0.0,S3,7,ПАБ naive,0.5
285806.0,0.02006781090018189,2.0417379446695296,2.0417379446695296,0.0490997389837862,0.09121571975395898,131.0,43.0,0.9987819856835486,0.021121619595152713,12375.0,16.0,0.0,S3,7,ПАБ naive,0.6
285806.0,0.02006781090018189,2.0417379446695296,2.0417379446695296,0.05651385905124455,0.10331133706080348,144.0,47.333333333333336,0.9979364198841996,0.0207483135401349,10565.0,22.0,0.0,S3,7,ПАБ naive,0.7
285806.0,0.02006781090018189,2.0417379446695296,2.0417379446695296,0.07317900953793832,0.1078738724869317,160.0,52.0,0.999559205302788,0.012641386113605631,9350.0,15.0,0.0,S3,7,ПАБ naive,0.8
285806.0,0.02006781090018189,2.0417379446695296,2.0417379446695296,0.07522235362448654,0.12687977159331854,175.0,75.0,0.9995742098649958,0.01181483965461556,8740.0,13.0,0.0,S3,7,ПАБ naive,0.9
285806.0,0.02006781090018189,2.0417379446695296,2.0417379446695296,0.02859632058109347,0.10103006934773938,118.0,38.666666666666664,0.9960043877121745,0.03313099164889944,17355.0,33.0,0.04722222222222222,S3,7,ПАБ linear,0.5
285806.0,0.02006781090018189,2.0417379446695296,2.0417379446695296,0.04853292093238071,0.08623681798142796,124.0,40.666666666666664,0.9972159051483055,0.02681953902867382,14375.0,30.0,0.04722222222222222,S3,7,ПАБ linear,0.6
285806.0,0.02006781090018189,2.0417379446695296,2.0417379446695296,0.05279980126379432,0.08669342141172684,131.0,43.0,0.9965536520072983,0.027969939737561473,12855.0,35.0,0.04722222222222222,S3,7,ПАБ linear,0.7
285806.0,0.02006781090018189,2.0417379446695296,2.0417379446695296,0.07192641162186938,0.07578217392217099,139.0,44.333333333333336,0.9988732666228557,0.016696499001270078,10905.0,26.0,0.04722222222222222,S3,7,ПАБ linear,0.8
285806.0,0.02006781090018189,2.0417379446695296,2.0417379446695296,0.07277663869897763,0.08209764665542361,144.0,46.333333333333336,0.9991108281224592,0.01517938043375493,10135.0,26.0,0.04722222222222222,S3,7,ПАБ linear,0.9
285806.0,0.02006781090018189,2.0417379446695296,2.0417379446695296,0.020475427387808512,0.10216020657368985,112.0,38.666666666666664,0.9955768026841763,0.03688945391556485,17455.0,22.0,0.10277777777777777,S3,7,ПАБ AR,0.5
285806.0,0.02006781090018189,2.0417379446695296,2.0417379446695296,0.033638202137113986,0.09655150696626383,120.0,38.666666666666664,0.9964132777639995,0.03301501928259686,14985.0,23.0,0.10277777777777777,S3,7,ПАБ AR,0.6
285806.0,0.02006781090018189,2.0417379446695296,2.0417379446695296,0.04737829156840654,0.08990014205440054,126.0,40.666666666666664,0.998008614787475,0.024418728461450757,12925.0,16.0,0.10277777777777777,S3,7,ПАБ AR,0.7
285806.0,0.02006781090018189,2.0417379446695296,2.0417379446695296,0.05505482740040447,0.0884970924333289,135.0,44.0,0.9983481657144714,0.021221511747051624,11440.0,19.0,0.10277777777777777,S3,7,ПАБ AR,0.8
285806.0,0.02006781090018189,2.0417379446695296,2.0417379446695296,0.06915880002519191,0.08718851248749152,145.0,47.333333333333336,0.999446375662987,0.014383547040327177,10105.0,16.0,0.10277777777777777,S3,7,ПАБ AR,0.9
285806.0,0.02006781090018189,1.7988709151287874,2.0417379446695296,0.009341126498394015,0.07109105477141837,72.0,24.0,0.9960142293972808,0.03559564089720117,16540.0,32.0,0.0,S3,7,ПАБ LSTM v2,0.5
285806.0,0.02006781090018189,2.0417379446695296,2.0417379446695296,0.0208200667585705,0.06808289539057963,81.0,37.0,0.9967467599250012,0.030042402898661887,13895.0,29.0,0.0,S3,7,ПАБ LSTM v2,0.6
285806.0,0.02006781090018189,2.0417379446695296,2.0417379446695296,0.03325332568245593,0.09963051860352827,120.0,39.333333333333336,0.9976417848541506,0.02481823149888104,12010.0,26.0,0.0,S3,7,ПАБ LSTM v2,0.7
285806.0,0.02006781090018189,2.0417379446695296,2.0417379446695296,0.042688047136869064,0.11061524250715521,137.0,44.333333333333336,0.9984662309059178,0.019679593520247174,10655.0,24.0,0.0,S3,7,ПАБ LSTM v2,0.8
285806.0,0.02006781090018189,2.0417379446695296,2.0417379446695296,0.054922744798919544,0.11361115581898211,148.0,47.666666666666664,0.9973853729932751,0.02211163557825135,9760.0,27.0,0.0,S3,7,ПАБ LSTM v2,0.9
285806.0,0.02006781090018189,1.742809826672464,2.0417379446695296,0.012372028578826197,0.07339943878015157,78.0,35.333333333333336,0.9952776404859723,0.0351360848062585,15915.0,24.0,0.09166666666666666,S3,7,ПАБ GRU v2,0.5
285806.0,0.02006781090018189,2.0417379446695296,2.0417379446695296,0.023713637922226964,0.10470563948972379,117.0,37.333333333333336,0.9968654261995814,0.02850183438856146,13320.0,23.0,0.09166666666666666,S3,7,ПАБ GRU v2,0.6
285806.0,0.02006781090018189,2.0417379446695296,2.0417379446695296,0.038855027536160894,0.09846889148583304,125.0,40.666666666666664,0.9973127384967012,0.02543225199224872,11710.0,24.0,0.09166666666666666,S3,7,ПАБ GRU v2,0.7
285806.0,0.02006781090018189,2.0417379446695296,2.0417379446695296,0.04883907265767688,0.10593724414462957,139.0,45.0,0.998432238009252,0.01908575837747615,10355.0,20.0,0.09166666666666666,S3,7,ПАБ GRU v2,0.8
285806.0,0.02006781090018189,2.0417379446695296,2.0417379446695296,0.06172718557343093,0.11052602114721174,152.0,49.0,0.998215817166481,0.0179264340716306,9405.0,21.0,0.09166666666666666,S3,7,ПАБ GRU v2,0.9
286445.0,0.02006781090018189,2.0417379446695296,2.0417379446695296,0.020216795545392657,0.16934140934559863,168.0,55.666666666666664,0.9880444153937826,0.07062386086145879,32850.0,24.0,0.0,S3,8,HPA+LC,0.35
286445.0,0.02006781090018189,2.0417379446695296,2.5482967479793466,0.04786608249402154,0.18039414198188133,203.0,63.666666666666664,0.9869994732240894,0.07046565068167665,30330.0,30.0,0.0,S3,8,HPA+LC,0.45
286445.0,0.02006781090018189,2.0417379446695296,3.4974378036641802,0.08184293668941682,0.20222555813506957,241.0,75.66666666666667,0.9925782195590311,0.04841498734510841,22485.0,22.0,0.0,S3,8,HPA+LC,0.55
286445.0,0.02006781090018189,2.0417379446695296,3.1805336883295205,0.08937928747228963,0.21810382446892074,268.0,86.33333333333333,0.9950751528734536,0.0375313983686936,16635.0,21.0,0.0,S3,8,HPA+LC,0.65
286445.0,0.02006781090018189,2.0417379446695296,3.9696297343000686,0.1702543245649252,0.3111784112133219,412.0,120.0,0.9954452585360725,0.029420636954869118,12330.0,23.0,0.0,S3,8,HPA+LC,0.75
286445.0,0.02006781090018189,2.0417379446695296,3.4974378036641802,0.2110509871004905,0.31616366143587776,442.0,120.0,0.995801154402602,0.02527451977251225,9555.0,22.0,0.0,S3,8,HPA+LC,0.85
286445.0,0.02006781090018189,2.0417379446695296,2.0417379446695296,0.028748974497722075,0.10299359388364258,121.0,40.666666666666664,0.996890945147649,0.03097409693000816,15000.0,21.0,0.016666666666666666,S3,8,ПАБ naive,0.5
286445.0,0.02006781090018189,2.0417379446695296,2.0417379446695296,0.04893435039885493,0.09315924523032344,131.0,43.0,0.9982948931510311,0.022684354025269568,12355.0,17.0,0.016666666666666666,S3,8,ПАБ naive,0.6
286445.0,0.02006781090018189,2.0417379446695296,2.0417379446695296,0.06902023075983173,0.09757021417724171,149.0,48.333333333333336,0.9978868573545314,0.021494455754366308,10765.0,24.0,0.016666666666666666,S3,8,ПАБ naive,0.7
286445.0,0.02006781090018189,2.0417379446695296,2.0417379446695296,0.07254795859589101,0.11328527291452112,162.0,52.0,0.9995490897053863,0.0127269207269448,9365.0,14.0,0.016666666666666666,S3,8,ПАБ naive,0.8
286445.0,0.02006781090018189,2.0417379446695296,2.0417379446695296,0.07557471765958561,0.13418980956204507,179.0,56.666666666666664,0.9995919964066191,0.011696937321792346,8735.0,14.0,0.016666666666666666,S3,8,ПАБ naive,0.9
286445.0,0.02006781090018189,2.0417379446695296,2.0417379446695296,0.02857092984691651,0.0994187365811936,117.0,40.333333333333336,0.9941159793376467,0.0402627491395081,17350.0,39.0,0.08888888888888889,S3,8,ПАБ linear,0.5
286445.0,0.02006781090018189,2.0417379446695296,2.0417379446695296,0.04893435039885493,0.08590130740630837,125.0,41.333333333333336,0.9961050920699634,0.03065295628408615,14510.0,35.0,0.08888888888888889,S3,8,ПАБ linear,0.6
286445.0,0.02006781090018189,2.0417379446695296,2.0417379446695296,0.05648902930754595,0.0848819145036569,133.0,42.0,0.995828969875427,0.03071208761405393,12905.0,39.0,0.08888888888888889,S3,8,ПАБ linear,0.7
286445.0,0.02006781090018189,2.0417379446695296,2.0417379446695296,0.0714622353331355,0.07940442318769747,138.0,45.0,0.9982809858367521,0.018834012702308413,11055.0,28.0,0.08888888888888889,S3,8,ПАБ linear,0.8
286445.0,0.02006781090018189,2.0417379446695296,2.0417379446695296,0.07267712824451465,0.08331791443383546,143.0,46.666666666666664,0.9986294939816198,0.017428839303619454,10265.0,28.0,0.08888888888888889,S3,8,ПАБ linear,0.9
286445.0,0.02006781090018189,2.0417379446695296,2.0417379446695296,0.02851856377315017,0.09628724536996632,113.0,36.666666666666664,0.9969408424857781,0.03320979482562713,17355.0,27.0,0.0,S3,8,ПАБ AR,0.5
286445.0,0.02006781090018189,2.0417379446695296,2.0417379446695296,0.04748904676290387,0.08411387875508387,123.0,40.666666666666664,0.9973161147801203,0.029966782275842062,14775.0,26.0,0.0,S3,8,ПАБ AR,0.6
286445.0,0.02006781090018189,2.0417379446695296,2.0417379446695296,0.04823613608197036,0.08823334322470282,128.0,42.333333333333336,0.998221893514162,0.024218609479819825,12770.0,20.0,0.0,S3,8,ПАБ AR,0.7
286445.0,0.02006781090018189,2.0417379446695296,2.0417379446695296,0.06913019951474104,0.08571628061233395,141.0,46.333333333333336,0.9977983585157628,0.0231444729457433,11375.0,24.0,0.0,S3,8,ПАБ AR,0.8
286445.0,0.02006781090018189,2.0417379446695296,2.0417379446695296,0.07032763706819808,0.09983766517132434,151.0,49.333333333333336,0.9990277665615961,0.016427204444058888,10095.0,18.0,0.0,S3,8,ПАБ AR,0.9
286445.0,0.02006781090018189,1.5355006336570662,2.0417379446695296,0.011038768349945015,0.08139433399081848,84.0,36.333333333333336,0.9951168885334088,0.03792547808413612,16680.0,32.0,0.06944444444444445,S3,8,ПАБ LSTM v2,0.5
286445.0,0.02006781090018189,2.0417379446695296,2.0417379446695296,0.02867915306603362,0.09927909371781668,117.0,38.666666666666664,0.9964843655793376,0.0313280163421012,14035.0,29.0,0.06944444444444445,S3,8,ПАБ LSTM v2,0.6
286445.0,0.02006781090018189,2.0417379446695296,2.0417379446695296,0.03873605753285971,0.09646616278866799,125.0,41.333333333333336,0.9971864759725804,0.02687068538696501,12180.0,28.0,0.06944444444444445,S3,8,ПАБ LSTM v2,0.7
286445.0,0.02006781090018189,2.0417379446695296,2.0417379446695296,0.050916406290910994,0.10131526121943131,139.0,45.333333333333336,0.9979104140398066,0.021921304550049602,10765.0,26.0,0.06944444444444445,S3,8,ПАБ LSTM v2,0.8
286445.0,0.02006781090018189,2.0417379446695296,2.0417379446695296,0.06358637783867759,0.11553352301488942,156.0,49.666666666666664,0.9978757816020746,0.019946542938631993,9680.0,24.0,0.06944444444444445,S3,8,ПАБ LSTM v2,0.9
286445.0,0.02006781090018189,2.0417379446695296,2.0417379446695296,0.0224091885004102,0.10049049555761141,111.0,36.333333333333336,0.9961631174012727,0.03395839926224172,15825.0,28.0,0.05555555555555555,S3,8,ПАБ GRU v2,0.5
286445.0,0.02006781090018189,2.0417379446695296,2.0417379446695296,0.040772225034474335,0.08835553073015762,119.0,39.333333333333336,0.9972862320376876,0.027271155253155727,13335.0,23.0,0.05555555555555555,S3,8,ПАБ GRU v2,0.6
286445.0,0.02006781090018189,2.0417379446695296,2.0417379446695296,0.04418562027614376,0.09135872506065737,126.0,42.333333333333336,0.9977843429077815,0.02349923305305113,11630.0,20.0,0.05555555555555555,S3,8,ПАБ GRU v2,0.7
286445.0,0.02006781090018189,2.0417379446695296,2.0417379446695296,0.06171516346942694,0.09171394159437239,141.0,46.666666666666664,0.9984929364449897,0.018392641494663395,10295.0,17.0,0.05555555555555555,S3,8,ПАБ GRU v2,0.8
286445.0,0.02006781090018189,2.0417379446695296,2.0417379446695296,0.06312206531794934,0.11846253207422018,156.0,50.666666666666664,0.9985701409407124,0.016253424462964152,9175.0,15.0,0.05555555555555555,S3,8,ПАБ GRU v2,0.9
289277.0,0.02006781090018189,2.0417379446695296,2.0417379446695296,0.01791362604009306,0.16846482782938152,171.0,56.0,0.9880699963132102,0.06976219000283046,32640.0,24.0,0.0,S3,9,HPA+LC,0.35
289277.0,0.02006781090018189,2.0417379446695296,2.1074146752966985,0.04557569388509975,0.1746561254437788,208.0,63.666666666666664,0.9871655000872496,0.06959904338259369,30255.0,31.0,0.0,S3,9,HPA+LC,0.45
289277.0,0.02006781090018189,2.0417379446695296,3.388441561392024,0.08042464489053744,0.21328691876644185,255.0,81.33333333333333,0.9922847168113761,0.049030830582972876,22590.0,22.0,0.0,S3,9,HPA+LC,0.55
289277.0,0.02006781090018189,2.0417379446695296,3.388441561392024,0.09016790135406548,0.2301894032363444,279.0,89.33333333333333,0.9945228577954299,0.03886138891291965,17595.0,21.0,0.0,S3,9,HPA+LC,0.65
289277.0,0.02006781090018189,2.0417379446695296,3.9696297343000686,0.17028228998503164,0.31433971591242993,414.0,120.0,0.9953156543970901,0.029780212795711154,12495.0,23.0,0.0,S3,9,HPA+LC,0.75
289277.0,0.02006781090018189,2.0417379446695296,3.726061338637685,0.2018359565399254,0.3203175503064537,441.0,120.0,0.9962557129624141,0.02390303901050794,9645.0,22.0,0.0,S3,9,HPA+LC,0.85
289277.0,0.02006781090018189,2.0417379446695296,2.0417379446695296,0.029321377088396244,0.1005333987838646,119.0,38.666666666666664,0.9974781485460738,0.027327317143609007,14555.0,16.0,0.07222222222222222,S3,9,ПАБ naive,0.5
289277.0,0.02006781090018189,2.0417379446695296,2.0417379446695296,0.049488898184093445,0.09021456942653582,130.0,42.666666666666664,0.9985149723843986,0.021939052819479707,12335.0,20.0,0.07222222222222222,S3,9,ПАБ naive,0.6
289277.0,0.02006781090018189,2.0417379446695296,2.0417379446695296,0.057294565416538476,0.09567991924695016,140.0,46.0,0.9986265068259697,0.019223852983964413,10935.0,14.0,0.07222222222222222,S3,9,ПАБ naive,0.7
289277.0,0.02006781090018189,2.0417379446695296,2.0417379446695296,0.0720174780573637,0.09903656357055694,153.0,50.333333333333336,0.9992636331307482,0.014868116542172937,9500.0,18.0,0.07222222222222222,S3,9,ПАБ naive,0.8
289277.0,0.02006781090018189,2.0417379446695296,2.0417379446695296,0.07428865758425315,0.11468592387227466,166.0,83.0,0.9993438009999598,0.01377969833077891,8905.0,18.0,0.07222222222222222,S3,9,ПАБ naive,0.9
289277.0,0.02006781090018189,2.0417379446695296,2.0417379446695296,0.029169273741085532,0.09830024509380282,116.0,38.666666666666664,0.9953970719282902,0.03397858536623734,17195.0,33.0,0.09166666666666666,S3,9,ПАБ linear,0.5
289277.0,0.02006781090018189,2.0417379446695296,2.0417379446695296,0.048821717592480565,0.08364647033811883,123.0,41.0,0.9967248412963929,0.027539933444378575,14455.0,32.0,0.09166666666666666,S3,9,ПАБ linear,0.6
289277.0,0.02006781090018189,2.0417379446695296,2.0417379446695296,0.049616803271604726,0.0884342688841491,128.0,42.666666666666664,0.9966216726756082,0.027101509934945884,12870.0,34.0,0.09166666666666666,S3,9,ПАБ linear,0.7
289277.0,0.02006781090018189,2.0417379446695296,2.0417379446695296,0.0708213926444204,0.07377012344569392,136.0,43.666666666666664,0.9986764315018754,0.017458738701125305,11060.0,26.0,0.09166666666666666,S3,9,ПАБ linear,0.8
289277.0,0.02006781090018189,2.0417379446695296,2.0417379446695296,0.07148511634177622,0.0796364729999274,139.0,45.666666666666664,0.9989551941823956,0.015977776954154754,10240.0,26.0,0.09166666666666666,S3,9,ПАБ linear,0.9
289277.0,0.02006781090018189,2.0417379446695296,2.0417379446695296,0.02771046436460555,0.09536534186955756,113.0,38.333333333333336,0.9965182459839774,0.03415193150042627,17655.0,25.0,0.1,S3,9,ПАБ AR,0.5
289277.0,0.02006781090018189,2.0417379446695296,2.0417379446695296,0.034658821821299306,0.0945702561904334,119.0,38.666666666666664,0.9971539199899874,0.030357163480766405,15460.0,22.0,0.1,S3,9,ПАБ AR,0.6
289277.0,0.02006781090018189,2.0417379446695296,2.0417379446695296,0.04804737327889877,0.08772906245570854,125.0,41.333333333333336,0.9981665312479158,0.024271134695278147,13460.0,19.0,0.1,S3,9,ПАБ AR,0.7
289277.0,0.02006781090018189,2.0417379446695296,2.0417379446695296,0.054898937696394805,0.08659865803364941,132.0,43.333333333333336,0.9982813375872963,0.022232479264737003,12160.0,19.0,0.1,S3,9,ПАБ AR,0.8
289277.0,0.02006781090018189,2.0417379446695296,2.0417379446695296,0.07001593628252506,0.08825796727703897,145.0,47.666666666666664,0.9988320091196939,0.01738494796424335,10645.0,18.0,0.1,S3,9,ПАБ AR,0.9
289277.0,0.02006781090018189,1.7988709151287874,2.0417379446695296,0.011561582842742424,0.06762895079802404,74.0,34.333333333333336,0.9952165814804658,0.03788025771772016,16325.0,32.0,0.044444444444444446,S3,9,ПАБ LSTM v2,0.5
289277.0,0.02006781090018189,2.0417379446695296,2.0417379446695296,0.0258013945111433,0.09712922216422322,113.0,37.333333333333336,0.9967479185833877,0.029953669146801948,13910.0,31.0,0.044444444444444446,S3,9,ПАБ LSTM v2,0.6
289277.0,0.02006781090018189,2.0417379446695296,2.0417379446695296,0.03710284606104184,0.09604635003819868,122.0,40.0,0.9978636881055195,0.02377757277968734,11950.0,25.0,0.044444444444444446,S3,9,ПАБ LSTM v2,0.7
289277.0,0.02006781090018189,2.0417379446695296,2.0417379446695296,0.04889690504257165,0.0995144792015957,135.0,44.333333333333336,0.9980104534775205,0.02133663359551439,10685.0,27.0,0.044444444444444446,S3,9,ПАБ LSTM v2,0.8
289277.0,0.02006781090018189,2.0417379446695296,2.0417379446695296,0.0580654528358632,0.10371374150036125,145.0,47.0,0.9985278615728521,0.017328293573509863,9455.0,23.0,0.044444444444444446,S3,9,ПАБ LSTM v2,0.9
289277.0,0.02006781090018189,2.0417379446695296,2.0417379446695296,0.01692149738831639,0.1032954572952568,110.0,37.0,0.9960743716230912,0.0341313254609565,16090.0,32.0,0.03333333333333333,S3,9,ПАБ GRU v2,0.5
289277.0,0.02006781090018189,2.0417379446695296,2.0417379446695296,0.033967442969887,0.09377517051130924,118.0,38.333333333333336,0.9971688066471831,0.027818197585947464,13715.0,27.0,0.03333333333333333,S3,9,ПАБ GRU v2,0.6
289277.0,0.02006781090018189,2.0417379446695296,2.0417379446695296,0.04587298679120704,0.08902194090784957,125.0,41.333333333333336,0.9985979942437829,0.020236201729555255,11615.0,25.0,0.03333333333333333,S3,9,ПАБ GRU v2,0.7
289277.0,0.02006781090018189,2.0417379446695296,2.0417379446695296,0.05449361684475434,0.09158436377589646,135.0,44.666666666666664,0.9980446560467825,0.02075829266478088,10650.0,25.0,0.03333333333333333,S3,9,ПАБ GRU v2,0.8
289277.0,0.02006781090018189,2.0417379446695296,2.0417379446695296,0.062231010415622394,0.10219962181576828,147.0,48.333333333333336,0.9989531780529789,0.014739272984415786,9190.0,21.0,0.03333333333333333,S3,9,ПАБ GRU v2,0.9
447333.0,0.02006781090018189,0.021379620895022326,0.050263184440820056,0.0,0.000529806654103319,10.0,,0.9855162106545247,0.07494123362198113,39735.0,49.0,0.0,S4,0,HPA+LC,0.35
447333.0,0.02006781090018189,0.02006781090018189,0.05527134079444351,0.0,0.0018107316026315966,24.0,,0.9918382250471831,0.0505271848450466,29685.0,38.0,0.0,S4,0,HPA+LC,0.45
447333.0,0.02006781090018189,0.02006781090018189,0.15712670380639343,0.0,0.0034694511694867134,39.0,,0.993630943293455,0.04240292603788165,24240.0,38.0,0.0,S4,0,HPA+LC,0.55
447333.0,0.02006781090018189,0.15712670380639343,1.0839269140212038,0.0001609539202339197,0.02712744197275855,87.0,,0.9954487090435792,0.032594126516262735,20895.0,34.0,0.0,S4,0,HPA+LC,0.65
447333.0,0.02006781090018189,2.0417379446695296,2.2451739778971898,0.008521615887940304,0.13754183125322747,268.0,,0.9976427899163418,0.023140083993158905,17280.0,33.0,0.0,S4,0,HPA+LC,0.75
447333.0,0.02006781090018189,2.0417379446695296,2.892344370499147,0.030458293933154943,0.227132807103433,435.0,,0.9989276868647164,0.01681585238908634,14775.0,34.0,0.0,S4,0,HPA+LC,0.85
447333.0,0.02006781090018189,0.02006781090018189,0.026683942737144424,0.0,0.0,0.0,,0.9936114991125967,0.049029015303671736,20805.0,62.0,0.0,S4,0,ПАБ naive,0.5
447333.0,0.02006781090018189,0.02006781090018189,0.026683942737144424,0.0,0.0,0.0,,0.9938705140765041,0.045013834135258765,17370.0,53.0,0.0,S4,0,ПАБ naive,0.6
447333.0,0.02006781090018189,0.02006781090018189,0.050263184440820056,0.0,0.0,0.0,,0.9946205640069401,0.039471461997527005,14995.0,45.0,0.0,S4,0,ПАБ naive,0.7
447333.0,0.02006781090018189,1.1547819846894583,1.7988709151287874,0.0006259319120207989,0.09245908528992942,171.0,,0.9961529734061767,0.029147079072262223,13300.0,46.0,0.0,S4,0,ПАБ naive,0.8
447333.0,0.02006781090018189,2.0417379446695296,2.0417379446695296,0.01566785817277062,0.28227349647801525,491.0,,0.9990749898931421,0.01304643965545184,11895.0,39.0,0.0,S4,0,ПАБ naive,0.9
447333.0,0.02006781090018189,0.02006781090018189,0.026683942737144424,0.0,0.0,0.0,,0.9935458233585943,0.04792458195580756,21590.0,61.0,0.0,S4,0,ПАБ linear,0.5
447333.0,0.02006781090018189,0.02006781090018189,0.026683942737144424,0.0,0.0,0.0,,0.9938888088382927,0.045082474280356735,18220.0,57.0,0.0,S4,0,ПАБ linear,0.6
447333.0,0.02006781090018189,0.02006781090018189,0.028428241752041873,0.0,0.0,0.0,,0.9942531916178158,0.040957363479784716,15670.0,50.0,0.0,S4,0,ПАБ linear,0.7
447333.0,0.02006781090018189,0.02006781090018189,0.050263184440820056,0.0,0.0,0.0,,0.9942713198215715,0.03862543834029667,13720.0,44.0,0.0,S4,0,ПАБ linear,0.8
447333.0,0.02006781090018189,1.1547819846894583,2.0417379446695296,0.001012109547026488,0.13385609825342643,262.0,,0.9976960310425564,0.0211116128539908,12225.0,39.0,0.0,S4,0,ПАБ linear,0.9
447333.0,0.02006781090018189,0.02006781090018189,0.026683942737144424,0.0,0.0,0.0,,0.9938569886494558,0.049879925972711465,23060.0,60.0,0.0,S4,0,ПАБ AR,0.5
447333.0,0.02006781090018189,0.02006781090018189,0.026683942737144424,0.0,0.0,0.0,,0.9942759181713327,0.04643065629749382,19310.0,54.0,0.0,S4,0,ПАБ AR,0.6
447333.0,0.02006781090018189,0.02006781090018189,0.026683942737144424,0.0,0.0,0.0,,0.9951834950177302,0.03877645351596905,16675.0,41.0,0.0,S4,0,ПАБ AR,0.7
447333.0,0.02006781090018189,0.050263184440820056,0.3935500754557774,0.0,0.003290613480337914,8.0,,0.9950028479389956,0.03729866543144078,14745.0,43.0,0.0,S4,0,ПАБ AR,0.8
447333.0,0.02006781090018189,2.0417379446695296,2.0417379446695296,0.0028597264230450247,0.15829538621116707,262.0,,0.9975969841756966,0.02240947697460267,13250.0,37.0,0.0,S4,0,ПАБ AR,0.9
447333.0,0.02006781090018189,0.02006781090018189,0.024266100950824154,0.0,0.0,0.0,,0.9942810477578491,0.04720604030815491,24170.0,62.0,0.0,S4,0,ПАБ LSTM v2,0.5
447333.0,0.02006781090018189,0.02006781090018189,0.024266100950824154,0.0,0.0,0.0,,0.9944785543497755,0.044637645732507336,20225.0,57.0,0.0,S4,0,ПАБ LSTM v2,0.6
447333.0,0.02006781090018189,0.02006781090018189,0.024266100950824154,0.0,0.0,0.0,,0.994681338116837,0.04105046348757251,17565.0,49.0,0.0,S4,0,ПАБ LSTM v2,0.7
447333.0,0.02006781090018189,0.02006781090018189,0.02350985767597148,0.0,0.0,0.0,,0.9952347040415447,0.036125441107342435,15460.0,41.0,0.0,S4,0,ПАБ LSTM v2,0.8
447333.0,0.02006781090018189,0.02006781090018189,0.037800713730181124,0.0,0.0,0.0,,0.9950808708991982,0.03562292301449894,13835.0,41.0,0.0,S4,0,ПАБ LSTM v2,0.9
447333.0,0.02006781090018189,0.02006781090018189,0.025852348395621914,0.0,0.0,0.0,,0.9938250181503766,0.04858523986630576,24020.0,66.0,0.0,S4,0,ПАБ GRU v2,0.5
447333.0,0.02006781090018189,0.02006781090018189,0.024266100950824154,0.0,0.0,0.0,,0.9939517076364399,0.04556018405553872,20135.0,60.0,0.0,S4,0,ПАБ GRU v2,0.6
447333.0,0.02006781090018189,0.02006781090018189,0.024266100950824154,0.0,0.0,0.0,,0.9943913057539534,0.04147285137390591,17445.0,53.0,0.0,S4,0,ПАБ GRU v2,0.7
447333.0,0.02006781090018189,0.02006781090018189,0.024266100950824154,0.0,0.0,0.0,,0.9950430893351042,0.037170901202189056,15305.0,44.0,0.0,S4,0,ПАБ GRU v2,0.8
447333.0,0.02006781090018189,0.02006781090018189,0.037800713730181124,0.0,0.0,0.0,,0.9950651426805602,0.034463788864221294,13665.0,39.0,0.0,S4,0,ПАБ GRU v2,0.9
448342.0,0.02006781090018189,0.02006781090018189,0.050263184440820056,0.0,0.0004795446333379429,7.0,,0.9877941498625639,0.06756042327606004,38490.0,48.0,0.0,S4,1,HPA+LC,0.35
448342.0,0.02006781090018189,0.02006781090018189,0.06077850313707005,0.0,0.0025293191358382663,32.0,,0.9915471928278685,0.05244509802462078,29670.0,45.0,0.0,S4,1,HPA+LC,0.45
448342.0,0.02006781090018189,0.02006781090018189,0.18407720014689555,0.0,0.004851207337255934,60.0,,0.993169972204118,0.0449250483272355,24405.0,44.0,0.0,S4,1,HPA+LC,0.55
448342.0,0.02006781090018189,0.26076542044591006,1.6884958594867534,0.0010248872512501617,0.03915872258231439,113.0,,0.9960544547976393,0.03134209831856544,20610.0,36.0,0.0,S4,1,HPA+LC,0.65
448342.0,0.02006781090018189,2.0417379446695296,2.3919384495683134,0.010446266466224445,0.14668601201761156,278.0,,0.9975766662158889,0.023918042439314786,17640.0,37.0,0.0,S4,1,HPA+LC,0.75
448342.0,0.02006781090018189,2.0417379446695296,3.1805336883295205,0.04202149252133416,0.2610774810301065,476.0,,0.9990609836062299,0.01604537365567253,14625.0,34.0,0.0,S4,1,HPA+LC,0.85
448342.0,0.02006781090018189,0.02006781090018189,1.6358745652400533,0.00014051772976879257,0.01777214715551967,41.0,,0.9934245013937636,0.04976395088067591,20765.0,65.0,0.0,S4,1,ПАБ naive,0.5
448342.0,0.02006781090018189,0.02006781090018189,1.6358745652400533,0.00014051772976879257,0.017850212560946776,41.0,,0.993397640118864,0.04682017510784233,17595.0,58.0,0.0,S4,1,ПАБ naive,0.6
448342.0,0.02006781090018189,0.04290421892388853,2.0417379446695296,0.004523332634462085,0.02089253293244889,60.0,,0.9948157888678725,0.039204671794372876,15195.0,49.0,0.0,S4,1,ПАБ naive,0.7
448342.0,0.02006781090018189,1.9781080029332403,2.0417379446695296,0.007529965963483234,0.16709788509664497,326.0,,0.9972656467487518,0.025015726378212158,13260.0,45.0,0.0,S4,1,ПАБ naive,0.8
448342.0,0.02006781090018189,2.0417379446695296,2.0417379446695296,0.019487355634760964,0.3511002761284912,602.0,,0.9993891654628783,0.011829290331340335,11870.0,37.0,0.0,S4,1,ПАБ naive,0.9
448342.0,0.02006781090018189,0.02006781090018189,1.6358745652400533,0.00014051772976879257,0.01777214715551967,41.0,,0.9933024465840372,0.04783085062383531,21770.0,62.0,0.0,S4,1,ПАБ linear,0.5
448342.0,0.02006781090018189,0.02006781090018189,1.6358745652400533,0.00014051772976879257,0.017850212560946776,41.0,,0.9934065155333588,0.044981335263300795,18195.0,55.0,0.0,S4,1,ПАБ linear,0.6
448342.0,0.02006781090018189,0.02006781090018189,2.0417379446695296,0.004523332634462085,0.01496625344045394,46.0,,0.9944716624495448,0.03885122800463628,15830.0,47.0,0.0,S4,1,ПАБ linear,0.7
448342.0,0.02006781090018189,0.07120327999992027,2.0417379446695296,0.004523332634462085,0.025757122910635186,81.0,,0.9945298222786897,0.03651903210324998,13880.0,46.0,0.0,S4,1,ПАБ linear,0.8
448342.0,0.02006781090018189,2.0417379446695296,2.0417379446695296,0.008191291469458583,0.1556100030780074,316.0,,0.998333960039649,0.018593072162168173,12420.0,40.0,0.0,S4,1,ПАБ linear,0.9
448342.0,0.02006781090018189,0.02006781090018189,0.029342695039559687,0.0,0.0,0.0,,0.9935718468596577,0.050439339691303736,23190.0,63.0,0.0,S4,1,ПАБ AR,0.5
448342.0,0.02006781090018189,0.02006781090018189,1.6358745652400533,0.00014051772976879257,0.017850212560946776,41.0,,0.9940605122785519,0.04504500223575213,19460.0,52.0,0.0,S4,1,ПАБ AR,0.6
448342.0,0.02006781090018189,0.021379620895022326,1.6358745652400533,0.00014051772976879257,0.017968425889164967,41.0,,0.9941945586599982,0.04221172127642453,16795.0,48.0,0.0,S4,1,ПАБ AR,0.7
448342.0,0.02006781090018189,0.557506583166466,2.0417379446695296,0.004523332634462085,0.05240865232344951,116.0,,0.9956918322392608,0.03398301422375998,14765.0,44.0,0.0,S4,1,ПАБ AR,0.8
448342.0,0.02006781090018189,2.0417379446695296,2.0417379446695296,0.0071875933996814936,0.16662168612353961,291.0,,0.9977757651277183,0.022236859254190184,13235.0,37.0,0.0,S4,1,ПАБ AR,0.9
448342.0,0.02006781090018189,0.02006781090018189,0.025852348395621914,0.0,0.0,0.0,,0.9935448734611237,0.050744202522001625,24295.0,69.0,0.0,S4,1,ПАБ LSTM v2,0.5
448342.0,0.02006781090018189,0.02006781090018189,0.026683942737144424,0.0,0.0,0.0,,0.994001790947087,0.045288172776970594,20430.0,59.0,0.0,S4,1,ПАБ LSTM v2,0.6
448342.0,0.02006781090018189,0.02006781090018189,1.6358745652400533,0.00014051772976879257,0.017968425889164967,41.0,,0.9939636796838331,0.04284775699697249,17580.0,54.0,0.0,S4,1,ПАБ LSTM v2,0.7
448342.0,0.02006781090018189,0.02006781090018189,1.6358745652400533,0.00014051772976879257,0.018115634939398943,42.0,,0.9946519873038362,0.03896145574105641,15475.0,44.0,0.0,S4,1,ПАБ LSTM v2,0.8
448342.0,0.02006781090018189,0.02006781090018189,1.6358745652400533,0.00014051772976879257,0.018115634939398943,42.0,,0.9948868338962678,0.03556392198587634,13965.0,39.0,0.0,S4,1,ПАБ LSTM v2,0.9
448342.0,0.02006781090018189,0.02006781090018189,0.025852348395621914,0.0,0.0,0.0,,0.9936410309475642,0.04975779945317119,24195.0,69.0,0.0,S4,1,ПАБ GRU v2,0.5
448342.0,0.02006781090018189,0.02006781090018189,0.026683942737144424,0.0,0.0,0.0,,0.9938815711871118,0.04579028638840917,20320.0,61.0,0.0,S4,1,ПАБ GRU v2,0.6
448342.0,0.02006781090018189,0.02006781090018189,1.6358745652400533,0.00014051772976879257,0.017968425889164967,41.0,,0.9939092332358039,0.04269550530419627,17515.0,56.0,0.0,S4,1,ПАБ GRU v2,0.7
448342.0,0.02006781090018189,0.02006781090018189,1.6358745652400533,0.00014051772976879257,0.018115634939398943,42.0,,0.9946675597877217,0.03853964172719312,15455.0,45.0,0.0,S4,1,ПАБ GRU v2,0.8
448342.0,0.02006781090018189,0.02006781090018189,2.0417379446695296,0.004550097916322807,0.015773672776585732,48.0,,0.9943727057620585,0.03740483810349217,13765.0,45.0,0.0,S4,1,ПАБ GRU v2,0.9
443655.0,0.02006781090018189,0.02006781090018189,0.04570881896148752,0.0,0.00020286033066233897,4.0,,0.9890830139936022,0.06310182126541507,36705.0,50.0,0.0,S4,2,HPA+LC,0.35
443655.0,0.02006781090018189,0.02006781090018189,0.050263184440820056,0.0,0.0015958346012104,24.0,,0.9903678657552963,0.05633928871098184,29130.0,53.0,0.0,S4,2,HPA+LC,0.45
443655.0,0.02006781090018189,0.02006781090018189,0.15222991328804203,0.0,0.0036717719849883356,45.0,,0.9940912546680436,0.04187567513472591,23640.0,38.0,0.0,S4,2,HPA+LC,0.55
443655.0,0.02006781090018189,0.04290421892388853,0.3935500754557774,0.0,0.00716998568707667,74.0,,0.9954142150918122,0.03457673854563972,20865.0,39.0,0.0,S4,2,HPA+LC,0.65
443655.0,0.02006781090018189,1.584893192461114,2.0417379446695296,0.0026585973335136537,0.09733125964995323,201.0,,0.9976137985663948,0.024166245471289025,17370.0,36.0,0.0,S4,2,HPA+LC,0.75
443655.0,0.02006781090018189,2.0417379446695296,2.892344370499147,0.03210828233650021,0.2400085652139613,428.0,,0.9989468277441348,0.017052345360416922,14715.0,37.0,0.0,S4,2,HPA+LC,0.85
443655.0,0.02006781090018189,0.0220673406908459,2.0417379446695296,0.01659397504817933,0.02079543789656377,47.0,,0.9943475270102208,0.04529319689216512,20630.0,61.0,0.0,S4,2,ПАБ naive,0.5
443655.0,0.02006781090018189,0.022777182418573218,2.0417379446695296,0.016774295342101408,0.021647451285345596,49.0,,0.9942738512718148,0.042563859779944264,17290.0,56.0,0.0,S4,2,ПАБ naive,0.6
443655.0,0.02006781090018189,0.022777182418573218,2.0417379446695296,0.021929201744598843,0.020727817786342993,53.0,,0.9951124726075886,0.035786583264171355,14990.0,46.0,0.0,S4,2,ПАБ naive,0.7
443655.0,0.02006781090018189,0.8684603593990751,2.0417379446695296,0.022136570082609233,0.08693692170718238,189.0,,0.9964176121243519,0.02801230138661769,13110.0,44.0,0.0,S4,2,ПАБ naive,0.8
443655.0,0.02006781090018189,2.0417379446695296,2.0417379446695296,0.03440398507849568,0.3226527369239612,567.0,,0.9992862653914767,0.011381581617012951,11835.0,39.0,0.0,S4,2,ПАБ naive,0.9
443655.0,0.02006781090018189,0.0220673406908459,2.0417379446695296,0.01659397504817933,0.02079543789656377,47.0,,0.9941327304963931,0.045423786728461674,21450.0,64.0,0.0,S4,2,ПАБ linear,0.5
443655.0,0.02006781090018189,0.022777182418573218,2.0417379446695296,0.016774295342101408,0.021647451285345596,49.0,,0.993970674687765,0.04317080664105003,18120.0,59.0,0.0,S4,2,ПАБ linear,0.6
443655.0,0.02006781090018189,0.0220673406908459,2.0417379446695296,0.021929201744598843,0.020727817786342993,53.0,,0.9943349687538237,0.03864743622717563,15640.0,50.0,0.0,S4,2,ПАБ linear,0.7
443655.0,0.02006781090018189,0.0588843655355589,2.0417379446695296,0.022136570082609233,0.03103988459501189,76.0,,0.9948539379832615,0.03487803165461506,13710.0,46.0,0.0,S4,2,ПАБ linear,0.8
443655.0,0.02006781090018189,1.4412854420872234,2.0417379446695296,0.02252200471086768,0.13882634028693466,278.0,,0.9974119326661639,0.021144926607204854,12295.0,40.0,0.0,S4,2,ПАБ linear,0.9
443655.0,0.02006781090018189,0.02350985767597148,2.0417379446695296,0.01183351928863644,0.02524033314174302,46.0,,0.994491270416171,0.04594283358706423,23090.0,59.0,0.0,S4,2,ПАБ AR,0.5
443655.0,0.02006781090018189,0.0220673406908459,2.0417379446695296,0.016645817132681925,0.020971250183137797,47.0,,0.994749963514959,0.04254517561739244,19345.0,53.0,0.0,S4,2,ПАБ AR,0.6
443655.0,0.02006781090018189,0.022777182418573218,2.0417379446695296,0.016774295342101408,0.021647451285345596,49.0,,0.9948781747660078,0.039637009158292116,16830.0,51.0,0.0,S4,2,ПАБ AR,0.7
443655.0,0.02006781090018189,0.06475152482255576,2.0417379446695296,0.021929201744598843,0.020727817786342993,53.0,,0.9953545811485255,0.03539620702667369,14645.0,43.0,0.0,S4,2,ПАБ AR,0.8
443655.0,0.02006781090018189,2.0417379446695296,2.0417379446695296,0.024683594234258602,0.19518995615962853,330.0,,0.998389828798293,0.018111771061026228,13205.0,36.0,0.0,S4,2,ПАБ AR,0.9
443655.0,0.02006781090018189,0.02350985767597148,2.0417379446695296,0.007100111573181864,0.030009804915982013,45.0,,0.9943954039512518,0.04840704227954897,23830.0,70.0,0.0,S4,2,ПАБ LSTM v2,0.5
443655.0,0.02006781090018189,0.0220673406908459,2.0417379446695296,0.011849297314354622,0.026198284703204067,48.0,,0.9944850632041725,0.0449338261608302,20210.0,61.0,0.0,S4,2,ПАБ LSTM v2,0.6
443655.0,0.02006781090018189,0.02006781090018189,2.0417379446695296,0.016866709492736474,0.022188412167111832,50.0,,0.9947876582414968,0.04015915779945779,17490.0,53.0,0.0,S4,2,ПАБ LSTM v2,0.7
443655.0,0.02006781090018189,0.02006781090018189,2.0417379446695296,0.017085347849116993,0.027487574804746933,54.0,,0.9952260822237273,0.03600207662846068,15250.0,44.0,0.0,S4,2,ПАБ LSTM v2,0.8
443655.0,0.02006781090018189,0.02006781090018189,2.0417379446695296,0.017355828290000114,0.03132614306161319,58.0,,0.9957369852876756,0.03239936180285511,13790.0,38.0,0.0,S4,2,ПАБ LSTM v2,0.9
443655.0,0.02006781090018189,0.02350985767597148,2.0417379446695296,0.007100111573181864,0.030009804915982013,45.0,,0.9945047621036931,0.04661466291407791,23800.0,64.0,0.0,S4,2,ПАБ GRU v2,0.5
443655.0,0.02006781090018189,0.0220673406908459,2.0417379446695296,0.01190113939885722,0.026558925291048224,48.0,,0.9946140684587079,0.042994473647872414,19965.0,58.0,0.0,S4,2,ПАБ GRU v2,0.6
443655.0,0.02006781090018189,0.02006781090018189,2.0417379446695296,0.01696363165071959,0.024034441176139117,52.0,,0.9949068153316835,0.03915379616337865,17205.0,50.0,0.0,S4,2,ПАБ GRU v2,0.7
443655.0,0.02006781090018189,0.02006781090018189,2.0417379446695296,0.017085347849116993,0.027487574804746933,54.0,,0.995235811248931,0.03535166342060502,15145.0,44.0,0.0,S4,2,ПАБ GRU v2,0.8
443655.0,0.02006781090018189,0.02006781090018189,2.0417379446695296,0.022481432644735212,0.026912803867870306,59.0,,0.9949736033722343,0.034718978167781876,13630.0,42.0,0.0,S4,2,ПАБ GRU v2,0.9
454081.0,0.02006781090018189,0.02006781090018189,0.050263184440820056,0.0,0.00040961854823258405,6.0,,0.98610151510433,0.07321489002325807,38970.0,60.0,0.0,S4,3,HPA+LC,0.35
454081.0,0.02006781090018189,0.02006781090018189,0.050263184440820056,0.0,0.0023211717733179764,29.0,,0.9921021704517089,0.05146895065430655,29670.0,48.0,0.0,S4,3,HPA+LC,0.45
454081.0,0.02006781090018189,0.02006781090018189,0.13412199354053708,0.0,0.004331826260072542,41.0,,0.9938353365159819,0.04249212717599167,24795.0,46.0,0.0,S4,3,HPA+LC,0.55
454081.0,0.02006781090018189,0.21565026690607325,1.8567353246307055,0.00023233740235772913,0.0303459074482306,102.0,,0.9960494713113209,0.03283250097270462,20850.0,42.0,0.0,S4,3,HPA+LC,0.65
454081.0,0.02006781090018189,1.9781080029332403,2.0417379446695296,0.0050090182148118945,0.12217313651088682,246.0,,0.9976968709998563,0.024500444020600497,17925.0,41.0,0.0,S4,3,HPA+LC,0.75
454081.0,0.02006781090018189,2.0417379446695296,2.6302679918953813,0.021871097887821777,0.19131994071542302,362.0,,0.9992573591532096,0.016133538553242597,15120.0,39.0,0.0,S4,3,HPA+LC,0.85
454081.0,0.02006781090018189,0.0220673406908459,2.0417379446695296,0.012189455185308349,0.021670142551659284,50.0,,0.9942273109953381,0.047282210524665566,21145.0,70.0,0.0,S4,3,ПАБ naive,0.5
454081.0,0.02006781090018189,0.022777182418573218,2.0417379446695296,0.012427298213314364,0.026404980609186467,54.0,,0.9942201390665302,0.04405594332123474,17830.0,65.0,0.0,S4,3,ПАБ naive,0.6
454081.0,0.02006781090018189,0.037800713730181124,2.0417379446695296,0.01765103582840947,0.026550329126301255,59.0,,0.9950078328417433,0.03779297484374272,15365.0,53.0,0.0,S4,3,ПАБ naive,0.7
454081.0,0.02006781090018189,1.3106900423660772,2.0417379446695296,0.019989275041237136,0.1423562095749437,292.0,,0.9971904994971724,0.0243845833727302,13460.0,50.0,0.0,S4,3,ПАБ naive,0.8
454081.0,0.02006781090018189,2.0417379446695296,2.0417379446695296,0.03633547759100249,0.32521014973099516,566.0,,0.9993862290597555,0.011209663068140441,12065.0,41.0,0.0,S4,3,ПАБ naive,0.9
454081.0,0.02006781090018189,0.022777182418573218,2.0417379446695296,0.012189455185308349,0.021670142551659284,50.0,,0.9937830864289647,0.047166162927119705,22400.0,72.0,0.0,S4,3,ПАБ linear,0.5
454081.0,0.02006781090018189,0.022777182418573218,2.0417379446695296,0.012427298213314364,0.02686745316364261,55.0,,0.9937198434946314,0.044634956557193475,18660.0,65.0,0.0,S4,3,ПАБ linear,0.6
454081.0,0.02006781090018189,0.022777182418573218,2.0417379446695296,0.01765103582840947,0.026550329126301255,59.0,,0.9946577978822249,0.038511175413754796,16125.0,55.0,0.0,S4,3,ПАБ linear,0.7
454081.0,0.02006781090018189,0.0588843655355589,2.0417379446695296,0.018225823146090676,0.029369209458224414,63.0,,0.9942371717535555,0.03802552272503007,14160.0,52.0,0.0,S4,3,ПАБ linear,0.8
454081.0,0.02006781090018189,1.3963683610559376,2.0417379446695296,0.020627927616438477,0.07570730772703549,161.0,,0.9964948501540736,0.02664568324231212,12720.0,46.0,0.0,S4,3,ПАБ linear,0.9
454081.0,0.02006781090018189,0.022777182418573218,2.0417379446695296,0.007300459609629119,0.024856798676888045,46.0,,0.994921943490523,0.044592249241869254,23570.0,58.0,0.0,S4,3,ПАБ AR,0.5
454081.0,0.02006781090018189,0.0220673406908459,2.0417379446695296,0.012301769948533412,0.022352840132046924,52.0,,0.9952590021132459,0.040169855085877636,19825.0,55.0,0.0,S4,3,ПАБ AR,0.6
454081.0,0.02006781090018189,0.02350985767597148,2.0417379446695296,0.012427298213314364,0.02686745316364261,55.0,,0.9957049277163251,0.035422338588059384,17185.0,49.0,0.0,S4,3,ПАБ AR,0.7
454081.0,0.02006781090018189,0.4911905467933634,2.0417379446695296,0.018206002893756842,0.04881067474745695,104.0,,0.9959814866286502,0.03281359462296616,15165.0,49.0,0.0,S4,3,ПАБ AR,0.8
454081.0,0.02006781090018189,2.0417379446695296,2.0417379446695296,0.021542412036619017,0.1644464313635673,281.0,,0.9983108286891181,0.019271024186994945,13565.0,42.0,0.0,S4,3,ПАБ AR,0.9
454081.0,0.02006781090018189,0.02350985767597148,2.0417379446695296,0.002675734065067686,0.027772578020221064,43.0,,0.9941377991176527,0.049177664294839,24390.0,72.0,0.0,S4,3,ПАБ LSTM v2,0.5
454081.0,0.02006781090018189,0.022777182418573218,2.0417379446695296,0.007454617127781167,0.026990779178164247,50.0,,0.9943399616858123,0.04519177478964028,20495.0,64.0,0.0,S4,3,ПАБ LSTM v2,0.6
454081.0,0.02006781090018189,0.0220673406908459,2.0417379446695296,0.012581455731466412,0.031086964660490088,59.0,,0.9948699860118253,0.039784600601001564,17715.0,55.0,0.0,S4,3,ПАБ LSTM v2,0.7
454081.0,0.02006781090018189,0.02350985767597148,2.0417379446695296,0.013105591293183375,0.034170115023531046,63.0,,0.9948105789235705,0.03853387802301448,15640.0,49.0,0.0,S4,3,ПАБ LSTM v2,0.8
454081.0,0.02006781090018189,0.03548133892335755,2.0417379446695296,0.013916019388611284,0.041386889123306195,72.0,,0.9955801517596691,0.03332144945137012,13970.0,41.0,0.0,S4,3,ПАБ LSTM v2,0.9
454081.0,0.02006781090018189,0.02350985767597148,2.0417379446695296,0.002675734065067686,0.028320938334790487,44.0,,0.9941363981807513,0.04827738877273824,24275.0,72.0,0.0,S4,3,ПАБ GRU v2,0.5
454081.0,0.02006781090018189,0.022777182418573218,2.0417379446695296,0.0075581228899689705,0.029776625756197682,52.0,,0.9943654070006736,0.0439794661167049,20320.0,64.0,0.0,S4,3,ПАБ GRU v2,0.6
454081.0,0.02006781090018189,0.022777182418573218,2.0417379446695296,0.012581455731466412,0.031086964660490088,59.0,,0.994204268901226,0.04103003289542339,17510.0,58.0,0.0,S4,3,ПАБ GRU v2,0.7
454081.0,0.02006781090018189,0.02350985767597148,2.0417379446695296,0.013105591293183375,0.034170115023531046,63.0,,0.9948419408626678,0.03799049398694235,15520.0,50.0,0.0,S4,3,ПАБ GRU v2,0.8
454081.0,0.02006781090018189,0.029342695039559687,2.0417379446695296,0.019135352503187757,0.03882567207172288,75.0,,0.9946015415797895,0.037240402000363874,13905.0,48.0,0.0,S4,3,ПАБ GRU v2,0.9
452716.0,0.02006781090018189,0.02006781090018189,0.04570881896148752,0.0,0.00021205347281739545,4.0,,0.9897265647042666,0.06185985358345095,39660.0,52.0,0.0,S4,4,HPA+LC,0.35
452716.0,0.02006781090018189,0.02006781090018189,0.05527134079444351,0.0,0.0018554678871522102,29.0,,0.9907771727662571,0.05576435129436579,30225.0,54.0,0.0,S4,4,HPA+LC,0.45
452716.0,0.02006781090018189,0.02006781090018189,0.17278259805078636,0.0,0.004336051741047367,42.0,,0.993340571455432,0.04408387877205003,25770.0,47.0,0.0,S4,4,HPA+LC,0.55
452716.0,0.02006781090018189,0.25263877101318966,1.2698429144338064,0.0,0.03770354924500128,107.0,,0.9953402354462668,0.03447575320284407,21690.0,43.0,0.0,S4,4,HPA+LC,0.65
452716.0,0.02006781090018189,1.742809826672464,2.0417379446695296,0.004412258457841119,0.13534423347087357,238.0,,0.9974622087233151,0.024705433089078497,18540.0,39.0,0.0,S4,4,HPA+LC,0.75
452716.0,0.02006781090018189,2.0417379446695296,2.9853826189179604,0.0315164473974854,0.2475260428171304,443.0,,0.9990943008156309,0.016391388934815808,15255.0,41.0,0.0,S4,4,HPA+LC,0.85
452716.0,0.02006781090018189,0.02006781090018189,1.6884958594867534,0.0016191166205744882,0.01621325510916336,37.0,,0.9946077136387175,0.044414112942507765,21185.0,65.0,0.0,S4,4,ПАБ naive,0.5
452716.0,0.02006781090018189,0.02006781090018189,1.742809826672464,0.001674338879120685,0.017152033504448706,39.0,,0.9947578032094417,0.040647317825671665,17815.0,57.0,0.0,S4,4,ПАБ naive,0.6
452716.0,0.02006781090018189,0.026683942737144424,2.0417379446695296,0.006679684393747957,0.021373222947719983,56.0,,0.9955638351376723,0.035240520307723074,15470.0,50.0,0.0,S4,4,ПАБ naive,0.7
452716.0,0.02006781090018189,1.9164610627353873,2.0417379446695296,0.007936542998259395,0.13630178743406463,266.0,,0.9972457721633017,0.024301615990842816,13505.0,48.0,0.0,S4,4,ПАБ naive,0.8
452716.0,0.02006781090018189,2.0417379446695296,2.0417379446695296,0.023382760936216083,0.3144935235335177,522.0,,0.998989470984612,0.013310402147515946,12195.0,43.0,0.0,S4,4,ПАБ naive,0.9
452716.0,0.02006781090018189,0.02006781090018189,1.6884958594867534,0.0016191166205744882,0.01621325510916336,37.0,,0.9942947936107882,0.04491295325978262,22070.0,69.0,0.0,S4,4,ПАБ linear,0.5
452716.0,0.02006781090018189,0.02006781090018189,1.742809826672464,0.001674338879120685,0.017152033504448706,39.0,,0.9943897013845994,0.042419926760009566,18655.0,63.0,0.0,S4,4,ПАБ linear,0.6
452716.0,0.02006781090018189,0.02006781090018189,2.0417379446695296,0.006679684393747957,0.021373222947719983,56.0,,0.9948216670131016,0.037672946054175586,16035.0,55.0,0.0,S4,4,ПАБ linear,0.7
452716.0,0.02006781090018189,0.036622669692491984,2.0417379446695296,0.007041942409811007,0.02652656411525106,65.0,,0.9952538725581807,0.034313030685458434,14150.0,48.0,0.0,S4,4,ПАБ linear,0.8
452716.0,0.02006781090018189,2.0417379446695296,2.0417379446695296,0.01142714196096449,0.1573630046209986,309.0,,0.9979180727841934,0.019639794178131043,12640.0,44.0,0.0,S4,4,ПАБ linear,0.9
452716.0,0.02006781090018189,0.02006781090018189,0.04027170343254591,0.0,0.0,0.0,,0.994168720372231,0.04731105244466846,23785.0,64.0,0.0,S4,4,ПАБ AR,0.5
452716.0,0.02006781090018189,0.02006781090018189,1.6884958594867534,0.0016191166205744882,0.01621325510916336,37.0,,0.9949267611851648,0.04227068612679915,19930.0,59.0,0.0,S4,4,ПАБ AR,0.6
452716.0,0.02006781090018189,0.02006781090018189,1.742809826672464,0.001674338879120685,0.017152033504448706,39.0,,0.9958598719791856,0.035673484671701026,17370.0,47.0,0.0,S4,4,ПАБ AR,0.7
452716.0,0.02006781090018189,0.07349368100487516,2.0417379446695296,0.006679684393747957,0.02877963226393589,71.0,,0.9960909454730894,0.03221279360693032,15245.0,45.0,0.0,S4,4,ПАБ AR,0.8
452716.0,0.02006781090018189,1.9164610627353873,2.0417379446695296,0.008267324326951113,0.16302107723164191,283.0,,0.9983288282672056,0.01916248873647796,13605.0,39.0,0.0,S4,4,ПАБ AR,0.9
452716.0,0.02006781090018189,0.02006781090018189,0.025852348395621914,0.0,0.0,0.0,,0.9933941413445417,0.05124844020087649,24600.0,74.0,0.0,S4,4,ПАБ LSTM v2,0.5
452716.0,0.02006781090018189,0.02006781090018189,0.04027170343254591,0.0,0.0,0.0,,0.9936912765975521,0.047209428983591456,20620.0,66.0,0.0,S4,4,ПАБ LSTM v2,0.6
452716.0,0.02006781090018189,0.02006781090018189,1.8567353246307055,0.0017649033831364477,0.020518382385424857,44.0,,0.9945548685360506,0.041540716131409694,17920.0,57.0,0.0,S4,4,ПАБ LSTM v2,0.7
452716.0,0.02006781090018189,0.0220673406908459,1.9781080029332403,0.00192836126843319,0.02654865301866954,53.0,,0.9949400316118265,0.0376189358452301,15700.0,50.0,0.0,S4,4,ПАБ LSTM v2,0.8
452716.0,0.02006781090018189,0.06077850313707005,2.0417379446695296,0.0030808498042923156,0.04301206495904717,79.0,,0.9957979004712704,0.031748136954068924,14030.0,43.0,0.0,S4,4,ПАБ LSTM v2,0.9
452716.0,0.02006781090018189,0.02006781090018189,0.026683942737144424,0.0,0.0,0.0,,0.9934409534742914,0.049900449919800687,24600.0,73.0,0.0,S4,4,ПАБ GRU v2,0.5
452716.0,0.02006781090018189,0.02006781090018189,0.04027170343254591,0.0,0.0,0.0,,0.9937960386847607,0.04586409447269732,20630.0,63.0,0.0,S4,4,ПАБ GRU v2,0.6
452716.0,0.02006781090018189,0.02006781090018189,1.8567353246307055,0.0017649033831364477,0.020518382385424857,44.0,,0.9944901464079178,0.03997687676993371,17800.0,55.0,0.0,S4,4,ПАБ GRU v2,0.7
452716.0,0.02006781090018189,0.024266100950824154,1.9781080029332403,0.00192836126843319,0.03125579833714735,60.0,,0.99507427775209,0.035911226186733675,15670.0,48.0,0.0,S4,4,ПАБ GRU v2,0.8
452716.0,0.02006781090018189,0.028428241752041873,2.0417379446695296,0.008306532130518912,0.039716952791595615,86.0,,0.9959183847941983,0.03113625041108063,14020.0,42.0,0.0,S4,4,ПАБ GRU v2,0.9
452640.0,0.02006781090018189,0.02006781090018189,0.04570881896148752,0.0,9.057971014492754e-05,2.0,,0.9893164996854659,0.06190067356108454,38610.0,49.0,0.0,S4,5,HPA+LC,0.35
452640.0,0.02006781090018189,0.02006781090018189,0.05527134079444351,0.0,0.0019971721456345,25.0,,0.9909742297765725,0.05411224726386839,29760.0,53.0,0.0,S4,5,HPA+LC,0.45
452640.0,0.02006781090018189,0.02006781090018189,0.19611011754760474,0.0,0.004957582184517497,65.0,,0.9927368518644176,0.04751482349503618,24465.0,46.0,0.0,S4,5,HPA+LC,0.55
452640.0,0.02006781090018189,0.1899984246214733,1.5355006336570662,9.057971014492754e-05,0.03176917638741605,119.0,,0.9950467638477746,0.03624572552856212,20970.0,46.0,0.0,S4,5,HPA+LC,0.65
452640.0,0.02006781090018189,1.7988709151287874,2.0417379446695296,0.005306645457758926,0.1119410569105691,245.0,,0.9979401956415934,0.023375506166374255,17460.0,37.0,0.0,S4,5,HPA+LC,0.75
452640.0,0.02006781090018189,2.0417379446695296,3.1805336883295205,0.038748232591021566,0.2590270413573701,470.0,,0.998844972124095,0.017649914575715523,15375.0,39.0,0.0,S4,5,HPA+LC,0.85
452640.0,0.02006781090018189,0.02006781090018189,0.028428241752041873,0.0,0.0,0.0,,0.9936804728248141,0.048418091593073254,21210.0,66.0,0.0,S4,5,ПАБ naive,0.5
452640.0,0.02006781090018189,0.02006781090018189,0.028428241752041873,0.0,0.0,0.0,,0.9939841867171637,0.044753730768254785,17805.0,59.0,0.0,S4,5,ПАБ naive,0.6
452640.0,0.02006781090018189,0.02350985767597148,0.12589254117941676,0.0,0.0,0.0,,0.9941173659511683,0.04165689717967506,15405.0,53.0,0.0,S4,5,ПАБ naive,0.7
452640.0,0.02006781090018189,1.9164610627353873,2.0417379446695296,0.0026991648992576883,0.165284221456345,293.0,,0.9975903632065444,0.022884646335894092,13545.0,49.0,0.0,S4,5,ПАБ naive,0.8
452640.0,0.02006781090018189,2.0417379446695296,2.0417379446695296,0.019285193531283138,0.3288612363025804,551.0,,0.9992968825383051,0.011915592395225308,12135.0,43.0,0.0,S4,5,ПАБ naive,0.9
452640.0,0.02006781090018189,0.02006781090018189,0.028428241752041873,0.0,0.0,0.0,,0.9929059084498701,0.05054084484637814,22370.0,73.0,0.0,S4,5,ПАБ linear,0.5
452640.0,0.02006781090018189,0.02006781090018189,0.028428241752041873,0.0,0.0,0.0,,0.9935286600293446,0.045846770739649545,18740.0,63.0,0.0,S4,5,ПАБ linear,0.6
452640.0,0.02006781090018189,0.02006781090018189,0.03126079367123956,0.0,0.0,0.0,,0.9934947794861257,0.04389372815838638,16135.0,58.0,0.0,S4,5,ПАБ linear,0.7
452640.0,0.02006781090018189,0.037800713730181124,0.33593093598651524,0.0,0.004409685401201838,14.0,,0.9942685661005044,0.038708932353911804,14350.0,53.0,0.0,S4,5,ПАБ linear,0.8
452640.0,0.02006781090018189,1.191927939457827,2.0417379446695296,0.0013123011664899257,0.14654692470837752,276.0,,0.9978694581521617,0.021102975921329224,12775.0,45.0,0.0,S4,5,ПАБ linear,0.9
452640.0,0.02006781090018189,0.02006781090018189,0.028428241752041873,0.0,0.0,0.0,,0.9936198994447033,0.05062280802793655,23760.0,68.0,0.0,S4,5,ПАБ AR,0.5
452640.0,0.02006781090018189,0.02006781090018189,0.026683942737144424,0.0,0.0,0.0,,0.9939791835909952,0.04662711153715068,20005.0,59.0,0.0,S4,5,ПАБ AR,0.6
452640.0,0.02006781090018189,0.02006781090018189,0.03330427623087463,0.0,0.0,0.0,,0.9949869752683109,0.03900216876353991,17165.0,47.0,0.0,S4,5,ПАБ AR,0.7
452640.0,0.02006781090018189,0.12994213556374826,1.1187936686591167,0.0,0.028932484977023682,46.0,,0.9950058869251527,0.036877520101569326,15145.0,48.0,0.0,S4,5,ПАБ AR,0.8
452640.0,0.02006781090018189,1.9781080029332403,2.0417379446695296,0.005097870272180983,0.17365787380699893,286.0,,0.9979269007499969,0.021100607699271183,13605.0,43.0,0.0,S4,5,ПАБ AR,0.9
452640.0,0.02006781090018189,0.02006781090018189,0.025852348395621914,0.0,0.0,0.0,,0.9938478016264861,0.047788279696926665,24535.0,71.0,0.0,S4,5,ПАБ LSTM v2,0.5
452640.0,0.02006781090018189,0.02006781090018189,0.025852348395621914,0.0,0.0,0.0,,0.9941380195386257,0.04365328598058054,20520.0,63.0,0.0,S4,5,ПАБ LSTM v2,0.6
452640.0,0.02006781090018189,0.02006781090018189,0.024266100950824154,0.0,0.0,0.0,,0.9944571393108195,0.04098251983662877,17700.0,54.0,0.0,S4,5,ПАБ LSTM v2,0.7
452640.0,0.02006781090018189,0.02006781090018189,0.024266100950824154,0.0,0.0,0.0,,0.9951410547162519,0.03560752057328226,15750.0,45.0,0.0,S4,5,ПАБ LSTM v2,0.8
452640.0,0.02006781090018189,0.02006781090018189,0.024266100950824154,0.0,0.0,0.0,,0.995503331543811,0.03325671578612674,14040.0,41.0,0.0,S4,5,ПАБ LSTM v2,0.9
452640.0,0.02006781090018189,0.02006781090018189,0.025852348395621914,0.0,0.0,0.0,,0.9936080561824188,0.04890479965855521,24705.0,77.0,0.0,S4,5,ПАБ GRU v2,0.5
452640.0,0.02006781090018189,0.02006781090018189,0.025852348395621914,0.0,0.0,0.0,,0.9939713642225722,0.04481397742791335,20740.0,65.0,0.0,S4,5,ПАБ GRU v2,0.6
452640.0,0.02006781090018189,0.02006781090018189,0.025852348395621914,0.0,0.0,0.0,,0.994043603122289,0.04290522908947873,17915.0,61.0,0.0,S4,5,ПАБ GRU v2,0.7
452640.0,0.02006781090018189,0.02006781090018189,0.024266100950824154,0.0,0.0,0.0,,0.9948552960217938,0.03699935596529901,15835.0,49.0,0.0,S4,5,ПАБ GRU v2,0.8
452640.0,0.02006781090018189,0.02006781090018189,0.026683942737144424,0.0,0.0,0.0,,0.9940811117684667,0.038197756805603784,14125.0,50.0,0.0,S4,5,ПАБ GRU v2,0.9
452988.0,0.02006781090018189,0.02006781090018189,0.050263184440820056,0.0,0.0002737379356627549,4.0,,0.9898040577867091,0.06061507136540003,39045.0,45.0,0.0,S4,6,HPA+LC,0.35
452988.0,0.02006781090018189,0.02006781090018189,0.05527134079444351,0.0,0.0020905631054244263,29.0,,0.9910853810859486,0.053426274534066655,29835.0,45.0,0.0,S4,6,HPA+LC,0.45
452988.0,0.02006781090018189,0.02006781090018189,0.1428893958511103,0.0,0.003825708407286727,48.0,,0.9935634390364102,0.04288064401854445,24195.0,41.0,0.0,S4,6,HPA+LC,0.55
452988.0,0.02006781090018189,0.41927599668460547,1.1187936686591167,0.0,0.045681121795720855,114.0,,0.9953663022383549,0.0339445900965826,20940.0,39.0,0.0,S4,6,HPA+LC,0.65
452988.0,0.02006781090018189,2.0417379446695296,2.3919384495683134,0.008822529515130644,0.13695395904527272,263.0,,0.9980656407295817,0.0218462216772921,17250.0,33.0,0.0,S4,6,HPA+LC,0.75
452988.0,0.02006781090018189,2.0417379446695296,2.9853826189179604,0.03992821001880845,0.256852278647558,455.0,,0.9989366775571259,0.016904491145240078,14970.0,35.0,0.0,S4,6,HPA+LC,0.85
452988.0,0.02006781090018189,0.02006781090018189,0.34673685045253166,0.0,0.004335655690658472,11.0,,0.9931637854013802,0.049774155747913745,21180.0,67.0,0.0,S4,6,ПАБ naive,0.5
452988.0,0.02006781090018189,0.02006781090018189,0.34673685045253166,0.0,0.004335655690658472,11.0,,0.9931966610342554,0.04741927535715647,17735.0,58.0,0.0,S4,6,ПАБ naive,0.6
452988.0,0.02006781090018189,0.028428241752041873,2.0417379446695296,0.002975796268333819,0.014936378005598383,48.0,,0.9946074857050313,0.03927190926746268,15300.0,47.0,0.0,S4,6,ПАБ naive,0.7
452988.0,0.02006781090018189,1.3528511027866506,2.0417379446695296,0.004139182494900527,0.12426819253490158,234.0,,0.9962490616215579,0.029175902381636996,13520.0,46.0,0.0,S4,6,ПАБ naive,0.8
452988.0,0.02006781090018189,2.0417379446695296,2.0417379446695296,0.018662194142008176,0.3312278691709273,584.0,,0.9990157121822764,0.013226712148977993,12080.0,40.0,0.0,S4,6,ПАБ naive,0.9
452988.0,0.02006781090018189,0.02006781090018189,0.34673685045253166,0.0,0.004335655690658472,11.0,,0.9929416867564679,0.04979758677284047,22365.0,68.0,0.0,S4,6,ПАБ linear,0.5
452988.0,0.02006781090018189,0.02006781090018189,0.34673685045253166,0.0,0.004335655690658472,11.0,,0.9929226857238819,0.04734845776450699,18665.0,61.0,0.0,S4,6,ПАБ linear,0.6
452988.0,0.02006781090018189,0.02006781090018189,2.0417379446695296,0.002975796268333819,0.014574337510044416,45.0,,0.9941265661823481,0.04003787684589511,16255.0,51.0,0.0,S4,6,ПАБ linear,0.7
452988.0,0.02006781090018189,0.07349368100487516,2.0417379446695296,0.002975796268333819,0.015943027188358192,51.0,,0.9941146374833589,0.03900339276528126,14135.0,48.0,0.0,S4,6,ПАБ linear,0.8
452988.0,0.02006781090018189,0.8413951416451951,2.0417379446695296,0.004056950736001837,0.06807078774713679,159.0,,0.9964737471377143,0.026657806479803727,12750.0,44.0,0.0,S4,6,ПАБ linear,0.9
452988.0,0.02006781090018189,0.02006781090018189,0.028428241752041873,0.0,0.0,0.0,,0.9936971750822851,0.04875363304511366,23350.0,61.0,0.0,S4,6,ПАБ AR,0.5
452988.0,0.02006781090018189,0.02006781090018189,0.34673685045253166,0.0,0.004335655690658472,11.0,,0.9936596998082114,0.04627944263345029,19705.0,57.0,0.0,S4,6,ПАБ AR,0.6
452988.0,0.02006781090018189,0.02006781090018189,0.34673685045253166,0.0,0.004335655690658472,11.0,,0.9945386192176544,0.040442676772211576,17095.0,46.0,0.0,S4,6,ПАБ AR,0.7
452988.0,0.02006781090018189,0.09772372209558107,2.0417379446695296,0.002975796268333819,0.01593640449636635,51.0,,0.9950199314265903,0.0371295777746762,14865.0,44.0,0.0,S4,6,ПАБ AR,0.8
452988.0,0.02006781090018189,2.0417379446695296,2.0417379446695296,0.006552601834927194,0.20606009430713396,341.0,,0.9980079523830749,0.02053068844645998,13405.0,38.0,0.0,S4,6,ПАБ AR,0.9
452988.0,0.02006781090018189,0.02006781090018189,0.025852348395621914,0.0,0.0,0.0,,0.9938081570205101,0.04993388946064049,24550.0,67.0,0.0,S4,6,ПАБ LSTM v2,0.5
452988.0,0.02006781090018189,0.02006781090018189,0.025852348395621914,0.0,0.0,0.0,,0.9939161054151565,0.046225954712825305,20560.0,60.0,0.0,S4,6,ПАБ LSTM v2,0.6
452988.0,0.02006781090018189,0.02006781090018189,0.34673685045253166,0.0,0.004335655690658472,11.0,,0.9939258481320392,0.04296880615072815,17825.0,54.0,0.0,S4,6,ПАБ LSTM v2,0.7
452988.0,0.02006781090018189,0.02006781090018189,0.34673685045253166,0.0,0.004335655690658472,11.0,,0.9943461407992196,0.040789839448858015,15630.0,47.0,0.0,S4,6,ПАБ LSTM v2,0.8
452988.0,0.02006781090018189,0.02006781090018189,0.34673685045253166,0.0,0.004335655690658472,11.0,,0.9947445583421836,0.037125027175393746,14020.0,41.0,0.0,S4,6,ПАБ LSTM v2,0.9
452988.0,0.02006781090018189,0.02006781090018189,0.025852348395621914,0.0,0.0,0.0,,0.99372331739623,0.04967013408100153,24415.0,69.0,0.0,S4,6,ПАБ GRU v2,0.5
452988.0,0.02006781090018189,0.02006781090018189,0.025852348395621914,0.0,0.0,0.0,,0.993881629727048,0.04692444873320471,20540.0,63.0,0.0,S4,6,ПАБ GRU v2,0.6
452988.0,0.02006781090018189,0.02006781090018189,0.34673685045253166,0.0,0.004335655690658472,11.0,,0.9935298258246363,0.04411433108630692,17845.0,59.0,0.0,S4,6,ПАБ GRU v2,0.7
452988.0,0.02006781090018189,0.02006781090018189,0.34673685045253166,0.0,0.004335655690658472,11.0,,0.9942609731172286,0.040209203890417766,15640.0,48.0,0.0,S4,6,ПАБ GRU v2,0.8
452988.0,0.02006781090018189,0.02006781090018189,2.0417379446695296,0.002975796268333819,0.01538451349704628,48.0,,0.9943889317335738,0.03833535276723884,13925.0,45.0,0.0,S4,6,ПАБ GRU v2,0.9
445813.0,0.02006781090018189,0.02006781090018189,0.04570881896148752,0.0,0.0002332816674255798,6.0,,0.9863543329120746,0.07103336286102083,36945.0,51.0,0.0,S4,7,HPA+LC,0.35
445813.0,0.02006781090018189,0.02006781090018189,0.050263184440820056,0.0,0.001778772714120046,28.0,,0.9913100096688136,0.051973245561564435,28635.0,40.0,0.0,S4,7,HPA+LC,0.45
445813.0,0.02006781090018189,0.02006781090018189,0.15712670380639343,0.0,0.003925412673026583,44.0,,0.9939785718356444,0.04155028118000695,23400.0,35.0,0.0,S4,7,HPA+LC,0.55
445813.0,0.02006781090018189,0.31531889793555934,1.5355006336570662,3.925412673026583e-06,0.03833726248449462,113.0,,0.9958761914016867,0.032221334127581984,19860.0,39.0,0.0,S4,7,HPA+LC,0.65
445813.0,0.02006781090018189,2.0417379446695296,2.1074146752966985,0.006784234645467943,0.13425247805694315,270.0,,0.998164537337999,0.021866575029478207,17160.0,34.0,0.0,S4,7,HPA+LC,0.75
445813.0,0.02006781090018189,2.0417379446695296,3.388441561392024,0.03640147326345351,0.2824250302256776,517.0,,0.9990686488864164,0.01561329175386867,14940.0,37.0,0.0,S4,7,HPA+LC,0.85
445813.0,0.02006781090018189,0.02006781090018189,0.028428241752041873,0.0,0.0,0.0,,0.9932598162057952,0.05014609755660225,20925.0,65.0,0.0,S4,7,ПАБ naive,0.5
445813.0,0.02006781090018189,0.02006781090018189,0.028428241752041873,0.0,0.0,0.0,,0.9936192788907636,0.046521008522111974,17550.0,58.0,0.0,S4,7,ПАБ naive,0.6
445813.0,0.02006781090018189,0.02006781090018189,0.050263184440820056,0.0,0.0,0.0,,0.9940339977766864,0.04152439954619622,15275.0,50.0,0.0,S4,7,ПАБ naive,0.7
445813.0,0.02006781090018189,1.2698429144338064,1.9164610627353873,0.00032300538566618737,0.14818096376731948,286.0,,0.9968400464922502,0.02630595426044733,13335.0,49.0,0.0,S4,7,ПАБ naive,0.8
445813.0,0.02006781090018189,2.0417379446695296,2.0417379446695296,0.017934649729819452,0.3476805297288325,557.0,,0.9991310006567057,0.011861462514977827,11960.0,40.0,0.0,S4,7,ПАБ naive,0.9
445813.0,0.02006781090018189,0.02006781090018189,0.028428241752041873,0.0,0.0,0.0,,0.9933083437423659,0.04715642654672701,21945.0,63.0,0.0,S4,7,ПАБ linear,0.5
445813.0,0.02006781090018189,0.02006781090018189,0.028428241752041873,0.0,0.0,0.0,,0.9935460697477156,0.04383369967368743,18290.0,57.0,0.0,S4,7,ПАБ linear,0.6
445813.0,0.02006781090018189,0.02006781090018189,0.029342695039559687,0.0,0.0,0.0,,0.9938431293517687,0.04223280463953003,15855.0,55.0,0.0,S4,7,ПАБ linear,0.7
445813.0,0.02006781090018189,0.0390166519947627,0.5754399373371569,0.0,0.011868204830276372,35.0,,0.9943180500043008,0.03786579762218062,13885.0,50.0,0.0,S4,7,ПАБ linear,0.8
445813.0,0.02006781090018189,1.2698429144338064,2.0417379446695296,0.001609419195940899,0.13337991489705325,237.0,,0.9970012614908006,0.02431353432237785,12595.0,45.0,0.0,S4,7,ПАБ linear,0.9
445813.0,0.02006781090018189,0.02006781090018189,0.028428241752041873,0.0,0.0,0.0,,0.9935156945114247,0.049595536693616896,23430.0,60.0,0.0,S4,7,ПАБ AR,0.5
445813.0,0.02006781090018189,0.02006781090018189,0.028428241752041873,0.0,0.0,0.0,,0.9939498856217175,0.0451675002106814,19585.0,53.0,0.0,S4,7,ПАБ AR,0.6
445813.0,0.02006781090018189,0.02006781090018189,0.028428241752041873,0.0,0.0,0.0,,0.9945225522947418,0.041971822477481914,16840.0,48.0,0.0,S4,7,ПАБ AR,0.7
445813.0,0.02006781090018189,0.06077850313707005,0.2959715725594465,0.0,0.0,0.0,,0.9946212105257056,0.03821246385254917,14830.0,44.0,0.0,S4,7,ПАБ AR,0.8
445813.0,0.02006781090018189,2.0417379446695296,2.0417379446695296,0.005154627612922907,0.19183603887728712,319.0,,0.998055382464605,0.019593303358549304,13270.0,40.0,0.0,S4,7,ПАБ AR,0.9
445813.0,0.02006781090018189,0.02006781090018189,0.025852348395621914,0.0,0.0,0.0,,0.9935497597640512,0.04949224880387225,23915.0,67.0,0.0,S4,7,ПАБ LSTM v2,0.5
445813.0,0.02006781090018189,0.02006781090018189,0.025852348395621914,0.0,0.0,0.0,,0.9942414237909752,0.04421297123500005,20035.0,58.0,0.0,S4,7,ПАБ LSTM v2,0.6
445813.0,0.02006781090018189,0.02006781090018189,0.025852348395621914,0.0,0.0,0.0,,0.9941810161476621,0.04251735600776148,17435.0,54.0,0.0,S4,7,ПАБ LSTM v2,0.7
445813.0,0.02006781090018189,0.02006781090018189,0.024266100950824154,0.0,0.0,0.0,,0.9948627917452999,0.03820385310419007,15285.0,46.0,0.0,S4,7,ПАБ LSTM v2,0.8
445813.0,0.02006781090018189,0.02006781090018189,0.09467820160680859,0.0,0.005695213015322568,18.0,,0.9955429289837892,0.03378446158463589,13650.0,40.0,0.0,S4,7,ПАБ LSTM v2,0.9
445813.0,0.02006781090018189,0.02006781090018189,0.025852348395621914,0.0,0.0,0.0,,0.9934893125408654,0.050037404794167704,24095.0,69.0,0.0,S4,7,ПАБ GRU v2,0.5
445813.0,0.02006781090018189,0.02006781090018189,0.025852348395621914,0.0,0.0,0.0,,0.9937929766566245,0.046029572617756066,20215.0,59.0,0.0,S4,7,ПАБ GRU v2,0.6
445813.0,0.02006781090018189,0.02006781090018189,0.025852348395621914,0.0,0.0,0.0,,0.9938443151533269,0.04397742623081965,17470.0,56.0,0.0,S4,7,ПАБ GRU v2,0.7
445813.0,0.02006781090018189,0.02006781090018189,0.025852348395621914,0.0,0.0,0.0,,0.9948486388502912,0.0374068175983603,15405.0,46.0,0.0,S4,7,ПАБ GRU v2,0.8
445813.0,0.02006781090018189,0.02006781090018189,0.028428241752041873,0.0,0.0,0.0,,0.9943171240002453,0.03776954579089269,13700.0,44.0,0.0,S4,7,ПАБ GRU v2,0.9
448150.0,0.02006781090018189,0.02006781090018189,0.050263184440820056,0.0,0.00039718844137007697,7.0,,0.9897699069437511,0.060942651284519735,38970.0,46.0,0.0,S4,8,HPA+LC,0.35
448150.0,0.02006781090018189,0.02006781090018189,0.050263184440820056,0.0,0.0018542898583063707,19.0,,0.9920815304153411,0.050880856971862405,30285.0,43.0,0.0,S4,8,HPA+LC,0.45
448150.0,0.02006781090018189,0.0220673406908459,0.15712670380639343,0.0,0.004652460113801183,44.0,,0.9934034652915221,0.04369505965117161,25395.0,44.0,0.0,S4,8,HPA+LC,0.55
448150.0,0.02006781090018189,0.47588279098881686,2.0417379446695296,0.0019056119602811558,0.04765815017293317,139.0,,0.9951881343302446,0.03480618412764715,21120.0,42.0,0.0,S4,8,HPA+LC,0.65
448150.0,0.02006781090018189,2.0417379446695296,2.3173946499684797,0.008860872475733571,0.13341068838558517,258.0,,0.9974804124901433,0.02494369289266475,18030.0,40.0,0.0,S4,8,HPA+LC,0.75
448150.0,0.02006781090018189,2.0417379446695296,2.9853826189179604,0.03803525605266094,0.25921343300234295,478.0,,0.9991660780651574,0.015974931715013484,14730.0,38.0,0.0,S4,8,HPA+LC,0.85
448150.0,0.02006781090018189,0.0220673406908459,2.0417379446695296,0.013557960504295436,0.020341403547919225,46.0,,0.9937452241114841,0.04826542972928754,20995.0,67.0,0.0,S4,8,ПАБ naive,0.5
448150.0,0.02006781090018189,0.022777182418573218,2.0417379446695296,0.01366729889545911,0.020988508311949126,48.0,,0.993702583713756,0.04641594419922917,17560.0,63.0,0.0,S4,8,ПАБ naive,0.6
448150.0,0.02006781090018189,0.2024184057376061,2.0417379446695296,0.019085127747406002,0.035775967867901375,101.0,,0.9951759796792231,0.03764977836503658,15165.0,53.0,0.0,S4,8,ПАБ naive,0.7
448150.0,0.02006781090018189,2.0417379446695296,2.0417379446695296,0.023005690059131986,0.19679571572018298,386.0,,0.9976596459491122,0.022502266020193704,13330.0,50.0,0.0,S4,8,ПАБ naive,0.8
448150.0,0.02006781090018189,2.0417379446695296,2.0417379446695296,0.03624623451969207,0.34643367176168693,594.0,,0.9992161198826418,0.012417761863975207,11970.0,43.0,0.0,S4,8,ПАБ naive,0.9
448150.0,0.02006781090018189,0.0220673406908459,2.0417379446695296,0.013557960504295436,0.020341403547919225,46.0,,0.9936557839637749,0.04834350998245663,21835.0,71.0,0.0,S4,8,ПАБ linear,0.5
448150.0,0.02006781090018189,0.0220673406908459,2.0417379446695296,0.01366729889545911,0.020988508311949126,48.0,,0.9936004905825966,0.04455694598750755,18455.0,61.0,0.0,S4,8,ПАБ linear,0.6
448150.0,0.02006781090018189,0.025852348395621914,2.0417379446695296,0.01859198928930046,0.016380676112908624,50.0,,0.9942433533845784,0.04030465856641343,15835.0,53.0,0.0,S4,8,ПАБ linear,0.7
448150.0,0.02006781090018189,0.6741398498898495,2.0417379446695296,0.019616199933058128,0.05303804529733348,135.0,,0.9955366193709503,0.03408972467783256,13960.0,52.0,0.0,S4,8,ПАБ linear,0.8
448150.0,0.02006781090018189,2.0417379446695296,2.0417379446695296,0.022973334820930492,0.13203726430882518,269.0,,0.9974025650253708,0.023225953527570405,12520.0,46.0,0.0,S4,8,ПАБ linear,0.9
448150.0,0.02006781090018189,0.022777182418573218,2.0417379446695296,0.008872029454423742,0.024906839227937076,46.0,,0.9938749947421452,0.04961595501085759,23520.0,67.0,0.0,S4,8,ПАБ AR,0.5
448150.0,0.02006781090018189,0.0220673406908459,2.0417379446695296,0.013604819814794153,0.020725203614861097,47.0,,0.9939136370035213,0.04772252375906395,19650.0,65.0,0.0,S4,8,ПАБ AR,0.6
448150.0,0.02006781090018189,0.0220673406908459,2.0417379446695296,0.01366729889545911,0.020988508311949126,48.0,,0.9943617865084724,0.04306373265180222,16980.0,56.0,0.0,S4,8,ПАБ AR,0.7
448150.0,0.02006781090018189,0.7413102413009177,2.0417379446695296,0.018710253263416268,0.05873926140801071,127.0,,0.9955173329703444,0.035188450068584703,14960.0,50.0,0.0,S4,8,ПАБ AR,0.8
448150.0,0.02006781090018189,2.0417379446695296,2.0417379446695296,0.021917884636840343,0.2217973892669865,384.0,,0.9978465230293841,0.021514286396608417,13560.0,46.0,0.0,S4,8,ПАБ AR,0.9
448150.0,0.02006781090018189,0.022777182418573218,2.0417379446695296,0.004186098404552047,0.02947896909516903,44.0,,0.9937651484677341,0.051948863584386926,24250.0,77.0,0.0,S4,8,ПАБ LSTM v2,0.5
448150.0,0.02006781090018189,0.021379620895022326,2.0417379446695296,0.008872029454423742,0.025551712596228942,47.0,,0.9942317919670564,0.04649835462559393,20365.0,64.0,0.0,S4,8,ПАБ LSTM v2,0.6
448150.0,0.02006781090018189,0.02006781090018189,2.0417379446695296,0.013727546580386031,0.021403547919223474,49.0,,0.9945511311888198,0.041526321044379755,17580.0,53.0,0.0,S4,8,ПАБ LSTM v2,0.7
448150.0,0.02006781090018189,0.02006781090018189,2.0417379446695296,0.013801182639741158,0.022171148053107218,50.0,,0.9948012611508827,0.039006904982253406,15460.0,49.0,0.0,S4,8,ПАБ LSTM v2,0.8
448150.0,0.02006781090018189,0.02006781090018189,2.0417379446695296,0.013917215218118933,0.025123284614526387,53.0,,0.995023493040324,0.03596977877954264,13830.0,43.0,0.0,S4,8,ПАБ LSTM v2,0.9
448150.0,0.02006781090018189,0.022777182418573218,2.0417379446695296,0.004186098404552047,0.029715497043400648,45.0,,0.9940076354921982,0.04995966613248359,24040.0,71.0,0.0,S4,8,ПАБ GRU v2,0.5
448150.0,0.02006781090018189,0.021379620895022326,2.0417379446695296,0.00887649224589981,0.025844025437911415,47.0,,0.9943237619390413,0.04436984253766181,20180.0,60.0,0.0,S4,8,ПАБ GRU v2,0.6
448150.0,0.02006781090018189,0.02006781090018189,2.0417379446695296,0.013801182639741158,0.022171148053107218,50.0,,0.9944869399371118,0.041168119540922546,17425.0,54.0,0.0,S4,8,ПАБ GRU v2,0.7
448150.0,0.02006781090018189,0.02006781090018189,2.0417379446695296,0.013917215218118933,0.024967086912863996,53.0,,0.9946780629153357,0.039317642071760105,15310.0,50.0,0.0,S4,8,ПАБ GRU v2,0.8
448150.0,0.02006781090018189,0.02006781090018189,2.0417379446695296,0.019165457993975232,0.02306593774405891,57.0,,0.994781574882822,0.036745455465033196,13660.0,44.0,0.0,S4,8,ПАБ GRU v2,0.9
452978.0,0.02006781090018189,0.02006781090018189,0.050263184440820056,0.0,0.0001854394694665083,3.0,,0.9890369467382425,0.064421169815187,39615.0,52.0,0.0,S4,9,HPA+LC,0.35
452978.0,0.02006781090018189,0.02006781090018189,0.06077850313707005,0.0,0.002532131803310536,31.0,,0.9906953628008597,0.05643193673324717,31080.0,51.0,0.0,S4,9,HPA+LC,0.45
452978.0,0.02006781090018189,0.021379620895022326,0.21565026690607325,0.0,0.004640401962126196,55.0,,0.9935535963402518,0.04388087975309181,25440.0,49.0,0.0,S4,9,HPA+LC,0.55
452978.0,0.02006781090018189,0.8684603593990751,1.5355006336570662,5.519031829360366e-07,0.07131637739581172,144.0,,0.9955532975165114,0.033537012507881735,21855.0,46.0,0.0,S4,9,HPA+LC,0.65
452978.0,0.02006781090018189,2.0417379446695296,2.6302679918953813,0.00901368278371135,0.14455006644914323,267.0,,0.9977786468668847,0.02346773560350338,18030.0,42.0,0.0,S4,9,HPA+LC,0.75
452978.0,0.02006781090018189,2.0417379446695296,2.9853826189179604,0.04323940677030672,0.24558256692377997,437.0,,0.9991041578254836,0.016461556756600864,15045.0,37.0,0.0,S4,9,HPA+LC,0.85
452978.0,0.02006781090018189,0.02006781090018189,0.028428241752041873,0.0,0.0,0.0,,0.9938376924667409,0.04797584430933186,21140.0,65.0,0.0,S4,9,ПАБ naive,0.5
452978.0,0.02006781090018189,0.02006781090018189,0.028428241752041873,0.0,0.0,0.0,,0.9941555064693831,0.04379758470266118,17720.0,59.0,0.0,S4,9,ПАБ naive,0.6
452978.0,0.02006781090018189,0.04570881896148752,1.0839269140212038,0.0008388928380627757,0.014901385939272989,42.0,,0.9952751351223741,0.036305198622714065,15400.0,47.0,0.0,S4,9,ПАБ naive,0.7
452978.0,0.02006781090018189,1.6884958594867534,2.0417379446695296,0.00301063186291608,0.18098064365156807,320.0,,0.9975605692190946,0.023338535158672027,13620.0,50.0,0.0,S4,9,ПАБ naive,0.8
452978.0,0.02006781090018189,2.0417379446695296,2.0417379446695296,0.021988926614537573,0.2856683989067902,502.0,,0.9990860667688034,0.013124118604557573,12130.0,41.0,0.0,S4,9,ПАБ naive,0.9
452978.0,0.02006781090018189,0.02006781090018189,0.028428241752041873,0.0,0.0,0.0,,0.9937950068142947,0.046237121144073405,22210.0,67.0,0.0,S4,9,ПАБ linear,0.5
452978.0,0.02006781090018189,0.02006781090018189,0.028428241752041873,0.0,0.0,0.0,,0.9942005564944437,0.041553925177166745,18415.0,56.0,0.0,S4,9,ПАБ linear,0.6
452978.0,0.02006781090018189,0.02006781090018189,1.0839269140212038,0.0008388928380627757,0.014682832278830318,41.0,,0.9951005241057549,0.03646764617779084,15980.0,49.0,0.0,S4,9,ПАБ linear,0.7
452978.0,0.02006781090018189,0.10411181076233397,1.742809826672464,0.0011236748804577706,0.02085973270225044,54.0,,0.9952102406471299,0.032708386471643834,14025.0,46.0,0.0,S4,9,ПАБ linear,0.8
452978.0,0.02006781090018189,1.7988709151287874,2.0417379446695296,0.0019984414254113885,0.15698278945114333,293.0,,0.9979424804348562,0.020028074368570195,12595.0,43.0,0.0,S4,9,ПАБ linear,0.9
452978.0,0.02006781090018189,0.02006781090018189,0.026683942737144424,0.0,0.0,0.0,,0.9941764319848777,0.04727976097526931,23645.0,60.0,0.0,S4,9,ПАБ AR,0.5
452978.0,0.02006781090018189,0.02006781090018189,0.028428241752041873,0.0,0.0,0.0,,0.9942277810794478,0.0455865519153896,19875.0,59.0,0.0,S4,9,ПАБ AR,0.6
452978.0,0.02006781090018189,0.02006781090018189,0.029342695039559687,0.0,0.0,0.0,,0.9947723356646972,0.040203341918153314,17205.0,49.0,0.0,S4,9,ПАБ AR,0.7
452978.0,0.02006781090018189,0.10411181076233397,1.0839269140212038,0.0008388928380627757,0.020155504240824056,52.0,,0.9956309455061754,0.03481556919542493,15115.0,47.0,0.0,S4,9,ПАБ AR,0.8
452978.0,0.02006781090018189,2.0417379446695296,2.0417379446695296,0.005485365735201268,0.18100271977888552,300.0,,0.9980359653423615,0.020911774802606264,13595.0,41.0,0.0,S4,9,ПАБ AR,0.9
452978.0,0.02006781090018189,0.02006781090018189,0.025852348395621914,0.0,0.0,0.0,,0.9934868457647225,0.05028079361127658,24660.0,73.0,0.0,S4,9,ПАБ LSTM v2,0.5
452978.0,0.02006781090018189,0.02006781090018189,0.025852348395621914,0.0,0.0,0.0,,0.9939459023052866,0.046401501688706506,20600.0,64.0,0.0,S4,9,ПАБ LSTM v2,0.6
452978.0,0.02006781090018189,0.02006781090018189,0.026683942737144424,0.0,0.0,0.0,,0.9936628624791315,0.04487593104155102,17785.0,60.0,0.0,S4,9,ПАБ LSTM v2,0.7
452978.0,0.02006781090018189,0.02006781090018189,0.028428241752041873,0.0,0.0,0.0,,0.9947178741274151,0.037335733309393,15560.0,45.0,0.0,S4,9,ПАБ LSTM v2,0.8
452978.0,0.02006781090018189,0.02006781090018189,0.5754399373371569,0.0,0.01130297718653003,24.0,,0.9952829286149919,0.032767982785892116,13965.0,41.0,0.0,S4,9,ПАБ LSTM v2,0.9
452978.0,0.02006781090018189,0.02006781090018189,0.025852348395621914,0.0,0.0,0.0,,0.9935954242316158,0.0488256757092556,24570.0,74.0,0.0,S4,9,ПАБ GRU v2,0.5
452978.0,0.02006781090018189,0.02006781090018189,0.025852348395621914,0.0,0.0,0.0,,0.9938352167249281,0.044636569869572415,20580.0,62.0,0.0,S4,9,ПАБ GRU v2,0.6
452978.0,0.02006781090018189,0.02006781090018189,0.026683942737144424,0.0,0.0,0.0,,0.9937467254584922,0.04243824814532984,17615.0,56.0,0.0,S4,9,ПАБ GRU v2,0.7
452978.0,0.02006781090018189,0.02006781090018189,0.029342695039559687,0.0,0.0,0.0,,0.9943607484797773,0.039337339943827196,15790.0,51.0,0.0,S4,9,ПАБ GRU v2,0.8
452978.0,0.02006781090018189,0.02006781090018189,2.0417379446695296,0.0013593375395714582,0.026924596779534547,67.0,,0.9952711118088138,0.0322634926940028,13945.0,45.0,0.0,S4,9,ПАБ GRU v2,0.9
208109.0,0.02006781090018189,0.02006781090018189,0.03126079367123956,0.0,0.0,0.0,0.0,0.9943995990412123,0.04295939639510692,17730.0,13.0,0.0,S5,0,HPA+LC,0.35
208109.0,0.02006781090018189,0.02006781090018189,0.0518800038928961,0.0,8.649313580863874e-05,1.0,16.333333333333332,0.9962509664730077,0.03224803562080252,13635.0,10.0,0.0,S5,0,HPA+LC,0.45
208109.0,0.02006781090018189,0.10746078283213174,2.0417379446695296,0.00599685741606562,0.044913963355741465,50.0,17.0,0.9966722741659547,0.02700721053404808,10725.0,11.0,0.0,S5,0,HPA+LC,0.55
208109.0,0.02006781090018189,0.06683439175686146,2.0417379446695296,0.00599685741606562,0.044889937484683506,52.0,17.0,0.9977371552698715,0.022144617360104663,9240.0,7.0,0.0,S5,0,HPA+LC,0.65
208109.0,0.02006781090018189,0.3054921113215514,2.0417379446695296,0.017759923886040488,0.04019047710574747,74.0,58.0,0.9968143182501928,0.023454858440494424,7950.0,11.0,0.0,S5,0,HPA+LC,0.75
208109.0,0.02006781090018189,2.0417379446695296,2.0417379446695296,0.02503856152304802,0.12971207396124146,141.0,69.33333333333333,0.9967931550992893,0.022438516480230885,7380.0,11.0,0.0,S5,0,HPA+LC,0.85
208109.0,0.02006781090018189,0.06898425842094826,2.0417379446695296,0.0015424609219207243,0.0373313984498508,34.0,28.0,0.9964406921062525,0.031204392190527834,11325.0,16.0,0.11388888888888889,S5,0,ПАБ naive,0.5
208109.0,0.02006781090018189,1.8567353246307055,2.0417379446695296,0.012354102898000567,0.08669495312552557,89.0,31.333333333333332,0.9970569814541774,0.026539994053249444,9815.0,15.0,0.11388888888888889,S5,0,ПАБ naive,0.6
208109.0,0.02006781090018189,2.0417379446695296,2.0417379446695296,0.022217924260844076,0.09683026683132397,103.0,36.666666666666664,0.9964646913629791,0.026710366582376917,9010.0,18.0,0.11388888888888889,S5,0,ПАБ naive,0.7
208109.0,0.02006781090018189,2.0417379446695296,2.3173946499684797,0.03436780725485202,0.12144477173019907,128.0,58.666666666666664,0.9981479796498922,0.017731507159951265,7710.0,12.0,0.11388888888888889,S5,0,ПАБ naive,0.8
208109.0,0.02006781090018189,2.0417379446695296,2.3173946499684797,0.03514624547712977,0.12070958007582565,128.0,58.666666666666664,0.9983745645632571,0.016576136690920073,7630.0,11.0,0.11388888888888889,S5,0,ПАБ naive,0.9
208109.0,0.02006781090018189,1.2302687708123812,2.0417379446695296,0.004055567034582839,0.06612400232570431,64.0,28.0,0.9961944298692629,0.03171354434499822,12010.0,32.0,0.0,S5,0,ПАБ linear,0.5
208109.0,0.02006781090018189,1.7988709151287874,2.0417379446695296,0.01139787322989395,0.07303864801618383,75.0,29.666666666666668,0.997243610049057,0.02544722486529014,9860.0,28.0,0.0,S5,0,ПАБ linear,0.6
208109.0,0.02006781090018189,2.0417379446695296,2.0417379446695296,0.02154159599056264,0.06987684338495692,82.0,30.0,0.9964024164998075,0.02712866144757452,8900.0,34.0,0.0,S5,0,ПАБ linear,0.7
208109.0,0.02006781090018189,2.0417379446695296,2.0417379446695296,0.031324930685362,0.06998255721761193,90.0,32.333333333333336,0.9981574457473688,0.018595145661921397,7560.0,28.0,0.0,S5,0,ПАБ linear,0.8
208109.0,0.02006781090018189,2.0417379446695296,2.0417379446695296,0.032108174081851334,0.07287527209298973,93.0,46.333333333333336,0.9987021903889821,0.015417239268185596,7045.0,23.0,0.0,S5,0,ПАБ linear,0.9
208109.0,0.02006781090018189,0.02006781090018189,0.04027170343254591,0.0,0.0,0.0,23.0,0.99579067026237,0.03354282446427255,11865.0,21.0,0.0,S5,0,ПАБ AR,0.5
208109.0,0.02006781090018189,1.1187936686591167,2.0417379446695296,0.003402063341806457,0.06505244847651952,62.0,26.0,0.9966884945259396,0.029993708556848454,10415.0,25.0,0.0,S5,0,ПАБ AR,0.6
208109.0,0.02006781090018189,1.6884958594867534,2.0417379446695296,0.010028398579590503,0.07630616648006573,77.0,29.666666666666668,0.9983130134444812,0.020781182287281826,8875.0,14.0,0.0,S5,0,ПАБ AR,0.7
208109.0,0.02006781090018189,2.0417379446695296,2.0417379446695296,0.019451345208520536,0.07764200491088805,85.0,32.0,0.9977104544068887,0.022053016894424352,8075.0,22.0,0.0,S5,0,ПАБ AR,0.8
208109.0,0.02006781090018189,2.0417379446695296,2.0417379446695296,0.02962870418867036,0.08053471978626585,96.0,47.333333333333336,0.9991124763423797,0.013499740830381956,6885.0,15.0,0.0,S5,0,ПАБ AR,0.9
208109.0,0.02006781090018189,0.02006781090018189,0.03330427623087463,0.0,0.0,0.0,7.0,0.9943422106020193,0.042677075684345575,14470.0,35.0,0.0,S5,0,ПАБ LSTM v2,0.5
208109.0,0.02006781090018189,0.025852348395621914,0.5401321147646347,0.0,0.01134982148777804,14.0,12.0,0.9947059208005693,0.0377152787622425,12105.0,33.0,0.0,S5,0,ПАБ LSTM v2,0.6
208109.0,0.02006781090018189,0.03126079367123956,2.0417379446695296,0.003181025328073269,0.03304518305311159,35.0,12.0,0.9958461616002077,0.03213701819148957,10615.0,30.0,0.0,S5,0,ПАБ LSTM v2,0.7
208109.0,0.02006781090018189,0.03330427623087463,2.0417379446695296,0.005495918004507254,0.03504533681868636,39.0,25.0,0.9957540857032336,0.030657489447396973,9385.0,31.0,0.0,S5,0,ПАБ LSTM v2,0.8
208109.0,0.02006781090018189,1.2302687708123812,2.0417379446695296,0.012541504692252618,0.06180895588369556,69.0,28.0,0.9967335419099592,0.02597552638295848,8505.0,27.0,0.0,S5,0,ПАБ LSTM v2,0.9
208109.0,0.02006781090018189,0.02006781090018189,0.037800713730181124,0.0,0.0,0.0,12.0,0.9949419214802606,0.03830945914937702,13305.0,31.0,0.0,S5,0,ПАБ GRU v2,0.5
208109.0,0.02006781090018189,0.02754228703338166,0.5401321147646347,0.0,0.01134982148777804,14.0,24.666666666666668,0.9949237764645178,0.03553119039593159,11315.0,32.0,0.0,S5,0,ПАБ GRU v2,0.6
208109.0,0.02006781090018189,1.1187936686591167,2.0417379446695296,0.003868165240330788,0.06417790677000995,61.0,26.0,0.9974284975697578,0.02526636803401152,9715.0,25.0,0.0,S5,0,ПАБ GRU v2,0.7
208109.0,0.02006781090018189,1.8567353246307055,2.0417379446695296,0.013030431168282007,0.07209322999005328,76.0,28.333333333333332,0.9975063202876082,0.023231800825119654,8595.0,25.0,0.0,S5,0,ПАБ GRU v2,0.8
208109.0,0.02006781090018189,1.9781080029332403,2.0417379446695296,0.01998952472021873,0.07060242469090718,82.0,30.333333333333332,0.9975646130497599,0.021655886204398817,7730.0,23.0,0.0,S5,0,ПАБ GRU v2,0.9
252163.0,0.02006781090018189,0.05527134079444351,2.0417379446695296,0.003120997132806954,0.03725368115068428,34.0,7.833333333333333,0.9904577331962678,0.05870092076151541,27165.0,23.0,0.0,S5,1,HPA+LC,0.35
252163.0,0.02006781090018189,0.05527134079444351,2.0417379446695296,0.009941981971978443,0.04055709997105047,47.0,16.666666666666668,0.992075726472017,0.04879103223778273,19800.0,19.0,0.0,S5,1,HPA+LC,0.45
252163.0,0.02006781090018189,1.4412854420872234,2.0417379446695296,0.018865773329156142,0.06627756649468795,87.0,18.666666666666668,0.9928164944455494,0.041602143959952244,15375.0,20.0,0.0,S5,1,HPA+LC,0.55
252163.0,0.02006781090018189,1.584893192461114,2.0417379446695296,0.01953994043535332,0.07397893426077577,99.0,49.166666666666664,0.994049002290647,0.036048429362348644,13125.0,17.0,0.0,S5,1,HPA+LC,0.65
252163.0,0.02006781090018189,2.0417379446695296,2.0417379446695296,0.039573609133774584,0.14125387150374955,198.0,69.33333333333333,0.9962879847692886,0.02561218368759403,10035.0,16.0,0.0,S5,1,HPA+LC,0.75
252163.0,0.02006781090018189,2.0417379446695296,2.0417379446695296,0.051467701447079864,0.1731092586937814,231.0,78.33333333333333,0.9962665278849762,0.023422486247964624,8925.0,15.0,0.0,S5,1,HPA+LC,0.85
252163.0,0.02006781090018189,1.0501467677660838,2.0417379446695296,0.008569853626424179,0.07149740445664114,76.0,30.0,0.9956940262574279,0.03342688111626932,13045.0,22.0,0.24444444444444444,S5,1,ПАБ naive,0.5
252163.0,0.02006781090018189,1.191927939457827,2.0417379446695296,0.016707447167110163,0.09170258919825669,111.0,38.333333333333336,0.99689042435637,0.027027604906471967,11655.0,20.0,0.24444444444444444,S5,1,ПАБ naive,0.6
252163.0,0.02006781090018189,1.191927939457827,2.0417379446695296,0.023889309692540144,0.09528360623882172,122.0,39.333333333333336,0.9967255543693329,0.026230333213128475,10700.0,22.0,0.24444444444444444,S5,1,ПАБ naive,0.7
252163.0,0.02006781090018189,1.4412854420872234,2.0417379446695296,0.0321300111435857,0.06477952752782923,113.0,52.333333333333336,0.9976530168663111,0.02217279677362948,9820.0,16.0,0.24444444444444444,S5,1,ПАБ naive,0.8
252163.0,0.02006781090018189,1.9164610627353873,2.0417379446695296,0.0337083553098591,0.0706447813517447,121.0,53.833333333333336,0.9976153913504757,0.022154130767845864,9695.0,17.0,0.24444444444444444,S5,1,ПАБ naive,0.9
252163.0,0.02006781090018189,2.0417379446695296,2.0417379446695296,0.032245016120525216,0.12267461919472722,129.0,37.666666666666664,0.9952799985153147,0.03412958330692689,13585.0,32.0,0.09444444444444444,S5,1,ПАБ linear,0.5
252163.0,0.02006781090018189,2.0417379446695296,2.0417379446695296,0.0388756478944175,0.13927102707375785,158.0,45.333333333333336,0.9968835279107368,0.026128071188265614,11715.0,30.0,0.09444444444444444,S5,1,ПАБ linear,0.6
252163.0,0.02006781090018189,2.0417379446695296,2.0417379446695296,0.03993845250889306,0.14175354830010747,161.0,45.833333333333336,0.9957644486344559,0.0292091104696453,10830.0,33.0,0.09444444444444444,S5,1,ПАБ linear,0.7
252163.0,0.02006781090018189,2.0417379446695296,2.0417379446695296,0.053564559431796104,0.1447833345891348,182.0,73.0,0.9978321089153368,0.019100207031534675,9495.0,24.0,0.09444444444444444,S5,1,ПАБ linear,0.8
252163.0,0.02006781090018189,2.0417379446695296,2.0417379446695296,0.05532929097448872,0.14757517954656313,186.0,75.0,0.9979670762873231,0.018727687852339595,9045.0,23.0,0.09444444444444444,S5,1,ПАБ linear,0.9
252163.0,0.02006781090018189,2.0417379446695296,2.0417379446695296,0.03185637861224684,0.12182199608983078,130.0,37.666666666666664,0.9962499961047047,0.031837679965164005,13460.0,24.0,0.23333333333333334,S5,1,ПАБ AR,0.5
252163.0,0.02006781090018189,2.0417379446695296,2.0417379446695296,0.03836803972033962,0.1210050641846742,135.0,37.666666666666664,0.9965023683300301,0.029317780893095863,12005.0,24.0,0.23333333333333334,S5,1,ПАБ AR,0.6
252163.0,0.02006781090018189,2.0417379446695296,2.0417379446695296,0.03932377073559563,0.14295515202468245,164.0,45.833333333333336,0.9973354896424124,0.025149355450493797,11410.0,23.0,0.23333333333333334,S5,1,ПАБ AR,0.7
252163.0,0.02006781090018189,2.0417379446695296,2.0417379446695296,0.04762395751954093,0.14342706899902047,172.0,46.166666666666664,0.9975468394407934,0.022342535357800366,10315.0,21.0,0.23333333333333334,S5,1,ПАБ AR,0.8
252163.0,0.02006781090018189,2.0417379446695296,2.0417379446695296,0.05470667782347133,0.1522745208456435,191.0,47.0,0.9981915756737687,0.018948506073090534,9870.0,20.0,0.23333333333333334,S5,1,ПАБ AR,0.9
252163.0,0.02006781090018189,0.02006781090018189,0.03126079367123956,0.0,0.0,0.0,0.0,0.9932487930298284,0.048347405130063754,17405.0,47.0,0.0,S5,1,ПАБ LSTM v2,0.5
252163.0,0.02006781090018189,0.06077850313707005,0.9549925860214359,0.0,0.015224279533476362,20.0,13.333333333333334,0.9943255892468437,0.04177858178994706,14620.0,44.0,0.0,S5,1,ПАБ LSTM v2,0.6
252163.0,0.02006781090018189,0.40620942890585726,2.0417379446695296,0.0016655893211930378,0.04632321157346637,48.0,13.833333333333334,0.9957242319334144,0.03444592646090206,12635.0,36.0,0.0,S5,1,ПАБ LSTM v2,0.7
252163.0,0.02006781090018189,1.1547819846894583,2.0417379446695296,0.009541447397120116,0.06038950995982757,70.0,15.166666666666666,0.9961748685803582,0.030385899847188022,11075.0,37.0,0.0,S5,1,ПАБ LSTM v2,0.8
252163.0,0.02006781090018189,1.1547819846894583,2.0417379446695296,0.013961207631571642,0.06051442915891705,75.0,43.0,0.9958488869949963,0.030520614701094524,10020.0,37.0,0.0,S5,1,ПАБ LSTM v2,0.9
252163.0,0.02006781090018189,0.026683942737144424,1.191927939457827,0.0,0.027343424689585706,21.0,6.5,0.9943652162226757,0.042546890324984425,16575.0,44.0,0.0,S5,1,ПАБ GRU v2,0.5
252163.0,0.02006781090018189,0.4911905467933634,2.0417379446695296,0.0036008454848649486,0.04962663039383256,52.0,13.833333333333334,0.9958222087647207,0.03521488931495917,13935.0,39.0,0.0,S5,1,ПАБ GRU v2,0.6
252163.0,0.02006781090018189,0.5232991146814947,2.0417379446695296,0.00759825985572824,0.049864571725431565,55.0,15.0,0.9961492394193001,0.03217463234454703,12140.0,37.0,0.0,S5,1,ПАБ GRU v2,0.7
252163.0,0.02006781090018189,0.9252306262333164,2.0417379446695296,0.019162208571439902,0.0562691592343048,76.0,42.666666666666664,0.9970980048861241,0.025942107298909486,10570.0,34.0,0.0,S5,1,ПАБ GRU v2,0.8
252163.0,0.02006781090018189,1.0839269140212038,2.0417379446695296,0.02067710171595357,0.05842252828527579,80.0,44.833333333333336,0.9964436179206875,0.027285694474938043,9600.0,34.0,0.0,S5,1,ПАБ GRU v2,0.9
268485.0,0.02006781090018189,2.0417379446695296,2.0417379446695296,0.014298750395739055,0.09586755312214836,86.0,20.5,0.9863904165578333,0.07692643040976424,33015.0,32.0,0.0,S5,2,HPA+LC,0.35
268485.0,0.02006781090018189,2.0417379446695296,2.5482967479793466,0.03300743058271412,0.11260219379108702,114.0,24.25,0.9871150468988188,0.0697845176856409,26940.0,33.0,0.0,S5,2,HPA+LC,0.45
268485.0,0.02006781090018189,2.0417379446695296,2.7148760106825023,0.05173287148257817,0.11863791273255489,152.0,39.0,0.9897198363406887,0.05684046876466466,20145.0,33.0,0.0,S5,2,HPA+LC,0.55
268485.0,0.02006781090018189,2.0417379446695296,2.1074146752966985,0.05735981525969793,0.12177495949494385,161.0,42.25,0.994112572486992,0.03934169556296773,14880.0,24.0,0.0,S5,2,HPA+LC,0.65
268485.0,0.02006781090018189,2.0417379446695296,2.7148760106825023,0.10871929530513809,0.21258729537963014,347.0,53.375,0.995352068600259,0.029765536159444033,10860.0,24.0,0.0,S5,2,HPA+LC,0.75
268485.0,0.02006781090018189,2.0417379446695296,2.468880104906209,0.11117101514051064,0.22737676220273012,364.0,68.0,0.9969912494615082,0.021902637695722805,8955.0,17.0,0.0,S5,2,HPA+LC,0.85
268485.0,0.02006781090018189,2.0417379446695296,2.0417379446695296,0.024796543568542006,0.10322178147754996,108.0,21.625,0.9951003037782248,0.037438355095078625,14515.0,37.0,0.12777777777777777,S5,2,ПАБ naive,0.5
268485.0,0.02006781090018189,2.0417379446695296,2.0417379446695296,0.044944782762537945,0.13787734882768124,161.0,36.875,0.9962689787740028,0.031018484351596678,12435.0,35.0,0.12777777777777777,S5,2,ПАБ naive,0.6
268485.0,0.02006781090018189,2.0417379446695296,2.0417379446695296,0.0681173994822802,0.17392591764903068,235.0,40.0,0.9966954400707398,0.026226736966972444,10915.0,38.0,0.12777777777777777,S5,2,ПАБ naive,0.7
268485.0,0.02006781090018189,2.0417379446695296,2.0417379446695296,0.08532134011211055,0.20585693800398533,284.0,43.375,0.9978270425080166,0.020702836900847146,10220.0,34.0,0.12777777777777777,S5,2,ПАБ naive,0.8
268485.0,0.02006781090018189,2.0417379446695296,2.0417379446695296,0.0939568318528037,0.23011713876007972,311.0,48.25,0.9978461390585976,0.019239935781888682,9370.0,31.0,0.12777777777777777,S5,2,ПАБ naive,0.9
268485.0,0.02006781090018189,2.0417379446695296,2.0417379446695296,0.02379276309663482,0.08707376575972586,105.0,19.625,0.9931663837295929,0.043427217551142774,16455.0,53.0,0.1361111111111111,S5,2,ПАБ linear,0.5
268485.0,0.02006781090018189,2.0417379446695296,2.0417379446695296,0.042229547274521856,0.10325344060189583,141.0,32.125,0.9939002552928669,0.038187863901284244,13960.0,55.0,0.1361111111111111,S5,2,ПАБ linear,0.6
268485.0,0.02006781090018189,2.0417379446695296,2.0417379446695296,0.05588487252546697,0.1209667206734082,174.0,34.0,0.9933027832646025,0.03923999382711555,12465.0,60.0,0.1361111111111111,S5,2,ПАБ linear,0.7
268485.0,0.02006781090018189,2.0417379446695296,2.0417379446695296,0.07686835391176416,0.16200532618209584,251.0,38.0,0.9965437040804631,0.02724031945006404,10935.0,48.0,0.1361111111111111,S5,2,ПАБ linear,0.8
268485.0,0.02006781090018189,2.0417379446695296,2.0417379446695296,0.08197664674004135,0.17319962009050785,267.0,39.875,0.9973460834614019,0.02389074749666279,10165.0,47.0,0.1361111111111111,S5,2,ПАБ linear,0.9
268485.0,0.02006781090018189,0.8963961859499497,2.0417379446695296,0.007985548540886829,0.059645790267612714,55.0,19.0,0.9947539379498832,0.04007166326611759,16905.0,34.0,0.1527777777777778,S5,2,ПАБ AR,0.5
268485.0,0.02006781090018189,2.0417379446695296,2.0417379446695296,0.02126748235469393,0.11312363819207777,111.0,30.125,0.9955594688985354,0.03598432144109221,14770.0,36.0,0.1527777777777778,S5,2,ПАБ AR,0.6
268485.0,0.02006781090018189,2.0417379446695296,2.0417379446695296,0.03594707339329944,0.13928431755964021,151.0,36.625,0.9967230906625346,0.030303799457214654,13135.0,34.0,0.1527777777777778,S5,2,ПАБ AR,0.7
268485.0,0.02006781090018189,2.0417379446695296,2.0417379446695296,0.052265489692161576,0.17583663891837534,219.0,39.0,0.9981488465376418,0.02301817814234192,11730.0,28.0,0.1527777777777778,S5,2,ПАБ AR,0.8
268485.0,0.02006781090018189,2.0417379446695296,2.0417379446695296,0.07501908858967912,0.19273143751047545,263.0,41.875,0.9983769170749659,0.019394182245444636,11100.0,31.0,0.1527777777777778,S5,2,ПАБ AR,0.9
268485.0,0.02006781090018189,1.4876473740795015,2.0417379446695296,0.009635547609736112,0.0663686984375291,61.0,16.25,0.9931637893669416,0.04709124551692671,18900.0,59.0,0.0,S5,2,ПАБ LSTM v2,0.5
268485.0,0.02006781090018189,1.8567353246307055,2.0417379446695296,0.021040281579976537,0.0775425070301879,86.0,18.375,0.994440091026314,0.04023570984587639,15930.0,55.0,0.0,S5,2,ПАБ LSTM v2,0.6
268485.0,0.02006781090018189,1.8567353246307055,2.0417379446695296,0.03287334487960221,0.10346946756802056,121.0,26.0,0.9948969275226046,0.03616873420373057,13860.0,54.0,0.0,S5,2,ПАБ LSTM v2,0.7
268485.0,0.02006781090018189,2.0417379446695296,2.0417379446695296,0.03901521500270034,0.12367916270927612,142.0,28.375,0.9955980262749408,0.0318066326891896,12230.0,50.0,0.0,S5,2,ПАБ LSTM v2,0.8
268485.0,0.02006781090018189,2.0417379446695296,2.0417379446695296,0.04796822913756821,0.16549248561372143,194.0,37.375,0.9967462075993151,0.026696285065051027,11020.0,46.0,0.0,S5,2,ПАБ LSTM v2,0.9
268485.0,0.02006781090018189,1.5355006336570662,2.0417379446695296,0.009598301581093916,0.06726632772780602,63.0,16.25,0.9921249705826315,0.0502676446932209,19365.0,57.0,0.06666666666666667,S5,2,ПАБ GRU v2,0.5
268485.0,0.02006781090018189,1.9164610627353873,2.0417379446695296,0.020746037953703188,0.08235841853362386,90.0,18.875,0.9931968872058056,0.044194359045223515,16200.0,55.0,0.06666666666666667,S5,2,ПАБ GRU v2,0.6
268485.0,0.02006781090018189,2.0417379446695296,2.0417379446695296,0.036326051734733786,0.11209937240441738,133.0,26.25,0.9941262608967751,0.03814148323968789,13930.0,50.0,0.06666666666666667,S5,2,ПАБ GRU v2,0.7
268485.0,0.02006781090018189,2.0417379446695296,2.0417379446695296,0.0386855876492169,0.1295063038903477,144.0,28.5,0.9945554390795155,0.035220195216182665,12635.0,46.0,0.06666666666666667,S5,2,ПАБ GRU v2,0.8
268485.0,0.02006781090018189,2.0417379446695296,2.468880104906209,0.0529834068942399,0.17055235860476375,201.0,42.75,0.9959460644879403,0.028173742458389973,11250.0,44.0,0.06666666666666667,S5,2,ПАБ GRU v2,0.9
319449.0,0.02006781090018189,2.0417379446695296,2.7148760106825023,0.03558940550760841,0.16749465485883505,124.0,27.3,0.9848643913388163,0.08443338386696753,39750.0,29.0,0.0,S5,3,HPA+LC,0.35
319449.0,0.02006781090018189,2.3173946499684797,3.388441561392024,0.08361272065337504,0.19887681601758028,186.0,46.9,0.9869852246165284,0.07282754265092962,32085.0,32.0,0.0,S5,3,HPA+LC,0.45
319449.0,0.02006781090018189,2.3919384495683134,3.4974378036641802,0.12757905017702356,0.21206514967960458,260.0,49.8,0.9903884251436995,0.05549456295514185,24000.0,32.0,0.0,S5,3,HPA+LC,0.55
319449.0,0.02006781090018189,2.468880104906209,2.7148760106825023,0.14497149779777055,0.20432995564237172,271.0,51.6,0.9925100725707284,0.04457396645635872,18015.0,25.0,0.0,S5,3,HPA+LC,0.65
319449.0,0.02006781090018189,2.5482967479793466,2.9853826189179604,0.19246108142457793,0.2837495187025159,371.0,69.5,0.9934033184302877,0.03742914744624342,13200.0,27.0,0.0,S5,3,HPA+LC,0.75
319449.0,0.02006781090018189,2.5482967479793466,2.5482967479793466,0.23255042275918847,0.2852004545326484,407.0,76.0,0.9946701911075103,0.03050053127248965,9855.0,22.0,0.0,S5,3,HPA+LC,0.85
319449.0,0.02006781090018189,2.0417379446695296,2.0417379446695296,0.07136976481378875,0.10830210769168161,128.0,35.0,0.9961377446638999,0.03646221206398838,18865.0,28.0,0.3055555555555556,S5,3,ПАБ naive,0.5
319449.0,0.02006781090018189,2.0417379446695296,2.0417379446695296,0.09320110565379763,0.13153273292450438,181.0,38.0,0.9977231961751596,0.028967317875680524,17040.0,23.0,0.3055555555555556,S5,3,ПАБ naive,0.6
319449.0,0.02006781090018189,2.0417379446695296,2.0417379446695296,0.10870279762966858,0.14435794133022797,199.0,40.4,0.9970104801023171,0.02947534507528431,16115.0,24.0,0.3055555555555556,S5,3,ПАБ naive,0.7
319449.0,0.02006781090018189,2.0417379446695296,2.0417379446695296,0.12623298241659858,0.16540668463510608,226.0,42.4,0.997219590597065,0.025789737460999485,15190.0,22.0,0.3055555555555556,S5,3,ПАБ naive,0.8
319449.0,0.02006781090018189,2.0417379446695296,2.0417379446695296,0.13039170571828368,0.20374300749102361,258.0,49.1,0.9967867627080809,0.0263848288384112,14635.0,22.0,0.3055555555555556,S5,3,ПАБ naive,0.9
319449.0,0.02006781090018189,2.0417379446695296,2.0417379446695296,0.12015846034891328,0.17852145412882808,199.0,51.1,0.9920397856515506,0.04614097478375006,20230.0,38.0,0.29444444444444445,S5,3,ПАБ linear,0.5
319449.0,0.02006781090018189,2.0417379446695296,2.0417379446695296,0.14066877654962137,0.1948433083215161,246.0,52.3,0.9936485556573645,0.039455079414287,18105.0,41.0,0.29444444444444445,S5,3,ПАБ linear,0.6
319449.0,0.02006781090018189,2.0417379446695296,2.0417379446695296,0.14488775986151153,0.2020126843408494,256.0,53.6,0.9942536782741912,0.03666507579793987,16535.0,39.0,0.29444444444444445,S5,3,ПАБ linear,0.7
319449.0,0.02006781090018189,2.0417379446695296,2.0417379446695296,0.17030731040009517,0.19132161941342749,271.0,54.8,0.995609350138846,0.03030122276570397,14875.0,36.0,0.29444444444444445,S5,3,ПАБ linear,0.8
319449.0,0.02006781090018189,2.0417379446695296,2.0417379446695296,0.17298692436038304,0.19781404856487264,276.0,55.5,0.9963747129404783,0.027087115205186234,13965.0,34.0,0.29444444444444445,S5,3,ПАБ linear,0.9
319449.0,0.02006781090018189,2.0417379446695296,2.0417379446695296,0.10588701169826796,0.18928060504180635,195.0,50.3,0.9938435094516863,0.04384247712950284,20530.0,43.0,0.16111111111111112,S5,3,ПАБ AR,0.5
319449.0,0.02006781090018189,2.0417379446695296,2.0417379446695296,0.11994246342921719,0.20812242329761557,240.0,51.6,0.9953364040458569,0.03679939468210086,17905.0,38.0,0.16111111111111112,S5,3,ПАБ AR,0.6
319449.0,0.02006781090018189,2.0417379446695296,2.0417379446695296,0.1341200003756468,0.2167842128164433,254.0,53.9,0.9958217235446162,0.03347004036381039,16115.0,37.0,0.16111111111111112,S5,3,ПАБ AR,0.7
319449.0,0.02006781090018189,2.0417379446695296,2.0417379446695296,0.14940569543182167,0.2220683113736465,272.0,55.9,0.996845772962347,0.027188518152095137,14470.0,30.0,0.16111111111111112,S5,3,ПАБ AR,0.8
319449.0,0.02006781090018189,2.0417379446695296,2.0417379446695296,0.15868417180833247,0.2423219355828317,287.0,57.4,0.9969574131011069,0.026185662164592262,13605.0,34.0,0.16111111111111112,S5,3,ПАБ AR,0.9
319449.0,0.02006781090018189,2.0417379446695296,2.0417379446695296,0.051408049485207344,0.1609075314056391,141.0,41.3,0.9932260761916829,0.04956733559549424,21900.0,62.0,0.05555555555555555,S5,3,ПАБ LSTM v2,0.5
319449.0,0.02006781090018189,2.0417379446695296,2.0417379446695296,0.07460502302401949,0.19021972208396332,196.0,43.9,0.9950785767416485,0.04086983722952875,18420.0,58.0,0.05555555555555555,S5,3,ПАБ LSTM v2,0.6
319449.0,0.02006781090018189,2.0417379446695296,2.0417379446695296,0.09926154096585058,0.2011995655018485,219.0,47.0,0.9963907619917268,0.03363662614026836,15860.0,54.0,0.05555555555555555,S5,3,ПАБ LSTM v2,0.7
319449.0,0.02006781090018189,2.0417379446695296,2.0417379446695296,0.11900804197227101,0.23184295458743023,251.0,50.6,0.9967135388829543,0.030237270656264283,14145.0,54.0,0.05555555555555555,S5,3,ПАБ LSTM v2,0.8
319449.0,0.02006781090018189,2.0417379446695296,2.0417379446695296,0.14141380940306592,0.24664500436689424,277.0,54.3,0.9974567837363726,0.025436695202779122,12650.0,51.0,0.05555555555555555,S5,3,ПАБ LSTM v2,0.9
319449.0,0.02006781090018189,2.0417379446695296,2.0417379446695296,0.05710222915081907,0.15780218438624005,144.0,40.9,0.9941467684864155,0.045469177082102866,21565.0,63.0,0.0,S5,3,ПАБ GRU v2,0.5
319449.0,0.02006781090018189,2.0417379446695296,2.0417379446695296,0.08077502199099074,0.18521735863940722,198.0,44.3,0.995814831108995,0.037509351117441185,18220.0,59.0,0.0,S5,3,ПАБ GRU v2,0.6
319449.0,0.02006781090018189,2.0417379446695296,2.0417379446695296,0.10636987437744366,0.18994659554420268,221.0,46.5,0.9966528379016694,0.032210506667533736,15585.0,55.0,0.0,S5,3,ПАБ GRU v2,0.7
319449.0,0.02006781090018189,2.0417379446695296,2.0417379446695296,0.11945725295743609,0.22842613374904913,250.0,50.1,0.9976457639290564,0.026166361839579926,13900.0,52.0,0.0,S5,3,ПАБ GRU v2,0.8
319449.0,0.02006781090018189,2.0417379446695296,2.1752040340195222,0.14844544825621617,0.23743774436608034,277.0,53.7,0.9982126376741833,0.02141590281750088,12285.0,49.0,0.0,S5,3,ПАБ GRU v2,0.9
263321.0,0.02006781090018189,0.021379620895022326,0.050263184440820056,0.0,0.0,0.0,0.0,0.9882739225113178,0.06469927985927157,26490.0,17.0,0.0,S5,4,HPA+LC,0.35
263321.0,0.02006781090018189,0.029342695039559687,0.3578903595427346,0.0,0.004120446147477794,12.0,14.0,0.9916485457615299,0.05175369441811038,21210.0,15.0,0.0,S5,4,HPA+LC,0.45
263321.0,0.02006781090018189,0.3578903595427346,2.0417379446695296,0.006015471610695691,0.04625912859209862,73.0,15.0,0.9937425284659966,0.04133013017625333,16965.0,15.0,0.0,S5,4,HPA+LC,0.55
263321.0,0.02006781090018189,0.8151734005153627,2.0417379446695296,0.006015471610695691,0.05450761617949195,93.0,51.75,0.9947587958397628,0.03676563148539219,14460.0,16.0,0.0,S5,4,HPA+LC,0.65
263321.0,0.02006781090018189,2.0417379446695296,2.6302679918953813,0.050454578252399164,0.2123083612776801,198.0,76.5,0.996670029269222,0.024418870381939912,11445.0,11.0,0.0,S5,4,HPA+LC,0.75
263321.0,0.02006781090018189,2.0417379446695296,2.6302679918953813,0.0784346861815047,0.22734419206975517,232.0,109.75,0.9979724039891381,0.01834146148027599,9030.0,10.0,0.0,S5,4,HPA+LC,0.85
263321.0,0.02006781090018189,0.6531305526474723,2.0417379446695296,0.005572096414642205,0.05561937711006718,39.0,42.25,0.9950839126992534,0.0355347257241266,13755.0,23.0,0.06111111111111111,S5,4,ПАБ naive,0.5
263321.0,0.02006781090018189,2.0417379446695296,2.0417379446695296,0.019649970948006426,0.11714124585581856,124.0,46.75,0.9977732532097826,0.02328043968891613,11415.0,18.0,0.06111111111111111,S5,4,ПАБ naive,0.6
263321.0,0.02006781090018189,2.0417379446695296,2.0417379446695296,0.034075330110397574,0.128224676345601,145.0,50.25,0.9971886380228004,0.023712707413041885,10285.0,23.0,0.06111111111111111,S5,4,ПАБ naive,0.7
263321.0,0.02006781090018189,2.0417379446695296,2.6302679918953813,0.05114385104112471,0.1437931270198731,171.0,56.0,0.9987685047830585,0.015541913112015525,8970.0,18.0,0.06111111111111111,S5,4,ПАБ naive,0.8
263321.0,0.02006781090018189,2.0417379446695296,2.7148760106825023,0.05488358315516043,0.1646507494654813,191.0,71.25,0.9984449827600611,0.01572582237756942,8695.0,16.0,0.06111111111111111,S5,4,ПАБ naive,0.9
263321.0,0.02006781090018189,0.34673685045253166,2.0417379446695296,0.00028482346641551566,0.04289061639595779,28.0,39.75,0.9951140275669268,0.03546540967364836,15905.0,37.0,0.0,S5,4,ПАБ linear,0.5
263321.0,0.02006781090018189,2.0417379446695296,2.0417379446695296,0.01890468287755249,0.10263898435749523,110.0,43.5,0.9967184861446378,0.02791028894707344,13275.0,38.0,0.0,S5,4,ПАБ linear,0.6
263321.0,0.02006781090018189,2.0417379446695296,2.0417379446695296,0.026013876599283763,0.10601888949229268,119.0,44.75,0.9969108808911091,0.025958808948110885,11885.0,37.0,0.0,S5,4,ПАБ linear,0.7
263321.0,0.02006781090018189,2.0417379446695296,2.0417379446695296,0.041682964898356,0.10144272579855006,131.0,47.75,0.9978885453021185,0.020234287457280828,10105.0,35.0,0.0,S5,4,ПАБ linear,0.8
263321.0,0.02006781090018189,2.0417379446695296,2.0417379446695296,0.049901071315998344,0.10209971859441518,139.0,48.75,0.9990055904461658,0.015341031815993651,9255.0,30.0,0.0,S5,4,ПАБ linear,0.9
263321.0,0.02006781090018189,0.03330427623087463,0.32546178349804583,0.0,0.004276149642451608,25.0,45.25,0.9951951777845007,0.038455120416984,15845.0,24.0,0.04722222222222222,S5,4,ПАБ AR,0.5
263321.0,0.02006781090018189,0.2024184057376061,2.0417379446695296,0.0038773967894698866,0.028550704273491292,48.0,46.75,0.9958109858835523,0.0347119838544178,13710.0,26.0,0.04722222222222222,S5,4,ПАБ AR,0.6
263321.0,0.02006781090018189,1.9781080029332403,2.0417379446695296,0.010097941295984748,0.08539767052380934,85.0,49.75,0.9978880619666775,0.024855133742070344,12080.0,19.0,0.04722222222222222,S5,4,ПАБ AR,0.7
263321.0,0.02006781090018189,2.0417379446695296,2.0417379446695296,0.02729273396348943,0.14465329388844794,157.0,55.75,0.9974520119987114,0.023745799633843843,10595.0,24.0,0.04722222222222222,S5,4,ПАБ AR,0.8
263321.0,0.02006781090018189,2.0417379446695296,2.0417379446695296,0.029176366488050706,0.1542157670675715,165.0,58.0,0.9982293526585903,0.019239075970289676,9780.0,19.0,0.04722222222222222,S5,4,ПАБ AR,0.9
263321.0,0.02006781090018189,0.025852348395621914,0.17278259805078636,0.0,0.0,0.0,18.0,0.9941980592919287,0.04182962695360233,17315.0,40.0,0.0,S5,4,ПАБ LSTM v2,0.5
263321.0,0.02006781090018189,0.10086720805993415,1.742809826672464,0.00012911997144170043,0.0364004390079029,23.0,28.0,0.994921659824596,0.03702255351659931,14715.0,40.0,0.0,S5,4,ПАБ LSTM v2,0.6
263321.0,0.02006781090018189,0.47588279098881686,2.0417379446695296,0.004697688372746572,0.04775160355611592,33.0,39.5,0.9957494779980919,0.03176724142235396,12480.0,35.0,0.0,S5,4,ПАБ LSTM v2,0.7
263321.0,0.02006781090018189,2.0417379446695296,2.0417379446695296,0.017343850281595467,0.10543405197458615,108.0,41.75,0.9969801164209897,0.027078690546050214,11185.0,34.0,0.0,S5,4,ПАБ LSTM v2,0.8
263321.0,0.02006781090018189,2.0417379446695296,2.0417379446695296,0.024039100565469523,0.10983932158847946,115.0,45.0,0.9972221409555826,0.024931056423457998,10145.0,35.0,0.0,S5,4,ПАБ LSTM v2,0.9
263321.0,0.02006781090018189,0.025852348395621914,0.2024184057376061,0.0,0.0,0.0,18.0,0.9946416182901172,0.03831875559974529,15985.0,36.0,0.044444444444444446,S5,4,ПАБ GRU v2,0.5
263321.0,0.02006781090018189,0.11816803125447838,1.7988709151287874,0.00012911997144170043,0.03761188815172356,23.0,28.5,0.9954485072208356,0.03368863712469623,13505.0,35.0,0.044444444444444446,S5,4,ПАБ GRU v2,0.6
263321.0,0.02006781090018189,0.5069907082747045,2.0417379446695296,0.004876177745033628,0.04946813964704676,34.0,40.0,0.9965178468729035,0.02775413961658924,11790.0,30.0,0.044444444444444446,S5,4,ПАБ GRU v2,0.7
263321.0,0.02006781090018189,2.0417379446695296,2.0417379446695296,0.017381826743784204,0.10565051780906194,108.0,42.5,0.9973306943714875,0.024266340962413882,10550.0,33.0,0.044444444444444446,S5,4,ПАБ GRU v2,0.8
263321.0,0.02006781090018189,2.0417379446695296,2.0417379446695296,0.024149232305816854,0.11174953763657285,118.0,57.75,0.9984086928862116,0.01868948633682323,9340.0,27.0,0.044444444444444446,S5,4,ПАБ GRU v2,0.9
322062.0,0.02006781090018189,2.0417379446695296,3.4974378036641802,0.06670532381963722,0.1525102309493203,131.0,41.142857142857146,0.9874865867054016,0.0717687814447297,33000.0,24.0,0.0,S5,5,HPA+LC,0.35
322062.0,0.02006781090018189,2.0417379446695296,3.726061338637685,0.09548006284504226,0.16097676844831119,168.0,57.57142857142857,0.9852590628834844,0.0755918034221147,30540.0,28.0,0.0,S5,5,HPA+LC,0.45
322062.0,0.02006781090018189,2.0417379446695296,3.726061338637685,0.1269592500822823,0.18512041159776688,212.0,70.57142857142857,0.9882379728110889,0.06354200326020255,27330.0,26.0,0.0,S5,5,HPA+LC,0.55
322062.0,0.02006781090018189,2.0417379446695296,3.8459178204535354,0.16502878327775397,0.26217777943377363,273.0,83.71428571428571,0.9917755005194319,0.04810377995765817,19215.0,25.0,0.0,S5,5,HPA+LC,0.65
322062.0,0.02006781090018189,2.0417379446695296,3.4974378036641802,0.20960482764188262,0.26399652861871314,353.0,103.57142857142857,0.995137310363922,0.03182209738226123,12855.0,24.0,0.0,S5,5,HPA+LC,0.75
322062.0,0.02006781090018189,2.0417379446695296,3.2828421431654635,0.2798933124677857,0.26405785221479094,427.0,107.71428571428571,0.9962550296124113,0.02467029437213774,9345.0,22.0,0.0,S5,5,HPA+LC,0.85
322062.0,0.02006781090018189,2.0417379446695296,2.0417379446695296,0.05142177593134241,0.09630133328365346,98.0,54.714285714285715,0.9948725244210542,0.039868342353417095,17735.0,40.0,0.11388888888888889,S5,5,ПАБ naive,0.5
322062.0,0.02006781090018189,2.0417379446695296,2.0417379446695296,0.06866845514217759,0.16403208077947726,166.0,67.14285714285714,0.9968564237727702,0.029636140975422626,15000.0,37.0,0.11388888888888889,S5,5,ПАБ naive,0.6
322062.0,0.02006781090018189,2.0417379446695296,2.0417379446695296,0.09468984232849575,0.22446609659009756,250.0,72.0,0.9977237282531671,0.023928245914158323,13085.0,36.0,0.11388888888888889,S5,5,ПАБ naive,0.7
322062.0,0.02006781090018189,2.0417379446695296,2.1074146752966985,0.11237587793654638,0.24060584607932634,267.0,76.42857142857143,0.9991952290235802,0.01678854837522012,11785.0,30.0,0.11388888888888889,S5,5,ПАБ naive,0.8
322062.0,0.02006781090018189,2.0417379446695296,2.2451739778971898,0.1296380821084139,0.2582716992380349,290.0,80.28571428571429,0.9993608230739243,0.014819076459915316,11060.0,30.0,0.11388888888888889,S5,5,ПАБ naive,0.9
322062.0,0.02006781090018189,2.0417379446695296,2.0417379446695296,0.046463103377610525,0.08290329191273729,88.0,52.285714285714285,0.993836899522092,0.039982242401493395,20060.0,46.0,0.12777777777777777,S5,5,ПАБ linear,0.5
322062.0,0.02006781090018189,2.0417379446695296,2.0417379446695296,0.06245381324092877,0.12224975315311959,141.0,54.857142857142854,0.9959324514710599,0.03172636062541278,16975.0,47.0,0.12777777777777777,S5,5,ПАБ linear,0.6
322062.0,0.02006781090018189,2.0417379446695296,2.0417379446695296,0.07895995181052096,0.1327756767330514,160.0,58.857142857142854,0.9957789463352593,0.03143317727307958,15105.0,51.0,0.12777777777777777,S5,5,ПАБ linear,0.7
322062.0,0.02006781090018189,2.0417379446695296,2.0417379446695296,0.09025901844986368,0.16156205947923072,211.0,67.14285714285714,0.9983251671502981,0.019635589860436654,13015.0,41.0,0.12777777777777777,S5,5,ПАБ linear,0.8
322062.0,0.02006781090018189,2.0417379446695296,2.0417379446695296,0.10245232284466967,0.1844924269240084,232.0,69.0,0.9986208788145556,0.017775060171707293,12055.0,42.0,0.12777777777777777,S5,5,ПАБ linear,0.9
322062.0,0.02006781090018189,2.0417379446695296,2.0417379446695296,0.04493234221982103,0.09651557774589986,101.0,30.142857142857142,0.9949993737151577,0.03900158294327291,19580.0,34.0,0.1388888888888889,S5,5,ПАБ AR,0.5
322062.0,0.02006781090018189,2.0417379446695296,2.0417379446695296,0.055776527500915975,0.1358822214356242,151.0,54.714285714285715,0.9964297303410237,0.03315387415541877,16635.0,36.0,0.1388888888888889,S5,5,ПАБ AR,0.6
322062.0,0.02006781090018189,2.0417379446695296,2.0417379446695296,0.06713458899218162,0.1635259670498227,172.0,68.28571428571429,0.9974534724861766,0.026810734972539503,14500.0,30.0,0.1388888888888889,S5,5,ПАБ AR,0.7
322062.0,0.02006781090018189,2.0417379446695296,2.0417379446695296,0.08663704504101695,0.22110183753438778,240.0,70.71428571428571,0.9987318549141943,0.019902082662216287,12855.0,29.0,0.1388888888888889,S5,5,ПАБ AR,0.8
322062.0,0.02006781090018189,2.0417379446695296,2.1752040340195222,0.1130147300830275,0.23432522309369003,262.0,74.71428571428571,0.999461954205936,0.01514068483013348,11500.0,28.0,0.1388888888888889,S5,5,ПАБ AR,0.9
322062.0,0.02006781090018189,2.0417379446695296,2.0417379446695296,0.10332948314299731,0.12953251237339394,151.0,60.42857142857143,0.993580808742164,0.0445621878181623,19020.0,51.0,0.11388888888888889,S5,5,ПАБ LSTM v2,0.5
322062.0,0.02006781090018189,2.0417379446695296,2.0417379446695296,0.11120684837081059,0.16438604989101477,192.0,62.57142857142857,0.9948892713811097,0.038969557256528745,16170.0,50.0,0.11388888888888889,S5,5,ПАБ LSTM v2,0.6
322062.0,0.02006781090018189,2.0417379446695296,2.0417379446695296,0.12559227726338407,0.18110953791505982,218.0,67.57142857142857,0.9959246573165816,0.03302319793058068,14045.0,45.0,0.11388888888888889,S5,5,ПАБ LSTM v2,0.7
322062.0,0.02006781090018189,2.0417379446695296,2.1752040340195222,0.13064099459110357,0.21605622519887474,237.0,75.85714285714286,0.9962853148321787,0.02907682132121055,12400.0,42.0,0.11388888888888889,S5,5,ПАБ LSTM v2,0.8
322062.0,0.02006781090018189,2.0417379446695296,2.3173946499684797,0.14878113530935036,0.25915895076103357,299.0,87.0,0.9975897039292254,0.02327524042252059,11230.0,39.0,0.11388888888888889,S5,5,ПАБ LSTM v2,0.9
322062.0,0.02006781090018189,2.0417379446695296,2.0417379446695296,0.07627568604802802,0.10230794070706882,117.0,56.0,0.9936625159877567,0.042902595336360955,18240.0,45.0,0.15833333333333333,S5,5,ПАБ GRU v2,0.5
322062.0,0.02006781090018189,2.0417379446695296,2.0417379446695296,0.0872285460563494,0.14210617831349243,161.0,59.42857142857143,0.9951443818608817,0.036448181072806604,15475.0,42.0,0.15833333333333333,S5,5,ПАБ GRU v2,0.6
322062.0,0.02006781090018189,2.0417379446695296,2.0417379446695296,0.09857806881904727,0.1664174910420975,184.0,65.57142857142857,0.9963210461005181,0.030270620384769645,13665.0,40.0,0.15833333333333333,S5,5,ПАБ GRU v2,0.7
322062.0,0.02006781090018189,2.0417379446695296,2.0417379446695296,0.10954567754034937,0.21219050990182015,218.0,79.28571428571429,0.9968349285820927,0.025742811401166247,12030.0,34.0,0.15833333333333333,S5,5,ПАБ GRU v2,0.8
322062.0,0.02006781090018189,2.0417379446695296,2.1074146752966985,0.12743353764182053,0.2883249188044538,300.0,83.57142857142857,0.9975958475863591,0.022415158043332075,11010.0,40.0,0.15833333333333333,S5,5,ПАБ GRU v2,0.9
309211.0,0.02006781090018189,2.0417379446695296,3.2828421431654635,0.04158648948452675,0.14135331537364454,127.0,26.625,0.9882269003512525,0.06958567498563618,34305.0,28.0,0.0,S5,6,HPA+LC,0.35
309211.0,0.02006781090018189,2.0417379446695296,3.1805336883295205,0.067868704541559,0.14049386988173124,144.0,36.25,0.9894295609826994,0.06233129862182262,29685.0,28.0,0.0,S5,6,HPA+LC,0.45
309211.0,0.02006781090018189,2.0417379446695296,3.388441561392024,0.1022635029154849,0.19513212660610393,213.0,39.5,0.9921823533173698,0.048127667576042414,22755.0,25.0,0.0,S5,6,HPA+LC,0.55
309211.0,0.02006781090018189,2.0417379446695296,2.9853826189179604,0.1327685625673084,0.18113682889677277,226.0,41.25,0.9922798492068599,0.04289981067994778,16260.0,24.0,0.0,S5,6,HPA+LC,0.65
309211.0,0.02006781090018189,2.0417379446695296,2.7148760106825023,0.17784781265866997,0.21581541407000399,304.0,64.125,0.9942033268198245,0.033347400881596316,11625.0,22.0,0.0,S5,6,HPA+LC,0.75
309211.0,0.02006781090018189,2.0417379446695296,2.1752040340195222,0.21283039736619977,0.22129387376257637,343.0,74.0,0.9952536846056902,0.028251833413555295,9285.0,21.0,0.0,S5,6,HPA+LC,0.85
309211.0,0.02006781090018189,2.0417379446695296,2.0417379446695296,0.0636822428697556,0.1871109048513798,179.0,38.875,0.9949889398837773,0.03712695985329387,16700.0,28.0,0.41944444444444445,S5,6,ПАБ naive,0.5
309211.0,0.02006781090018189,2.0417379446695296,2.0417379446695296,0.08743139797743289,0.18312818754830842,196.0,41.125,0.9961158781217533,0.032479552327061775,15095.0,28.0,0.41944444444444445,S5,6,ПАБ naive,0.6
309211.0,0.02006781090018189,2.0417379446695296,2.0417379446695296,0.0973534253309229,0.19445702125732914,209.0,42.875,0.9959328461129475,0.031352162935032284,14100.0,29.0,0.41944444444444445,S5,6,ПАБ naive,0.7
309211.0,0.02006781090018189,2.0417379446695296,2.0417379446695296,0.11450999479319947,0.2140940975579782,247.0,45.0,0.9976929589826993,0.02227371896767186,13075.0,23.0,0.41944444444444445,S5,6,ПАБ naive,0.8
309211.0,0.02006781090018189,2.0417379446695296,2.0417379446695296,0.1224835144933395,0.23159185798694096,262.0,47.125,0.9969492008948885,0.02417328264753419,12995.0,24.0,0.41944444444444445,S5,6,ПАБ naive,0.9
309211.0,0.02006781090018189,2.0417379446695296,2.0417379446695296,0.07058044506825437,0.17837900333429277,180.0,38.375,0.9937473221269215,0.04069308890846958,19235.0,41.0,0.24722222222222223,S5,6,ПАБ linear,0.5
309211.0,0.02006781090018189,2.0417379446695296,2.0417379446695296,0.09083683956909683,0.1754861567020578,195.0,40.125,0.9946287880596331,0.03631938981145192,16775.0,41.0,0.24722222222222223,S5,6,ПАБ linear,0.6
309211.0,0.02006781090018189,2.0417379446695296,2.0417379446695296,0.10813085562932755,0.1685734013343639,203.0,41.375,0.9953593323328264,0.032085824950330674,14835.0,40.0,0.24722222222222223,S5,6,ПАБ linear,0.7
309211.0,0.02006781090018189,2.0417379446695296,2.1752040340195222,0.12365423610414894,0.17449169014038957,235.0,46.375,0.996179834135397,0.027407265087470916,13285.0,39.0,0.24722222222222223,S5,6,ПАБ linear,0.8
309211.0,0.02006781090018189,2.0417379446695296,2.1074146752966985,0.12902112149955855,0.17628496398899132,239.0,48.5,0.9969609205224637,0.023961249034946303,12380.0,37.0,0.24722222222222223,S5,6,ПАБ linear,0.9
309211.0,0.02006781090018189,2.0417379446695296,2.0417379446695296,0.04949451992328863,0.18010597941211665,166.0,37.375,0.994888308855969,0.03992424407549317,18815.0,35.0,0.275,S5,6,ПАБ AR,0.5
309211.0,0.02006781090018189,2.0417379446695296,2.0417379446695296,0.06761725811824289,0.18289776236938532,181.0,38.875,0.9949651144121693,0.03861124759974569,16925.0,37.0,0.275,S5,6,ПАБ AR,0.6
309211.0,0.02006781090018189,2.0417379446695296,2.0417379446695296,0.08148238581421748,0.1844331217194731,192.0,40.125,0.9964376746016372,0.03126165650206581,15385.0,31.0,0.275,S5,6,ПАБ AR,0.7
309211.0,0.02006781090018189,2.0417379446695296,2.0417379446695296,0.09331411236987042,0.19014281510036835,204.0,42.125,0.9959184406607168,0.031432172322958564,14325.0,34.0,0.275,S5,6,ПАБ AR,0.8
309211.0,0.02006781090018189,2.0417379446695296,2.0417379446695296,0.110059959057084,0.21084388977106247,241.0,49.5,0.9972988460852379,0.02387479561307586,13290.0,26.0,0.275,S5,6,ПАБ AR,0.9
309211.0,0.02006781090018189,1.4412854420872234,2.0417379446695296,0.02391894208162064,0.08563084754423354,86.0,26.5,0.9936043772381449,0.04802472134437903,20565.0,59.0,0.0,S5,6,ПАБ LSTM v2,0.5
309211.0,0.02006781090018189,2.0417379446695296,2.0417379446695296,0.03606598730316839,0.161834475487612,146.0,31.75,0.9953508050686574,0.038619183801061815,17260.0,51.0,0.0,S5,6,ПАБ LSTM v2,0.6
309211.0,0.02006781090018189,2.0417379446695296,2.0417379446695296,0.057772039157727245,0.1781348334955742,172.0,34.875,0.9967022432716267,0.031398637663722785,14850.0,46.0,0.0,S5,6,ПАБ LSTM v2,0.7
309211.0,0.02006781090018189,2.0417379446695296,2.0417379446695296,0.07452192839193948,0.19263221554213789,192.0,37.375,0.9969587128886923,0.02860409881926168,13235.0,48.0,0.0,S5,6,ПАБ LSTM v2,0.8
309211.0,0.02006781090018189,2.0417379446695296,2.0417379446695296,0.09279100678824492,0.21683251889486468,220.0,41.625,0.9975569848936384,0.02355639521001878,11885.0,42.0,0.0,S5,6,ПАБ LSTM v2,0.9
309211.0,0.02006781090018189,1.9781080029332403,2.0417379446695296,0.028627700825649798,0.09726691482515176,97.0,27.875,0.9937973986029884,0.0451978958214698,19335.0,54.0,0.07222222222222222,S5,6,ПАБ GRU v2,0.5
309211.0,0.02006781090018189,2.0417379446695296,2.0417379446695296,0.04333125276914469,0.16613412847537765,154.0,32.625,0.9953896773679763,0.03790973195542286,16320.0,50.0,0.07222222222222222,S5,6,ПАБ GRU v2,0.6
309211.0,0.02006781090018189,2.0417379446695296,2.0417379446695296,0.0613432251763359,0.176924494924178,175.0,35.125,0.9969924691068215,0.02927351080779018,14195.0,42.0,0.07222222222222222,S5,6,ПАБ GRU v2,0.7
309211.0,0.02006781090018189,2.0417379446695296,2.0417379446695296,0.08379957375384446,0.19235813085562933,201.0,37.875,0.9971085957397449,0.026836267748931893,12595.0,46.0,0.07222222222222222,S5,6,ПАБ GRU v2,0.8
309211.0,0.02006781090018189,2.0417379446695296,2.0417379446695296,0.09825491331162216,0.21897830284174885,225.0,48.25,0.9982395250536343,0.020137661870077324,11175.0,38.0,0.07222222222222222,S5,6,ПАБ GRU v2,0.9
214564.0,0.02006781090018189,0.025852348395621914,0.06683439175686146,0.0,0.001621893700714006,6.0,9.8,0.9918039035089005,0.05267116149428471,20670.0,20.0,0.0,S5,7,HPA+LC,0.35
214564.0,0.02006781090018189,1.0839269140212038,2.0417379446695296,0.0033836058239033575,0.0664743386588617,57.0,15.2,0.9921507773390911,0.048536787634385216,18480.0,21.0,0.0,S5,7,HPA+LC,0.45
214564.0,0.02006781090018189,1.8567353246307055,2.0417379446695296,0.01543362353423687,0.08472297309893552,82.0,21.2,0.9939931640060657,0.038628889914829906,14055.0,22.0,0.0,S5,7,HPA+LC,0.55
214564.0,0.02006781090018189,2.0417379446695296,2.3919384495683134,0.020224734811058704,0.09058136500065249,91.0,22.4,0.9955154995415112,0.03030693037524862,10860.0,15.0,0.0,S5,7,HPA+LC,0.65
214564.0,0.02006781090018189,2.0417379446695296,2.2451739778971898,0.04841562424265021,0.15091884006636713,194.0,58.6,0.9959439403313313,0.025613344085177098,8745.0,19.0,0.0,S5,7,HPA+LC,0.75
214564.0,0.02006781090018189,2.0417379446695296,2.0417379446695296,0.059807330213828974,0.1465879644301933,196.0,61.4,0.9963838234518081,0.022411903122188857,7290.0,16.0,0.0,S5,7,HPA+LC,0.85
214564.0,0.02006781090018189,0.050263184440820056,2.0417379446695296,0.0021578643202028298,0.03961055908726534,41.0,8.0,0.9952544398894293,0.03625155546089901,11260.0,26.0,0.06388888888888888,S5,7,ПАБ naive,0.5
214564.0,0.02006781090018189,0.06077850313707005,2.0417379446695296,0.010411811860330716,0.03869241811301057,50.0,17.4,0.9964498196386042,0.029034948110855746,9520.0,22.0,0.06388888888888888,S5,7,ПАБ naive,0.6
214564.0,0.02006781090018189,2.0417379446695296,2.0417379446695296,0.01604882459312839,0.09656093286851476,124.0,27.8,0.9965903407987523,0.025511589694078927,8255.0,22.0,0.06388888888888888,S5,7,ПАБ naive,0.7
214564.0,0.02006781090018189,2.0417379446695296,2.0417379446695296,0.025596092541153224,0.11022818366547976,149.0,40.0,0.9975729220765541,0.019410535353373587,7465.0,17.0,0.06388888888888888,S5,7,ПАБ naive,0.8
214564.0,0.02006781090018189,2.0417379446695296,2.0417379446695296,0.027340327361533155,0.13176837680132733,171.0,56.8,0.9977141166829668,0.017519339095305463,7170.0,16.0,0.06388888888888888,S5,7,ПАБ naive,0.9
214564.0,0.02006781090018189,0.04027170343254591,2.0417379446695296,0.0021578643202028298,0.037448034152979995,33.0,7.8,0.9954153716103835,0.03473033727490155,12560.0,34.0,0.0,S5,7,ПАБ linear,0.5
214564.0,0.02006781090018189,0.04290421892388853,2.0417379446695296,0.010178781156205142,0.03551853992282023,39.0,17.2,0.9956798338502985,0.03080164849262665,10445.0,33.0,0.0,S5,7,ПАБ linear,0.6
214564.0,0.02006781090018189,1.8567353246307055,2.0417379446695296,0.015081747171007251,0.06515538487351093,81.0,18.2,0.9959847011451235,0.02925810015880351,9430.0,33.0,0.0,S5,7,ПАБ linear,0.7
214564.0,0.02006781090018189,2.0417379446695296,2.0417379446695296,0.02530713446803751,0.08566674745064409,122.0,28.0,0.9978944913157731,0.020621688740821296,7940.0,27.0,0.0,S5,7,ПАБ linear,0.8
214564.0,0.02006781090018189,2.0417379446695296,2.0417379446695296,0.02584310508752633,0.09916388583359743,140.0,38.6,0.9985742484627922,0.016761395239458386,7395.0,25.0,0.0,S5,7,ПАБ linear,0.9
214564.0,0.02006781090018189,0.03548133892335755,2.0417379446695296,0.0021578643202028298,0.037037900113718984,32.0,7.8,0.9961218674534671,0.033053177629075774,11970.0,20.0,0.06666666666666667,S5,7,ПАБ AR,0.5
214564.0,0.02006781090018189,0.037800713730181124,2.0417379446695296,0.0021578643202028298,0.03776495591059078,33.0,7.8,0.9959630057891178,0.03222384678256575,10420.0,21.0,0.06666666666666667,S5,7,ПАБ AR,0.6
214564.0,0.02006781090018189,0.03330427623087463,2.0417379446695296,0.010411811860330716,0.03729423388825712,41.0,8.8,0.9973497052182473,0.02462346084835176,9035.0,14.0,0.06666666666666667,S5,7,ПАБ AR,0.7
214564.0,0.02006781090018189,0.04290421892388853,2.0417379446695296,0.010719412389776478,0.03940549206763483,43.0,8.8,0.9965417685395042,0.026412412420592578,8175.0,18.0,0.06666666666666667,S5,7,ПАБ AR,0.8
214564.0,0.02006781090018189,1.1547819846894583,2.0417379446695296,0.020292313715255122,0.06940120430267892,94.0,28.0,0.9985640654401187,0.017059538200951893,7280.0,14.0,0.06666666666666667,S5,7,ПАБ AR,0.9
214564.0,0.02006781090018189,0.02006781090018189,0.04290421892388853,0.0,0.0,0.0,6.8,0.9941576532102017,0.04277981458497417,14650.0,38.0,0.0,S5,7,ПАБ LSTM v2,0.5
214564.0,0.02006781090018189,0.03548133892335755,2.0417379446695296,0.0014634328219086147,0.035131708953971774,31.0,7.8,0.9948058942787034,0.038428338712106345,12370.0,37.0,0.0,S5,7,ПАБ LSTM v2,0.6
214564.0,0.02006781090018189,0.03126079367123956,2.0417379446695296,0.009209373427042747,0.03434872578810984,37.0,7.8,0.9959208927128181,0.03252789358691151,10715.0,31.0,0.0,S5,7,ПАБ LSTM v2,0.7
214564.0,0.02006781090018189,0.03126079367123956,2.0417379446695296,0.00965213176488134,0.03554184299323279,38.0,8.2,0.996335306672574,0.028735786179970222,9365.0,27.0,0.0,S5,7,ПАБ LSTM v2,0.8
214564.0,0.02006781090018189,0.03548133892335755,2.0417379446695296,0.01587405156503421,0.03353777893775284,43.0,16.4,0.9961812480403238,0.027780731493350856,8525.0,28.0,0.0,S5,7,ПАБ LSTM v2,0.9
214564.0,0.02006781090018189,0.02006781090018189,0.04290421892388853,0.0,0.0,0.0,7.8,0.9944171657396669,0.04024006530775351,13690.0,37.0,0.0,S5,7,ПАБ GRU v2,0.5
214564.0,0.02006781090018189,0.037800713730181124,2.0417379446695296,0.0021578643202028298,0.036637087302622995,32.0,7.8,0.9953308180202216,0.034678599594420205,11500.0,35.0,0.0,S5,7,ПАБ GRU v2,0.6
214564.0,0.02006781090018189,0.03330427623087463,2.0417379446695296,0.010122853787215003,0.035127048339889264,39.0,8.4,0.9958834076633342,0.030721807336952612,10220.0,29.0,0.0,S5,7,ПАБ GRU v2,0.7
214564.0,0.02006781090018189,0.04290421892388853,2.0417379446695296,0.010178781156205142,0.03635278984358979,40.0,16.2,0.9958052267185618,0.029724029891694117,8985.0,30.0,0.0,S5,7,ПАБ GRU v2,0.8
214564.0,0.02006781090018189,0.13412199354053708,2.0417379446695296,0.01942543949590798,0.03624559571969203,53.0,25.4,0.9975303428157627,0.021471085982899298,8040.0,21.0,0.0,S5,7,ПАБ GRU v2,0.9
361191.0,0.02006781090018189,2.0417379446695296,3.2828421431654635,0.035268735931958436,0.19709585787021272,164.0,36.5,0.9844696619676894,0.0851301261982237,37920.0,29.0,0.0,S5,8,HPA+LC,0.35
361191.0,0.02006781090018189,2.468880104906209,3.9696297343000686,0.08459859188075007,0.25625430866217597,229.0,45.4,0.9849733308935809,0.07909749387899581,33840.0,34.0,0.0,S5,8,HPA+LC,0.45
361191.0,0.02006781090018189,2.5482967479793466,3.9696297343000686,0.13449532241944012,0.25177122353547016,264.0,58.8,0.9874717339768535,0.06812650348056969,28920.0,35.0,0.0,S5,8,HPA+LC,0.55
361191.0,0.02006781090018189,2.5482967479793466,4.365158322401661,0.19397700939392176,0.2937040236329255,321.0,75.4,0.9901991807364868,0.055030498594623854,22125.0,34.0,0.0,S5,8,HPA+LC,0.65
361191.0,0.02006781090018189,3.388441561392024,3.9696297343000686,0.26954298418288386,0.3109975054749426,431.0,91.8,0.9924830883654807,0.041062970402665565,14685.0,31.0,0.0,S5,8,HPA+LC,0.75
361191.0,0.02006781090018189,2.7148760106825023,3.388441561392024,0.3277538753734174,0.2740855946023018,457.0,93.6,0.9941830981744283,0.032749482199190105,10425.0,25.0,0.0,S5,8,HPA+LC,0.85
361191.0,0.02006781090018189,2.0417379446695296,2.0417379446695296,0.07698973673208911,0.11814524725145421,138.0,30.4,0.9950979448803665,0.03852060847037297,19580.0,36.0,0.2,S5,8,ПАБ naive,0.5
361191.0,0.02006781090018189,2.0417379446695296,2.0417379446695296,0.09393921775459521,0.12872967488115705,153.0,41.3,0.9962816893012791,0.03180324463222055,17045.0,32.0,0.2,S5,8,ПАБ naive,0.6
361191.0,0.02006781090018189,2.0417379446695296,2.0417379446695296,0.11220517676243318,0.18798779593068488,231.0,43.9,0.9976348504372289,0.02505279185010866,14995.0,31.0,0.2,S5,8,ПАБ naive,0.7
361191.0,0.02006781090018189,2.0417379446695296,2.3173946499684797,0.12972084022027128,0.20152772355900342,254.0,52.9,0.9981852035294245,0.02113267882640997,13655.0,31.0,0.2,S5,8,ПАБ naive,0.8
361191.0,0.02006781090018189,2.0417379446695296,2.2451739778971898,0.14023605239333206,0.2304182551613966,284.0,56.8,0.9984192839210487,0.019110689735060207,12880.0,27.0,0.2,S5,8,ПАБ naive,0.9
361191.0,0.02006781090018189,2.0417379446695296,2.0417379446695296,0.06859251753227517,0.09748304913466836,138.0,44.3,0.993458730523625,0.04402693587225765,23200.0,47.0,0.1361111111111111,S5,8,ПАБ linear,0.5
361191.0,0.02006781090018189,2.0417379446695296,2.0417379446695296,0.08729176529869238,0.09050336248688368,135.0,29.2,0.9946483665558925,0.037861243779435186,20645.0,49.0,0.1361111111111111,S5,8,ПАБ linear,0.6
361191.0,0.02006781090018189,2.0417379446695296,2.0417379446695296,0.09228912126824866,0.11611308144444352,178.0,31.1,0.9956379656787716,0.03361162293861896,18130.0,49.0,0.1361111111111111,S5,8,ПАБ linear,0.7
361191.0,0.02006781090018189,2.0417379446695296,2.0417379446695296,0.11246542687940729,0.1089741992463821,190.0,37.5,0.9972343819565577,0.025736893403612408,15810.0,45.0,0.1361111111111111,S5,8,ПАБ linear,0.8
361191.0,0.02006781090018189,2.0417379446695296,2.0417379446695296,0.11562857324794915,0.1184414894058822,197.0,38.9,0.9975175603291498,0.023879475721019883,14735.0,45.0,0.1361111111111111,S5,8,ПАБ linear,0.9
361191.0,0.02006781090018189,2.0417379446695296,2.0417379446695296,0.05120421051465845,0.08202170042996641,87.0,17.3,0.9931157282008596,0.04966804397209895,25030.0,33.0,0.07222222222222222,S5,8,ПАБ AR,0.5
361191.0,0.02006781090018189,2.0417379446695296,2.0417379446695296,0.06534215968836433,0.08936822899795399,97.0,25.6,0.9943373931254577,0.042883881898118086,21310.0,31.0,0.07222222222222222,S5,8,ПАБ AR,0.6
361191.0,0.02006781090018189,2.0417379446695296,2.0417379446695296,0.07477345781041056,0.12143298144195176,118.0,39.4,0.9949820061198951,0.0387092676242381,18785.0,33.0,0.07222222222222222,S5,8,ПАБ AR,0.7
361191.0,0.02006781090018189,2.0417379446695296,2.0417379446695296,0.08787871237101699,0.188936047686681,209.0,42.5,0.9971746804068575,0.02948296432868763,16710.0,28.0,0.07222222222222222,S5,8,ПАБ AR,0.8
361191.0,0.02006781090018189,2.0417379446695296,2.3173946499684797,0.1084952282864191,0.210546497559463,239.0,50.0,0.9980195623086314,0.022570085814532,14775.0,25.0,0.07222222222222222,S5,8,ПАБ AR,0.9
361191.0,0.02006781090018189,2.0417379446695296,2.0417379446695296,0.0686035920053379,0.15955823926952775,180.0,46.0,0.9914535426011051,0.04922082034873754,20525.0,47.0,0.3416666666666667,S5,8,ПАБ LSTM v2,0.5
361191.0,0.02006781090018189,2.0417379446695296,2.0417379446695296,0.08374101237295503,0.16763568305965543,192.0,53.7,0.9926847888085006,0.044230288404430385,18015.0,44.0,0.3416666666666667,S5,8,ПАБ LSTM v2,0.6
361191.0,0.02006781090018189,2.0417379446695296,2.1074146752966985,0.09611119878402286,0.20544947133234218,219.0,54.9,0.9933326903885318,0.03976046118838592,16140.0,39.0,0.3416666666666667,S5,8,ПАБ LSTM v2,0.7
361191.0,0.02006781090018189,2.0417379446695296,2.2451739778971898,0.11640378636234015,0.20921894510106842,235.0,56.6,0.9943119301113506,0.03547525590768704,14685.0,39.0,0.3416666666666667,S5,8,ПАБ LSTM v2,0.8
361191.0,0.02006781090018189,2.0417379446695296,2.1752040340195222,0.12860439490463493,0.24483791124363563,266.0,61.8,0.9947605607002517,0.03170502861673468,13600.0,34.0,0.3416666666666667,S5,8,ПАБ LSTM v2,0.9
361191.0,0.02006781090018189,2.0417379446695296,2.0417379446695296,0.07791168661456127,0.1818179301256122,232.0,40.6,0.992970603482845,0.0427952333337362,18995.0,39.0,0.25833333333333336,S5,8,ПАБ GRU v2,0.5
361191.0,0.02006781090018189,2.0417379446695296,2.0417379446695296,0.09413163672406012,0.18909524323695773,244.0,50.6,0.9941213128220753,0.03733633878023311,16435.0,36.0,0.25833333333333336,S5,8,ПАБ GRU v2,0.6
361191.0,0.02006781090018189,2.0417379446695296,2.1752040340195222,0.10521856856898427,0.22887890340567732,271.0,52.3,0.9942386073099727,0.034852105262462046,14550.0,36.0,0.25833333333333336,S5,8,ПАБ GRU v2,0.7
361191.0,0.02006781090018189,2.0417379446695296,2.3173946499684797,0.12776135064273472,0.24241121733376525,296.0,54.3,0.9955964600775107,0.028224230559429027,13035.0,29.0,0.25833333333333336,S5,8,ПАБ GRU v2,0.8
361191.0,0.02006781090018189,2.0417379446695296,2.3919384495683134,0.1402332837750664,0.2689380410918323,321.0,72.1,0.9949170099612974,0.028569604791455726,11995.0,33.0,0.25833333333333336,S5,8,ПАБ GRU v2,0.9
325459.0,0.02006781090018189,0.02006781090018189,0.03330427623087463,0.0,0.00027653252790674096,1.0,9.0,0.993562184551425,0.04954588165996905,28305.0,7.0,0.0,S5,9,HPA+LC,0.35
325459.0,0.02006781090018189,0.04027170343254591,2.0417379446695296,0.0018312598514713067,0.036551455021984335,58.0,9.0,0.9938183737457449,0.045658560661596494,24795.0,11.0,0.0,S5,9,HPA+LC,0.45
325459.0,0.02006781090018189,0.17278259805078636,2.0417379446695296,0.009411323699759416,0.04104664489229058,74.0,49.0,0.9950133182366033,0.0378571340202926,20850.0,9.0,0.0,S5,9,HPA+LC,0.55
325459.0,0.02006781090018189,2.0417379446695296,2.9853826189179604,0.012748149536500757,0.15303002835994703,118.0,56.857142857142854,0.9940482423734434,0.040062691794951706,18960.0,15.0,0.0,S5,9,HPA+LC,0.65
325459.0,0.02006781090018189,2.0417379446695296,3.1805336883295205,0.16517595150233977,0.23248704137848392,208.0,74.42857142857143,0.9972229741279813,0.023123095604853042,12510.0,10.0,0.0,S5,9,HPA+LC,0.75
325459.0,0.02006781090018189,2.0417379446695296,2.7148760106825023,0.21856055601473612,0.19077825471103887,217.0,75.14285714285714,0.9980469758684783,0.01862286974500595,9630.0,10.0,0.0,S5,9,HPA+LC,0.85
325459.0,0.02006781090018189,1.3106900423660772,2.0417379446695296,0.04729013485569611,0.07369899127078987,80.0,29.142857142857142,0.9964244248508013,0.03460963449891371,17735.0,29.0,0.08055555555555556,S5,9,ПАБ naive,0.5
325459.0,0.02006781090018189,1.9164610627353873,2.0417379446695296,0.06086480939227368,0.08337148458023899,97.0,45.57142857142857,0.9972282146950622,0.029878482433063507,15660.0,28.0,0.08055555555555556,S5,9,ПАБ naive,0.6
325459.0,0.02006781090018189,2.0417379446695296,2.0417379446695296,0.07025769759017265,0.1643678620041234,134.0,53.142857142857146,0.996924404161007,0.02882322784947576,14235.0,31.0,0.08055555555555556,S5,9,ПАБ naive,0.7
325459.0,0.02006781090018189,2.0417379446695296,2.0417379446695296,0.09030016069612455,0.2406078799480119,165.0,61.857142857142854,0.9990425444273958,0.01732598777349271,12505.0,24.0,0.08055555555555556,S5,9,ПАБ naive,0.8
325459.0,0.02006781090018189,2.0417379446695296,2.1752040340195222,0.11041636580951825,0.24890385578521412,186.0,79.0,0.9987284329252372,0.01810800271188253,12400.0,22.0,0.08055555555555556,S5,9,ПАБ naive,0.9
325459.0,0.02006781090018189,2.0417379446695296,2.0417379446695296,0.06377608239440298,0.10194371641282005,151.0,39.42857142857143,0.9964823808614074,0.031142823380042935,17610.0,27.0,0.06666666666666667,S5,9,ПАБ linear,0.5
325459.0,0.02006781090018189,2.0417379446695296,2.0417379446695296,0.06947572505292525,0.11198799234312157,165.0,41.285714285714285,0.9970344584853951,0.02715269489969638,15690.0,30.0,0.06666666666666667,S5,9,ПАБ linear,0.6
325459.0,0.02006781090018189,2.0417379446695296,2.0417379446695296,0.08313950451516167,0.11138269336537014,177.0,42.42857142857143,0.9975584154477707,0.024993469350300748,14625.0,31.0,0.06666666666666667,S5,9,ПАБ linear,0.7
325459.0,0.02006781090018189,2.0417379446695296,2.0417379446695296,0.0858433781213609,0.11644016604242009,182.0,43.857142857142854,0.9980260695131501,0.020718915132463635,12765.0,31.0,0.06666666666666667,S5,9,ПАБ linear,0.8
325459.0,0.02006781090018189,2.0417379446695296,2.0417379446695296,0.09355556306631557,0.11994598397954888,189.0,45.142857142857146,0.9985877758617752,0.018151105282707046,11755.0,31.0,0.06666666666666667,S5,9,ПАБ linear,0.9
325459.0,0.02006781090018189,2.0417379446695296,2.0417379446695296,0.0518406312315837,0.11613137138625756,152.0,40.57142857142857,0.9954070971469839,0.03747937084793184,19450.0,23.0,0.03333333333333333,S5,9,ПАБ AR,0.5
325459.0,0.02006781090018189,2.0417379446695296,2.0417379446695296,0.06359019108397679,0.12760132612710048,171.0,42.857142857142854,0.9959225845895981,0.03422783535072856,17290.0,28.0,0.03333333333333333,S5,9,ПАБ AR,0.6
325459.0,0.02006781090018189,2.0417379446695296,2.0417379446695296,0.07214733653086872,0.136140036072132,183.0,63.714285714285715,0.9974825527309887,0.027379447552800053,15170.0,25.0,0.03333333333333333,S5,9,ПАБ AR,0.7
325459.0,0.02006781090018189,2.0417379446695296,2.0417379446695296,0.08722066373951864,0.2916565527455071,243.0,73.14285714285714,0.9982063018716345,0.021812614265911863,13130.0,26.0,0.03333333333333333,S5,9,ПАБ AR,0.8
325459.0,0.02006781090018189,2.0417379446695296,2.0417379446695296,0.1070042616735134,0.29923123957241926,256.0,77.0,0.9991756642616527,0.01604439898785001,11750.0,20.0,0.03333333333333333,S5,9,ПАБ AR,0.9
325459.0,0.02006781090018189,0.7413102413009177,2.0417379446695296,0.029011334761060534,0.053945351027318345,49.0,29.857142857142858,0.9938178630922445,0.04524737071915333,18520.0,40.0,0.10555555555555556,S5,9,ПАБ LSTM v2,0.5
325459.0,0.02006781090018189,0.9549925860214359,2.0417379446695296,0.03688022147182902,0.0577369192432841,55.0,34.42857142857143,0.9936322365495572,0.043535477149997184,16445.0,42.0,0.10555555555555556,S5,9,ПАБ LSTM v2,0.6
325459.0,0.02006781090018189,1.2302687708123812,2.0417379446695296,0.04477061626810136,0.06833118764575569,67.0,62.142857142857146,0.9948532313965067,0.03690663529813201,14325.0,36.0,0.10555555555555556,S5,9,ПАБ LSTM v2,0.7
325459.0,0.02006781090018189,2.0417379446695296,2.0417379446695296,0.0550660759112515,0.2518082154741457,147.0,68.14285714285714,0.9960416330378923,0.030871482940659552,12830.0,36.0,0.10555555555555556,S5,9,ПАБ LSTM v2,0.8
325459.0,0.02006781090018189,2.0417379446695296,2.0417379446695296,0.08142423469622902,0.24329254990643984,156.0,70.85714285714286,0.9963967189142862,0.027497223520399926,11765.0,34.0,0.10555555555555556,S5,9,ПАБ LSTM v2,0.9
325459.0,0.02006781090018189,2.0417379446695296,2.0417379446695296,0.05318181399193139,0.09803231743476137,128.0,38.714285714285715,0.994079060807323,0.041498637087635716,18005.0,40.0,0.09722222222222222,S5,9,ПАБ GRU v2,0.5
325459.0,0.02006781090018189,2.0417379446695296,2.0417379446695296,0.06082025692944426,0.11990911297582799,157.0,41.0,0.9949832821541976,0.03597951116000449,15700.0,41.0,0.09722222222222222,S5,9,ПАБ GRU v2,0.6
325459.0,0.02006781090018189,2.0417379446695296,2.0417379446695296,0.06703916622370253,0.13595107217806238,173.0,69.85714285714286,0.9956350127213377,0.03261329394236513,14035.0,43.0,0.09722222222222222,S5,9,ПАБ GRU v2,0.7
325459.0,0.02006781090018189,2.0417379446695296,2.0417379446695296,0.08178065439886437,0.29380889758771456,231.0,72.14285714285714,0.9968032162828384,0.02547832086725748,12390.0,37.0,0.09722222222222222,S5,9,ПАБ GRU v2,0.8
325459.0,0.02006781090018189,2.0417379446695296,2.1074146752966985,0.10513766711014291,0.2875016515137083,241.0,75.0,0.9972142001630754,0.022452471540468626,11285.0,37.0,0.09722222222222222,S5,9,ПАБ GRU v2,0.9
379266.0,0.02006781090018189,0.02006781090018189,0.04290421892388853,0.0,5.273343774554007e-06,0.0,0.0,0.9876940232115786,0.06512958207583389,31230.0,29.0,0.0,S6,0,HPA+LC,0.35
379266.0,0.02006781090018189,0.02006781090018189,0.13843630530808698,0.0,0.0024811082459276603,16.0,2.5,0.991056685295426,0.05211828098113917,24675.0,25.0,0.0,S6,0,HPA+LC,0.45
379266.0,0.02006781090018189,0.021379620895022326,1.3963683610559376,0.00024521048551676134,0.016141705293909816,47.0,6.166666666666667,0.9921431364325312,0.047360043902544675,20730.0,29.0,0.0,S6,0,HPA+LC,0.55
379266.0,0.02006781090018189,0.4610520952362225,1.9164610627353873,0.00430304852003607,0.046173398089994884,111.0,34.0,0.9945220048748774,0.038798412335148455,18135.0,28.0,0.0,S6,0,HPA+LC,0.65
379266.0,0.02006781090018189,1.5355006336570662,2.0417379446695296,0.009147933112907564,0.10827361271508651,162.0,62.333333333333336,0.996411041248725,0.028576897523147005,15015.0,25.0,0.0,S6,0,HPA+LC,0.75
379266.0,0.02006781090018189,2.0417379446695296,2.468880104906209,0.04945539542168294,0.2060275637679096,297.0,64.83333333333333,0.9981250256146676,0.018701623852112402,12540.0,23.0,0.0,S6,0,HPA+LC,0.85
379266.0,0.02006781090018189,0.02006781090018189,0.3935500754557774,0.0,0.008468990101933735,12.0,6.166666666666667,0.9933515331214031,0.043797485464939584,19175.0,53.0,0.0,S6,0,ПАБ naive,0.5
379266.0,0.02006781090018189,0.028428241752041873,1.8567353246307055,0.0013947994283695349,0.02655655924865398,35.0,28.666666666666668,0.994563711659251,0.037161986897842336,16160.0,46.0,0.0,S6,0,ПАБ naive,0.6
379266.0,0.02006781090018189,0.6531305526474723,2.0417379446695296,0.006662869859148988,0.052290476868477535,72.0,83.0,0.9947771601116179,0.03373918806004457,13910.0,45.0,0.0,S6,0,ПАБ naive,0.7
379266.0,0.02006781090018189,2.0417379446695296,2.0417379446695296,0.01455376964979724,0.14926265470672298,163.0,89.83333333333333,0.9960199678272824,0.02608541170366896,12320.0,36.0,0.0,S6,0,ПАБ naive,0.8
379266.0,0.02006781090018189,2.0417379446695296,2.0417379446695296,0.02758617962063565,0.19895930560609176,225.0,100.0,0.9966493838425565,0.0223976426864461,11330.0,37.0,0.0,S6,0,ПАБ naive,0.9
379266.0,0.02006781090018189,0.02006781090018189,0.3935500754557774,0.0,0.008468990101933735,12.0,6.166666666666667,0.9926040608459807,0.045611890870363096,22125.0,63.0,0.0,S6,0,ПАБ linear,0.5
379266.0,0.02006781090018189,0.026683942737144424,1.4876473740795015,0.0013947994283695349,0.013679053751193094,21.0,28.666666666666668,0.993367738500722,0.040669629832367785,18555.0,57.0,0.0,S6,0,ПАБ linear,0.6
379266.0,0.02006781090018189,0.6741398498898495,2.0417379446695296,0.0018825837275157804,0.053086751778435186,66.0,54.166666666666664,0.9928983215085314,0.03981576409021462,15985.0,58.0,0.0,S6,0,ПАБ linear,0.7
379266.0,0.02006781090018189,1.0174193661806046,2.0417379446695296,0.010457040704940596,0.07353414226426835,97.0,57.0,0.9942396114573818,0.03330868974281603,14195.0,50.0,0.0,S6,0,ПАБ linear,0.8
379266.0,0.02006781090018189,2.0417379446695296,2.0417379446695296,0.019661662263424615,0.10450185358033676,139.0,59.833333333333336,0.995117371500411,0.027994491678278673,12725.0,46.0,0.0,S6,0,ПАБ linear,0.9
379266.0,0.02006781090018189,0.02006781090018189,0.2959715725594465,0.0,0.004506072255356399,7.0,6.0,0.9942398155143011,0.04245770544669019,21950.0,38.0,0.0,S6,0,ПАБ AR,0.5
379266.0,0.02006781090018189,0.02006781090018189,1.3528511027866506,0.0008595550352523032,0.013539310141167413,20.0,6.5,0.9944350798845285,0.03860508680936322,18620.0,38.0,0.0,S6,0,ПАБ AR,0.6
379266.0,0.02006781090018189,0.02754228703338166,1.8567353246307055,0.0013947994283695349,0.02739765758069534,37.0,28.666666666666668,0.9949392613606098,0.03461189690372188,16110.0,33.0,0.0,S6,0,ПАБ AR,0.7
379266.0,0.02006781090018189,0.6958249547006052,2.0417379446695296,0.006662869859148988,0.053255498779220915,73.0,55.166666666666664,0.9952836234432991,0.031109113216642146,14135.0,32.0,0.0,S6,0,ПАБ AR,0.8
379266.0,0.02006781090018189,1.5355006336570662,2.0417379446695296,0.012777311965744359,0.09522340520900897,120.0,63.5,0.9959114194858842,0.02720921709473276,12650.0,31.0,0.0,S6,0,ПАБ AR,0.9
379266.0,0.02006781090018189,0.02006781090018189,0.03126079367123956,0.0,0.0,0.0,1.6666666666666667,0.9926422201382521,0.045185829906872234,23140.0,62.0,0.07222222222222222,S6,0,ПАБ LSTM v2,0.5
379266.0,0.02006781090018189,0.025852348395621914,0.3935500754557774,0.0,0.008468990101933735,12.0,28.5,0.9930345977830016,0.04051743620092131,19340.0,54.0,0.07222222222222222,S6,0,ПАБ LSTM v2,0.6
379266.0,0.02006781090018189,0.5939501549952435,2.0417379446695296,0.0017850268676865315,0.051655038943643775,64.0,53.166666666666664,0.993458929119347,0.03824367550870832,16890.0,56.0,0.07222222222222222,S6,0,ПАБ LSTM v2,0.7
379266.0,0.02006781090018189,0.8684603593990751,2.0417379446695296,0.007780818739354437,0.0668554523737957,88.0,55.0,0.9939050525220374,0.03516866058455861,14780.0,51.0,0.07222222222222222,S6,0,ПАБ LSTM v2,0.8
379266.0,0.02006781090018189,1.8567353246307055,2.0417379446695296,0.01205486386863046,0.08817030791054299,110.0,56.833333333333336,0.9948577315641716,0.03044259899273215,13460.0,45.0,0.07222222222222222,S6,0,ПАБ LSTM v2,0.9
379266.0,0.02006781090018189,0.02006781090018189,0.029342695039559687,0.0,0.0,0.0,1.6666666666666667,0.9935600448202709,0.042830201352025296,22665.0,57.0,0.0,S6,0,ПАБ GRU v2,0.5
379266.0,0.02006781090018189,0.0220673406908459,0.3935500754557774,0.0,0.008468990101933735,12.0,6.5,0.9937229972273455,0.03953586982495944,18880.0,51.0,0.0,S6,0,ПАБ GRU v2,0.6
379266.0,0.02006781090018189,0.037800713730181124,1.8567353246307055,0.0013947994283695349,0.026857139843803557,36.0,54.5,0.9940397032796987,0.036577567304210606,16320.0,46.0,0.0,S6,0,ПАБ GRU v2,0.7
379266.0,0.02006781090018189,1.0839269140212038,2.0417379446695296,0.005384083993819641,0.07358160235823934,89.0,56.666666666666664,0.9950181116319313,0.030445460491781293,14495.0,41.0,0.0,S6,0,ПАБ GRU v2,0.8
379266.0,0.02006781090018189,1.9781080029332403,2.0417379446695296,0.013447026625112718,0.09688714516988077,118.0,91.66666666666667,0.9954991655986432,0.02797467107826721,12870.0,40.0,0.0,S6,0,ПАБ GRU v2,0.9
404772.0,0.02006781090018189,0.03548133892335755,0.32546178349804583,0.0,0.0025693476821519274,16.0,14.142857142857142,0.9861130328998039,0.074444813978924,38535.0,50.0,0.0,S6,1,HPA+LC,0.35
404772.0,0.02006781090018189,0.06077850313707005,2.0417379446695296,0.004215953672684869,0.03438849525164784,66.0,26.285714285714285,0.9890054399226309,0.0626335634564152,32655.0,47.0,0.0,S6,1,HPA+LC,0.45
404772.0,0.02006781090018189,0.8151734005153627,2.0417379446695296,0.00871540027472256,0.05593828130404277,105.0,47.714285714285715,0.991123760194586,0.05306972102360146,26355.0,45.0,0.0,S6,1,HPA+LC,0.55
404772.0,0.02006781090018189,2.0417379446695296,2.892344370499147,0.028365968989949898,0.15587849455990038,228.0,70.71428571428571,0.9945151224893716,0.037946669593436844,22770.0,41.0,0.0,S6,1,HPA+LC,0.65
404772.0,0.02006781090018189,2.0417379446695296,2.892344370499147,0.022670787505064578,0.17890442026622394,270.0,84.57142857142857,0.9967289824807093,0.02859279754749955,17985.0,39.0,0.0,S6,1,HPA+LC,0.75
404772.0,0.02006781090018189,2.0417379446695296,3.4974378036641802,0.11473990295771447,0.3313507357228267,534.0,100.85714285714286,0.996427977962836,0.02576994289038513,14370.0,38.0,0.0,S6,1,HPA+LC,0.85
404772.0,0.02006781090018189,0.03437557726853155,1.9164610627353873,0.0014038767503681084,0.02632778453055053,27.0,21.857142857142858,0.9939051360138432,0.04503408381749488,19645.0,61.0,0.0,S6,1,ПАБ naive,0.5
404772.0,0.02006781090018189,0.6531305526474723,2.0417379446695296,0.00882472107754489,0.05304220647673258,73.0,41.142857142857146,0.9955434112504832,0.03616844997234152,16470.0,52.0,0.0,S6,1,ПАБ naive,0.6
404772.0,0.02006781090018189,1.4876473740795015,2.0417379446695296,0.01311973160198828,0.07970536499560246,122.0,58.285714285714285,0.9960357514520869,0.031774907698395076,14200.0,50.0,0.0,S6,1,ПАБ naive,0.7
404772.0,0.02006781090018189,2.0417379446695296,2.0417379446695296,0.02330385995078711,0.17689526449457965,228.0,76.0,0.9977298027877158,0.020777164853840284,12590.0,42.0,0.0,S6,1,ПАБ naive,0.8
404772.0,0.02006781090018189,2.0417379446695296,2.0417379446695296,0.04740569999901179,0.247982815016849,369.0,81.14285714285714,0.9992273897439675,0.012554340623521718,11170.0,40.0,0.0,S6,1,ПАБ naive,0.9
404772.0,0.02006781090018189,0.025852348395621914,1.742809826672464,0.00040763689187987314,0.024633620902631603,24.0,14.428571428571429,0.9933648900116451,0.04491364028625494,21410.0,68.0,0.0,S6,1,ПАБ linear,0.5
404772.0,0.02006781090018189,0.26915348039269155,2.0417379446695296,0.0045562687142391275,0.039130053462196,49.0,23.285714285714285,0.9945223779177645,0.03874059046367874,18075.0,61.0,0.0,S6,1,ПАБ linear,0.6
404772.0,0.02006781090018189,0.7182076058301705,2.0417379446695296,0.011153810046149437,0.05307247042779639,81.0,35.714285714285715,0.9954582943298421,0.03265951819184617,15420.0,56.0,0.0,S6,1,ПАБ linear,0.7
404772.0,0.02006781090018189,0.9549925860214359,2.0417379446695296,0.017560503196861442,0.06046366843556372,104.0,64.0,0.996412319753177,0.028345711761751075,13665.0,52.0,0.0,S6,1,ПАБ linear,0.8
404772.0,0.02006781090018189,1.8567353246307055,2.0417379446695296,0.021986451632029884,0.15359387507041,226.0,74.71428571428571,0.9985725115648173,0.017057516855986575,12210.0,42.0,0.0,S6,1,ПАБ linear,0.9
404772.0,0.02006781090018189,0.02350985767597148,1.742809826672464,0.00040763689187987314,0.024633620902631603,24.0,14.428571428571429,0.9947657275777626,0.0417275485423788,21645.0,52.0,0.0,S6,1,ПАБ AR,0.5
404772.0,0.02006781090018189,0.25263877101318966,2.0417379446695296,0.004286363681282302,0.03859703734448035,49.0,23.285714285714285,0.9954259035137686,0.03755518072245634,18315.0,49.0,0.0,S6,1,ПАБ AR,0.6
404772.0,0.02006781090018189,0.8413951416451951,2.0417379446695296,0.010064307807852321,0.05445349480695305,78.0,43.57142857142857,0.9967280504692478,0.030161828170502714,15760.0,39.0,0.0,S6,1,ПАБ AR,0.7
404772.0,0.02006781090018189,1.0839269140212038,2.0417379446695296,0.017098514719397585,0.08543328095816904,117.0,59.57142857142857,0.9972662776859419,0.025507330673087306,13820.0,40.0,0.0,S6,1,ПАБ AR,0.8
404772.0,0.02006781090018189,2.0417379446695296,2.0417379446695296,0.02397831371735199,0.14640649550858262,180.0,73.57142857142857,0.9979376293263611,0.01995076896299136,12515.0,35.0,0.0,S6,1,ПАБ AR,0.9
404772.0,0.02006781090018189,0.021379620895022326,0.32546178349804583,0.0,0.006690186080064827,7.0,14.142857142857142,0.9932972328582227,0.0462966166933964,22685.0,72.0,0.0,S6,1,ПАБ LSTM v2,0.5
404772.0,0.02006781090018189,0.024266100950824154,2.0417379446695296,0.00446177107112152,0.025006670421867126,30.0,19.428571428571427,0.99399801506805,0.04157197329218708,19020.0,62.0,0.0,S6,1,ПАБ LSTM v2,0.6
404772.0,0.02006781090018189,0.07120327999992027,2.0417379446695296,0.007992153607462967,0.03534088326267627,49.0,23.285714285714285,0.9948785109054059,0.036713023004617026,16460.0,57.0,0.0,S6,1,ПАБ LSTM v2,0.7
404772.0,0.02006781090018189,0.2959715725594465,2.0417379446695296,0.01034903600051387,0.046248258278734695,68.0,59.714285714285715,0.9956951426863127,0.03164606241738376,14460.0,50.0,0.0,S6,1,ПАБ LSTM v2,0.8
404772.0,0.02006781090018189,0.985711900900616,2.0417379446695296,0.015907103258130502,0.06938535768284368,112.0,66.14285714285714,0.9970503617478168,0.024348308901017038,12940.0,43.0,0.0,S6,1,ПАБ LSTM v2,0.9
404772.0,0.02006781090018189,0.0220673406908459,0.3935500754557774,0.0,0.008061328352751673,8.0,14.428571428571429,0.9934555253436507,0.044841997980667195,22560.0,66.0,0.0,S6,1,ПАБ GRU v2,0.5
404772.0,0.02006781090018189,0.03126079367123956,2.0417379446695296,0.00446177107112152,0.025471129425948435,30.0,21.857142857142858,0.993508761599291,0.0432244816186572,19005.0,68.0,0.0,S6,1,ПАБ GRU v2,0.6
404772.0,0.02006781090018189,0.13843630530808698,2.0417379446695296,0.00802674098010732,0.04379502534760309,61.0,23.571428571428573,0.9947968015055498,0.03668582457353785,16305.0,59.0,0.0,S6,1,ПАБ GRU v2,0.7
404772.0,0.02006781090018189,0.47588279098881686,2.0417379446695296,0.010681939462215765,0.04872928463431265,72.0,57.857142857142854,0.9955701706032283,0.0313224885300421,14415.0,50.0,0.0,S6,1,ПАБ GRU v2,0.8
404772.0,0.02006781090018189,1.5355006336570662,2.0417379446695296,0.017622266362297787,0.11274001166088564,153.0,63.57142857142857,0.9964526520606157,0.027278570902882965,12930.0,53.0,0.0,S6,1,ПАБ GRU v2,0.9
468909.0,0.02006781090018189,0.021379620895022326,0.06683439175686146,0.0,0.003049632231413771,31.0,8.636363636363637,0.98967041453725,0.06113224668601925,38385.0,33.0,0.0,S6,2,HPA+LC,0.35
468909.0,0.02006781090018189,0.04570881896148752,2.0417379446695296,0.0034708226969411976,0.03527870013158203,57.0,10.0,0.990715033246837,0.05335050269813384,31515.0,35.0,0.0,S6,2,HPA+LC,0.45
468909.0,0.02006781090018189,0.34673685045253166,2.0417379446695296,0.01020133970557187,0.045692234527381644,105.0,12.363636363636363,0.9930544013313469,0.04448282720822201,26250.0,33.0,0.0,S6,2,HPA+LC,0.55
468909.0,0.02006781090018189,1.9164610627353873,2.0417379446695296,0.01601909965473045,0.11016956381728651,184.0,36.27272727272727,0.9943676940204028,0.03812432258471583,22920.0,31.0,0.0,S6,2,HPA+LC,0.65
468909.0,0.02006781090018189,2.0417379446695296,2.9853826189179604,0.05708463689116652,0.18471707730071293,295.0,42.63636363636363,0.9965075433964196,0.028121279604078765,17895.0,30.0,0.0,S6,2,HPA+LC,0.75
468909.0,0.02006781090018189,2.0417379446695296,2.9853826189179604,0.10077381752109685,0.2458371453736226,414.0,52.09090909090909,0.9985684108769337,0.01747551172022487,14085.0,28.0,0.0,S6,2,HPA+LC,0.85
468909.0,0.02006781090018189,0.04570881896148752,1.742809826672464,1.9193489568338418e-05,0.03569136015730131,71.0,9.818181818181818,0.994242128532327,0.04386895611813705,22585.0,57.0,0.0,S6,2,ПАБ naive,0.5
468909.0,0.02006781090018189,1.4876473740795015,2.0417379446695296,0.003419640058092295,0.07237545024727612,124.0,19.727272727272727,0.9948580126795717,0.03857470490675763,18950.0,56.0,0.0,S6,2,ПАБ naive,0.6
468909.0,0.02006781090018189,1.9781080029332403,2.0417379446695296,0.014947996306319563,0.08360844001714618,154.0,36.27272727272727,0.9951429376248664,0.03472727929254323,16335.0,50.0,0.0,S6,2,ПАБ naive,0.7
468909.0,0.02006781090018189,2.0417379446695296,2.0417379446695296,0.025591319424451225,0.19319313555508638,274.0,53.09090909090909,0.9970279915280761,0.022836065045802233,14330.0,42.0,0.0,S6,2,ПАБ naive,0.8
468909.0,0.02006781090018189,2.0417379446695296,2.0417379446695296,0.04602225591745947,0.2642596964442994,394.0,75.81818181818181,0.9980476150038707,0.017342929131974095,12900.0,42.0,0.0,S6,2,ПАБ naive,0.9
468909.0,0.02006781090018189,0.026683942737144424,1.742809826672464,1.9193489568338418e-05,0.017758243070617113,45.0,6.818181818181818,0.9920027716221398,0.05174507699243299,25495.0,74.0,0.0,S6,2,ПАБ linear,0.5
468909.0,0.02006781090018189,0.26076542044591006,2.0417379446695296,0.0011148218524276565,0.037636833586047615,78.0,10.727272727272727,0.9936269453284474,0.042480808927237566,21425.0,64.0,0.0,S6,2,ПАБ linear,0.6
468909.0,0.02006781090018189,1.1187936686591167,2.0417379446695296,0.007803219814505586,0.061007572897939684,120.0,25.727272727272727,0.9936735579154813,0.04019813826951256,18450.0,62.0,0.0,S6,2,ПАБ linear,0.7
468909.0,0.02006781090018189,1.742809826672464,2.0417379446695296,0.015257757901853025,0.08492372720506537,160.0,43.09090909090909,0.9946082529421877,0.03450835141715973,16145.0,58.0,0.0,S6,2,ПАБ linear,0.8
468909.0,0.02006781090018189,2.0417379446695296,2.0417379446695296,0.01833777982508333,0.15529505724991416,228.0,51.36363636363637,0.9960764279293438,0.02690410562681978,14540.0,51.0,0.0,S6,2,ПАБ linear,0.9
468909.0,0.02006781090018189,0.02006781090018189,0.04027170343254591,0.0,0.0,0.0,6.909090909090909,0.9932444884575047,0.04781362949723405,25240.0,55.0,0.0,S6,2,ПАБ AR,0.5
468909.0,0.02006781090018189,0.31531889793555934,1.9164610627353873,0.0003070958330934147,0.04145580485765895,77.0,12.272727272727273,0.9948533874285767,0.03937448633348986,21135.0,47.0,0.0,S6,2,ПАБ AR,0.6
468909.0,0.02006781090018189,1.584893192461114,2.0417379446695296,0.004724264196251298,0.07655589890575783,129.0,25.90909090909091,0.9954470697486993,0.03456350338954076,18160.0,46.0,0.0,S6,2,ПАБ AR,0.7
468909.0,0.02006781090018189,2.0417379446695296,2.0417379446695296,0.01456839173485687,0.14402314734841942,201.0,39.72727272727273,0.9964713859458068,0.028769977749283894,16075.0,47.0,0.0,S6,2,ПАБ AR,0.8
468909.0,0.02006781090018189,2.0417379446695296,2.0417379446695296,0.03140001578131364,0.21228905821811908,284.0,53.18181818181818,0.9974674755558974,0.021035017353107994,14400.0,40.0,0.0,S6,2,ПАБ AR,0.9
468909.0,0.02006781090018189,0.02006781090018189,0.03126079367123956,0.0,0.0,0.0,0.0,0.9921704987639846,0.051027041196610674,26795.0,70.0,0.0,S6,2,ПАБ LSTM v2,0.5
468909.0,0.02006781090018189,0.021379620895022326,0.22974707980333003,0.0,0.0,0.0,10.272727272727273,0.992630385194089,0.04688628512592283,22450.0,62.0,0.0,S6,2,ПАБ LSTM v2,0.6
468909.0,0.02006781090018189,0.43276287768448307,1.9781080029332403,0.0006547112552755439,0.04783017600429934,89.0,24.727272727272727,0.9937406972868207,0.04197833456795144,19425.0,63.0,0.0,S6,2,ПАБ LSTM v2,0.7
468909.0,0.02006781090018189,1.0174193661806046,2.0417379446695296,0.0034398998526366524,0.09694418319972532,136.0,30.818181818181817,0.9946363674657344,0.03592459470095541,17015.0,54.0,0.0,S6,2,ПАБ LSTM v2,0.8
468909.0,0.02006781090018189,2.0417379446695296,2.0417379446695296,0.008843400318611926,0.1509701242671819,189.0,45.27272727272727,0.9956683831576364,0.028933886798306337,15280.0,50.0,0.0,S6,2,ПАБ LSTM v2,0.9
468909.0,0.02006781090018189,0.02006781090018189,0.03126079367123956,0.0,0.0,0.0,0.0,0.992192638218102,0.050880622465838174,26775.0,73.0,0.0,S6,2,ПАБ GRU v2,0.5
468909.0,0.02006781090018189,0.022777182418573218,0.26915348039269155,0.0,0.0,0.0,10.272727272727273,0.9925231626857939,0.047262305992625424,22530.0,68.0,0.0,S6,2,ПАБ GRU v2,0.6
468909.0,0.02006781090018189,0.6531305526474723,2.0417379446695296,0.0013435442697836894,0.0534879902070551,97.0,25.09090909090909,0.9936032189300623,0.04212061977677077,19500.0,67.0,0.0,S6,2,ПАБ GRU v2,0.7
468909.0,0.02006781090018189,1.0839269140212038,2.0417379446695296,0.004037030639207181,0.08021172551603829,127.0,30.454545454545453,0.9946836194276337,0.03469813239804723,17065.0,55.0,0.0,S6,2,ПАБ GRU v2,0.8
468909.0,0.02006781090018189,2.0417379446695296,2.0417379446695296,0.013682825452273256,0.13277842822381314,186.0,44.63636363636363,0.9950826283317904,0.031060267952921446,15255.0,54.0,0.0,S6,2,ПАБ GRU v2,0.9
334344.0,0.02006781090018189,0.02006781090018189,0.04027170343254591,0.0,0.00016151030076807122,1.0,0.0,0.9903502371878847,0.05716110001846248,27945.0,27.0,0.0,S6,3,HPA+LC,0.35
334344.0,0.02006781090018189,0.02006781090018189,0.04290421892388853,0.0,0.0009062522431986218,9.0,0.0,0.9925611908960686,0.04651873592714098,22200.0,25.0,0.0,S6,3,HPA+LC,0.45
334344.0,0.02006781090018189,0.02006781090018189,0.050263184440820056,0.0,0.0019650419926782,17.0,22.6,0.9935336152121509,0.04083657605899087,18120.0,24.0,0.0,S6,3,HPA+LC,0.55
334344.0,0.02006781090018189,0.02006781090018189,0.04570881896148752,0.0,0.0025811738807934343,32.0,25.4,0.9945219175248655,0.03669397921761837,15135.0,24.0,0.0,S6,3,HPA+LC,0.65
334344.0,0.02006781090018189,1.4412854420872234,2.0417379446695296,0.006408070729548011,0.08532678917522073,116.0,26.0,0.9970594339503458,0.025433118636465295,12705.0,21.0,0.0,S6,3,HPA+LC,0.75
334344.0,0.02006781090018189,2.0417379446695296,2.0417379446695296,0.02555302323355586,0.1274779867441916,177.0,30.2,0.9983085447349482,0.018372392919857723,10845.0,16.0,0.0,S6,3,HPA+LC,0.85
334344.0,0.02006781090018189,0.02006781090018189,0.029342695039559687,0.0,0.0,0.0,0.0,0.9947336187874104,0.03899062743593256,16335.0,39.0,0.0,S6,3,ПАБ naive,0.5
334344.0,0.02006781090018189,0.02006781090018189,0.04027170343254591,0.0,0.0,0.0,19.2,0.9952507255020807,0.034251689078324425,13565.0,33.0,0.0,S6,3,ПАБ naive,0.6
334344.0,0.02006781090018189,1.191927939457827,2.0417379446695296,0.003245160672839949,0.07538941928074079,100.0,25.6,0.9961116470565129,0.028645361271902873,11685.0,31.0,0.0,S6,3,ПАБ naive,0.7
334344.0,0.02006781090018189,2.0417379446695296,2.0417379446695296,0.012146172804058096,0.11461548584691217,150.0,27.4,0.9966066991772409,0.02486192918456983,10440.0,29.0,0.0,S6,3,ПАБ naive,0.8
334344.0,0.02006781090018189,2.0417379446695296,2.0417379446695296,0.020541717512502094,0.15558227454358386,231.0,49.2,0.9975839043873648,0.018406738684468387,9255.0,26.0,0.0,S6,3,ПАБ naive,0.9
334344.0,0.02006781090018189,0.02006781090018189,0.03126079367123956,0.0,0.0,0.0,0.0,0.9931839730808096,0.04490413264947826,18005.0,52.0,0.0,S6,3,ПАБ linear,0.5
334344.0,0.02006781090018189,0.02006781090018189,0.04027170343254591,0.0,0.0,0.0,16.6,0.99351938945489,0.041332923608364096,15315.0,50.0,0.0,S6,3,ПАБ linear,0.6
334344.0,0.02006781090018189,0.4610520952362225,2.0417379446695296,0.003245160672839949,0.04845608116191707,77.0,21.8,0.994717523109275,0.03414282946143937,13190.0,42.0,0.0,S6,3,ПАБ linear,0.7
334344.0,0.02006781090018189,1.9164610627353873,2.0417379446695296,0.008912975857200967,0.09776756873160578,134.0,24.6,0.9954273899924059,0.02943541256364232,11545.0,40.0,0.0,S6,3,ПАБ linear,0.8
334344.0,0.02006781090018189,2.0417379446695296,2.0417379446695296,0.009977747469671954,0.1071919938745723,145.0,25.8,0.9959824133040206,0.025999283581835012,10525.0,35.0,0.0,S6,3,ПАБ linear,0.9
334344.0,0.02006781090018189,0.02006781090018189,0.025852348395621914,0.0,0.0,0.0,0.0,0.9947060044089568,0.04122842227479931,18295.0,39.0,0.0,S6,3,ПАБ AR,0.5
334344.0,0.02006781090018189,0.02006781090018189,0.03330427623087463,0.0,0.0,0.0,5.8,0.9956905654956628,0.03355935065626743,15260.0,31.0,0.0,S6,3,ПАБ AR,0.6
334344.0,0.02006781090018189,0.025852348395621914,1.5355006336570662,0.0,0.023601440432608332,24.0,18.8,0.9953368477253609,0.03305624000961917,13335.0,31.0,0.0,S6,3,ПАБ AR,0.7
334344.0,0.02006781090018189,0.8684603593990751,2.0417379446695296,0.00730086378101596,0.077719354915895,107.0,25.8,0.9967995971167316,0.025072073393948766,11560.0,24.0,0.0,S6,3,ПАБ AR,0.8
334344.0,0.02006781090018189,2.0417379446695296,2.0417379446695296,0.010892224774483766,0.11597112554734046,150.0,29.4,0.9968093061733493,0.02320500819724414,10440.0,28.0,0.0,S6,3,ПАБ AR,0.9
334344.0,0.02006781090018189,0.02006781090018189,0.029342695039559687,0.0,0.0,0.0,0.0,0.9935058238319658,0.045264307338087645,19765.0,52.0,0.0,S6,3,ПАБ LSTM v2,0.5
334344.0,0.02006781090018189,0.02006781090018189,0.03548133892335755,0.0,0.0,0.0,16.6,0.9940100412165377,0.04001561033452966,16515.0,45.0,0.0,S6,3,ПАБ LSTM v2,0.6
334344.0,0.02006781090018189,0.06077850313707005,1.5355006336570662,0.0,0.025799775081951522,27.0,21.2,0.994086943458509,0.037174290846115725,14455.0,45.0,0.0,S6,3,ПАБ LSTM v2,0.7
334344.0,0.02006781090018189,1.0501467677660838,2.0417379446695296,0.005081592611202833,0.06632091498576316,74.0,23.2,0.9951127638427387,0.03138039519592841,12650.0,40.0,0.0,S6,3,ПАБ LSTM v2,0.8
334344.0,0.02006781090018189,1.3528511027866506,2.0417379446695296,0.0101841217428756,0.07056205584667288,84.0,24.8,0.9952607451743615,0.030110898642658784,11400.0,38.0,0.0,S6,3,ПАБ LSTM v2,0.9
334344.0,0.02006781090018189,0.02006781090018189,0.029342695039559687,0.0,0.0,0.0,0.0,0.9934527897294283,0.04549699494035722,19090.0,56.0,0.0,S6,3,ПАБ GRU v2,0.5
334344.0,0.02006781090018189,0.02006781090018189,0.03330427623087463,0.0,0.0,0.0,5.8,0.9935783927629634,0.04108994974541969,16095.0,50.0,0.0,S6,3,ПАБ GRU v2,0.6
334344.0,0.02006781090018189,0.06273356959840379,1.5355006336570662,0.0,0.02603007680712081,27.0,21.4,0.9939858900425182,0.03720551548161647,13865.0,45.0,0.0,S6,3,ПАБ GRU v2,0.7
334344.0,0.02006781090018189,0.31531889793555934,2.0417379446695296,0.003980929820783385,0.041221017873806616,49.0,22.6,0.9941341979131957,0.035615617077252956,12355.0,43.0,0.0,S6,3,ПАБ GRU v2,0.8
334344.0,0.02006781090018189,1.9781080029332403,2.0417379446695296,0.013504055703108177,0.0949231928791903,137.0,24.8,0.9956513022460267,0.027582946694048267,11050.0,37.0,0.0,S6,3,ПАБ GRU v2,0.9
446552.0,0.02006781090018189,0.02006781090018189,0.050263184440820056,0.0,0.002176678192013472,5.0,9.5,0.9899965056250812,0.06057061270208103,37860.0,28.0,0.0,S6,4,HPA+LC,0.35
446552.0,0.02006781090018189,1.6358745652400533,2.0417379446695296,0.013941265518909332,0.06905018900374424,62.0,12.333333333333334,0.9901098532153045,0.05718010992760622,32025.0,32.0,0.0,S6,4,HPA+LC,0.45
446552.0,0.02006781090018189,2.0417379446695296,2.0417379446695296,0.02661056271162149,0.09249986563714864,107.0,18.666666666666668,0.9908989726108434,0.05413176892260724,27900.0,35.0,0.0,S6,4,HPA+LC,0.55
446552.0,0.02006781090018189,2.0417379446695296,2.3919384495683134,0.049522228094376466,0.11096524033035346,131.0,42.166666666666664,0.9928149331071517,0.044783738484803624,24300.0,30.0,0.0,S6,4,HPA+LC,0.65
446552.0,0.02006781090018189,2.0417379446695296,2.7148760106825023,0.05672967537935112,0.21036799745606335,246.0,63.333333333333336,0.9956745245401472,0.03238898201359869,19095.0,27.0,0.0,S6,4,HPA+LC,0.75
446552.0,0.02006781090018189,2.0417379446695296,2.892344370499147,0.1163408740751357,0.2773131684551855,377.0,64.5,0.9966336986151803,0.024739608439564905,15030.0,25.0,0.0,S6,4,HPA+LC,0.85
446552.0,0.02006781090018189,0.40620942890585726,2.0417379446695296,0.014000609111592828,0.04800560740966338,42.0,24.166666666666668,0.9938702222224584,0.04603188904409284,22595.0,68.0,0.0,S6,4,ПАБ naive,0.5
446552.0,0.02006781090018189,0.7413102413009177,2.0417379446695296,0.021578673928232324,0.0525605080707286,50.0,40.666666666666664,0.9946446563570438,0.04055212762373684,19095.0,66.0,0.0,S6,4,ПАБ naive,0.6
446552.0,0.02006781090018189,2.0417379446695296,2.0417379446695296,0.03386727637542772,0.11220529747935291,130.0,49.0,0.995955131864128,0.03153272645386991,16320.0,56.0,0.0,S6,4,ПАБ naive,0.7
446552.0,0.02006781090018189,2.0417379446695296,2.0417379446695296,0.04405869865099697,0.16604897078055858,215.0,53.833333333333336,0.9969916803890475,0.025373595776611343,14420.0,55.0,0.0,S6,4,ПАБ naive,0.8
446552.0,0.02006781090018189,2.0417379446695296,2.0417379446695296,0.05663226231211595,0.21728880399147243,307.0,79.83333333333333,0.9976223987398981,0.020261543024026392,12960.0,50.0,0.0,S6,4,ПАБ naive,0.9
446552.0,0.02006781090018189,0.06683439175686146,2.0417379446695296,0.010686325444741037,0.04126507103316075,36.0,9.333333333333334,0.9927560628039901,0.04867340197029175,25195.0,78.0,0.0,S6,4,ПАБ linear,0.5
446552.0,0.02006781090018189,0.15712670380639343,2.0417379446695296,0.015901843458320644,0.044032945771153194,40.0,23.666666666666668,0.9929617122065941,0.04579996816167826,21455.0,74.0,0.0,S6,4,ПАБ linear,0.6
446552.0,0.02006781090018189,0.8684603593990751,2.0417379446695296,0.022116125333667747,0.0653316970923879,81.0,39.333333333333336,0.9943571911725732,0.03827393949000496,18420.0,67.0,0.0,S6,4,ПАБ linear,0.7
446552.0,0.02006781090018189,1.9781080029332403,2.0417379446695296,0.029606854296923987,0.1009983159855963,145.0,43.0,0.9956146368565766,0.03111230671517833,16185.0,62.0,0.0,S6,4,ПАБ linear,0.8
446552.0,0.02006781090018189,2.0417379446695296,2.0417379446695296,0.041224762177753095,0.12521721994303014,192.0,51.166666666666664,0.9962374449343039,0.026689049927801523,14540.0,64.0,0.0,S6,4,ПАБ linear,0.9
446552.0,0.02006781090018189,0.33593093598651524,2.0417379446695296,0.009431712320177718,0.04688199806517494,38.0,9.333333333333334,0.9946223079844956,0.04395457980558059,25865.0,60.0,0.0,S6,4,ПАБ AR,0.5
446552.0,0.02006781090018189,0.557506583166466,2.0417379446695296,0.015642075279026856,0.04965827048137731,43.0,24.166666666666668,0.9949300041246089,0.03985221758321406,21570.0,55.0,0.0,S6,4,ПАБ AR,0.6
446552.0,0.02006781090018189,1.0174193661806046,2.0417379446695296,0.02267597054766298,0.07356142173811785,71.0,27.5,0.9961419609865142,0.03369249634990935,18695.0,52.0,0.0,S6,4,ПАБ AR,0.7
446552.0,0.02006781090018189,2.0417379446695296,2.0417379446695296,0.03219669825686594,0.11012491266414662,126.0,51.0,0.9963972682300875,0.029788149081923683,16490.0,49.0,0.0,S6,4,ПАБ AR,0.8
446552.0,0.02006781090018189,2.0417379446695296,2.0417379446695296,0.04208356473602178,0.1435946989376377,160.0,54.166666666666664,0.9971605088046033,0.023811400527856012,14635.0,46.0,0.0,S6,4,ПАБ AR,0.9
446552.0,0.02006781090018189,0.04027170343254591,2.0417379446695296,0.009459144735663484,0.035738279080599795,33.0,8.666666666666666,0.9937602271938472,0.04681263694998499,26660.0,65.0,0.0,S6,4,ПАБ LSTM v2,0.5
446552.0,0.02006781090018189,0.11816803125447838,2.0417379446695296,0.013935667066769379,0.04210259947329762,38.0,9.333333333333334,0.9945756424768013,0.04205329912964085,22355.0,61.0,0.0,S6,4,ПАБ LSTM v2,0.6
446552.0,0.02006781090018189,0.41927599668460547,2.0417379446695296,0.019099679320661422,0.045587076085203966,44.0,19.666666666666668,0.9950357164925178,0.036636787499611294,19430.0,55.0,0.0,S6,4,ПАБ LSTM v2,0.7
446552.0,0.02006781090018189,1.5355006336570662,2.0417379446695296,0.025166162059513785,0.08090211218402336,83.0,25.833333333333332,0.9956992082498047,0.03181282018746355,17055.0,54.0,0.0,S6,4,ПАБ LSTM v2,0.8
446552.0,0.02006781090018189,1.9781080029332403,2.0417379446695296,0.035116850893065085,0.0994251509342697,106.0,31.5,0.9964587178142382,0.027515102399295586,15295.0,51.0,0.0,S6,4,ПАБ LSTM v2,0.9
446552.0,0.02006781090018189,0.06077850313707005,2.0417379446695296,0.008067929378885326,0.039574898332109136,34.0,8.833333333333334,0.993732512202538,0.046286887588791854,25725.0,72.0,0.0,S6,4,ПАБ GRU v2,0.5
446552.0,0.02006781090018189,0.19611011754760474,2.0417379446695296,0.014755280460058404,0.04431062899729483,40.0,9.5,0.9943769465488357,0.04111699302846712,21550.0,64.0,0.0,S6,4,ПАБ GRU v2,0.6
446552.0,0.02006781090018189,0.5069907082747045,2.0417379446695296,0.01963713072609685,0.04923726688045289,48.0,24.166666666666668,0.9948030972984854,0.037065196928006666,18515.0,62.0,0.0,S6,4,ПАБ GRU v2,0.7
446552.0,0.02006781090018189,1.6358745652400533,2.0417379446695296,0.026167165302137266,0.0856787115498307,87.0,26.666666666666668,0.995136001189348,0.034278438922870066,16455.0,60.0,0.0,S6,4,ПАБ GRU v2,0.8
446552.0,0.02006781090018189,2.0417379446695296,2.0417379446695296,0.0356789354879163,0.10391958831222343,112.0,49.333333333333336,0.9958046310659707,0.029538402368262974,14495.0,60.0,0.0,S6,4,ПАБ GRU v2,0.9
383240.0,0.02006781090018189,0.02006781090018189,0.04290421892388853,0.0,0.0003679156664231291,2.0,0.0,0.9882882443282718,0.0637592911502119,32550.0,32.0,0.0,S6,5,HPA+LC,0.35
383240.0,0.02006781090018189,0.02006781090018189,0.050263184440820056,0.0,0.001114184323139547,9.0,0.0,0.9886249299112781,0.05959076698313734,26430.0,36.0,0.0,S6,5,HPA+LC,0.45
383240.0,0.02006781090018189,0.13843630530808698,1.6884958594867534,0.0007201753470410187,0.03821626135058971,58.0,9.454545454545455,0.9923591438860146,0.046187459981018246,21780.0,31.0,0.0,S6,5,HPA+LC,0.55
383240.0,0.02006781090018189,1.1187936686591167,2.0417379446695296,0.005742485126813485,0.06898353512159482,108.0,19.181818181818183,0.9941039774661482,0.038862734168058535,18630.0,30.0,0.0,S6,5,HPA+LC,0.65
383240.0,0.02006781090018189,2.0417379446695296,2.0417379446695296,0.01989614862749191,0.11856799916501409,186.0,32.18181818181818,0.9959884933191352,0.030209756938151328,15255.0,24.0,0.0,S6,5,HPA+LC,0.75
383240.0,0.02006781090018189,2.0417379446695296,2.0417379446695296,0.031141060432105207,0.14445647635946143,251.0,54.18181818181818,0.9981199455687443,0.020945707355391696,12150.0,21.0,0.0,S6,5,HPA+LC,0.85
383240.0,0.02006781090018189,0.02006781090018189,0.037800713730181124,0.0,0.0,0.0,7.0,0.9939313341240417,0.04347851135392206,18825.0,46.0,0.0,S6,5,ПАБ naive,0.5
383240.0,0.02006781090018189,0.15712670380639343,1.4412854420872234,0.0,0.03783790836029642,42.0,16.181818181818183,0.9949696826846445,0.03631472878443301,15825.0,41.0,0.0,S6,5,ПАБ naive,0.6
383240.0,0.02006781090018189,1.2302687708123812,2.0417379446695296,0.006413083185471245,0.07335416449222419,83.0,27.272727272727273,0.9956245905534756,0.030996601823205634,13700.0,36.0,0.0,S6,5,ПАБ naive,0.7
383240.0,0.02006781090018189,2.0417379446695296,2.0417379446695296,0.016832141738858157,0.09389220853773092,119.0,47.27272727272727,0.9960752026000504,0.027398615274560622,12160.0,35.0,0.0,S6,5,ПАБ naive,0.8
383240.0,0.02006781090018189,2.0417379446695296,2.0417379446695296,0.021050777580628326,0.10689515708172424,138.0,92.54545454545455,0.9971296821826853,0.021204331683204434,10785.0,25.0,0.0,S6,5,ПАБ naive,0.9
383240.0,0.02006781090018189,0.02006781090018189,0.029342695039559687,0.0,0.0,0.0,0.0,0.9927041300619807,0.048262126437020055,21265.0,61.0,0.0,S6,5,ПАБ linear,0.5
383240.0,0.02006781090018189,0.047179137813158536,1.4412854420872234,0.0,0.027006575514038202,32.0,14.181818181818182,0.9937289869840399,0.041359163595013064,17905.0,53.0,0.0,S6,5,ПАБ linear,0.6
383240.0,0.02006781090018189,0.32546178349804583,2.0417379446695296,0.004472393278363428,0.04658438576349024,57.0,16.09090909090909,0.9946049371531237,0.03525396740921887,15380.0,44.0,0.0,S6,5,ПАБ linear,0.7
383240.0,0.02006781090018189,1.3963683610559376,2.0417379446695296,0.006087569147270639,0.07499478133806492,85.0,27.181818181818183,0.9953562910303033,0.03127723732629284,13655.0,44.0,0.0,S6,5,ПАБ linear,0.8
383240.0,0.02006781090018189,1.9164610627353873,2.0417379446695296,0.015650767143304458,0.08766830184740633,112.0,29.454545454545453,0.9965702642721742,0.024052313513328167,12160.0,36.0,0.0,S6,5,ПАБ linear,0.9
383240.0,0.02006781090018189,0.02006781090018189,0.026683942737144424,0.0,0.0,0.0,0.0,0.9940002086104586,0.04438266648311523,21245.0,43.0,0.0,S6,5,ПАБ AR,0.5
383240.0,0.02006781090018189,0.02006781090018189,0.04027170343254591,0.0,0.0,0.0,7.181818181818182,0.9943255965493821,0.040850057406408596,18055.0,41.0,0.0,S6,5,ПАБ AR,0.6
383240.0,0.02006781090018189,0.22974707980333003,1.4412854420872234,0.0,0.03756392860870473,42.0,16.636363636363637,0.9947043457136,0.03757864145439858,15705.0,42.0,0.0,S6,5,ПАБ AR,0.7
383240.0,0.02006781090018189,1.2302687708123812,2.0417379446695296,0.0058703423442229416,0.07224519883101972,83.0,18.363636363636363,0.9961405173307021,0.028753403243039825,13750.0,33.0,0.0,S6,5,ПАБ AR,0.8
383240.0,0.02006781090018189,2.0417379446695296,2.0417379446695296,0.01591039557457468,0.0987488258010646,122.0,31.09090909090909,0.996264244660799,0.026151894478969755,12360.0,33.0,0.0,S6,5,ПАБ AR,0.9
383240.0,0.02006781090018189,0.02006781090018189,0.03126079367123956,0.0,0.0,0.0,0.0,0.9925353598129477,0.048887205269489184,23450.0,62.0,0.0,S6,5,ПАБ LSTM v2,0.5
383240.0,0.02006781090018189,0.04570881896148752,1.4412854420872234,0.0,0.026221166892808685,31.0,7.2727272727272725,0.9929988347253877,0.044977873604481196,19605.0,58.0,0.0,S6,5,ПАБ LSTM v2,0.6
383240.0,0.02006781090018189,0.26915348039269155,2.0417379446695296,0.004472393278363428,0.04565807327001357,57.0,15.0,0.9942547837593186,0.03823574561476795,16940.0,53.0,0.0,S6,5,ПАБ LSTM v2,0.7
383240.0,0.02006781090018189,0.6130557921498209,2.0417379446695296,0.005610061580210834,0.056131927773718816,68.0,16.272727272727273,0.9943667156028009,0.036305123789227685,15065.0,49.0,0.0,S6,5,ПАБ LSTM v2,0.8
383240.0,0.02006781090018189,1.6358745652400533,2.0417379446695296,0.014098215217618202,0.08029172320217097,103.0,42.81818181818182,0.995719630994648,0.029432338262423807,13440.0,45.0,0.0,S6,5,ПАБ LSTM v2,0.9
383240.0,0.02006781090018189,0.02006781090018189,0.04027170343254591,0.0,0.0,0.0,1.9090909090909092,0.9931918642880955,0.04656706479235014,22410.0,56.0,0.0,S6,5,ПАБ GRU v2,0.5
383240.0,0.02006781090018189,0.04570881896148752,1.4412854420872234,0.0,0.02636207076505584,31.0,14.0,0.9937437708621678,0.04082104147363854,18940.0,50.0,0.0,S6,5,ПАБ GRU v2,0.6
383240.0,0.02006781090018189,0.2867477375581316,2.0417379446695296,0.004472393278363428,0.04620342344222941,57.0,15.909090909090908,0.9947797931555669,0.035275467406961775,16335.0,46.0,0.0,S6,5,ПАБ GRU v2,0.7
383240.0,0.02006781090018189,1.1547819846894583,2.0417379446695296,0.008274188498069095,0.06703371255610062,83.0,17.09090909090909,0.995175453931758,0.032069359287538415,14420.0,47.0,0.0,S6,5,ПАБ GRU v2,0.8
383240.0,0.02006781090018189,1.8567353246307055,2.0417379446695296,0.01647270639807953,0.08064659221375639,106.0,60.27272727272727,0.9961771065277473,0.026912502669447908,12945.0,41.0,0.0,S6,5,ПАБ GRU v2,0.9
438830.0,0.02006781090018189,0.025852348395621914,0.18407720014689555,0.0,0.003126495453820386,18.0,9.666666666666666,0.9878507550036807,0.06962354206612167,40095.0,38.0,0.0,S6,6,HPA+LC,0.35
438830.0,0.02006781090018189,0.17834050825119682,0.8151734005153627,0.0,0.024070824692933483,61.0,36.0,0.9882408586736218,0.06668242283370474,36015.0,45.0,0.0,S6,6,HPA+LC,0.45
438830.0,0.02006781090018189,1.8567353246307055,2.3173946499684797,0.00916243192124513,0.10274195018572112,143.0,37.111111111111114,0.9910991445134644,0.05359788632486669,30030.0,41.0,0.0,S6,6,HPA+LC,0.55
438830.0,0.02006781090018189,2.0417379446695296,2.892344370499147,0.0337157897135565,0.15357997402183077,211.0,71.11111111111111,0.9925702976452054,0.04613202112376563,27120.0,38.0,0.0,S6,6,HPA+LC,0.65
438830.0,0.02006781090018189,2.0417379446695296,3.388441561392024,0.055544857917644644,0.2750957090445047,333.0,76.77777777777777,0.9953058479361117,0.032804575257866606,21285.0,31.0,0.0,S6,6,HPA+LC,0.75
438830.0,0.02006781090018189,2.0417379446695296,3.4974378036641802,0.11285121801153065,0.32003851149647927,455.0,83.44444444444444,0.996253665148533,0.025549803147305452,15600.0,31.0,0.0,S6,6,HPA+LC,0.85
438830.0,0.02006781090018189,0.06077850313707005,1.4412854420872234,0.0,0.0345236196249117,29.0,26.444444444444443,0.9933410424383775,0.04750152502927948,22000.0,64.0,0.0,S6,6,ПАБ naive,0.5
438830.0,0.02006781090018189,1.6884958594867534,2.0417379446695296,0.0061675364036187135,0.09278650046715128,96.0,35.0,0.9950155266285009,0.03767663413645307,18460.0,58.0,0.0,S6,6,ПАБ naive,0.6
438830.0,0.02006781090018189,2.0417379446695296,2.0417379446695296,0.019596426862338492,0.11490668368160792,134.0,64.77777777777777,0.9958927972046915,0.031575914370700515,15975.0,55.0,0.0,S6,6,ПАБ naive,0.7
438830.0,0.02006781090018189,2.0417379446695296,2.0417379446695296,0.03161189982453342,0.19422042704464143,220.0,75.66666666666667,0.9966143257583272,0.026497975832391378,14115.0,53.0,0.0,S6,6,ПАБ naive,0.8
438830.0,0.02006781090018189,2.0417379446695296,2.0417379446695296,0.055587015472962194,0.35530102773283506,444.0,80.77777777777777,0.9980934377863445,0.016072525488119396,12525.0,46.0,0.0,S6,6,ПАБ naive,0.9
438830.0,0.02006781090018189,0.0220673406908459,0.06077850313707005,0.0,0.0,0.0,21.22222222222222,0.9923299910308119,0.04985699301007546,24490.0,72.0,0.0,S6,6,ПАБ linear,0.5
438830.0,0.02006781090018189,0.07120327999992027,1.9781080029332403,0.000836314746029214,0.03470592256682542,31.0,25.0,0.9937150265463781,0.04328893248077359,20590.0,69.0,0.0,S6,6,ПАБ linear,0.6
438830.0,0.02006781090018189,1.2698429144338064,2.0417379446695296,0.004959779413440285,0.07082583232686918,80.0,38.111111111111114,0.9948204503954955,0.0353849880826109,17760.0,61.0,0.0,S6,6,ПАБ linear,0.7
438830.0,0.02006781090018189,1.9781080029332403,2.0417379446695296,0.012265000113939339,0.11575951963174806,128.0,42.666666666666664,0.9959622191940256,0.02930882051163679,15595.0,58.0,0.0,S6,6,ПАБ linear,0.8
438830.0,0.02006781090018189,2.0417379446695296,2.0417379446695296,0.02565515119750245,0.17227571041177678,210.0,64.22222222222223,0.9960957563578563,0.026423736379137447,13995.0,54.0,0.0,S6,6,ПАБ linear,0.9
438830.0,0.02006781090018189,0.02006781090018189,0.03548133892335755,0.0,0.0,0.0,7.444444444444445,0.9923073180175945,0.054633631508177745,25745.0,59.0,0.0,S6,6,ПАБ AR,0.5
438830.0,0.02006781090018189,0.4911905467933634,2.0417379446695296,0.0012943508875874485,0.049652485016976965,41.0,31.22222222222222,0.9941974621256713,0.04437055746098039,21655.0,50.0,0.0,S6,6,ПАБ AR,0.6
438830.0,0.02006781090018189,1.3963683610559376,2.0417379446695296,0.007427135792903858,0.08934382334844929,92.0,37.666666666666664,0.9952418647467007,0.03827129521751674,18590.0,50.0,0.0,S6,6,ПАБ AR,0.7
438830.0,0.02006781090018189,2.0417379446695296,2.0417379446695296,0.01733530068591482,0.15500706423899915,164.0,75.0,0.9959412538054209,0.03222502218809429,16340.0,49.0,0.0,S6,6,ПАБ AR,0.8
438830.0,0.02006781090018189,2.0417379446695296,2.0417379446695296,0.030158603559464942,0.22022765079871476,231.0,76.77777777777777,0.9969346879934945,0.025136807259920672,14705.0,43.0,0.0,S6,6,ПАБ AR,0.9
438830.0,0.02006781090018189,0.02006781090018189,0.037800713730181124,0.0,0.0,0.0,6.444444444444445,0.9924929821553468,0.048832735060797695,25830.0,70.0,0.0,S6,6,ПАБ LSTM v2,0.5
438830.0,0.02006781090018189,0.03126079367123956,1.8567353246307055,0.0005491876125150969,0.02706742930064034,26.0,21.77777777777778,0.9938315926333715,0.04156888908628979,21665.0,63.0,0.0,S6,6,ПАБ LSTM v2,0.6
438830.0,0.02006781090018189,0.26915348039269155,2.0417379446695296,0.003917234464371169,0.04195930086821776,50.0,32.333333333333336,0.9947361360907375,0.0367352470108769,18640.0,61.0,0.0,S6,6,ПАБ LSTM v2,0.7
438830.0,0.02006781090018189,1.742809826672464,2.0417379446695296,0.010040334525898411,0.0897386231570312,115.0,38.55555555555556,0.9959346859649062,0.029498338273913426,16465.0,54.0,0.0,S6,6,ПАБ LSTM v2,0.8
438830.0,0.02006781090018189,2.0417379446695296,2.0417379446695296,0.016690973725588497,0.1544185675546339,187.0,68.0,0.9964022383827832,0.02609016706400915,14840.0,52.0,0.0,S6,6,ПАБ LSTM v2,0.9
438830.0,0.02006781090018189,0.02006781090018189,0.04027170343254591,0.0,0.0,0.0,6.777777777777778,0.9923046716829904,0.049384576483832376,25580.0,71.0,0.0,S6,6,ПАБ GRU v2,0.5
438830.0,0.02006781090018189,0.03126079367123956,1.8567353246307055,0.0005491876125150969,0.02706742930064034,26.0,21.77777777777778,0.9938298086042707,0.0415037649298351,21400.0,60.0,0.0,S6,6,ПАБ GRU v2,0.6
438830.0,0.02006781090018189,0.2867477375581316,2.0417379446695296,0.004539343253651756,0.04349748194061482,50.0,32.77777777777778,0.9944872184890271,0.03773069651760543,18555.0,63.0,0.0,S6,6,ПАБ GRU v2,0.7
438830.0,0.02006781090018189,1.191927939457827,2.0417379446695296,0.009707061960212383,0.08407640772052959,94.0,56.888888888888886,0.9958318760769811,0.030160844100814755,16195.0,54.0,0.0,S6,6,ПАБ GRU v2,0.8
438830.0,0.02006781090018189,2.0417379446695296,2.0417379446695296,0.017203131053027367,0.15739751156484288,190.0,61.44444444444444,0.9961893535525308,0.026634380387619453,14565.0,53.0,0.0,S6,6,ПАБ GRU v2,0.9
445315.0,0.02006781090018189,0.8151734005153627,2.0417379446695296,0.004926849533476304,0.06366055488811291,47.0,32.0,0.9909470060992551,0.05620272195920963,34635.0,29.0,0.0,S6,7,HPA+LC,0.35
445315.0,0.02006781090018189,2.0417379446695296,2.0417379446695296,0.02738847781907189,0.10638424486037973,97.0,41.36363636363637,0.9915990132892029,0.05130473933606537,30285.0,30.0,0.0,S6,7,HPA+LC,0.45
445315.0,0.02006781090018189,2.0417379446695296,2.3919384495683134,0.031631541717660534,0.14102376969111752,135.0,49.81818181818182,0.9923158244593472,0.04766740224108095,26940.0,31.0,0.0,S6,7,HPA+LC,0.55
445315.0,0.02006781090018189,2.0417379446695296,2.9853826189179604,0.05665203283069288,0.19379315765244826,208.0,62.27272727272727,0.9943431213549461,0.04008812430408845,22995.0,33.0,0.0,S6,7,HPA+LC,0.65
445315.0,0.02006781090018189,2.0417379446695296,3.726061338637685,0.13849578388331854,0.2685688782098065,322.0,79.18181818181819,0.9959443188338356,0.030859815571566515,18315.0,28.0,0.0,S6,7,HPA+LC,0.75
445315.0,0.02006781090018189,2.0417379446695296,3.2828421431654635,0.18519699538528905,0.2809471946824158,405.0,86.27272727272727,0.997145875292773,0.024011099643484326,13920.0,26.0,0.0,S6,7,HPA+LC,0.85
445315.0,0.02006781090018189,2.0417379446695296,2.0417379446695296,0.021776158449636773,0.10215409317000326,89.0,35.45454545454545,0.9940176342262658,0.0424126351258013,23320.0,69.0,0.0,S6,7,ПАБ naive,0.5
445315.0,0.02006781090018189,2.0417379446695296,2.0417379446695296,0.0367475831714629,0.10490495491955133,104.0,42.72727272727273,0.9948747495454211,0.03605338649439793,19450.0,60.0,0.0,S6,7,ПАБ naive,0.6
445315.0,0.02006781090018189,2.0417379446695296,2.0417379446695296,0.052224268214634585,0.1183134410473485,149.0,44.90909090909091,0.9953049418348583,0.03231836681006282,16950.0,60.0,0.0,S6,7,ПАБ naive,0.7
445315.0,0.02006781090018189,2.0417379446695296,2.0417379446695296,0.0639199218530703,0.12961050043227829,176.0,57.81818181818182,0.9960453286892499,0.028012384221328963,14820.0,52.0,0.0,S6,7,ПАБ naive,0.8
445315.0,0.02006781090018189,2.0417379446695296,2.0417379446695296,0.07661711372848433,0.15377261039938023,221.0,65.0909090909091,0.997623846509373,0.02083108944632867,13350.0,48.0,0.0,S6,7,ПАБ naive,0.9
445315.0,0.02006781090018189,1.8567353246307055,2.0417379446695296,0.011171305704950429,0.09192201026239853,77.0,33.27272727272727,0.9929641372221765,0.04589836704679994,25855.0,68.0,0.0,S6,7,ПАБ linear,0.5
445315.0,0.02006781090018189,2.0417379446695296,2.0417379446695296,0.026179221449984844,0.09548970953145526,91.0,37.63636363636363,0.9934327655145204,0.0412117046564524,22840.0,70.0,0.0,S6,7,ПАБ linear,0.6
445315.0,0.02006781090018189,2.0417379446695296,2.0417379446695296,0.039277814580690074,0.10614508830827617,132.0,40.45454545454545,0.9935156005772356,0.038241345916194436,19910.0,69.0,0.0,S6,7,ПАБ linear,0.7
445315.0,0.02006781090018189,2.0417379446695296,2.0417379446695296,0.0496873000011228,0.11542728181175123,158.0,42.72727272727273,0.9942269128571544,0.03433072609437877,17425.0,65.0,0.0,S6,7,ПАБ linear,0.8
445315.0,0.02006781090018189,2.0417379446695296,2.0417379446695296,0.05839574233969213,0.11921336581970066,171.0,45.09090909090909,0.9952577601411243,0.029837472373965064,15745.0,62.0,0.0,S6,7,ПАБ linear,0.9
445315.0,0.02006781090018189,2.0417379446695296,2.0417379446695296,0.012290176616552328,0.09422543592737725,74.0,34.63636363636363,0.9943986703043568,0.042607914427684,26065.0,59.0,0.0,S6,7,ПАБ AR,0.5
445315.0,0.02006781090018189,2.0417379446695296,2.0417379446695296,0.027060058610197276,0.09907537361193762,91.0,35.81818181818182,0.9948691758694508,0.03836979052577046,21975.0,58.0,0.0,S6,7,ПАБ AR,0.6
445315.0,0.02006781090018189,2.0417379446695296,2.0417379446695296,0.039977880825932205,0.10272559873348079,105.0,40.72727272727273,0.9956531518000038,0.03380117578178234,19070.0,51.0,0.0,S6,7,ПАБ AR,0.7
445315.0,0.02006781090018189,2.0417379446695296,2.0417379446695296,0.05375408418759754,0.10321121004232958,119.0,42.90909090909091,0.9961585185425965,0.029828953258848177,16850.0,51.0,0.0,S6,7,ПАБ AR,0.8
445315.0,0.02006781090018189,2.0417379446695296,2.0417379446695296,0.0605200812907717,0.1166466433872652,154.0,60.72727272727273,0.9963615897600617,0.026818836574490575,15040.0,42.0,0.0,S6,7,ПАБ AR,0.9
445315.0,0.02006781090018189,1.0839269140212038,2.0417379446695296,0.007843885788711362,0.0677722511031517,55.0,31.636363636363637,0.9936006609835191,0.04564601589114482,26815.0,72.0,0.0,S6,7,ПАБ LSTM v2,0.5
445315.0,0.02006781090018189,1.9164610627353873,2.0417379446695296,0.020757778201946936,0.0948637481333438,84.0,34.63636363636363,0.9939115942763473,0.041618388118915176,22545.0,71.0,0.0,S6,7,ПАБ LSTM v2,0.6
445315.0,0.02006781090018189,2.0417379446695296,2.0417379446695296,0.03331854979059767,0.09597195243816176,96.0,37.0,0.9943884191909282,0.03713008445569241,19445.0,63.0,0.0,S6,7,ПАБ LSTM v2,0.7
445315.0,0.02006781090018189,2.0417379446695296,2.0417379446695296,0.04209379877165602,0.09794639749390881,103.0,41.63636363636363,0.9945581844325031,0.03511224210517334,17225.0,61.0,0.0,S6,7,ПАБ LSTM v2,0.8
445315.0,0.02006781090018189,2.0417379446695296,2.0417379446695296,0.05216532117714427,0.10912949260635729,133.0,58.63636363636363,0.9953955380815014,0.030253078050235496,15335.0,55.0,0.0,S6,7,ПАБ LSTM v2,0.9
445315.0,0.02006781090018189,1.3106900423660772,2.0417379446695296,0.007668728877311566,0.07459214264060272,58.0,32.09090909090909,0.9932415932889628,0.04634661555270617,26280.0,76.0,0.0,S6,7,ПАБ GRU v2,0.5
445315.0,0.02006781090018189,2.0417379446695296,2.0417379446695296,0.02163749256144527,0.09468466141944466,85.0,34.63636363636363,0.9942444553893343,0.03958001166703487,21910.0,70.0,0.0,S6,7,ПАБ GRU v2,0.6
445315.0,0.02006781090018189,2.0417379446695296,2.0417379446695296,0.03410394889011149,0.0953459910400503,96.0,39.63636363636363,0.9946772298855501,0.035305926571492355,18905.0,65.0,0.0,S6,7,ПАБ GRU v2,0.7
445315.0,0.02006781090018189,2.0417379446695296,2.0417379446695296,0.043594983326409396,0.09940491562152634,106.0,42.18181818181818,0.9949866827043509,0.033141429687639216,16675.0,63.0,0.0,S6,7,ПАБ GRU v2,0.8
445315.0,0.02006781090018189,2.0417379446695296,2.0417379446695296,0.05392699549756914,0.11211277410372433,136.0,45.63636363636363,0.9955810741691792,0.02940447765822807,15115.0,57.0,0.0,S6,7,ПАБ GRU v2,0.9
436572.0,0.02006781090018189,0.02006781090018189,0.04570881896148752,0.0,0.0009689123443555703,8.0,0.0,0.9888736963112461,0.06337015715760604,36585.0,37.0,0.0,S6,8,HPA+LC,0.35
436572.0,0.02006781090018189,0.028428241752041873,0.13843630530808698,0.0,0.0025791851057786574,29.0,18.625,0.9900732221355533,0.057032206162756074,30930.0,40.0,0.0,S6,8,HPA+LC,0.45
436572.0,0.02006781090018189,0.5939501549952435,2.0417379446695296,0.0051125587531953495,0.0517761102406934,90.0,19.5,0.9923387444630044,0.046652591183465084,25845.0,37.0,0.0,S6,8,HPA+LC,0.55
436572.0,0.02006781090018189,1.7988709151287874,2.0417379446695296,0.011082364420988977,0.08645252100455365,148.0,24.375,0.9948855745007389,0.037349745731090365,20265.0,36.0,0.0,S6,8,HPA+LC,0.65
436572.0,0.02006781090018189,2.0417379446695296,2.3919384495683134,0.02879822801279056,0.16560727669204622,286.0,47.75,0.997213652666973,0.024114270070519497,17100.0,31.0,0.0,S6,8,HPA+LC,0.75
436572.0,0.02006781090018189,2.0417379446695296,2.7148760106825023,0.05288990132211869,0.22124357494296473,390.0,50.875,0.9986061345123545,0.01788496609985878,14070.0,29.0,0.0,S6,8,HPA+LC,0.85
436572.0,0.02006781090018189,0.22974707980333003,2.0417379446695296,0.0017408354177546887,0.043259760131204014,55.0,7.5,0.9952439678086955,0.03986863694389186,20615.0,54.0,0.0,S6,8,ПАБ naive,0.5
436572.0,0.02006781090018189,0.4911905467933634,2.0417379446695296,0.0054515635450738936,0.04953592992679329,65.0,8.125,0.9959225474542942,0.03399852771277981,17420.0,48.0,0.0,S6,8,ПАБ naive,0.6
436572.0,0.02006781090018189,1.191927939457827,2.0417379446695296,0.015660647041037905,0.061119357173616266,105.0,32.375,0.9966339314309577,0.028353759501617965,15000.0,43.0,0.0,S6,8,ПАБ naive,0.7
436572.0,0.02006781090018189,1.6358745652400533,2.0417379446695296,0.020628899700393062,0.10720110313991736,195.0,74.75,0.9974438099104382,0.022932833680833657,13200.0,39.0,0.0,S6,8,ПАБ naive,0.8
436572.0,0.02006781090018189,2.0417379446695296,2.0417379446695296,0.032295932858726624,0.17739914607441612,314.0,79.625,0.999094202504411,0.0135750071574691,11935.0,35.0,0.0,S6,8,ПАБ naive,0.9
436572.0,0.02006781090018189,0.06683439175686146,1.9781080029332403,0.0010055615110451427,0.037778419138194845,50.0,6.875,0.9951303046187647,0.03877426223686857,22485.0,61.0,0.0,S6,8,ПАБ linear,0.5
436572.0,0.02006781090018189,0.1899984246214733,2.0417379446695296,0.004947637503092273,0.04227710434933986,59.0,7.375,0.9954204384203498,0.03529380107770962,18815.0,55.0,0.0,S6,8,ПАБ linear,0.6
436572.0,0.02006781090018189,0.6958249547006052,2.0417379446695296,0.013445663029236873,0.05200516753250323,91.0,17.0,0.9961215694115602,0.03032096329666898,16325.0,49.0,0.0,S6,8,ПАБ linear,0.7
436572.0,0.02006781090018189,1.0501467677660838,2.0417379446695296,0.018471180011544488,0.05689095956680685,103.0,33.125,0.9962361587442198,0.02844901554151223,14295.0,47.0,0.0,S6,8,ПАБ linear,0.8
436572.0,0.02006781090018189,2.0417379446695296,2.0417379446695296,0.026055266943367874,0.08039681885233134,164.0,73.375,0.9977946994277795,0.020547135699414066,12850.0,44.0,0.0,S6,8,ПАБ linear,0.9
436572.0,0.02006781090018189,0.02006781090018189,0.04570881896148752,0.0,0.0,0.0,6.25,0.9945323695404807,0.04258757471177015,23390.0,46.0,0.0,S6,8,ПАБ AR,0.5
436572.0,0.02006781090018189,0.23713737056616552,2.0417379446695296,0.0017408354177546887,0.04384843737115527,57.0,7.5,0.9956250360279263,0.03704907715225718,19555.0,44.0,0.0,S6,8,ПАБ AR,0.6
436572.0,0.02006781090018189,0.4911905467933634,2.0417379446695296,0.005327872607496587,0.04949469961426752,65.0,16.75,0.9964549162513954,0.031162122314404222,16865.0,39.0,0.0,S6,8,ПАБ AR,0.7
436572.0,0.02006781090018189,1.191927939457827,2.0417379446695296,0.014077861154631997,0.058146193525924705,97.0,67.75,0.9969250299443426,0.02709988597636923,14785.0,35.0,0.0,S6,8,ПАБ AR,0.8
436572.0,0.02006781090018189,1.584893192461114,2.0417379446695296,0.019710379960235655,0.08158791676974245,140.0,75.75,0.9975318755537809,0.02321020688755306,13350.0,34.0,0.0,S6,8,ПАБ AR,0.9
436572.0,0.02006781090018189,0.0220673406908459,1.6884958594867534,0.0007787947921534134,0.02226436876391523,22.0,6.25,0.995166962475167,0.04053184625319392,24230.0,60.0,0.0,S6,8,ПАБ LSTM v2,0.5
436572.0,0.02006781090018189,0.024266100950824154,2.0417379446695296,0.003653463804366748,0.026082753818385054,28.0,6.875,0.9950855845462142,0.03913615459072482,20370.0,61.0,0.0,S6,8,ПАБ LSTM v2,0.6
436572.0,0.02006781090018189,0.1899984246214733,2.0417379446695296,0.0071694932336476,0.04292304591224357,63.0,7.25,0.9956442805743448,0.03552852228828215,17730.0,56.0,0.0,S6,8,ПАБ LSTM v2,0.7
436572.0,0.02006781090018189,0.32546178349804583,2.0417379446695296,0.011542196934297207,0.04588017554950844,70.0,42.0,0.9965743689073222,0.029212158598534533,15505.0,45.0,0.0,S6,8,ПАБ LSTM v2,0.8
436572.0,0.02006781090018189,0.7413102413009177,2.0417379446695296,0.0167280540208717,0.07139944843004133,96.0,55.125,0.9962295838719284,0.028427659652945213,13975.0,48.0,0.0,S6,8,ПАБ LSTM v2,0.9
436572.0,0.02006781090018189,0.022777182418573218,1.6884958594867534,0.0007787947921534134,0.022823268555931208,22.0,6.25,0.9950950361514459,0.04007528425097105,23200.0,61.0,0.0,S6,8,ПАБ GRU v2,0.5
436572.0,0.02006781090018189,0.024266100950824154,2.0417379446695296,0.004393318856912491,0.02641030574567311,29.0,7.0,0.9953369214067394,0.03674014495202073,19550.0,56.0,0.0,S6,8,ПАБ GRU v2,0.6
436572.0,0.02006781090018189,0.22974707980333003,2.0417379446695296,0.008136115005085072,0.04385989023574576,65.0,7.5,0.9958120848957691,0.03251179925683604,16845.0,48.0,0.0,S6,8,ПАБ GRU v2,0.7
436572.0,0.02006781090018189,0.4610520952362225,2.0417379446695296,0.012424067507765042,0.04838148117607176,74.0,43.25,0.9963191465226219,0.028888945516445996,14870.0,43.0,0.0,S6,8,ПАБ GRU v2,0.8
436572.0,0.02006781090018189,1.1547819846894583,2.0417379446695296,0.021657366940619188,0.08725479416911758,129.0,56.5,0.9973514064313082,0.022663954012144886,13295.0,40.0,0.0,S6,8,ПАБ GRU v2,0.9
381497.0,0.02006781090018189,0.02006781090018189,0.037800713730181124,0.0,0.0,0.0,0.0,0.9896777843750492,0.06005566683583261,31485.0,24.0,0.0,S6,9,HPA+LC,0.35
381497.0,0.02006781090018189,0.02006781090018189,0.037800713730181124,0.0,0.00023591273325871502,5.0,0.0,0.9910402707830213,0.05274032463387109,24165.0,23.0,0.0,S6,9,HPA+LC,0.45
381497.0,0.02006781090018189,0.02006781090018189,0.04570881896148752,0.0,0.001195291181844156,20.0,4.5,0.9922607265324352,0.04699128221174262,20430.0,24.0,0.0,S6,9,HPA+LC,0.55
381497.0,0.02006781090018189,0.02006781090018189,0.06898425842094826,0.0,0.003166473130850308,41.0,10.2,0.992711722959914,0.045065083363528505,17820.0,30.0,0.0,S6,9,HPA+LC,0.65
381497.0,0.02006781090018189,0.26076542044591006,2.0417379446695296,0.005415507854583391,0.04272379599315329,113.0,25.0,0.9952189760855341,0.03451380771469038,14745.0,24.0,0.0,S6,9,HPA+LC,0.75
381497.0,0.02006781090018189,2.0417379446695296,2.0417379446695296,0.01088213013470617,0.16261333640893638,258.0,63.0,0.997669511886622,0.022527962305076865,12450.0,23.0,0.0,S6,9,HPA+LC,0.85
381497.0,0.02006781090018189,0.02006781090018189,0.028428241752041873,0.0,0.0,0.0,0.0,0.9934987098263725,0.04510379493944137,18990.0,50.0,0.0,S6,9,ПАБ naive,0.5
381497.0,0.02006781090018189,0.02006781090018189,0.04027170343254591,0.0,0.0,0.0,23.7,0.9938034331300394,0.041130424627541594,16055.0,44.0,0.0,S6,9,ПАБ naive,0.6
381497.0,0.02006781090018189,0.5232991146814947,2.0417379446695296,0.0008781196182407725,0.05098336290980008,62.0,26.7,0.9945035208212302,0.0364222694495837,13860.0,43.0,0.0,S6,9,ПАБ naive,0.7
381497.0,0.02006781090018189,2.0417379446695296,2.0417379446695296,0.010845432598421481,0.09625632704844336,124.0,57.4,0.9952300198652131,0.031662971092876344,12190.0,37.0,0.0,S6,9,ПАБ naive,0.8
381497.0,0.02006781090018189,2.0417379446695296,2.0417379446695296,0.022896641389054173,0.18876164163807316,257.0,86.3,0.9967391913028407,0.022730784295465763,10915.0,34.0,0.0,S6,9,ПАБ naive,0.9
381497.0,0.02006781090018189,0.02006781090018189,0.03126079367123956,0.0,0.0,0.0,0.0,0.9913212743093816,0.054067821638472124,21935.0,68.0,0.0,S6,9,ПАБ linear,0.5
381497.0,0.02006781090018189,0.025852348395621914,0.7413102413009177,0.0,0.01381662241118541,15.0,19.4,0.9923927184685545,0.046093557728776775,18375.0,59.0,0.0,S6,9,ПАБ linear,0.6
381497.0,0.02006781090018189,0.6130557921498209,2.0417379446695296,0.0033368545493149358,0.051754011171778545,67.0,26.0,0.99262811872727,0.04316697395854667,15895.0,60.0,0.0,S6,9,ПАБ linear,0.7
381497.0,0.02006781090018189,1.7988709151287874,2.0417379446695296,0.009517768160693269,0.08022343557092192,104.0,27.1,0.9936228350211397,0.038043785926622276,13960.0,55.0,0.0,S6,9,ПАБ linear,0.8
381497.0,0.02006781090018189,2.0417379446695296,2.0417379446695296,0.01524061788166093,0.09818360301653749,131.0,76.1,0.9938620997734814,0.03547090647423846,12660.0,52.0,0.0,S6,9,ПАБ linear,0.9
381497.0,0.02006781090018189,0.02006781090018189,0.028428241752041873,0.0,0.0,0.0,0.0,0.9932480034291823,0.047905876118514545,22340.0,41.0,0.0,S6,9,ПАБ AR,0.5
381497.0,0.02006781090018189,0.02006781090018189,0.028428241752041873,0.0,0.0,0.0,0.0,0.993695273006444,0.043498896203578455,18750.0,41.0,0.0,S6,9,ПАБ AR,0.6
381497.0,0.02006781090018189,0.021379620895022326,0.7413102413009177,0.0,0.013963412556324165,16.0,10.9,0.9946204586715679,0.03869259882562596,16205.0,34.0,0.0,S6,9,ПАБ AR,0.7
381497.0,0.02006781090018189,0.07349368100487516,0.8684603593990751,0.0,0.021040794554085616,24.0,42.2,0.9943137909608749,0.03845015069471728,14305.0,42.0,0.0,S6,9,ПАБ AR,0.8
381497.0,0.02006781090018189,1.8567353246307055,2.0417379446695296,0.005618654930445063,0.09418029499576668,115.0,71.0,0.9949999051621358,0.03174217957338863,12825.0,33.0,0.0,S6,9,ПАБ AR,0.9
381497.0,0.02006781090018189,0.02006781090018189,0.03330427623087463,0.0,0.00024377649103400552,5.0,0.0,0.9913072657872545,0.05198127345746358,23560.0,60.0,0.06666666666666667,S6,9,ПАБ LSTM v2,0.5
381497.0,0.02006781090018189,0.02006781090018189,0.037800713730181124,0.0,0.00024377649103400552,5.0,19.6,0.9917932412793229,0.048867874006247404,19850.0,62.0,0.06666666666666667,S6,9,ПАБ LSTM v2,0.6
381497.0,0.02006781090018189,0.14748572927641243,1.6884958594867534,0.0,0.038262424081971814,50.0,24.4,0.9926972216809453,0.044560282708189,17270.0,60.0,0.06666666666666667,S6,9,ПАБ LSTM v2,0.7
381497.0,0.02006781090018189,1.4412854420872234,2.0417379446695296,0.004705148402215482,0.076842019727547,100.0,32.1,0.9940834403023628,0.037346048864201925,15260.0,48.0,0.06666666666666667,S6,9,ПАБ LSTM v2,0.8
381497.0,0.02006781090018189,2.0417379446695296,2.0417379446695296,0.017378904683392007,0.1429342825762719,175.0,71.2,0.9950476514119757,0.030952740101187728,13620.0,48.0,0.06666666666666667,S6,9,ПАБ LSTM v2,0.9
381497.0,0.02006781090018189,0.02006781090018189,0.03126079367123956,0.0,0.0,0.0,0.0,0.9910784550681279,0.052217658296323556,22630.0,66.0,0.05,S6,9,ПАБ GRU v2,0.5
381497.0,0.02006781090018189,0.02006781090018189,0.0390166519947627,0.0,0.0,0.0,21.6,0.9917424309622153,0.047419592245663104,19130.0,60.0,0.05,S6,9,ПАБ GRU v2,0.6
381497.0,0.02006781090018189,0.16218100973589297,2.0417379446695296,0.000865013355281955,0.039151028710579634,48.0,25.0,0.9926484410627732,0.04279865793514399,16565.0,58.0,0.05,S6,9,ПАБ GRU v2,0.7
381497.0,0.02006781090018189,1.6358745652400533,2.0417379446695296,0.009161277808213433,0.0758800200263698,99.0,43.8,0.9936164474651229,0.03876452917691095,14585.0,57.0,0.05,S6,9,ПАБ GRU v2,0.8
381497.0,0.02006781090018189,2.0417379446695296,2.0417379446695296,0.013585952183110222,0.13553972901490707,157.0,74.0,0.9944657782491163,0.03287381978658594,13150.0,50.0,0.05,S6,9,ПАБ GRU v2,0.9
301580.0,0.02006781090018189,2.0417379446695296,2.0417379446695296,0.07356257046223225,0.1702533324491014,162.0,34.77777777777778,0.9830604601387534,0.08982631021936067,36960.0,32.0,0.0,S5X,0,HPA+LC,0.35
301580.0,0.02006781090018189,2.0417379446695296,2.0417379446695296,0.11649893892167916,0.21514772199747995,261.0,44.111111111111114,0.986933900424145,0.07084141145304261,26325.0,34.0,0.0,S5X,0,HPA+LC,0.45
301580.0,0.02006781090018189,2.0417379446695296,3.9696297343000686,0.1724849127926255,0.2893593739637907,316.0,61.77777777777778,0.99030406850274,0.05235499286850459,18960.0,30.0,0.0,S5X,0,HPA+LC,0.55
301580.0,0.02006781090018189,2.0417379446695296,3.1805336883295205,0.21186998474699914,0.28270193646793557,343.0,67.0,0.9918348642021442,0.04317199805035797,14265.0,24.0,0.0,S5X,0,HPA+LC,0.65
301580.0,0.02006781090018189,2.0417379446695296,2.892344370499147,0.29746667550898603,0.22088003183234964,377.0,69.66666666666667,0.9928464850172622,0.034524566934161505,8940.0,25.0,0.0,S5X,0,HPA+LC,0.75
301580.0,0.02006781090018189,2.0417379446695296,2.0417379446695296,0.3130388288348034,0.20818936932157306,383.0,70.44444444444444,0.9940590981369666,0.03022541420764582,7335.0,19.0,0.0,S5X,0,HPA+LC,0.85
301580.0,0.02006781090018189,2.0417379446695296,2.0417379446695296,0.09997347304197891,0.15368393129517874,186.0,39.77777777777778,0.9916798990030803,0.054501777862985185,24560.0,29.0,0.38055555555555554,S5X,0,ПАБ naive,0.5
301580.0,0.02006781090018189,2.0417379446695296,2.0417379446695296,0.1321075668147755,0.1696200013263479,216.0,42.666666666666664,0.9921998012548822,0.04917120845712625,22360.0,27.0,0.38055555555555554,S5X,0,ПАБ naive,0.6
301580.0,0.02006781090018189,2.0417379446695296,2.0417379446695296,0.1497148352012733,0.19048345380993434,238.0,44.55555555555556,0.9904777028299806,0.05323609003278648,21170.0,32.0,0.38055555555555554,S5X,0,ПАБ naive,0.7
301580.0,0.02006781090018189,2.0417379446695296,2.0417379446695296,0.17783009483387494,0.20100470853504873,266.0,49.0,0.9930802768439404,0.04286293268938732,19170.0,27.0,0.38055555555555554,S5X,0,ПАБ naive,0.8
301580.0,0.02006781090018189,2.0417379446695296,2.0417379446695296,0.18505869089462165,0.2034882949797732,272.0,50.0,0.9925491214228265,0.04336268979721636,17755.0,28.0,0.38055555555555554,S5X,0,ПАБ naive,0.9
301580.0,0.02006781090018189,2.0417379446695296,2.0417379446695296,0.09783142118177598,0.1477319450891969,178.0,26.555555555555557,0.9924305555384737,0.05084154104034981,26050.0,30.0,0.35833333333333334,S5X,0,ПАБ linear,0.5
301580.0,0.02006781090018189,2.0417379446695296,2.0417379446695296,0.12868890509980768,0.13191193049936997,194.0,27.0,0.9939240343059528,0.04387852360809204,22970.0,29.0,0.35833333333333334,S5X,0,ПАБ linear,0.6
301580.0,0.02006781090018189,2.0417379446695296,2.0417379446695296,0.14385900921811792,0.1304330525896943,206.0,27.88888888888889,0.993456424924139,0.044864766060022605,21475.0,35.0,0.35833333333333334,S5X,0,ПАБ linear,0.7
301580.0,0.02006781090018189,2.0417379446695296,2.0417379446695296,0.164506930167783,0.1207208700842231,218.0,41.666666666666664,0.9933604913886971,0.04235215065486703,20280.0,32.0,0.35833333333333334,S5X,0,ПАБ linear,0.8
301580.0,0.02006781090018189,2.0417379446695296,2.0417379446695296,0.16634060614099078,0.12587041581006697,221.0,43.111111111111114,0.9936106696459651,0.04132824562424713,19120.0,33.0,0.35833333333333334,S5X,0,ПАБ linear,0.9
301580.0,0.02006781090018189,2.0417379446695296,2.0417379446695296,0.09844485708601367,0.147721997479939,179.0,26.22222222222222,0.9919318392251245,0.054707145243615966,26300.0,32.0,0.44722222222222224,S5X,0,ПАБ AR,0.5
301580.0,0.02006781090018189,2.0417379446695296,2.0417379446695296,0.11785595861794548,0.1398932289939651,192.0,40.22222222222222,0.9921470951021385,0.051583617803164054,24215.0,30.0,0.44722222222222224,S5X,0,ПАБ AR,0.6
301580.0,0.02006781090018189,2.0417379446695296,2.0417379446695296,0.1331620133961138,0.18294979773194509,223.0,42.22222222222222,0.9924686837787257,0.048605501547372774,22940.0,30.0,0.44722222222222224,S5X,0,ПАБ AR,0.7
301580.0,0.02006781090018189,2.0417379446695296,2.0417379446695296,0.1584189933019431,0.18992638769149148,246.0,44.888888888888886,0.9921516547669694,0.04851596779919343,21980.0,33.0,0.44722222222222224,S5X,0,ПАБ AR,0.8
301580.0,0.02006781090018189,2.0417379446695296,2.0417379446695296,0.1714105709927714,0.20095828635851185,262.0,48.44444444444444,0.9931171605772895,0.04370193158867632,19995.0,32.0,0.44722222222222224,S5X,0,ПАБ AR,0.9
301580.0,0.02006781090018189,2.0417379446695296,2.3919384495683134,0.15213707805557397,0.21898832813847072,243.0,45.0,0.9930035866579197,0.04403969262796146,18755.0,43.0,0.26666666666666666,S5X,0,ПАБ LSTM v2,0.5
301580.0,0.02006781090018189,2.0417379446695296,2.468880104906209,0.1733387492539293,0.22584223091716957,267.0,46.333333333333336,0.9945685218397919,0.03749648081580642,16050.0,43.0,0.26666666666666666,S5X,0,ПАБ LSTM v2,0.6
301580.0,0.02006781090018189,2.0417379446695296,2.468880104906209,0.17911665229789775,0.2304529478082101,277.0,47.0,0.995512961830517,0.03248323316665763,14235.0,38.0,0.26666666666666666,S5X,0,ПАБ LSTM v2,0.7
301580.0,0.02006781090018189,2.0417379446695296,2.468880104906209,0.20001989521851582,0.22267060149877313,289.0,60.888888888888886,0.9968807354492895,0.02661152648983641,12785.0,34.0,0.26666666666666666,S5X,0,ПАБ LSTM v2,0.8
301580.0,0.02006781090018189,2.0417379446695296,2.6302679918953813,0.20535264274819284,0.22361147954108362,294.0,61.55555555555556,0.9966838502394638,0.025871799290835613,11925.0,37.0,0.26666666666666666,S5X,0,ПАБ LSTM v2,0.9
301580.0,0.02006781090018189,2.0417379446695296,2.0417379446695296,0.1447658995954639,0.2188391139996021,239.0,44.22222222222222,0.9934008480531933,0.04582536524942661,19550.0,44.0,0.31666666666666665,S5X,0,ПАБ GRU v2,0.5
301580.0,0.02006781090018189,2.0417379446695296,2.0417379446695296,0.16618310232774056,0.22623350354798064,265.0,46.0,0.9954692122097781,0.03759172730794535,17000.0,39.0,0.31666666666666665,S5X,0,ПАБ GRU v2,0.6
301580.0,0.02006781090018189,2.0417379446695296,2.0417379446695296,0.18033191856223887,0.22681046488493933,276.0,47.666666666666664,0.9960765291314131,0.033141136207491914,15470.0,36.0,0.31666666666666665,S5X,0,ПАБ GRU v2,0.7
301580.0,0.02006781090018189,2.0417379446695296,2.1074146752966985,0.1938573512832416,0.22541448371907952,287.0,48.44444444444444,0.9959814894151721,0.03250400761238633,14505.0,36.0,0.31666666666666665,S5X,0,ПАБ GRU v2,0.8
301580.0,0.02006781090018189,2.0417379446695296,2.1074146752966985,0.20299588832150672,0.223988659725446,293.0,49.111111111111114,0.9959630562943509,0.03125801551597683,13540.0,36.0,0.31666666666666665,S5X,0,ПАБ GRU v2,0.9
288502.0,0.02006781090018189,2.0417379446695296,2.5482967479793466,0.06137565770774553,0.15448419768320498,143.0,26.3,0.9861003296689425,0.07945047330664118,36165.0,31.0,0.0,S5X,1,HPA+LC,0.35
288502.0,0.02006781090018189,2.0417379446695296,3.1805336883295205,0.08880094418756196,0.17471196040235423,172.0,29.3,0.9870890692758439,0.06944550841999181,28905.0,33.0,0.0,S5X,1,HPA+LC,0.45
288502.0,0.02006781090018189,2.0417379446695296,2.7148760106825023,0.1426541237149136,0.17745804188532488,223.0,33.9,0.9913179006348659,0.04989006285977256,18975.0,29.0,0.0,S5X,1,HPA+LC,0.55
288502.0,0.02006781090018189,2.0417379446695296,2.3173946499684797,0.1512918454638096,0.22313883439282917,251.0,50.4,0.9920374819794865,0.04556344778535261,16140.0,26.0,0.0,S5X,1,HPA+LC,0.65
288502.0,0.02006781090018189,2.0417379446695296,2.9853826189179604,0.2509956603420427,0.22404784022294472,326.0,55.5,0.9937253757060064,0.03352816478772447,10140.0,26.0,0.0,S5X,1,HPA+LC,0.75
288502.0,0.02006781090018189,2.0417379446695296,2.2451739778971898,0.2673759627316275,0.21170563808916404,337.0,58.2,0.9943709678422928,0.030381385894419403,8370.0,20.0,0.0,S5X,1,HPA+LC,0.85
288502.0,0.02006781090018189,2.0417379446695296,2.0417379446695296,0.06941719641458291,0.10689353973282681,132.0,39.1,0.99112937131669,0.05260729240914408,20395.0,31.0,0.45,S5X,1,ПАБ naive,0.5
288502.0,0.02006781090018189,2.0417379446695296,2.0417379446695296,0.08386423664307353,0.10225579025448697,143.0,40.1,0.9913617592181572,0.049232674638598574,18360.0,28.0,0.45,S5X,1,ПАБ naive,0.6
288502.0,0.02006781090018189,2.0417379446695296,2.0417379446695296,0.1025989421217184,0.10435976180407762,168.0,44.0,0.9910482894009843,0.0494098704274021,17175.0,30.0,0.45,S5X,1,ПАБ naive,0.7
288502.0,0.02006781090018189,2.0417379446695296,2.0417379446695296,0.11206508100463775,0.17187402513674083,212.0,32.2,0.992330748228107,0.04384923366338425,16510.0,26.0,0.45,S5X,1,ПАБ naive,0.8
288502.0,0.02006781090018189,2.0417379446695296,2.0417379446695296,0.11938825380759925,0.1969908354188186,235.0,45.2,0.9922653008724205,0.043272107266330115,15500.0,26.0,0.45,S5X,1,ПАБ naive,0.9
288502.0,0.02006781090018189,2.0417379446695296,2.0417379446695296,0.0633791100235007,0.09783641014620349,115.0,17.1,0.9912363309592572,0.0531432657530077,24090.0,33.0,0.44722222222222224,S5X,1,ПАБ linear,0.5
288502.0,0.02006781090018189,2.0417379446695296,2.0417379446695296,0.08341016700057538,0.09641527615059861,138.0,17.9,0.9922054158321025,0.04798563792958817,21430.0,29.0,0.44722222222222224,S5X,1,ПАБ linear,0.6
288502.0,0.02006781090018189,2.0417379446695296,2.0417379446695296,0.09584682255235666,0.0947688404239832,154.0,36.7,0.9913884124389325,0.05029173318943369,19460.0,35.0,0.44722222222222224,S5X,1,ПАБ linear,0.7
288502.0,0.02006781090018189,2.0417379446695296,2.0417379446695296,0.11050529978994947,0.08631136005989559,163.0,39.9,0.9931749881544821,0.04190669526302036,17765.0,29.0,0.44722222222222224,S5X,1,ПАБ linear,0.8
288502.0,0.02006781090018189,2.0417379446695296,2.0417379446695296,0.11161447754261669,0.14278583857304283,188.0,41.1,0.9933180300200558,0.041097572726022345,16700.0,28.0,0.44722222222222224,S5X,1,ПАБ linear,0.9
288502.0,0.02006781090018189,2.0417379446695296,2.0417379446695296,0.0584086072193607,0.09665790878399456,112.0,16.7,0.9910500232542583,0.05537884575138815,22540.0,28.0,0.5027777777777778,S5X,1,ПАБ AR,0.5
288502.0,0.02006781090018189,2.0417379446695296,2.0417379446695296,0.0744154286625396,0.10518124657714678,140.0,35.4,0.9914163710251132,0.052020411465533656,20215.0,29.0,0.5027777777777778,S5X,1,ПАБ AR,0.6
288502.0,0.02006781090018189,2.0417379446695296,2.0417379446695296,0.0828001192366084,0.10028699974350265,141.0,39.7,0.9916907895749585,0.0481983916535191,18480.0,27.0,0.5027777777777778,S5X,1,ПАБ AR,0.7
288502.0,0.02006781090018189,2.0417379446695296,2.0417379446695296,0.10120553756993018,0.09603053011764216,168.0,43.1,0.9914498909603447,0.04820866310501455,17445.0,31.0,0.5027777777777778,S5X,1,ПАБ AR,0.8
288502.0,0.02006781090018189,2.0417379446695296,2.0417379446695296,0.1090806996138675,0.09904957331318327,171.0,42.4,0.9924769941005259,0.04273024920718143,16665.0,29.0,0.5027777777777778,S5X,1,ПАБ AR,0.9
288502.0,0.02006781090018189,2.0417379446695296,2.0417379446695296,0.043774393245107485,0.10677222341612883,103.0,16.7,0.9912458959584177,0.05047329114183984,19310.0,41.0,0.3527777777777778,S5X,1,ПАБ LSTM v2,0.5
288502.0,0.02006781090018189,2.0417379446695296,2.0417379446695296,0.06344496745256532,0.11213787079465654,123.0,17.7,0.992650824926804,0.04529731165002861,16710.0,41.0,0.3527777777777778,S5X,1,ПАБ LSTM v2,0.6
288502.0,0.02006781090018189,2.0417379446695296,2.0417379446695296,0.07612772181821963,0.1223457722996721,136.0,40.1,0.9930062495802273,0.04330290407312503,15475.0,37.0,0.3527777777777778,S5X,1,ПАБ LSTM v2,0.7
288502.0,0.02006781090018189,2.0417379446695296,2.0417379446695296,0.08855397882856965,0.1488308573250792,162.0,46.3,0.9938203341015241,0.038811955111868426,13985.0,38.0,0.3527777777777778,S5X,1,ПАБ LSTM v2,0.8
288502.0,0.02006781090018189,2.0417379446695296,2.0417379446695296,0.10742733152629791,0.2122862233190758,214.0,48.5,0.994697435458658,0.033226528255845725,12920.0,34.0,0.3527777777777778,S5X,1,ПАБ LSTM v2,0.9
288502.0,0.02006781090018189,2.0417379446695296,2.0417379446695296,0.10839439587940465,0.16135070120831052,172.0,41.0,0.9905282200215062,0.05238079335355787,18060.0,36.0,0.5805555555555556,S5X,1,ПАБ GRU v2,0.5
288502.0,0.02006781090018189,2.0417379446695296,2.0417379446695296,0.12207194404198238,0.15892437487435096,183.0,41.7,0.9916699393258601,0.04755417387987236,16355.0,34.0,0.5805555555555556,S5X,1,ПАБ GRU v2,0.6
288502.0,0.02006781090018189,2.0417379446695296,2.0417379446695296,0.12301474513174952,0.1080339131097878,164.0,45.3,0.9919852941080028,0.04549407052781038,15185.0,32.0,0.5805555555555556,S5X,1,ПАБ GRU v2,0.7
288502.0,0.02006781090018189,2.0417379446695296,2.0417379446695296,0.1419600210743773,0.16163232837207367,207.0,48.9,0.9907036362140088,0.048254576489868396,14940.0,36.0,0.5805555555555556,S5X,1,ПАБ GRU v2,0.8
288502.0,0.02006781090018189,2.0417379446695296,2.0417379446695296,0.14161166993643026,0.1694225689943224,227.0,47.5,0.992230313461194,0.0428755292669153,14445.0,34.0,0.5805555555555556,S5X,1,ПАБ GRU v2,0.9
413831.0,0.02006781090018189,2.0417379446695296,2.0417379446695296,0.036076321010267476,0.12060357972215711,153.0,14.176470588235293,0.9851546686629179,0.08947712686492176,50775.0,26.0,0.0,S5X,2,HPA+LC,0.35
413831.0,0.02006781090018189,2.0417379446695296,2.892344370499147,0.0707076076949286,0.1377204704335828,200.0,16.58823529411765,0.987114252145825,0.07682970644711364,40680.0,30.0,0.0,S5X,2,HPA+LC,0.45
413831.0,0.02006781090018189,2.0417379446695296,2.9853826189179604,0.1039071505034664,0.1334191976918114,222.0,32.529411764705884,0.9905076466686675,0.05964725837311354,31410.0,30.0,0.0,S5X,2,HPA+LC,0.55
413831.0,0.02006781090018189,2.0417379446695296,2.5482967479793466,0.1132442953766151,0.17972070724522812,263.0,35.88235294117647,0.9917374353057027,0.05011131983802757,23880.0,26.0,0.0,S5X,2,HPA+LC,0.65
413831.0,0.02006781090018189,2.0417379446695296,2.0417379446695296,0.17610147620647076,0.2284042278128028,388.0,60.0,0.9912505127213579,0.045898132668179416,17940.0,27.0,0.0,S5X,2,HPA+LC,0.75
413831.0,0.02006781090018189,2.0417379446695296,2.6302679918953813,0.23003291198581063,0.338943312608287,514.0,68.17647058823529,0.9913259395099867,0.04210976209126366,14460.0,29.0,0.0,S5X,2,HPA+LC,0.85
413831.0,0.02006781090018189,2.0417379446695296,2.0417379446695296,0.061314280467147216,0.13114351027351745,174.0,35.529411764705884,0.9926272513064636,0.052103733150515016,27300.0,31.0,0.7305555555555555,S5X,2,ПАБ naive,0.5
413831.0,0.02006781090018189,2.0417379446695296,2.0417379446695296,0.07259001863079373,0.1314594605044088,183.0,36.470588235294116,0.9935645968385936,0.047621233221503786,25755.0,28.0,0.7305555555555555,S5X,2,ПАБ naive,0.6
413831.0,0.02006781090018189,2.0417379446695296,2.0417379446695296,0.07978921347119959,0.13416044230615878,199.0,27.41176470588235,0.9938183837635133,0.047235184665688476,25405.0,35.0,0.7305555555555555,S5X,2,ПАБ naive,0.7
413831.0,0.02006781090018189,2.0417379446695296,2.0417379446695296,0.08825341745785115,0.13227621903627326,204.0,27.941176470588236,0.9937883108571886,0.04625500816631275,25055.0,31.0,0.7305555555555555,S5X,2,ПАБ naive,0.8
413831.0,0.02006781090018189,2.0417379446695296,2.0417379446695296,0.09388856803864379,0.1339483992257709,214.0,33.529411764705884,0.9938862746593315,0.045028906145243276,24260.0,29.0,0.7305555555555555,S5X,2,ПАБ naive,0.9
413831.0,0.02006781090018189,2.0417379446695296,2.0417379446695296,0.07859971824247096,0.1463230159171256,211.0,47.1764705882353,0.9916259475544805,0.05245642903243655,26870.0,34.0,0.7,S5X,2,ПАБ linear,0.5
413831.0,0.02006781090018189,2.0417379446695296,2.0417379446695296,0.08931665341649127,0.1434498623834367,218.0,47.294117647058826,0.9923498556750201,0.04988250498027118,25445.0,34.0,0.7,S5X,2,ПАБ linear,0.6
413831.0,0.02006781090018189,2.0417379446695296,2.0417379446695296,0.09848102244636095,0.14256181871343615,234.0,37.94117647058823,0.9925602980205862,0.04958910468522824,24300.0,38.0,0.7,S5X,2,ПАБ linear,0.7
413831.0,0.02006781090018189,2.0417379446695296,2.0417379446695296,0.10634051098153594,0.13904951538188295,238.0,38.0,0.9934262902417206,0.046106999033642106,23335.0,34.0,0.7,S5X,2,ПАБ linear,0.8
413831.0,0.02006781090018189,2.0417379446695296,2.0417379446695296,0.10773963284529192,0.14140071671769394,236.0,47.705882352941174,0.9938203889939697,0.04407838582625349,22680.0,33.0,0.7,S5X,2,ПАБ linear,0.9
413831.0,0.02006781090018189,2.0417379446695296,2.0417379446695296,0.10386969560037793,0.16143184053393778,237.0,49.1764705882353,0.9915210870371824,0.05142107704348637,23550.0,31.0,0.7833333333333333,S5X,2,ПАБ AR,0.5
413831.0,0.02006781090018189,2.0417379446695296,2.0417379446695296,0.10925534819769422,0.1633245213625852,243.0,49.35294117647059,0.9916878856312744,0.050713996169444,22795.0,32.0,0.7833333333333333,S5X,2,ПАБ AR,0.6
413831.0,0.02006781090018189,2.0417379446695296,2.0417379446695296,0.1145310525311057,0.16689542349413167,251.0,49.705882352941174,0.9922965921057209,0.04809829770818603,22280.0,31.0,0.7833333333333333,S5X,2,ПАБ AR,0.7
413831.0,0.02006781090018189,2.0417379446695296,2.0417379446695296,0.12062955650978298,0.1672174148384244,260.0,50.11764705882353,0.9925199530004799,0.046694795397728674,21795.0,31.0,0.7833333333333333,S5X,2,ПАБ AR,0.8
413831.0,0.02006781090018189,2.0417379446695296,2.0417379446695296,0.12653595308229687,0.16127718803086283,259.0,50.294117647058826,0.9937263735891195,0.04277371842567117,21440.0,28.0,0.7833333333333333,S5X,2,ПАБ AR,0.9
413831.0,0.02006781090018189,2.0417379446695296,2.0417379446695296,0.10058816280075683,0.15326908810601428,222.0,41.64705882352941,0.9914334070529811,0.05383453134915218,26635.0,39.0,0.6694444444444444,S5X,2,ПАБ LSTM v2,0.5
413831.0,0.02006781090018189,2.0417379446695296,2.0417379446695296,0.11312709777662862,0.15220101925665308,235.0,42.470588235294116,0.9922207333562899,0.05056949994437114,24595.0,39.0,0.6694444444444444,S5X,2,ПАБ LSTM v2,0.6
413831.0,0.02006781090018189,2.0417379446695296,2.0417379446695296,0.122790462773451,0.15540522580473673,247.0,43.11764705882353,0.9929055493107471,0.04694129308093633,23060.0,37.0,0.6694444444444444,S5X,2,ПАБ LSTM v2,0.7
413831.0,0.02006781090018189,2.0417379446695296,2.0417379446695296,0.132328172611525,0.15510075368930795,256.0,45.529411764705884,0.993513601839046,0.04406025898569006,21905.0,36.0,0.6694444444444444,S5X,2,ПАБ LSTM v2,0.8
413831.0,0.02006781090018189,2.0417379446695296,2.0417379446695296,0.13801648499024965,0.16227034707404714,268.0,50.529411764705884,0.9935288749422443,0.04298761272594395,21165.0,38.0,0.6694444444444444,S5X,2,ПАБ LSTM v2,0.9
413831.0,0.02006781090018189,2.0417379446695296,2.0417379446695296,0.10859867917096593,0.15334158146683066,231.0,36.23529411764706,0.9899034630695205,0.062428608522073714,31730.0,42.0,0.6972222222222222,S5X,2,ПАБ GRU v2,0.5
413831.0,0.02006781090018189,2.0417379446695296,2.0417379446695296,0.1171843095369849,0.15141809095983627,239.0,36.588235294117645,0.9905079479614789,0.059315938163741894,29445.0,42.0,0.6972222222222222,S5X,2,ПАБ GRU v2,0.6
413831.0,0.02006781090018189,2.0417379446695296,2.0417379446695296,0.12202686603951855,0.15495093407695412,246.0,36.88235294117647,0.9915024821059963,0.05455646169052094,26950.0,39.0,0.6972222222222222,S5X,2,ПАБ GRU v2,0.7
413831.0,0.02006781090018189,2.0417379446695296,2.1752040340195222,0.13085897383231318,0.15861909813426253,256.0,37.294117647058826,0.9920619918222807,0.051604939986918244,25270.0,41.0,0.6972222222222222,S5X,2,ПАБ GRU v2,0.8
413831.0,0.02006781090018189,2.0417379446695296,2.7148760106825023,0.1364288803883711,0.16440648477276956,265.0,43.05882352941177,0.9928090448371063,0.047757086493542225,23615.0,38.0,0.6972222222222222,S5X,2,ПАБ GRU v2,0.9
341498.0,0.02006781090018189,2.0417379446695296,2.0417379446695296,0.022317114595107438,0.1013849275837633,103.0,14.846153846153847,0.9830183821553639,0.09320287760147708,45225.0,24.0,0.0,S5X,3,HPA+LC,0.35
341498.0,0.02006781090018189,2.0417379446695296,2.0417379446695296,0.04208370180791689,0.09246174208926553,115.0,22.692307692307693,0.9852051256074476,0.08012817703773575,36270.0,30.0,0.0,S5X,3,HPA+LC,0.45
341498.0,0.02006781090018189,2.0417379446695296,2.0417379446695296,0.05502374830892128,0.11815735377659606,153.0,28.384615384615383,0.9883436508295484,0.06588899020472291,28350.0,26.0,0.0,S5X,3,HPA+LC,0.55
341498.0,0.02006781090018189,2.0417379446695296,2.1752040340195222,0.06212042237436237,0.17091461736232716,231.0,33.30769230769231,0.9893803282030603,0.05805593092979312,22950.0,27.0,0.0,S5X,3,HPA+LC,0.65
341498.0,0.02006781090018189,2.0417379446695296,2.0417379446695296,0.11984916456318924,0.32566735383516154,354.0,63.38461538461539,0.9908257834541371,0.04831362450066165,16410.0,24.0,0.0,S5X,3,HPA+LC,0.75
341498.0,0.02006781090018189,2.0417379446695296,2.3173946499684797,0.18101130899741727,0.35333149828110266,415.0,68.92307692307692,0.9927782513898897,0.03798714728357448,12255.0,20.0,0.0,S5X,3,HPA+LC,0.85
341498.0,0.02006781090018189,2.0417379446695296,2.0417379446695296,0.059443247105400325,0.19542793808455686,184.0,43.30769230769231,0.9896929442438406,0.06099677578343918,27435.0,29.0,0.5055555555555555,S5X,3,ПАБ naive,0.5
341498.0,0.02006781090018189,2.0417379446695296,2.0417379446695296,0.08081745720326326,0.1873510240177102,202.0,43.76923076923077,0.9907636311327739,0.055888858940814114,24925.0,30.0,0.5055555555555555,S5X,3,ПАБ naive,0.6
341498.0,0.02006781090018189,2.0417379446695296,2.0417379446695296,0.0911030225652859,0.18177705286707388,209.0,44.07692307692308,0.9910152281873912,0.053982041621073555,22985.0,30.0,0.5055555555555555,S5X,3,ПАБ naive,0.7
341498.0,0.02006781090018189,2.0417379446695296,2.0417379446695296,0.10945452096351956,0.18076094149892533,242.0,45.92307692307692,0.9921975864517683,0.048526639976869075,21345.0,25.0,0.5055555555555555,S5X,3,ПАБ naive,0.8
341498.0,0.02006781090018189,2.0417379446695296,2.0417379446695296,0.11130079824772034,0.1464957335035637,236.0,44.23076923076923,0.9911512289695633,0.052875818742113924,21420.0,28.0,0.5055555555555555,S5X,3,ПАБ naive,0.9
341498.0,0.02006781090018189,2.0417379446695296,2.0417379446695296,0.05478802218461016,0.183233869598065,174.0,38.38461538461539,0.9859109034385646,0.07466845551190163,33190.0,35.0,0.49444444444444446,S5X,3,ПАБ linear,0.5
341498.0,0.02006781090018189,2.0417379446695296,2.0417379446695296,0.06438105054788022,0.1741913569039936,181.0,26.76923076923077,0.9867098156076092,0.071486292715146,31470.0,36.0,0.49444444444444446,S5X,3,ПАБ linear,0.6
341498.0,0.02006781090018189,2.0417379446695296,2.0417379446695296,0.07922813603593579,0.1514642838318233,192.0,40.0,0.987782734687044,0.06825196640513626,29420.0,38.0,0.49444444444444446,S5X,3,ПАБ linear,0.7
341498.0,0.02006781090018189,2.0417379446695296,2.0417379446695296,0.0897274654609983,0.11963832877498551,185.0,27.615384615384617,0.9900497488860704,0.05961075939035118,27365.0,35.0,0.49444444444444446,S5X,3,ПАБ linear,0.8
341498.0,0.02006781090018189,2.0417379446695296,2.0417379446695296,0.1007472957381888,0.12525109956720099,212.0,27.76923076923077,0.9909386633905831,0.055768340473130965,25850.0,32.0,0.49444444444444446,S5X,3,ПАБ linear,0.9
341498.0,0.02006781090018189,2.0417379446695296,2.0417379446695296,0.05617602445695143,0.18748279638533755,172.0,42.53846153846154,0.9883516632301942,0.06367644169037215,26300.0,31.0,0.6111111111111112,S5X,3,ПАБ AR,0.5
341498.0,0.02006781090018189,2.0417379446695296,2.0417379446695296,0.06816145336136668,0.19125734264915167,186.0,42.84615384615385,0.9892511063522815,0.06150616325655774,24630.0,32.0,0.6111111111111112,S5X,3,ПАБ AR,0.6
341498.0,0.02006781090018189,2.0417379446695296,2.0417379446695296,0.07791626890933476,0.1911482644115046,202.0,43.30769230769231,0.9900229470091396,0.05734473068330259,23205.0,31.0,0.6111111111111112,S5X,3,ПАБ AR,0.7
341498.0,0.02006781090018189,2.0417379446695296,2.0417379446695296,0.08811545016369056,0.1858978676302643,211.0,44.30769230769231,0.9903451706565458,0.05532105504409076,22115.0,31.0,0.6111111111111112,S5X,3,ПАБ AR,0.8
341498.0,0.02006781090018189,2.0417379446695296,2.0417379446695296,0.09840980035022168,0.190095549607904,238.0,44.46153846153846,0.9918094179523715,0.04898102424623398,20785.0,26.0,0.6111111111111112,S5X,3,ПАБ AR,0.9
341498.0,0.02006781090018189,2.0417379446695296,2.0417379446695296,0.05646445952831349,0.11446772748303065,155.0,23.153846153846153,0.9883700441629483,0.06320342328465704,25320.0,43.0,0.49166666666666664,S5X,3,ПАБ LSTM v2,0.5
341498.0,0.02006781090018189,2.0417379446695296,2.0417379446695296,0.07093013721895883,0.12543704501929734,179.0,24.153846153846153,0.989851576306971,0.056941014400606615,23040.0,41.0,0.49166666666666664,S5X,3,ПАБ LSTM v2,0.6
341498.0,0.02006781090018189,2.0417379446695296,2.0417379446695296,0.08061833451440419,0.14424974670422666,206.0,25.53846153846154,0.9909105710152751,0.05382204195956429,21075.0,43.0,0.49166666666666664,S5X,3,ПАБ LSTM v2,0.7
341498.0,0.02006781090018189,2.0417379446695296,2.0417379446695296,0.08979481578223006,0.15596650639242396,223.0,27.76923076923077,0.9914829964428,0.05041058911985888,19505.0,39.0,0.49166666666666664,S5X,3,ПАБ LSTM v2,0.8
341498.0,0.02006781090018189,2.0417379446695296,2.0417379446695296,0.10998014629661082,0.15771102612606808,259.0,32.84615384615385,0.9919416332535139,0.04777412976517651,18250.0,42.0,0.49166666666666664,S5X,3,ПАБ LSTM v2,0.9
341498.0,0.02006781090018189,2.0417379446695296,2.0417379446695296,0.15480178507634013,0.21969235544571272,249.0,57.69230769230769,0.9907137411097958,0.05349505070613856,19320.0,38.0,0.4861111111111111,S5X,3,ПАБ GRU v2,0.5
341498.0,0.02006781090018189,2.0417379446695296,2.0417379446695296,0.16496875530749813,0.24824010682346603,279.0,61.15384615384615,0.9915776734544427,0.04883659392227247,17540.0,36.0,0.4861111111111111,S5X,3,ПАБ GRU v2,0.6
341498.0,0.02006781090018189,2.0417379446695296,2.1074146752966985,0.17850104539411651,0.25445024568225877,302.0,61.23076923076923,0.9935022649471844,0.041442539105119185,16320.0,34.0,0.4861111111111111,S5X,3,ПАБ GRU v2,0.7
341498.0,0.02006781090018189,2.0417379446695296,2.1752040340195222,0.1837243556331223,0.25240997019016215,303.0,61.69230769230769,0.9927524102478598,0.04350118967852342,15520.0,37.0,0.4861111111111111,S5X,3,ПАБ GRU v2,0.8
341498.0,0.02006781090018189,2.0417379446695296,2.3919384495683134,0.20444336423639378,0.25055197980661675,334.0,62.07692307692308,0.9944146283822695,0.03624370320784512,14595.0,31.0,0.4861111111111111,S5X,3,ПАБ GRU v2,0.9
289879.0,0.02006781090018189,1.6884958594867534,2.0417379446695296,0.01653448507825679,0.0909620910793814,77.0,13.75,0.9895220231254973,0.06520640367311774,31800.0,23.0,0.0,S5X,4,HPA+LC,0.35
289879.0,0.02006781090018189,2.0417379446695296,2.0417379446695296,0.04407011201225339,0.0988067435033238,108.0,14.25,0.9908675249944874,0.05589533148481737,26460.0,21.0,0.0,S5X,4,HPA+LC,0.45
289879.0,0.02006781090018189,2.0417379446695296,2.0417379446695296,0.06505904187609313,0.16821415142180013,145.0,51.375,0.9907496046861967,0.05078449557536167,19920.0,24.0,0.0,S5X,4,HPA+LC,0.55
289879.0,0.02006781090018189,2.0417379446695296,2.0417379446695296,0.06767823816143978,0.18527558050082965,165.0,52.625,0.9921491752485737,0.04360455765362747,17655.0,18.0,0.0,S5X,4,HPA+LC,0.65
289879.0,0.02006781090018189,2.0417379446695296,2.0417379446695296,0.16472217718427343,0.2529831412416905,272.0,55.75,0.9932010840215766,0.035026287385051126,11100.0,20.0,0.0,S5X,4,HPA+LC,0.75
289879.0,0.02006781090018189,2.0417379446695296,2.0417379446695296,0.20987981192152588,0.22448418133083115,289.0,59.625,0.9946432536705635,0.02906364319218394,8760.0,16.0,0.0,S5X,4,HPA+LC,0.85
289879.0,0.02006781090018189,2.0417379446695296,2.0417379446695296,0.06680028563642071,0.2130440632125818,171.0,50.5,0.9927474036219701,0.04862652615453877,19915.0,24.0,0.36944444444444446,S5X,4,ПАБ naive,0.5
289879.0,0.02006781090018189,2.0417379446695296,2.0417379446695296,0.08298979919207669,0.20727613935469627,179.0,51.75,0.9937963441118159,0.04191727074087921,18190.0,22.0,0.36944444444444446,S5X,4,ПАБ naive,0.6
289879.0,0.02006781090018189,2.0417379446695296,2.0417379446695296,0.10497138461220026,0.20271216611068757,195.0,53.0,0.9939052925341461,0.039636465087682954,16730.0,23.0,0.36944444444444446,S5X,4,ПАБ naive,0.7
289879.0,0.02006781090018189,2.0417379446695296,2.0417379446695296,0.09860321030498932,0.21280948257721324,195.0,53.375,0.9938929306538897,0.037079145973750234,16155.0,20.0,0.36944444444444446,S5X,4,ПАБ naive,0.8
289879.0,0.02006781090018189,2.0417379446695296,2.0417379446695296,0.10116289900268732,0.22025741775016472,203.0,54.375,0.9940321258484445,0.036069776325734396,15510.0,19.0,0.36944444444444446,S5X,4,ПАБ naive,0.9
289879.0,0.02006781090018189,2.0417379446695296,2.0417379446695296,0.16476529862459854,0.20795228353899387,237.0,51.0,0.9939247289537754,0.0385537789770333,16405.0,29.0,0.2972222222222222,S5X,4,ПАБ linear,0.5
289879.0,0.02006781090018189,2.0417379446695296,2.0417379446695296,0.18031316514821702,0.20115634454375791,244.0,51.25,0.9945079257943861,0.035543339506705504,14385.0,31.0,0.2972222222222222,S5X,4,ПАБ linear,0.6
289879.0,0.02006781090018189,2.0417379446695296,2.0417379446695296,0.18131358256375937,0.20578241266183478,247.0,52.125,0.9950485190188526,0.03294829962439691,13635.0,28.0,0.2972222222222222,S5X,4,ПАБ linear,0.7
289879.0,0.02006781090018189,2.0417379446695296,2.0417379446695296,0.20279495927611177,0.1934393315831778,259.0,53.0,0.9955889017059638,0.028694434413284085,12055.0,31.0,0.2972222222222222,S5X,4,ПАБ linear,0.8
289879.0,0.02006781090018189,2.0417379446695296,2.0417379446695296,0.20411620020767285,0.19560575274511088,263.0,53.375,0.9960398123995997,0.02686370862726362,11650.0,28.0,0.2972222222222222,S5X,4,ПАБ linear,0.9
289879.0,0.02006781090018189,2.0417379446695296,2.0417379446695296,0.07672166662642,0.2027363141172696,172.0,51.375,0.9941010020787803,0.03976323655818875,16680.0,19.0,0.4111111111111111,S5X,4,ПАБ AR,0.5
289879.0,0.02006781090018189,2.0417379446695296,2.0417379446695296,0.0903273434777959,0.1954815629969746,179.0,51.875,0.9945105498275452,0.03711508947116229,15340.0,19.0,0.4111111111111111,S5X,4,ПАБ AR,0.6
289879.0,0.02006781090018189,2.0417379446695296,2.0417379446695296,0.09110697911887373,0.20361599149990167,183.0,52.5,0.995355570750199,0.032920729428540386,14785.0,15.0,0.4111111111111111,S5X,4,ПАБ AR,0.7
289879.0,0.02006781090018189,2.0417379446695296,2.0417379446695296,0.09741995798246855,0.20303298962670632,189.0,53.0,0.9950832486522765,0.0322839624508378,14335.0,17.0,0.4111111111111111,S5X,4,ПАБ AR,0.8
289879.0,0.02006781090018189,2.0417379446695296,2.0417379446695296,0.10765526305803456,0.2038885190027563,195.0,53.75,0.9959287504136399,0.02788658959251526,13445.0,13.0,0.4111111111111111,S5X,4,ПАБ AR,0.9
289879.0,0.02006781090018189,2.0417379446695296,2.0417379446695296,0.14382552720272943,0.21494830601733828,222.0,49.0,0.9932681687707944,0.04705777325346185,17455.0,37.0,0.21944444444444444,S5X,4,ПАБ LSTM v2,0.5
289879.0,0.02006781090018189,2.0417379446695296,2.0417379446695296,0.16053939747273863,0.21199879949910136,235.0,50.625,0.9941796954454094,0.041877279834704864,15455.0,37.0,0.21944444444444444,S5X,4,ПАБ LSTM v2,0.6
289879.0,0.02006781090018189,2.0417379446695296,2.0417379446695296,0.17294802314068974,0.21276463627927514,246.0,52.0,0.9950750773952383,0.036857747352001126,14045.0,33.0,0.21944444444444444,S5X,4,ПАБ LSTM v2,0.7
289879.0,0.02006781090018189,2.0417379446695296,2.0417379446695296,0.1808202732864402,0.21511734206341265,253.0,52.875,0.9956172121466342,0.03214619545958805,12890.0,29.0,0.21944444444444444,S5X,4,ПАБ LSTM v2,0.8
289879.0,0.02006781090018189,2.0417379446695296,2.0417379446695296,0.18949630707985055,0.22657039661375952,266.0,53.875,0.9955017903149943,0.0316702814833762,12045.0,31.0,0.21944444444444444,S5X,4,ПАБ LSTM v2,0.9
289879.0,0.02006781090018189,2.0417379446695296,2.0417379446695296,0.022043680294191716,0.17940244032855088,129.0,46.75,0.9945151834606323,0.043484752800078866,21460.0,31.0,0.20277777777777778,S5X,4,ПАБ GRU v2,0.5
289879.0,0.02006781090018189,2.0417379446695296,2.0417379446695296,0.03929225642423218,0.17403813315210828,145.0,48.625,0.9948038697519731,0.04033318102666782,19270.0,30.0,0.20277777777777778,S5X,4,ПАБ GRU v2,0.6
289879.0,0.02006781090018189,2.0417379446695296,2.0417379446695296,0.05201825589297603,0.17807429996653776,158.0,50.0,0.9952830478214646,0.03646195944500448,17800.0,27.0,0.20277777777777778,S5X,4,ПАБ GRU v2,0.7
289879.0,0.02006781090018189,2.0417379446695296,2.0417379446695296,0.06648291183562798,0.21272668941178904,178.0,51.25,0.9954752037000276,0.034916808583432817,16410.0,30.0,0.20277777777777778,S5X,4,ПАБ GRU v2,0.8
289879.0,0.02006781090018189,2.0417379446695296,2.0417379446695296,0.07507615246361413,0.10277736572845912,153.0,50.375,0.995920983208289,0.031289352391086885,14745.0,27.0,0.20277777777777778,S5X,4,ПАБ GRU v2,0.9
330999.0,0.02006781090018189,2.0417379446695296,2.0417379446695296,0.11584627143888653,0.10745349683835903,131.0,32.72727272727273,0.9869032947664944,0.07975040409114793,37920.0,22.0,0.0,S5X,5,HPA+LC,0.35
330999.0,0.02006781090018189,2.0417379446695296,3.4974378036641802,0.1397292741065683,0.16384264000797585,158.0,36.09090909090909,0.9882999157256775,0.06742578073857083,28935.0,25.0,0.0,S5X,5,HPA+LC,0.45
330999.0,0.02006781090018189,2.0417379446695296,2.7148760106825023,0.16922105504850468,0.15525726663826778,177.0,39.09090909090909,0.9889886774532701,0.05946203437749555,23100.0,26.0,0.0,S5X,5,HPA+LC,0.55
330999.0,0.02006781090018189,2.0417379446695296,2.0417379446695296,0.18940389548004677,0.20260937344221583,219.0,46.36363636363637,0.991620670479744,0.047546145887037955,17520.0,24.0,0.0,S5X,5,HPA+LC,0.65
330999.0,0.02006781090018189,2.0417379446695296,2.0417379446695296,0.24281644355421014,0.17913347170233143,260.0,48.0,0.9929378255929235,0.0389622183333075,12345.0,18.0,0.0,S5X,5,HPA+LC,0.75
330999.0,0.02006781090018189,2.0417379446695296,2.0417379446695296,0.24938141807074946,0.18464104121160488,275.0,50.0,0.994181058044418,0.03253217176247087,10410.0,15.0,0.0,S5X,5,HPA+LC,0.85
330999.0,0.02006781090018189,2.0417379446695296,2.0417379446695296,0.11758947912229342,0.15970138882594812,170.0,35.81818181818182,0.9882129293962891,0.06783218788374594,28025.0,37.0,0.4888888888888889,S5X,5,ПАБ naive,0.5
330999.0,0.02006781090018189,2.0417379446695296,2.0417379446695296,0.14327913377381804,0.16047707092770672,192.0,36.09090909090909,0.9900449313492055,0.05995524989517817,27095.0,33.0,0.4888888888888889,S5X,5,ПАБ naive,0.6
330999.0,0.02006781090018189,2.0417379446695296,2.0417379446695296,0.1659378125009441,0.17560098368877247,224.0,37.45454545454545,0.9895381012008988,0.06027844072623911,25905.0,36.0,0.4888888888888889,S5X,5,ПАБ naive,0.7
330999.0,0.02006781090018189,2.0417379446695296,2.1752040340195222,0.18553756959990816,0.18636687724132098,248.0,38.63636363636363,0.9907527707600482,0.05459188307047613,24795.0,33.0,0.4888888888888889,S5X,5,ПАБ naive,0.8
330999.0,0.02006781090018189,2.0417379446695296,2.3919384495683134,0.1994930498279451,0.18084042549977491,255.0,41.36363636363637,0.9908811571579651,0.05370902983562263,23720.0,30.0,0.4888888888888889,S5X,5,ПАБ naive,0.9
330999.0,0.02006781090018189,2.0417379446695296,2.0417379446695296,0.1652361487496941,0.12219976495397267,174.0,24.636363636363637,0.9869302599640958,0.06971059255339783,29970.0,35.0,0.4777777777777778,S5X,5,ПАБ linear,0.5
330999.0,0.02006781090018189,2.0417379446695296,2.0417379446695296,0.1812150489880634,0.11406983102667984,180.0,25.181818181818183,0.9866527833865251,0.06800713978022724,28590.0,36.0,0.4777777777777778,S5X,5,ПАБ linear,0.6
330999.0,0.02006781090018189,2.0417379446695296,2.0417379446695296,0.18617881020788582,0.11885232281668524,194.0,39.54545454545455,0.9870902755959459,0.06674541765876581,26690.0,38.0,0.4777777777777778,S5X,5,ПАБ linear,0.7
330999.0,0.02006781090018189,2.0417379446695296,2.0417379446695296,0.20205801225985576,0.10932057196547422,204.0,40.90909090909091,0.9885016645898759,0.06093427580971989,24650.0,36.0,0.4777777777777778,S5X,5,ПАБ linear,0.8
330999.0,0.02006781090018189,2.0417379446695296,2.0417379446695296,0.2032513693394844,0.15039622476200834,227.0,42.0,0.9879372748821701,0.06138314642175432,23800.0,37.0,0.4777777777777778,S5X,5,ПАБ linear,0.9
330999.0,0.02006781090018189,2.0417379446695296,2.2451739778971898,0.16714703065568173,0.16916214248381414,206.0,38.90909090909091,0.9911067105469026,0.05562863307549477,25525.0,31.0,0.6,S5X,5,ПАБ AR,0.5
330999.0,0.02006781090018189,2.0417379446695296,2.3173946499684797,0.1733955389593322,0.17452998347427032,224.0,39.72727272727273,0.9906661289014973,0.05688836583062886,24270.0,36.0,0.6,S5X,5,ПАБ AR,0.6
330999.0,0.02006781090018189,2.0417379446695296,2.1752040340195222,0.19955347297121745,0.156012555929172,230.0,40.09090909090909,0.9910638717324555,0.05433758981389685,23540.0,34.0,0.6,S5X,5,ПАБ AR,0.7
330999.0,0.02006781090018189,2.0417379446695296,2.1752040340195222,0.20332463240070212,0.16199369182384238,242.0,40.45454545454545,0.9903038302811891,0.055670015224770907,22745.0,36.0,0.6,S5X,5,ПАБ AR,0.8
330999.0,0.02006781090018189,2.0417379446695296,2.7148760106825023,0.21051574173940102,0.16100501814204876,249.0,40.72727272727273,0.9913104165761707,0.05155893791657164,22545.0,32.0,0.6,S5X,5,ПАБ AR,0.9
330999.0,0.02006781090018189,2.0417379446695296,2.1074146752966985,0.15972857924042067,0.18177396306333252,197.0,37.27272727272727,0.9897641686343709,0.060691309957358656,24630.0,49.0,0.3888888888888889,S5X,5,ПАБ LSTM v2,0.5
330999.0,0.02006781090018189,2.0417379446695296,2.0417379446695296,0.18118408212713633,0.17090157372076653,205.0,40.0,0.990914777353571,0.054599960411601804,21480.0,43.0,0.3888888888888889,S5X,5,ПАБ LSTM v2,0.6
330999.0,0.02006781090018189,2.0417379446695296,2.1752040340195222,0.18774679077580295,0.18019691902392454,229.0,41.18181818181818,0.990828205707596,0.05337544745265721,21210.0,46.0,0.3888888888888889,S5X,5,ПАБ LSTM v2,0.7
330999.0,0.02006781090018189,2.0417379446695296,2.1752040340195222,0.19918338121867438,0.17331019126946004,232.0,42.09090909090909,0.9911942781251531,0.051339065240514146,18940.0,44.0,0.3888888888888889,S5X,5,ПАБ LSTM v2,0.8
330999.0,0.02006781090018189,2.0417379446695296,2.468880104906209,0.21212677379689968,0.16455714367717122,236.0,42.81818181818182,0.9924110498845544,0.04592552750150835,18210.0,37.0,0.3888888888888889,S5X,5,ПАБ LSTM v2,0.9
330999.0,0.02006781090018189,2.0417379446695296,2.1074146752966985,0.16970746135184697,0.18402170399306342,215.0,39.54545454545455,0.9910061184376202,0.0536000176653914,22075.0,32.0,0.6472222222222223,S5X,5,ПАБ GRU v2,0.5
330999.0,0.02006781090018189,2.0417379446695296,2.1074146752966985,0.18160175710500637,0.179988459179635,222.0,40.45454545454545,0.9912575459532018,0.05186733135004789,20990.0,31.0,0.6472222222222223,S5X,5,ПАБ GRU v2,0.6
330999.0,0.02006781090018189,2.0417379446695296,2.1752040340195222,0.18776265185091193,0.17996353463303513,229.0,41.18181818181818,0.9914997500563325,0.050125308389874855,20135.0,30.0,0.6472222222222223,S5X,5,ПАБ GRU v2,0.7
330999.0,0.02006781090018189,2.0417379446695296,2.468880104906209,0.19502022664721042,0.17723769558216187,231.0,42.0,0.9912874371982563,0.05044421445928178,19630.0,31.0,0.6472222222222223,S5X,5,ПАБ GRU v2,0.8
330999.0,0.02006781090018189,2.0417379446695296,2.468880104906209,0.20737449357853044,0.1681674264876933,235.0,42.72727272727273,0.9928879816575595,0.043707387637093434,17935.0,24.0,0.6472222222222223,S5X,5,ПАБ GRU v2,0.9
338647.0,0.02006781090018189,2.0417379446695296,2.0417379446695296,0.0610148620835265,0.10168553095110838,108.0,16.384615384615383,0.9817482002538481,0.0951228532857244,40695.0,28.0,0.0,S5X,6,HPA+LC,0.35
338647.0,0.02006781090018189,2.0417379446695296,2.0417379446695296,0.09538546037614389,0.14856177671734874,174.0,37.61538461538461,0.9829693093381691,0.08544032676678809,33030.0,31.0,0.0,S5X,6,HPA+LC,0.45
338647.0,0.02006781090018189,2.0417379446695296,2.0417379446695296,0.13344426497208006,0.2297451328374384,276.0,48.0,0.9863902691961304,0.07064462001736144,25290.0,29.0,0.0,S5X,6,HPA+LC,0.55
338647.0,0.02006781090018189,2.0417379446695296,2.468880104906209,0.15911332449423737,0.2633265612865314,323.0,68.92307692307692,0.987628838551576,0.06105440830171339,19365.0,27.0,0.0,S5X,6,HPA+LC,0.65
338647.0,0.02006781090018189,2.0417379446695296,2.5482967479793466,0.22899065989068262,0.26692691800015944,420.0,72.23076923076923,0.9899427800152646,0.04797262149410908,13020.0,27.0,0.0,S5X,6,HPA+LC,0.75
338647.0,0.02006781090018189,2.0417379446695296,2.0417379446695296,0.2635295750442201,0.26576198814694946,452.0,73.61538461538461,0.9929989244647308,0.036043864166934704,10005.0,20.0,0.0,S5X,6,HPA+LC,0.85
338647.0,0.02006781090018189,2.0417379446695296,2.0417379446695296,0.11003567136280552,0.20032290260950192,247.0,43.38461538461539,0.9871020851181738,0.06887475478781434,28845.0,36.0,0.6944444444444444,S5X,6,ПАБ naive,0.5
338647.0,0.02006781090018189,2.0417379446695296,2.0417379446695296,0.1271080210366547,0.1899182629699953,253.0,43.69230769230769,0.9873262663715675,0.06709862449908097,26665.0,35.0,0.6944444444444444,S5X,6,ПАБ naive,0.6
338647.0,0.02006781090018189,2.0417379446695296,2.0417379446695296,0.13519313621558732,0.18500754472946757,256.0,44.0,0.9878854091506069,0.06355568982186062,24245.0,35.0,0.6944444444444444,S5X,6,ПАБ naive,0.7
338647.0,0.02006781090018189,2.0417379446695296,2.0417379446695296,0.1478641476227458,0.17581212885393935,261.0,44.23076923076923,0.9888803319321172,0.05993250875815456,22705.0,32.0,0.6944444444444444,S5X,6,ПАБ naive,0.8
338647.0,0.02006781090018189,2.0417379446695296,2.0417379446695296,0.14962335411209904,0.174729142735651,262.0,53.15384615384615,0.9891610639692668,0.05789441483496075,21340.0,32.0,0.6944444444444444,S5X,6,ПАБ naive,0.9
338647.0,0.02006781090018189,2.0417379446695296,2.0417379446695296,0.10199115893541062,0.1820627378952124,228.0,43.53846153846154,0.9887426017638288,0.06414781968796486,29170.0,42.0,0.6111111111111112,S5X,6,ПАБ linear,0.5
338647.0,0.02006781090018189,2.0417379446695296,2.0417379446695296,0.12646502109866617,0.17320690866890892,239.0,44.23076923076923,0.9894644070486049,0.06146907209677027,27885.0,46.0,0.6111111111111112,S5X,6,ПАБ linear,0.6
338647.0,0.02006781090018189,2.0417379446695296,2.0417379446695296,0.14031277406857287,0.1699896942834279,253.0,44.38461538461539,0.9896728427173644,0.059811119893321454,26930.0,47.0,0.6111111111111112,S5X,6,ПАБ linear,0.7
338647.0,0.02006781090018189,2.0417379446695296,2.0417379446695296,0.1590417160051617,0.15874347033932087,260.0,44.61538461538461,0.9901991136617542,0.057471295171249145,25205.0,45.0,0.6111111111111112,S5X,6,ПАБ linear,0.8
338647.0,0.02006781090018189,2.0417379446695296,2.0417379446695296,0.16730695975455268,0.15552477949014756,268.0,44.92307692307692,0.9907224309318354,0.05516248376984434,23715.0,42.0,0.6111111111111112,S5X,6,ПАБ linear,0.9
338647.0,0.02006781090018189,2.0417379446695296,2.0417379446695296,0.10732636048746926,0.20139629171379048,246.0,43.15384615384615,0.9878296598680925,0.06638146346499416,29055.0,33.0,0.7277777777777777,S5X,6,ПАБ AR,0.5
338647.0,0.02006781090018189,2.0417379446695296,2.0417379446695296,0.11486296940471936,0.19891509447891167,251.0,43.30769230769231,0.9870834315848699,0.06862544305179495,27475.0,36.0,0.7277777777777777,S5X,6,ПАБ AR,0.6
338647.0,0.02006781090018189,2.0417379446695296,2.0417379446695296,0.12749559275587855,0.19196390341565112,256.0,43.61538461538461,0.9882056377767057,0.06373137499913226,25585.0,34.0,0.7277777777777777,S5X,6,ПАБ AR,0.7
338647.0,0.02006781090018189,2.0417379446695296,2.1074146752966985,0.13424229359775813,0.18769766157680418,258.0,43.84615384615385,0.9887326834988751,0.06129579798296507,23875.0,34.0,0.7277777777777777,S5X,6,ПАБ AR,0.8
338647.0,0.02006781090018189,2.0417379446695296,2.1752040340195222,0.14757180781167412,0.17780535483851917,264.0,44.07692307692308,0.9898018407867831,0.0569802741605658,22760.0,30.0,0.7277777777777777,S5X,6,ПАБ AR,0.9
338647.0,0.02006781090018189,2.0417379446695296,2.1752040340195222,0.17548509214609903,0.22908367710329636,315.0,53.38461538461539,0.9897019749104655,0.05824976136238932,22725.0,58.0,0.41944444444444445,S5X,6,ПАБ LSTM v2,0.5
338647.0,0.02006781090018189,2.0417379446695296,2.1752040340195222,0.1901611412473756,0.24434735875410088,342.0,54.0,0.9909261224123692,0.05278292315626515,20070.0,55.0,0.41944444444444445,S5X,6,ПАБ LSTM v2,0.6
338647.0,0.02006781090018189,2.0417379446695296,2.1752040340195222,0.2025841067542308,0.24417313603841168,355.0,54.38461538461539,0.9919424529657679,0.048575125963527754,18185.0,50.0,0.41944444444444445,S5X,6,ПАБ LSTM v2,0.7
338647.0,0.02006781090018189,2.0417379446695296,2.1752040340195222,0.21518720083154436,0.23991796767725684,362.0,54.76923076923077,0.9922038765807396,0.04685578207283609,16990.0,52.0,0.41944444444444445,S5X,6,ПАБ LSTM v2,0.8
338647.0,0.02006781090018189,2.0417379446695296,2.3173946499684797,0.2227496478634094,0.23971421568772203,372.0,55.23076923076923,0.9923682127579067,0.04529443930516882,15945.0,53.0,0.41944444444444445,S5X,6,ПАБ LSTM v2,0.9
338647.0,0.02006781090018189,2.0417379446695296,2.5482967479793466,0.10615847770687471,0.25091245456182987,275.0,59.15384615384615,0.9861208342713136,0.06767901339725292,21200.0,42.0,0.7555555555555555,S5X,6,ПАБ GRU v2,0.5
338647.0,0.02006781090018189,2.0417379446695296,2.5482967479793466,0.12238407545320053,0.27233963389606286,301.0,59.46153846153846,0.9867181594111633,0.06535359780188045,20125.0,40.0,0.7555555555555555,S5X,6,ПАБ GRU v2,0.6
338647.0,0.02006781090018189,2.0417379446695296,2.5482967479793466,0.13040127330228823,0.26829707630659655,305.0,59.61538461538461,0.9877750124018105,0.06158139793322455,19465.0,37.0,0.7555555555555555,S5X,6,ПАБ GRU v2,0.7
338647.0,0.02006781090018189,2.0417379446695296,2.5482967479793466,0.14890136336657345,0.2661768744444805,312.0,61.0,0.9879909306396379,0.06025399914120565,18465.0,39.0,0.7555555555555555,S5X,6,ПАБ GRU v2,0.8
338647.0,0.02006781090018189,2.0417379446695296,2.5482967479793466,0.15145859848160473,0.2650075152001937,314.0,61.0,0.9891250747315252,0.05573791509745171,17925.0,37.0,0.7555555555555555,S5X,6,ПАБ GRU v2,0.9
257976.0,0.02006781090018189,2.0417379446695296,2.0417379446695296,0.03967035693242782,0.07277033522498216,64.0,11.3,0.9904005287823995,0.06470937760142238,28965.0,18.0,0.0,S5X,7,HPA+LC,0.35
257976.0,0.02006781090018189,2.0417379446695296,2.0417379446695296,0.05272583496139176,0.0754605079542283,79.0,11.7,0.992682245052894,0.05108869986711437,21195.0,15.0,0.0,S5X,7,HPA+LC,0.45
257976.0,0.02006781090018189,2.0417379446695296,2.0417379446695296,0.06846373306043974,0.06558362018172233,87.0,12.1,0.99389229801815,0.04187355239346753,16665.0,15.0,0.0,S5X,7,HPA+LC,0.55
257976.0,0.02006781090018189,2.0417379446695296,2.0417379446695296,0.06846373306043974,0.0747240053338295,93.0,25.0,0.994713146679566,0.03639704855838684,14130.0,12.0,0.0,S5X,7,HPA+LC,0.65
257976.0,0.02006781090018189,2.0417379446695296,2.0417379446695296,0.1031219958445747,0.199766644959221,220.0,70.1,0.9937905549772582,0.034129198281651056,10620.0,13.0,0.0,S5X,7,HPA+LC,0.75
257976.0,0.02006781090018189,2.0417379446695296,2.0417379446695296,0.11507271994294042,0.23171147703662356,262.0,74.6,0.9936174314634956,0.033373959294276175,9105.0,13.0,0.0,S5X,7,HPA+LC,0.85
257976.0,0.02006781090018189,2.0417379446695296,2.0417379446695296,0.06155999007659627,0.12319363041523243,133.0,37.5,0.9920603444016062,0.04713621629378196,17190.0,23.0,0.4888888888888889,S5X,7,ПАБ naive,0.5
257976.0,0.02006781090018189,2.0417379446695296,2.0417379446695296,0.0761311129717493,0.11944521971036065,142.0,47.1,0.9928915208270087,0.04208403311519894,15535.0,21.0,0.4888888888888889,S5X,7,ПАБ naive,0.6
257976.0,0.02006781090018189,2.0417379446695296,2.0417379446695296,0.0873918504046888,0.11696436877849102,147.0,47.3,0.991992213343615,0.044551045806097714,14620.0,26.0,0.4888888888888889,S5X,7,ПАБ naive,0.7
257976.0,0.02006781090018189,2.0417379446695296,2.0417379446695296,0.1020172419139765,0.11085139702918101,160.0,49.9,0.993776569547465,0.0370640440502757,13170.0,20.0,0.4888888888888889,S5X,7,ПАБ naive,0.8
257976.0,0.02006781090018189,2.0417379446695296,2.0417379446695296,0.10334682296027538,0.11039399013861755,160.0,49.9,0.9938659439749159,0.03639866662051405,12885.0,19.0,0.4888888888888889,S5X,7,ПАБ naive,0.9
257976.0,0.02006781090018189,1.9781080029332403,2.0417379446695296,0.03664294352963066,0.0740960399417,74.0,22.0,0.9931318755852494,0.044042475199676356,16880.0,24.0,0.5333333333333333,S5X,7,ПАБ linear,0.5
257976.0,0.02006781090018189,1.8567353246307055,2.0417379446695296,0.047115816975222505,0.07399234812540702,80.0,22.2,0.9936106194253044,0.041841708708359196,16015.0,27.0,0.5333333333333333,S5X,7,ПАБ linear,0.6
257976.0,0.02006781090018189,1.584893192461114,2.0417379446695296,0.06024591434862158,0.0695917449685242,87.0,23.0,0.9930507039984966,0.042801517844742024,15230.0,29.0,0.5333333333333333,S5X,7,ПАБ linear,0.7
257976.0,0.02006781090018189,1.4876473740795015,2.0417379446695296,0.06250387632958104,0.06943475362049183,88.0,23.2,0.994259718639479,0.03766989643569749,14695.0,26.0,0.5333333333333333,S5X,7,ПАБ linear,0.8
257976.0,0.02006781090018189,1.3528511027866506,2.0417379446695296,0.06797919186280894,0.056927776227245944,84.0,37.4,0.9958212960531371,0.03246472041896737,14280.0,20.0,0.5333333333333333,S5X,7,ПАБ linear,0.9
257976.0,0.02006781090018189,2.0417379446695296,2.0417379446695296,0.05814494371569448,0.1180264830836977,130.0,36.9,0.9921412423991587,0.047701506990482034,18460.0,25.0,0.49444444444444446,S5X,7,ПАБ AR,0.5
257976.0,0.02006781090018189,2.0417379446695296,2.0417379446695296,0.0718090054888827,0.1167356653332093,138.0,37.5,0.9922199863565162,0.04586381634121798,16795.0,27.0,0.49444444444444446,S5X,7,ПАБ AR,0.6
257976.0,0.02006781090018189,2.0417379446695296,2.0417379446695296,0.07350296151579992,0.12074766644959221,141.0,46.7,0.9928244942246811,0.04272263077640559,15705.0,24.0,0.49444444444444446,S5X,7,ПАБ AR,0.7
257976.0,0.02006781090018189,2.0417379446695296,2.0417379446695296,0.0890237851583093,0.11425093807175861,149.0,47.1,0.9928797017770181,0.04112569799322143,14590.0,26.0,0.49444444444444446,S5X,7,ПАБ AR,0.8
257976.0,0.02006781090018189,2.0417379446695296,2.0417379446695296,0.09024095264675784,0.1157820882562719,150.0,47.3,0.9937672269332083,0.03716738340246242,13810.0,22.0,0.49444444444444446,S5X,7,ПАБ AR,0.9
257976.0,0.02006781090018189,2.0417379446695296,2.0417379446695296,0.06653332092907867,0.17819487084069835,170.0,49.3,0.9911570771459014,0.05137603555979463,19285.0,35.0,0.3416666666666667,S5X,7,ПАБ LSTM v2,0.5
257976.0,0.02006781090018189,2.0417379446695296,2.0417379446695296,0.07737250752007939,0.1777752581635501,177.0,49.5,0.9917939741848655,0.04768932773661341,16865.0,35.0,0.3416666666666667,S5X,7,ПАБ LSTM v2,0.6
257976.0,0.02006781090018189,2.0417379446695296,2.0417379446695296,0.08402719632834062,0.1850482215399882,187.0,49.9,0.992224971115631,0.044957549346224965,15250.0,34.0,0.3416666666666667,S5X,7,ПАБ LSTM v2,0.7
257976.0,0.02006781090018189,2.0417379446695296,2.0417379446695296,0.09528018110211803,0.18517614041616273,198.0,50.1,0.9925982889982202,0.04256354465418205,14190.0,33.0,0.3416666666666667,S5X,7,ПАБ LSTM v2,0.8
257976.0,0.02006781090018189,2.0417379446695296,2.0417379446695296,0.10555245449189071,0.18132694514218378,203.0,50.3,0.9931820542413834,0.03991532659668043,12940.0,32.0,0.3416666666666667,S5X,7,ПАБ LSTM v2,0.9
257976.0,0.02006781090018189,2.0417379446695296,2.0417379446695296,0.07203770893416442,0.17315564238533818,184.0,61.0,0.9910857082829889,0.04859601475059945,15130.0,29.0,0.5222222222222223,S5X,7,ПАБ GRU v2,0.5
257976.0,0.02006781090018189,2.0417379446695296,2.0417379446695296,0.08296992743511024,0.17231738611343692,191.0,61.0,0.9909141522959423,0.04864925776854142,14040.0,32.0,0.5222222222222223,S5X,7,ПАБ GRU v2,0.6
257976.0,0.02006781090018189,2.0417379446695296,2.0417379446695296,0.08907030111328186,0.1710391664340869,194.0,61.2,0.9917110253995843,0.044729183842520746,13235.0,28.0,0.5222222222222223,S5X,7,ПАБ GRU v2,0.7
257976.0,0.02006781090018189,2.0417379446695296,2.0417379446695296,0.10095125127918876,0.16493394734393896,199.0,61.2,0.991830796810966,0.043067923519045336,12510.0,30.0,0.5222222222222223,S5X,7,ПАБ GRU v2,0.8
257976.0,0.02006781090018189,2.0417379446695296,2.0417379446695296,0.10715725493844389,0.1611506496728378,201.0,61.3,0.9925339802342082,0.04022193821000792,12090.0,26.0,0.5222222222222223,S5X,7,ПАБ GRU v2,0.9
402660.0,0.02006781090018189,2.0417379446695296,3.1805336883295205,0.1164046590175334,0.23064496100928825,213.0,32.94117647058823,0.9844442083826024,0.08956404879346175,45450.0,30.0,0.0,S5X,8,HPA+LC,0.35
402660.0,0.02006781090018189,2.0417379446695296,3.388441561392024,0.1684473252868425,0.20404062981175186,231.0,34.411764705882355,0.984075582999375,0.0838348487780347,36960.0,33.0,0.0,S5X,8,HPA+LC,0.45
402660.0,0.02006781090018189,2.0417379446695296,3.1805336883295205,0.2195450255798937,0.17892763125217304,268.0,35.94117647058823,0.9845864964684232,0.07683702875696298,27615.0,34.0,0.0,S5X,8,HPA+LC,0.55
402660.0,0.02006781090018189,2.0417379446695296,2.1752040340195222,0.23367977946654747,0.17217627775294292,287.0,46.1764705882353,0.9878451544805077,0.06421416524325292,22215.0,28.0,0.0,S5X,8,HPA+LC,0.65
402660.0,0.02006781090018189,2.7148760106825023,3.081413635333949,0.2873485074256196,0.2907695077733075,453.0,66.0,0.987790921361204,0.0579709761206281,17070.0,30.0,0.0,S5X,8,HPA+LC,0.75
402660.0,0.06683439175686146,2.0417379446695296,2.7148760106825023,0.36775939999006607,0.29549992549545523,543.0,75.6470588235294,0.9897285843854079,0.047006169134702534,11430.0,26.0,0.0,S5X,8,HPA+LC,0.85
402660.0,0.02006781090018189,2.0417379446695296,2.0417379446695296,0.1809547757413202,0.20029243033825064,247.0,39.705882352941174,0.9907811996704278,0.05599842200116693,26350.0,32.0,0.6638888888888889,S5X,8,ПАБ naive,0.5
402660.0,0.02006781090018189,2.0417379446695296,2.0417379446695296,0.18279752148214373,0.21608491034619778,268.0,39.705882352941174,0.9911391349754306,0.05475897875933538,25700.0,30.0,0.6638888888888889,S5X,8,ПАБ naive,0.6
402660.0,0.02006781090018189,2.0417379446695296,2.0417379446695296,0.20462486961704665,0.2071965181542741,280.0,40.294117647058826,0.9914089967920925,0.05168677801444139,23800.0,29.0,0.6638888888888889,S5X,8,ПАБ naive,0.7
402660.0,0.02006781090018189,2.0417379446695296,2.0417379446695296,0.20980790244871603,0.21453024884517954,297.0,40.529411764705884,0.9919394780549818,0.04961549417567271,22895.0,29.0,0.6638888888888889,S5X,8,ПАБ naive,0.8
402660.0,0.02006781090018189,2.0417379446695296,2.0417379446695296,0.218917945661352,0.212028758754284,300.0,40.88235294117647,0.9914359124968053,0.05049278004732538,22235.0,30.0,0.6638888888888889,S5X,8,ПАБ naive,0.9
402660.0,0.02006781090018189,2.0417379446695296,2.0417379446695296,0.22365395122435802,0.1617754433020414,249.0,44.529411764705884,0.9896747154162578,0.05893424878654723,27695.0,35.0,0.6527777777777778,S5X,8,ПАБ linear,0.5
402660.0,0.02006781090018189,2.0417379446695296,2.0417379446695296,0.23045621616251924,0.17038568519346348,273.0,44.64705882352941,0.9896556786518538,0.05922746838517485,27000.0,35.0,0.6527777777777778,S5X,8,ПАБ linear,0.6
402660.0,0.02006781090018189,2.0417379446695296,2.0417379446695296,0.24195723439129788,0.16590299508270004,278.0,44.76470588235294,0.9903264497650259,0.05679799823494141,26125.0,37.0,0.6527777777777778,S5X,8,ПАБ linear,0.7
402660.0,0.02006781090018189,2.0417379446695296,2.0417379446695296,0.25118338051954503,0.16635250583618935,294.0,45.0,0.9906225990389668,0.054748738108283866,25265.0,37.0,0.6527777777777778,S5X,8,ПАБ linear,0.8
402660.0,0.02006781090018189,2.0417379446695296,2.0417379446695296,0.2523754532359807,0.16893533005513336,297.0,45.11764705882353,0.9909221039801309,0.05313941618097775,24400.0,38.0,0.6527777777777778,S5X,8,ПАБ linear,0.9
402660.0,0.02006781090018189,2.0417379446695296,2.0417379446695296,0.16806176426762032,0.20367369492872398,238.0,39.11764705882353,0.9912242993684011,0.05674169959076291,27945.0,28.0,0.7,S5X,8,ПАБ AR,0.5
402660.0,0.02006781090018189,2.0417379446695296,2.0417379446695296,0.18793336810212088,0.1920994138975811,247.0,39.705882352941174,0.9914806070656609,0.05460873525760657,26375.0,31.0,0.7,S5X,8,ПАБ AR,0.6
402660.0,0.02006781090018189,2.0417379446695296,2.0417379446695296,0.18505749267371976,0.21111297372473053,268.0,39.588235294117645,0.9910653587872167,0.05552949981171016,26080.0,31.0,0.7,S5X,8,ПАБ AR,0.7
402660.0,0.02006781090018189,2.0417379446695296,2.0417379446695296,0.2021711866090498,0.20451683802711965,275.0,40.1764705882353,0.9912163114374947,0.05318661382511859,24440.0,30.0,0.7,S5X,8,ПАБ AR,0.8
402660.0,0.02006781090018189,2.0417379446695296,2.0417379446695296,0.20681281974867133,0.2123870014404212,291.0,40.411764705882355,0.992046085810136,0.049363880742309525,23350.0,29.0,0.7,S5X,8,ПАБ AR,0.9
402660.0,0.02006781090018189,2.0417379446695296,2.0417379446695296,0.20860837927780262,0.2300619629464064,307.0,45.8235294117647,0.9877319523088591,0.06139203558339433,21205.0,41.0,0.6944444444444444,S5X,8,ПАБ LSTM v2,0.5
402660.0,0.02006781090018189,2.0417379446695296,2.1074146752966985,0.2132450454477723,0.24286681070878657,327.0,46.88235294117647,0.9878429809011473,0.060933505606858694,20695.0,42.0,0.6944444444444444,S5X,8,ПАБ LSTM v2,0.6
402660.0,0.02006781090018189,2.0417379446695296,2.1752040340195222,0.22040865742810312,0.24017843838474148,328.0,47.23529411764706,0.987789220428396,0.06157819368503181,20195.0,44.0,0.6944444444444444,S5X,8,ПАБ LSTM v2,0.7
402660.0,0.02006781090018189,2.0417379446695296,2.3919384495683134,0.23262740277156907,0.24449225152734316,347.0,50.88235294117647,0.9883704103572717,0.05915543812103356,19280.0,44.0,0.6944444444444444,S5X,8,ПАБ LSTM v2,0.8
402660.0,0.02006781090018189,2.0417379446695296,2.3919384495683134,0.23797807082898723,0.2288376049272339,352.0,51.23529411764706,0.9896580684066251,0.05483803764263927,19215.0,42.0,0.6944444444444444,S5X,8,ПАБ LSTM v2,0.9
402660.0,0.02006781090018189,2.0417379446695296,3.4974378036641802,0.19269296677097303,0.19821002831172702,258.0,42.529411764705884,0.9875841848518204,0.06395000744714728,24015.0,33.0,0.6666666666666666,S5X,8,ПАБ GRU v2,0.5
402660.0,0.02006781090018189,2.0417379446695296,3.4974378036641802,0.21006742661302338,0.19890292057815526,284.0,43.23529411764706,0.988502766670248,0.059953575004041616,21920.0,34.0,0.6666666666666666,S5X,8,ПАБ GRU v2,0.6
402660.0,0.02006781090018189,2.0417379446695296,3.388441561392024,0.22522785973277704,0.189007475289326,289.0,44.0,0.9891542992402457,0.057383131539827666,20385.0,32.0,0.6666666666666666,S5X,8,ПАБ GRU v2,0.7
402660.0,0.02006781090018189,2.0417379446695296,3.388441561392024,0.23297695326081558,0.188589628967367,304.0,48.529411764705884,0.9894506221532143,0.05523769799385905,19515.0,31.0,0.6666666666666666,S5X,8,ПАБ GRU v2,0.8
402660.0,0.02006781090018189,2.0417379446695296,3.2828421431654635,0.24869989569363732,0.19169398499975165,322.0,49.0,0.9904775449285182,0.05000415855457787,18115.0,27.0,0.6666666666666666,S5X,8,ПАБ GRU v2,0.9
344591.0,0.02006781090018189,0.028428241752041873,2.0417379446695296,0.009408255003758078,0.0300994512334913,36.0,3.3846153846153846,0.9910386215665763,0.06143861680724417,34455.0,16.0,0.0,S5X,9,HPA+LC,0.35
344591.0,0.02006781090018189,2.0417379446695296,2.0417379446695296,0.028915438882617363,0.13668377874059393,78.0,18.153846153846153,0.9919248043865966,0.05387740191220773,28770.0,18.0,0.0,S5X,9,HPA+LC,0.45
344591.0,0.02006781090018189,2.0417379446695296,2.0417379446695296,0.08123688662791541,0.1254429163849317,101.0,40.15384615384615,0.9923044873551587,0.048230037518935405,23880.0,17.0,0.0,S5X,9,HPA+LC,0.55
344591.0,0.02006781090018189,2.0417379446695296,2.0417379446695296,0.10748104274342626,0.1356738858530838,132.0,47.76923076923077,0.9943186698066453,0.03958660641993062,18600.0,14.0,0.0,S5X,9,HPA+LC,0.65
344591.0,0.02006781090018189,2.0417379446695296,2.0417379446695296,0.1535066208925944,0.12843632015926126,175.0,67.3076923076923,0.993959238058465,0.035527094993933535,14415.0,15.0,0.0,S5X,9,HPA+LC,0.75
344591.0,0.02006781090018189,2.0417379446695296,2.0417379446695296,0.17805021024925202,0.24111627987962542,266.0,69.07692307692308,0.9943477186647758,0.0329954822588339,12000.0,17.0,0.0,S5X,9,HPA+LC,0.85
344591.0,0.02006781090018189,0.5401321147646347,2.0417379446695296,0.015670751702743253,0.04956600723756569,62.0,35.69230769230769,0.9943274684372642,0.043241162422829146,22595.0,19.0,0.5166666666666667,S5X,9,ПАБ naive,0.5
344591.0,0.02006781090018189,1.742809826672464,2.0417379446695296,0.0211468088255352,0.12350293536395321,90.0,39.07692307692308,0.9937204689433232,0.04267969465158612,21915.0,20.0,0.5166666666666667,S5X,9,ПАБ naive,0.6
344591.0,0.02006781090018189,2.0417379446695296,2.0417379446695296,0.03563064618634845,0.1557121340952027,104.0,39.46153846153846,0.9934067351607903,0.043604503210930866,21150.0,21.0,0.5166666666666667,S5X,9,ПАБ naive,0.7
344591.0,0.02006781090018189,2.0417379446695296,2.0417379446695296,0.053091926370682926,0.1546064755028425,112.0,40.23076923076923,0.9944683948915459,0.03788950360106022,20180.0,18.0,0.5166666666666667,S5X,9,ПАБ naive,0.8
344591.0,0.02006781090018189,2.0417379446695296,2.0417379446695296,0.06623504386359481,0.15234872646122505,117.0,46.23076923076923,0.9949393354563293,0.03611194886539421,19135.0,16.0,0.5166666666666667,S5X,9,ПАБ naive,0.9
344591.0,0.02006781090018189,2.0417379446695296,2.0417379446695296,0.06166150595923863,0.1554828768017737,111.0,46.53846153846154,0.9941789706273273,0.04254265769993735,21630.0,19.0,0.5138888888888888,S5X,9,ПАБ linear,0.5
344591.0,0.02006781090018189,2.0417379446695296,2.0417379446695296,0.06713756308203059,0.1529494386098302,115.0,46.53846153846154,0.994874748628358,0.0389751678192385,20520.0,18.0,0.5138888888888888,S5X,9,ПАБ linear,0.6
344591.0,0.02006781090018189,2.0417379446695296,2.0417379446695296,0.07440414868641375,0.15048564820323224,117.0,46.84615384615385,0.9943982621441381,0.039840472823565974,19640.0,19.0,0.5138888888888888,S5X,9,ПАБ linear,0.7
344591.0,0.02006781090018189,2.0417379446695296,2.0417379446695296,0.0728225635608591,0.1499313679115241,119.0,46.53846153846154,0.9953835023424769,0.03526326532835236,19355.0,17.0,0.5138888888888888,S5X,9,ПАБ linear,0.8
344591.0,0.02006781090018189,2.0417379446695296,2.0417379446695296,0.08044899605619416,0.1473021640147305,122.0,46.84615384615385,0.9954697010633724,0.0343503935466696,18665.0,17.0,0.5138888888888888,S5X,9,ПАБ linear,0.9
344591.0,0.02006781090018189,2.0417379446695296,2.0417379446695296,0.1537431331636636,0.08999219364405919,129.0,49.0,0.9933235011532995,0.04314650322817566,17495.0,20.0,0.5166666666666667,S5X,9,ПАБ AR,0.5
344591.0,0.02006781090018189,2.0417379446695296,2.0417379446695296,0.15896671706457802,0.08697992692786521,132.0,49.0,0.9935185875310835,0.04252779904325236,16760.0,23.0,0.5166666666666667,S5X,9,ПАБ AR,0.6
344591.0,0.02006781090018189,2.0417379446695296,2.0417379446695296,0.15916405245639034,0.08756032513907792,133.0,49.0,0.9939391030968611,0.04002560906391848,16205.0,20.0,0.5166666666666667,S5X,9,ПАБ AR,0.7
344591.0,0.02006781090018189,2.0417379446695296,2.0417379446695296,0.16475328723036875,0.08382836464098017,136.0,49.0,0.9944484021056901,0.03736652727258915,15640.0,21.0,0.5166666666666667,S5X,9,ПАБ AR,0.8
344591.0,0.02006781090018189,2.0417379446695296,2.0417379446695296,0.16505509430019938,0.08473668784152807,137.0,49.0,0.9950498694144643,0.03434790416890413,15090.0,18.0,0.5166666666666667,S5X,9,ПАБ AR,0.9
344591.0,0.02006781090018189,2.0417379446695296,2.0417379446695296,0.07044583288594304,0.13278640475230055,102.0,44.38461538461539,0.9939191691627568,0.04683418355549291,21405.0,31.0,0.4638888888888889,S5X,9,ПАБ LSTM v2,0.5
344591.0,0.02006781090018189,2.0417379446695296,2.0417379446695296,0.08523437930764298,0.13313754567008423,111.0,45.0,0.9940125287001099,0.04564366919111428,20690.0,34.0,0.4638888888888889,S5X,9,ПАБ LSTM v2,0.6
344591.0,0.02006781090018189,2.0417379446695296,2.2451739778971898,0.10038857660240691,0.1256707226828327,116.0,45.30769230769231,0.9947035576069349,0.04265151394552705,19575.0,34.0,0.4638888888888889,S5X,9,ПАБ LSTM v2,0.7
344591.0,0.02006781090018189,2.0417379446695296,2.3919384495683134,0.11520251544584739,0.11705543673514399,121.0,45.61538461538461,0.9951392347853532,0.040098242777790095,18660.0,35.0,0.4638888888888889,S5X,9,ПАБ LSTM v2,0.8
344591.0,0.02006781090018189,2.0417379446695296,2.3173946499684797,0.11943869688993619,0.11529755565293348,123.0,45.92307692307692,0.9953257878263341,0.03903269980550304,18135.0,32.0,0.4638888888888889,S5X,9,ПАБ LSTM v2,0.9
344591.0,0.02006781090018189,2.0417379446695296,2.0417379446695296,0.14908543751868156,0.09152154293060469,126.0,49.0,0.9922811134791338,0.048616298182992596,18090.0,28.0,0.5277777777777778,S5X,9,ПАБ GRU v2,0.5
344591.0,0.02006781090018189,2.0417379446695296,2.0417379446695296,0.15350226790601032,0.08970199453845283,129.0,49.0,0.9926654779489494,0.04626308664511013,17140.0,27.0,0.5277777777777778,S5X,9,ПАБ GRU v2,0.6
344591.0,0.02006781090018189,2.0417379446695296,2.0417379446695296,0.153624151530365,0.08995446776033036,129.0,49.0,0.9935760178178374,0.04199118423686406,16380.0,21.0,0.5277777777777778,S5X,9,ПАБ GRU v2,0.7
344591.0,0.02006781090018189,2.0417379446695296,2.0417379446695296,0.15896671706457802,0.0873629897472656,133.0,49.0,0.9937369912326838,0.04073894245112209,15735.0,23.0,0.5277777777777778,S5X,9,ПАБ GRU v2,0.8
344591.0,0.02006781090018189,2.0417379446695296,2.0417379446695296,0.15896671706457802,0.08754871717485367,133.0,49.0,0.9937988370801801,0.040116506754443455,15490.0,23.0,0.5277777777777778,S5X,9,ПАБ GRU v2,0.9
