arrived,p50,p95,p99,err_rate,late_rate,slo_viol_s,react_s,jain,cv,pod_s,scale_ev,fb_frac,profile,seed,config
269164.0,0.02006781090018189,0.02006781090018189,0.02006781090018189,0.0,0.0,0.0,,0.9998159683730706,0.012013145517126449,9000.0,0.0,0.0,S1,0,A1
269164.0,0.02006781090018189,0.02006781090018189,0.02006781090018189,0.0,0.0,0.0,,0.9998159683730706,0.012013145517126449,9000.0,0.0,0.0,S1,0,A2
269164.0,0.02006781090018189,0.02006781090018189,0.02006781090018189,0.0,0.0,0.0,,0.9998159683730705,0.012013145517126449,9000.0,0.0,0.0,S1,0,A3
269164.0,0.02006781090018189,0.02006781090018189,0.02006781090018189,0.0,0.0,0.0,,0.9998159683730705,0.012013145517126449,9000.0,0.0,0.0,S1,0,A4
269164.0,0.02006781090018189,0.02006781090018189,0.02006781090018189,0.0,1.4860828342571815e-05,0.0,,0.9991090138318136,0.01769890527030237,11475.0,1.0,0.0,S1,0,A5
269164.0,0.02006781090018189,0.02006781090018189,0.02006781090018189,0.0,0.00011888662674057452,2.0,,0.9964312367069141,0.027413016213029048,12340.0,10.0,0.0,S1,0,A6
269164.0,0.02006781090018189,0.02006781090018189,0.02006781090018189,0.0,0.0,0.0,,0.9972725446852397,0.024836890659656836,10200.0,17.0,0.0,S1,0,B1
269164.0,0.02006781090018189,0.02006781090018189,0.08081649291125372,0.0,0.0,0.0,,0.9976170895379142,0.021839472906746413,9635.0,15.0,0.0,S1,0,B2
269164.0,0.02006781090018189,0.02006781090018189,0.02006781090018189,0.0,0.0,0.0,,0.9977749806874956,0.02313541950701725,10480.0,13.0,0.0,S1,0,B3
269164.0,0.02006781090018189,0.02006781090018189,0.026683942737144424,0.0,0.00137091141460225,25.0,,0.9958713815551704,0.029353739177719263,10200.0,17.0,0.0,S1,0,B4
269164.0,0.02006781090018189,0.02006781090018189,0.02006781090018189,0.0,0.0,0.0,,0.9972725446852397,0.024836890659656836,10200.0,17.0,0.0,S1,0,B5
269164.0,0.02006781090018189,0.02006781090018189,0.08081649291125372,0.0,0.0,0.0,,0.9992416171684199,0.013781961516915115,8980.0,2.0,0.0,S1,0,B6
269164.0,0.02006781090018189,0.02006781090018189,0.08081649291125372,0.0,0.0,0.0,,0.9986878652387032,0.01646312365577698,9125.0,6.0,0.0,S1,0,B7
269164.0,0.02006781090018189,0.02006781090018189,0.02006781090018189,0.0,0.0,0.0,,0.9989329999940759,0.016159834913476275,9195.0,6.0,0.0,S1,0,B8
269164.0,0.02006781090018189,0.02006781090018189,0.02006781090018189,0.0,0.0,0.0,,0.9983847280819056,0.018867168887285027,9350.0,10.0,0.0,S1,0,B9
269164.0,0.02006781090018189,0.02006781090018189,0.02006781090018189,0.0,0.0007021741391865183,12.0,,0.9987488021963077,0.017133558408583317,9195.0,6.0,0.0,S1,0,B10
269164.0,0.02006781090018189,0.02006781090018189,0.02006781090018189,0.0,0.0,0.0,,0.9989329999940759,0.016159834913476275,9195.0,6.0,0.0,S1,0,B11
268342.0,0.02006781090018189,0.02006781090018189,0.02006781090018189,0.0,0.0,0.0,,0.999816805062693,0.01192782700445233,9000.0,0.0,0.0,S1,1,A1
268342.0,0.02006781090018189,0.02006781090018189,0.02006781090018189,0.0,0.0,0.0,,0.999816805062693,0.01192782700445233,9000.0,0.0,0.0,S1,1,A2
268342.0,0.02006781090018189,0.02006781090018189,0.02006781090018189,0.0,0.0,0.0,,0.9998168050626929,0.011927827004452333,9000.0,0.0,0.0,S1,1,A3
268342.0,0.02006781090018189,0.02006781090018189,0.02006781090018189,0.0,0.0,0.0,,0.9998168050626929,0.011927827004452333,9000.0,0.0,0.0,S1,1,A4
268342.0,0.02006781090018189,0.02006781090018189,0.02006781090018189,0.0,0.0,0.0,,0.9997108301087999,0.01528176757796159,11160.0,1.0,0.0,S1,1,A5
268342.0,0.02006781090018189,0.02006781090018189,0.02006781090018189,0.0,0.0,0.0,,0.9977678589900609,0.023314380644448116,12255.0,8.0,0.0,S1,1,A6
268342.0,0.02006781090018189,0.02006781090018189,0.02006781090018189,0.0,0.0,0.0,,0.9977860946620429,0.02248197094390003,10255.0,15.0,0.0,S1,1,B1
268342.0,0.02006781090018189,0.02006781090018189,0.1673978978860472,0.0,0.0,0.0,,0.9976158916695197,0.0218082970756798,9730.0,15.0,0.0,S1,1,B2
268342.0,0.02006781090018189,0.02006781090018189,0.02006781090018189,0.0,0.0,0.0,,0.9978518622516616,0.022144180523101187,10170.0,13.0,0.0,S1,1,B3
268342.0,0.02006781090018189,0.02006781090018189,0.02350985767597148,0.0,0.001084437024394243,20.0,,0.9966078004034643,0.026288887598979013,10255.0,15.0,0.0,S1,1,B4
268342.0,0.02006781090018189,0.02006781090018189,0.02006781090018189,0.0,0.0,0.0,,0.9977860946620429,0.02248197094390003,10255.0,15.0,0.0,S1,1,B5
268342.0,0.02006781090018189,0.02006781090018189,0.17278259805078636,0.0,0.0,0.0,,0.9991874753146567,0.014293445405458054,8970.0,3.0,0.0,S1,1,B6
268342.0,0.02006781090018189,0.02006781090018189,0.1673978978860472,0.0,0.0,0.0,,0.9984736102342201,0.017605156429474373,9275.0,9.0,0.0,S1,1,B7
268342.0,0.02006781090018189,0.02006781090018189,0.02006781090018189,0.0,0.0,0.0,,0.9992366001910755,0.014545202833235073,9095.0,4.0,0.0,S1,1,B8
268342.0,0.02006781090018189,0.02006781090018189,0.02006781090018189,0.0,0.0,0.0,,0.9989706297962084,0.01592306918637335,9170.0,6.0,0.0,S1,1,B9
268342.0,0.02006781090018189,0.02006781090018189,0.02006781090018189,0.0,0.0004732766395122642,8.0,,0.9991284302931495,0.015153932993183268,9095.0,4.0,0.0,S1,1,B10
268342.0,0.02006781090018189,0.02006781090018189,0.02006781090018189,0.0,0.0,0.0,,0.9992366001910755,0.014545202833235073,9095.0,4.0,0.0,S1,1,B11
267192.0,0.02006781090018189,0.02006781090018189,0.02006781090018189,0.0,0.0,0.0,,0.9998166358562118,0.012007606589859192,9000.0,0.0,0.0,S1,2,A1
267192.0,0.02006781090018189,0.02006781090018189,0.02006781090018189,0.0,0.0,0.0,,0.9998166358562118,0.012007606589859192,9000.0,0.0,0.0,S1,2,A2
267192.0,0.02006781090018189,0.02006781090018189,0.02006781090018189,0.0,0.0,0.0,,0.9998166358562118,0.012007606589859192,9000.0,0.0,0.0,S1,2,A3
267192.0,0.02006781090018189,0.02006781090018189,0.02006781090018189,0.0,0.00028443965388185274,5.0,,0.9994341838646026,0.013559694490763202,8845.0,2.0,0.0,S1,2,A4
267192.0,0.02006781090018189,0.02006781090018189,0.02006781090018189,0.0,0.0,0.0,,0.999727308315062,0.014917400848566074,10800.0,0.0,0.0,S1,2,A5
267192.0,0.02006781090018189,0.02006781090018189,0.02006781090018189,0.0,7.48525404952244e-06,0.0,,0.9985614012171629,0.02042359513315323,11795.0,3.0,0.0,S1,2,A6
267192.0,0.02006781090018189,0.02006781090018189,0.02006781090018189,0.0,0.0,0.0,,0.9983976387287713,0.019273986080278756,9690.0,10.0,0.0,S1,2,B1
267192.0,0.02006781090018189,0.02006781090018189,0.25263877101318966,0.0,0.0,0.0,,0.9981371077555327,0.019429507807346487,9500.0,10.0,0.0,S1,2,B2
267192.0,0.02006781090018189,0.02006781090018189,0.02006781090018189,0.0,0.0,0.0,,0.998406921474182,0.019757011985856103,10430.0,9.0,0.0,S1,2,B3
267192.0,0.02006781090018189,0.02006781090018189,0.02006781090018189,0.0,0.00079717955627414,14.0,,0.9976586325172152,0.021810865319359156,9690.0,10.0,0.0,S1,2,B4
267192.0,0.02006781090018189,0.02006781090018189,0.02006781090018189,0.0,0.0,0.0,,0.9983976387287713,0.019273986080278756,9690.0,10.0,0.0,S1,2,B5
267192.0,0.02006781090018189,0.02006781090018189,0.25263877101318966,0.0,0.0,0.0,,0.9992385671775994,0.013706132283758284,8980.0,2.0,0.0,S1,2,B6
267192.0,0.02006781090018189,0.02006781090018189,0.25263877101318966,0.0,0.0,0.0,,0.9989617395032035,0.015048906775933625,9045.0,4.0,0.0,S1,2,B7
267192.0,0.02006781090018189,0.02006781090018189,0.02006781090018189,0.0,0.0,0.0,,0.999488763088787,0.013375262304057667,8990.0,2.0,0.0,S1,2,B8
267192.0,0.02006781090018189,0.02006781090018189,0.02006781090018189,0.0,0.0,0.0,,0.9992224032713918,0.014672276604904147,9055.0,4.0,0.0,S1,2,B9
267192.0,0.02006781090018189,0.02006781090018189,0.02006781090018189,0.0,0.00041917422677325666,6.0,,0.9995569120912612,0.013399422728939254,8990.0,2.0,0.0,S1,2,B10
267192.0,0.02006781090018189,0.02006781090018189,0.02006781090018189,0.0,0.0,0.0,,0.999488763088787,0.013375262304057667,8990.0,2.0,0.0,S1,2,B11
273255.0,0.02006781090018189,0.02006781090018189,0.02006781090018189,0.0,0.0,0.0,,0.9998223702608976,0.011804060034329985,9000.0,0.0,0.0,S1,3,A1
273255.0,0.02006781090018189,0.02006781090018189,0.02006781090018189,0.0,0.0,0.0,,0.9998223702608976,0.011804060034329985,9000.0,0.0,0.0,S1,3,A2
273255.0,0.02006781090018189,0.02006781090018189,0.02006781090018189,0.0,0.0,0.0,,0.9998223702608976,0.011804060034329985,9000.0,0.0,0.0,S1,3,A3
273255.0,0.02006781090018189,0.02006781090018189,0.02006781090018189,0.0,0.0,0.0,,0.9998223702608976,0.011804060034329985,9000.0,0.0,0.0,S1,3,A4
273255.0,0.02006781090018189,0.02006781090018189,0.02006781090018189,0.0,7.31917073795539e-06,0.0,,0.9991406406054651,0.018698127437859865,12165.0,1.0,0.0,S1,3,A5
273255.0,0.02006781090018189,0.02006781090018189,0.02006781090018189,0.0,0.0,0.0,,0.9990547416906961,0.019211797590313648,12410.0,1.0,0.0,S1,3,A6
273255.0,0.02006781090018189,0.02006781090018189,0.02006781090018189,0.0,0.0,0.0,,0.9976203501883348,0.02339691993730538,10220.0,16.0,0.0,S1,3,B1
273255.0,0.02006781090018189,0.02006781090018189,0.04290421892388853,0.0,0.0,0.0,,0.9970769016110126,0.02461445608469656,9890.0,18.0,0.0,S1,3,B2
273255.0,0.02006781090018189,0.02006781090018189,0.02006781090018189,0.0,0.0,0.0,,0.9991726603880575,0.016688266719453834,10580.0,3.0,0.0,S1,3,B3
273255.0,0.02006781090018189,0.02006781090018189,0.025852348395621914,0.0,0.001379663684104591,23.0,,0.9964067913572601,0.027487378886749417,10220.0,16.0,0.0,S1,3,B4
273255.0,0.02006781090018189,0.02006781090018189,0.02006781090018189,0.0,0.0,0.0,,0.9976203501883348,0.02339691993730538,10220.0,16.0,0.0,S1,3,B5
273255.0,0.02006781090018189,0.02006781090018189,0.04570881896148752,0.0,0.0,0.0,,0.9991460552315301,0.014493827476247488,8960.0,3.0,0.0,S1,3,B6
273255.0,0.02006781090018189,0.02006781090018189,0.047179137813158536,0.0,0.0,0.0,,0.9980670595349254,0.019808546982366962,9290.0,11.0,0.0,S1,3,B7
273255.0,0.02006781090018189,0.02006781090018189,0.02006781090018189,0.0,0.0,0.0,,0.9989587832603252,0.016061615520740414,9295.0,6.0,0.0,S1,3,B8
273255.0,0.02006781090018189,0.02006781090018189,0.02006781090018189,0.0,0.0,0.0,,0.9984485614532622,0.018546743236658225,9345.0,10.0,0.0,S1,3,B9
273255.0,0.02006781090018189,0.02006781090018189,0.02006781090018189,0.0,0.0006989808054747397,12.0,,0.9987201363295617,0.017048039438750145,9295.0,6.0,0.0,S1,3,B10
273255.0,0.02006781090018189,0.02006781090018189,0.02006781090018189,0.0,0.0,0.0,,0.9989587832603252,0.016061615520740414,9295.0,6.0,0.0,S1,3,B11
270719.0,0.02006781090018189,0.02006781090018189,0.02006781090018189,0.0,0.0,0.0,,0.9998161253016111,0.01208409981107125,9000.0,0.0,0.0,S1,4,A1
270719.0,0.02006781090018189,0.02006781090018189,0.02006781090018189,0.0,0.0,0.0,,0.9998161253016111,0.01208409981107125,9000.0,0.0,0.0,S1,4,A2
270719.0,0.02006781090018189,0.02006781090018189,0.02006781090018189,0.0,0.0,0.0,,0.9998161253016111,0.01208409981107125,9000.0,0.0,0.0,S1,4,A3
270719.0,0.02006781090018189,0.02006781090018189,0.02006781090018189,0.0,0.0,0.0,,0.9998161253016111,0.01208409981107125,9000.0,0.0,0.0,S1,4,A4
270719.0,0.02006781090018189,0.02006781090018189,0.02006781090018189,0.0,0.0,0.0,,0.9997363811964896,0.014663670890415013,10800.0,0.0,0.0,S1,4,A5
270719.0,0.02006781090018189,0.02006781090018189,0.02006781090018189,0.0,7.387734144999058e-06,0.0,,0.9985117874431928,0.02060978935182676,12050.0,3.0,0.0,S1,4,A6
270719.0,0.02006781090018189,0.02006781090018189,0.02006781090018189,0.0,0.0,0.0,,0.9976054832977608,0.02384139196489025,10280.0,15.0,0.0,S1,4,B1
270719.0,0.02006781090018189,0.02006781090018189,0.36940264435828357,0.0,0.0009197729010523827,4.0,,0.9974492148513319,0.02342473384142646,9920.0,16.0,0.0,S1,4,B2
270719.0,0.02006781090018189,0.02006781090018189,0.02006781090018189,0.0,0.0,0.0,,0.9986949371784638,0.018641035625924462,10630.0,6.0,0.0,S1,4,B3
270719.0,0.02006781090018189,0.02006781090018189,0.025852348395621914,0.0,0.001481240696072311,28.0,,0.9964630900469984,0.027765724102357833,10280.0,15.0,0.0,S1,4,B4
270719.0,0.02006781090018189,0.02006781090018189,0.02006781090018189,0.0,0.0,0.0,,0.9976054832977608,0.02384139196489025,10280.0,15.0,0.0,S1,4,B5
270719.0,0.02006781090018189,0.02006781090018189,0.36940264435828357,0.0,0.0009197729010523827,4.0,,0.99934393319132,0.013620823014407786,8980.0,2.0,0.0,S1,4,B6
270719.0,0.02006781090018189,0.02006781090018189,0.36940264435828357,0.0,0.0009197729010523827,4.0,,0.9990664860581343,0.014972113477027834,9045.0,4.0,0.0,S1,4,B7
270719.0,0.02006781090018189,0.02006781090018189,0.02006781090018189,0.0,0.0,0.0,,0.9992639032372962,0.01469986281724608,9060.0,4.0,0.0,S1,4,B8
270719.0,0.02006781090018189,0.02006781090018189,0.02006781090018189,0.0,0.0,0.0,,0.9989671081616562,0.01609986636771767,9125.0,6.0,0.0,S1,4,B9
270719.0,0.02006781090018189,0.02006781090018189,0.02006781090018189,0.0,0.0005282229913674327,8.0,,0.999117450666718,0.01535473007420075,9060.0,4.0,0.0,S1,4,B10
270719.0,0.02006781090018189,0.02006781090018189,0.02006781090018189,0.0,0.0,0.0,,0.9992639032372962,0.01469986281724608,9060.0,4.0,0.0,S1,4,B11
271910.0,0.02006781090018189,0.02006781090018189,0.02006781090018189,0.0,0.0,0.0,,0.9998197402163063,0.011898513683342573,9000.0,0.0,0.0,S1,5,A1
271910.0,0.02006781090018189,0.02006781090018189,0.02006781090018189,0.0,0.0,0.0,,0.9998197402163063,0.011898513683342573,9000.0,0.0,0.0,S1,5,A2
271910.0,0.02006781090018189,0.02006781090018189,0.02006781090018189,0.0,0.0,0.0,,0.9998197402163063,0.011898513683342573,9000.0,0.0,0.0,S1,5,A3
271910.0,0.02006781090018189,0.02006781090018189,0.02006781090018189,0.0,0.0,0.0,,0.9998197402163063,0.011898513683342573,9000.0,0.0,0.0,S1,5,A4
271910.0,0.02006781090018189,0.02006781090018189,0.02006781090018189,0.0,2.5743812290831526e-05,0.0,,0.9991566161523363,0.01690073225149879,10905.0,1.0,0.0,S1,5,A5
271910.0,0.02006781090018189,0.02006781090018189,0.02006781090018189,0.0,0.0,0.0,,0.9989903308809284,0.019463484232935015,12525.0,1.0,0.0,S1,5,A6
271910.0,0.02006781090018189,0.02006781090018189,0.02006781090018189,0.0,0.0,0.0,,0.9976195000357678,0.023824855030277866,10505.0,15.0,0.0,S1,5,B1
271910.0,0.02006781090018189,0.02006781090018189,0.1428893958511103,0.0,0.0,0.0,,0.9973233537468124,0.023826713086790265,10010.0,16.0,0.0,S1,5,B2
271910.0,0.02006781090018189,0.02006781090018189,0.02006781090018189,0.0,0.0,0.0,,0.9981329718694487,0.02106710941326392,10590.0,10.0,0.0,S1,5,B3
271910.0,0.02006781090018189,0.02006781090018189,0.024266100950824154,0.0,0.0015777279246809606,25.0,,0.9966043324560129,0.027395108072791143,10505.0,15.0,0.0,S1,5,B4
271910.0,0.02006781090018189,0.02006781090018189,0.02006781090018189,0.0,0.0,0.0,,0.9976195000357678,0.023824855030277866,10505.0,15.0,0.0,S1,5,B5
271910.0,0.02006781090018189,0.02006781090018189,0.1428893958511103,0.0,0.0,0.0,,0.9992133931626601,0.013696942995073798,8980.0,2.0,0.0,S1,5,B6
271910.0,0.02006781090018189,0.02006781090018189,0.1428893958511103,0.0,0.0,0.0,,0.9983914398577648,0.01771795119163988,9190.0,8.0,0.0,S1,5,B7
271910.0,0.02006781090018189,0.02006781090018189,0.02006781090018189,0.0,0.0,0.0,,0.9986842175221284,0.017277739616298797,9235.0,8.0,0.0,S1,5,B8
271910.0,0.02006781090018189,0.02006781090018189,0.02006781090018189,0.0,0.0,0.0,,0.9987020622442299,0.01714092344696885,9225.0,8.0,0.0,S1,5,B9
271910.0,0.02006781090018189,0.02006781090018189,0.02006781090018189,0.0,0.0007465705564341143,13.0,,0.9981569784787149,0.019147534955016383,9235.0,8.0,0.0,S1,5,B10
271910.0,0.02006781090018189,0.02006781090018189,0.02006781090018189,0.0,0.0,0.0,,0.9986842175221284,0.017277739616298797,9235.0,8.0,0.0,S1,5,B11
272265.0,0.02006781090018189,0.02006781090018189,0.02006781090018189,0.0,0.0,0.0,,0.9998212069848094,0.011868179969770297,9000.0,0.0,0.0,S1,6,A1
272265.0,0.02006781090018189,0.02006781090018189,0.02006781090018189,0.0,0.0,0.0,,0.9998212069848094,0.011868179969770297,9000.0,0.0,0.0,S1,6,A2
272265.0,0.02006781090018189,0.02006781090018189,0.02006781090018189,0.0,0.0,0.0,,0.9998212069848094,0.011868179969770298,9000.0,0.0,0.0,S1,6,A3
272265.0,0.02006781090018189,0.02006781090018189,0.02006781090018189,0.0,0.0,0.0,,0.9998212069848094,0.011868179969770298,9000.0,0.0,0.0,S1,6,A4
272265.0,0.02006781090018189,0.02006781090018189,0.02006781090018189,0.0,0.0,0.0,,0.9991120463546733,0.01829778683091037,11910.0,2.0,0.0,S1,6,A5
272265.0,0.02006781090018189,0.02006781090018189,0.02006781090018189,0.0,0.0,0.0,,0.9985381287595546,0.020285933712599204,12495.0,5.0,0.0,S1,6,A6
272265.0,0.02006781090018189,0.02006781090018189,0.021379620895022326,0.0,0.0,0.0,,0.9968108709986983,0.02720937628006308,10255.0,22.0,0.0,S1,6,B1
272265.0,0.02006781090018189,0.02006781090018189,1.0839269140212038,0.0,0.015099259912217876,29.0,,0.9978567489025802,0.021664642650411226,9815.0,14.0,0.0,S1,6,B2
272265.0,0.02006781090018189,0.02006781090018189,0.02006781090018189,0.0,0.0,0.0,,0.998086432175682,0.021818550973335755,10535.0,11.0,0.0,S1,6,B3
272265.0,0.02006781090018189,0.02006781090018189,0.029342695039559687,0.0,0.0018511376783648284,29.0,,0.9951555817605646,0.032764446095141626,10255.0,22.0,0.0,S1,6,B4
272265.0,0.02006781090018189,0.02006781090018189,0.021379620895022326,0.0,0.0,0.0,,0.9968108709986983,0.02720937628006308,10255.0,22.0,0.0,S1,6,B5
272265.0,0.02006781090018189,0.02006781090018189,1.0839269140212038,0.0,0.015099259912217876,29.0,,0.9996174694522854,0.012824101449676724,8980.0,2.0,0.0,S1,6,B6
272265.0,0.02006781090018189,0.02006781090018189,1.0839269140212038,0.0,0.015099259912217876,29.0,,0.9982924137780176,0.01956935466581423,9415.0,13.0,0.0,S1,6,B7
272265.0,0.02006781090018189,0.02006781090018189,0.02006781090018189,0.0,0.0,0.0,,0.998762825160153,0.0165914618126391,9160.0,7.0,0.0,S1,6,B8
272265.0,0.02006781090018189,0.02006781090018189,0.02006781090018189,0.0,0.0,0.0,,0.9984062301451356,0.018625015826592362,9325.0,11.0,0.0,S1,6,B9
272265.0,0.02006781090018189,0.02006781090018189,0.02006781090018189,0.0,0.0007419242282335225,11.0,,0.9984239677412736,0.017805078596599463,9160.0,7.0,0.0,S1,6,B10
272265.0,0.02006781090018189,0.02006781090018189,0.02006781090018189,0.0,0.0,0.0,,0.998762825160153,0.0165914618126391,9160.0,7.0,0.0,S1,6,B11
267405.0,0.02006781090018189,0.02006781090018189,0.02006781090018189,0.0,0.0,0.0,,0.999815449138485,0.011980451952169666,9000.0,0.0,0.0,S1,7,A1
267405.0,0.02006781090018189,0.02006781090018189,0.02006781090018189,0.0,0.0,0.0,,0.999815449138485,0.011980451952169666,9000.0,0.0,0.0,S1,7,A2
267405.0,0.02006781090018189,0.02006781090018189,0.02006781090018189,0.0,0.0,0.0,,0.9998154491384852,0.011980451952169666,9000.0,0.0,0.0,S1,7,A3
267405.0,0.02006781090018189,0.02006781090018189,0.02006781090018189,0.0,0.0,0.0,,0.9998154491384852,0.011980451952169666,9000.0,0.0,0.0,S1,7,A4
267405.0,0.02006781090018189,0.02006781090018189,0.02006781090018189,0.0,0.0,0.0,,0.9997272999990784,0.014996846779333899,10800.0,0.0,0.0,S1,7,A5
267405.0,0.02006781090018189,0.02006781090018189,0.02006781090018189,0.0,0.0,0.0,,0.9990869788266592,0.018139326749142554,11635.0,1.0,0.0,S1,7,A6
267405.0,0.02006781090018189,0.02006781090018189,0.02006781090018189,0.0,0.0,0.0,,0.9978452477201387,0.02203021924857679,9920.0,13.0,0.0,S1,7,B1
267405.0,0.02006781090018189,0.02006781090018189,0.06898425842094826,0.0,0.0,0.0,,0.9979606591399298,0.020318364301428138,9630.0,11.0,0.0,S1,7,B2
267405.0,0.02006781090018189,0.02006781090018189,0.02006781090018189,0.0,0.0,0.0,,0.9982013222849749,0.020587782218608505,10275.0,10.0,0.0,S1,7,B3
267405.0,0.02006781090018189,0.02006781090018189,0.022777182418573218,0.0,0.0010171836727061946,16.0,,0.9967132711571548,0.02566221546843115,9920.0,13.0,0.0,S1,7,B4
267405.0,0.02006781090018189,0.02006781090018189,0.02006781090018189,0.0,0.0,0.0,,0.9978452477201387,0.02203021924857679,9920.0,13.0,0.0,S1,7,B5
267405.0,0.02006781090018189,0.02006781090018189,0.06898425842094826,0.0,0.0,0.0,,0.9991999795560842,0.013861216249130438,8980.0,2.0,0.0,S1,7,B6
267405.0,0.02006781090018189,0.02006781090018189,0.06898425842094826,0.0,0.0,0.0,,0.9989347654818636,0.015184466579052388,9050.0,4.0,0.0,S1,7,B7
267405.0,0.02006781090018189,0.02006781090018189,0.02006781090018189,0.0,0.0,0.0,,0.9994713451519607,0.013458791541609188,8990.0,2.0,0.0,S1,7,B8
267405.0,0.02006781090018189,0.02006781090018189,0.02006781090018189,0.0,0.0,0.0,,0.9986492040642234,0.017515143516596183,9230.0,8.0,0.0,S1,7,B9
267405.0,0.02006781090018189,0.02006781090018189,0.02006781090018189,0.0,0.00023933733475439876,4.0,,0.9994622530994813,0.013672867099648444,8990.0,2.0,0.0,S1,7,B10
267405.0,0.02006781090018189,0.02006781090018189,0.02006781090018189,0.0,0.0,0.0,,0.9994713451519607,0.013458791541609188,8990.0,2.0,0.0,S1,7,B11
267926.0,0.02006781090018189,0.02006781090018189,0.02006781090018189,0.0,0.0,0.0,,0.9998131091506034,0.012147705754971903,9000.0,0.0,0.0,S1,8,A1
267926.0,0.02006781090018189,0.02006781090018189,0.02006781090018189,0.0,0.0,0.0,,0.9998131091506034,0.012147705754971903,9000.0,0.0,0.0,S1,8,A2
267926.0,0.02006781090018189,0.02006781090018189,0.02006781090018189,0.0,0.0,0.0,,0.9998131091506034,0.012147705754971903,9000.0,0.0,0.0,S1,8,A3
267926.0,0.02006781090018189,0.02006781090018189,0.02006781090018189,0.0,0.00051879996715511,9.0,,0.9990939321156136,0.015372413179730652,9025.0,4.0,0.0,S1,8,A4
267926.0,0.02006781090018189,0.02006781090018189,0.02006781090018189,0.0,0.0,0.0,,0.9997267863806777,0.01487050100316881,10800.0,0.0,0.0,S1,8,A5
267926.0,0.02006781090018189,0.02006781090018189,0.02006781090018189,0.0,7.4647477288505034e-06,0.0,,0.9974120970323626,0.024760414370184537,12480.0,7.0,0.0,S1,8,A6
267926.0,0.02006781090018189,0.02006781090018189,0.021379620895022326,0.0,0.0,0.0,,0.996806918769611,0.02688949914211379,10400.0,22.0,0.0,S1,8,B1
267926.0,0.02006781090018189,0.02006781090018189,0.25263877101318966,0.0,0.0013399222173286654,3.0,,0.9967834012421881,0.02596203374032942,9960.0,20.0,0.0,S1,8,B2
267926.0,0.02006781090018189,0.02006781090018189,0.02006781090018189,0.0,0.0,0.0,,0.998029629492179,0.02172112483858481,10215.0,11.0,0.0,S1,8,B3
267926.0,0.02006781090018189,0.02006781090018189,0.029342695039559687,0.0,0.0014257668162104462,24.0,,0.9950096089483115,0.032366927222778494,10400.0,22.0,0.0,S1,8,B4
267926.0,0.02006781090018189,0.02006781090018189,0.021379620895022326,0.0,0.0,0.0,,0.996806918769611,0.02688949914211379,10400.0,22.0,0.0,S1,8,B5
267926.0,0.02006781090018189,0.02006781090018189,0.25263877101318966,0.0,0.0013399222173286654,3.0,,0.9991179356158166,0.014655882596295985,8970.0,3.0,0.0,S1,8,B6
267926.0,0.02006781090018189,0.02006781090018189,0.25263877101318966,0.0,0.0013399222173286654,3.0,,0.9982694009718143,0.018753816909782728,9180.0,9.0,0.0,S1,8,B7
267926.0,0.02006781090018189,0.02006781090018189,0.02006781090018189,0.0,0.0,0.0,,0.9983924974299013,0.018931996582748654,9375.0,10.0,0.0,S1,8,B8
267926.0,0.02006781090018189,0.02006781090018189,0.02006781090018189,0.0,0.0,0.0,,0.9983777162563239,0.01908142060133206,9400.0,10.0,0.0,S1,8,B9
267926.0,0.02006781090018189,0.02006781090018189,0.02006781090018189,0.0,0.0006792920433253959,11.0,,0.997461034554115,0.021847066322696545,9375.0,10.0,0.0,S1,8,B10
267926.0,0.02006781090018189,0.02006781090018189,0.02006781090018189,0.0,0.0,0.0,,0.9983924974299013,0.018931996582748654,9375.0,10.0,0.0,S1,8,B11
271971.0,0.02006781090018189,0.02006781090018189,0.02006781090018189,0.0,0.0,0.0,,0.9998217401008942,0.011793067174822588,9000.0,0.0,0.0,S1,9,A1
271971.0,0.02006781090018189,0.02006781090018189,0.02006781090018189,0.0,0.0,0.0,,0.9998217401008942,0.011793067174822588,9000.0,0.0,0.0,S1,9,A2
271971.0,0.02006781090018189,0.02006781090018189,0.02006781090018189,0.0,0.0,0.0,,0.9998217401008942,0.01179306717482259,9000.0,0.0,0.0,S1,9,A3
271971.0,0.02006781090018189,0.02006781090018189,0.02006781090018189,0.0,0.0,0.0,,0.9998217401008942,0.01179306717482259,9000.0,0.0,0.0,S1,9,A4
271971.0,0.02006781090018189,0.02006781090018189,0.02006781090018189,0.0,0.0,0.0,,0.9997358945553435,0.014654880680888611,10815.0,1.0,0.0,S1,9,A5
271971.0,0.02006781090018189,0.02006781090018189,0.02006781090018189,0.0,0.0,0.0,,0.9996401924806985,0.01735513520148602,12600.0,0.0,0.0,S1,9,A6
271971.0,0.02006781090018189,0.02006781090018189,0.02006781090018189,0.0,0.0,0.0,,0.9978240246051574,0.021826010527045792,9910.0,14.0,0.0,S1,9,B1
271971.0,0.02006781090018189,0.02006781090018189,0.41927599668460547,0.0,0.004290898661989697,10.0,,0.9973237360087468,0.02324543687767518,9840.0,16.0,0.0,S1,9,B2
271971.0,0.02006781090018189,0.02006781090018189,0.02006781090018189,0.0,0.0,0.0,,0.9984731206341053,0.01979316581013077,10690.0,8.0,0.0,S1,9,B3
271971.0,0.02006781090018189,0.02006781090018189,0.02350985767597148,0.0,0.001547959157410165,23.0,,0.9971213543072205,0.024609047661773884,9910.0,14.0,0.0,S1,9,B4
271971.0,0.02006781090018189,0.02006781090018189,0.02006781090018189,0.0,0.0,0.0,,0.9978240246051574,0.021826010527045792,9910.0,14.0,0.0,S1,9,B5
271971.0,0.02006781090018189,0.02006781090018189,0.41927599668460547,0.0,0.004290898661989697,10.0,,0.999268290151732,0.013472293268082898,8980.0,2.0,0.0,S1,9,B6
271971.0,0.02006781090018189,0.02006781090018189,0.41927599668460547,0.0,0.004290898661989697,10.0,,0.9989956115498546,0.014772722162530779,9050.0,4.0,0.0,S1,9,B7
271971.0,0.02006781090018189,0.02006781090018189,0.02006781090018189,0.0,0.0,0.0,,0.9989456831317863,0.01582787428616422,9165.0,6.0,0.0,S1,9,B8
271971.0,0.02006781090018189,0.02006781090018189,0.02006781090018189,0.0,0.0,0.0,,0.9989535055532249,0.015773136283777443,9165.0,6.0,0.0,S1,9,B9
271971.0,0.02006781090018189,0.02006781090018189,0.02006781090018189,0.0,0.0005662368414279463,10.0,,0.9986991719165729,0.01688170628200296,9165.0,6.0,0.0,S1,9,B10
271971.0,0.02006781090018189,0.02006781090018189,0.02006781090018189,0.0,0.0,0.0,,0.9989456831317863,0.01582787428616422,9165.0,6.0,0.0,S1,9,B11
546224.0,0.02006781090018189,0.02006781090018189,0.02006781090018189,0.0,0.0,0.0,,0.9991368094045366,0.023089610414269723,23400.0,0.0,0.0,S2,0,A1
546224.0,0.02006781090018189,0.02006781090018189,1.3106900423660772,0.00039269603679076715,0.012596480564749993,150.0,,0.9964871587494831,0.026948810559341767,16980.0,9.0,0.0,S2,0,A2
546224.0,0.02006781090018189,0.02006781090018189,0.024266100950824154,0.0,0.002568543308239843,48.0,,0.99801934151553,0.021185149797010853,16995.0,9.0,0.0,S2,0,A3
546224.0,0.02006781090018189,0.02006781090018189,0.024266100950824154,0.0,0.002758941386683851,57.0,,0.9979975720948927,0.021984575241569628,16110.0,13.0,0.0,S2,0,A4
546224.0,0.02006781090018189,0.02006781090018189,0.024266100950824154,0.0,0.0004631799408301356,9.0,,0.9949114855986575,0.03326297022077318,24225.0,9.0,0.0,S2,0,A5
546224.0,0.02006781090018189,0.02006781090018189,0.02350985767597148,0.0,0.00033502738803128387,6.0,,0.9944015004902561,0.03449475744062887,22860.0,11.0,0.0,S2,0,A6
546224.0,0.02006781090018189,0.02006781090018189,0.02006781090018189,0.0,0.0,0.0,,0.9969122828377077,0.02864527664088257,19235.0,20.0,0.0,S2,0,B1
546224.0,0.02006781090018189,0.02006781090018189,0.02006781090018189,0.0,0.0,0.0,,0.9969814370150554,0.027515131593863148,18565.0,19.0,0.0,S2,0,B2
546224.0,0.02006781090018189,0.02006781090018189,0.02006781090018189,0.0,0.0,0.0,,0.9972163133353572,0.026377440497289285,18645.0,15.0,0.0,S2,0,B3
546224.0,0.02006781090018189,0.02006781090018189,0.026683942737144424,0.0,0.0017648437271156156,26.0,,0.9955443628776133,0.03441463338866915,19235.0,20.0,0.0,S2,0,B4
546224.0,0.02006781090018189,0.02006781090018189,0.02006781090018189,0.0,0.0,0.0,,0.9969122828377077,0.02864527664088257,19235.0,20.0,0.0,S2,0,B5
546224.0,0.02006781090018189,0.02006781090018189,0.02006781090018189,0.0,0.0,0.0,,0.9970370118246055,0.02529084473487452,16850.0,15.0,0.0,S2,0,B6
546224.0,0.02006781090018189,0.02006781090018189,0.02006781090018189,0.0,0.0,0.0,,0.9964950123960368,0.028969308345177094,17775.0,23.0,0.0,S2,0,B7
546224.0,0.02006781090018189,0.02006781090018189,0.02006781090018189,0.0,0.0,0.0,,0.9968189214052929,0.02813795088221516,18035.0,19.0,0.0,S2,0,B8
546224.0,0.02006781090018189,0.02006781090018189,0.02006781090018189,0.0,0.0,0.0,,0.9968893055339486,0.027470170829284508,17600.0,18.0,0.0,S2,0,B9
546224.0,0.02006781090018189,0.02006781090018189,0.024266100950824154,0.0,0.0019405957995254693,27.0,,0.9958979670324061,0.0323699892830178,18035.0,19.0,0.0,S2,0,B10
546224.0,0.02006781090018189,0.02006781090018189,0.02006781090018189,0.0,0.0,0.0,,0.9968189214052929,0.02813795088221516,18035.0,19.0,0.0,S2,0,B11
545810.0,0.02006781090018189,0.02006781090018189,0.02006781090018189,0.0,0.0,0.0,,0.9991284295138058,0.02308576575261435,23400.0,0.0,0.0,S2,1,A1
545810.0,0.02006781090018189,0.02006781090018189,1.0839269140212038,0.00032657884611861273,0.011965244315787545,146.0,,0.9966402385410289,0.02656073746462906,16980.0,9.0,0.0,S2,1,A2
545810.0,0.02006781090018189,0.02006781090018189,0.02350985767597148,0.0,0.0017313717227606677,33.0,,0.9981015241045222,0.0200206707642015,16230.0,7.0,0.0,S2,1,A3
545810.0,0.02006781090018189,0.02006781090018189,0.028428241752041873,0.0,0.0026401128597863728,48.0,,0.9974643879625407,0.023375493375573885,16210.0,14.0,0.0,S2,1,A4
545810.0,0.02006781090018189,0.02006781090018189,0.025852348395621914,0.0,0.0003627635990546161,7.0,,0.9952121236015787,0.032808032555146464,24150.0,10.0,0.0,S2,1,A5
545810.0,0.02006781090018189,0.02006781090018189,0.024266100950824154,0.0,0.00016672468441399023,3.0,,0.9947441120473146,0.034457370179069954,23685.0,11.0,0.0,S2,1,A6
545810.0,0.02006781090018189,0.02006781090018189,0.02006781090018189,0.0,0.0,0.0,,0.9965513259282601,0.030764062965429197,19305.0,26.0,0.0,S2,1,B1
545810.0,0.02006781090018189,0.02006781090018189,0.02006781090018189,0.0,0.0,0.0,,0.9968570719989286,0.028220091867714393,18490.0,20.0,0.0,S2,1,B2
545810.0,0.02006781090018189,0.02006781090018189,0.02006781090018189,0.0,0.0,0.0,,0.9971596698513264,0.02691662265507353,18825.0,15.0,0.0,S2,1,B3
545810.0,0.02006781090018189,0.02006781090018189,0.028428241752041873,0.0,0.0021344423883769077,33.0,,0.9951645598365672,0.03681788337944561,19305.0,26.0,0.0,S2,1,B4
545810.0,0.02006781090018189,0.02006781090018189,0.02006781090018189,0.0,0.0,0.0,,0.9965513259282601,0.030764062965429197,19305.0,26.0,0.0,S2,1,B5
545810.0,0.02006781090018189,0.02006781090018189,0.02006781090018189,0.0,0.0,0.0,,0.9970338452879832,0.025617021817784063,16660.0,15.0,0.0,S2,1,B6
545810.0,0.02006781090018189,0.02006781090018189,0.02006781090018189,0.0,0.0,0.0,,0.9967986207115024,0.02730433218152219,17625.0,19.0,0.0,S2,1,B7
545810.0,0.02006781090018189,0.02006781090018189,0.02006781090018189,0.0,0.0,0.0,,0.9972426725305237,0.025987893781795755,17870.0,16.0,0.0,S2,1,B8
545810.0,0.02006781090018189,0.02006781090018189,0.02006781090018189,0.0,0.0,0.0,,0.9971557559242366,0.02617834692178874,17510.0,15.0,0.0,S2,1,B9
545810.0,0.02006781090018189,0.02006781090018189,0.02350985767597148,0.0,0.0019090892435096461,31.0,,0.9967433081472529,0.028997207069221716,17870.0,16.0,0.0,S2,1,B10
545810.0,0.02006781090018189,0.02006781090018189,0.02006781090018189,0.0,0.0,0.0,,0.9972426725305237,0.025987893781795755,17870.0,16.0,0.0,S2,1,B11
540647.0,0.02006781090018189,0.02006781090018189,0.02006781090018189,0.0,0.0,0.0,,0.9991448810231986,0.02306476989284812,23400.0,0.0,0.0,S2,2,A1
540647.0,0.02006781090018189,0.02006781090018189,0.6327760017024558,0.00019513656785296137,0.010316343196207507,119.0,,0.9963820367903077,0.026240541807469597,17130.0,8.0,0.0,S2,2,A2
540647.0,0.02006781090018189,0.02006781090018189,0.025852348395621914,0.0,0.002127081071382991,40.0,,0.9978394574641051,0.021343710956570842,17130.0,8.0,0.0,S2,2,A3
540647.0,0.02006781090018189,0.02006781090018189,0.028428241752041873,0.0,0.0022103146785240647,43.0,,0.9968299153767866,0.025553452201775254,16370.0,15.0,0.0,S2,2,A4
540647.0,0.02006781090018189,0.02006781090018189,0.025852348395621914,0.0,0.00039767167856290703,9.0,,0.9946305331234023,0.03372472125635272,23160.0,12.0,0.0,S2,2,A5
540647.0,0.02006781090018189,0.02006781090018189,0.02350985767597148,0.0,0.0004291154857050904,11.0,,0.9946565106300801,0.0348678678809142,23100.0,10.0,0.0,S2,2,A6
540647.0,0.02006781090018189,0.02006781090018189,0.02006781090018189,0.0,0.0,0.0,,0.9970708531553244,0.02735657183421318,18920.0,16.0,0.0,S2,2,B1
540647.0,0.02006781090018189,0.02006781090018189,0.02006781090018189,0.0,0.0,0.0,,0.9974719205365611,0.024160973127488123,18125.0,11.0,0.0,S2,2,B2
540647.0,0.02006781090018189,0.02006781090018189,0.02006781090018189,0.0,0.0,0.0,,0.9972777272993525,0.026119483716931565,18555.0,14.0,0.0,S2,2,B3
540647.0,0.02006781090018189,0.02006781090018189,0.025852348395621914,0.0,0.001795996278532943,32.0,,0.9960397428193675,0.03235254660558736,18920.0,16.0,0.0,S2,2,B4
540647.0,0.02006781090018189,0.02006781090018189,0.02006781090018189,0.0,0.0,0.0,,0.9970708531553244,0.02735657183421318,18920.0,16.0,0.0,S2,2,B5
540647.0,0.02006781090018189,0.02006781090018189,0.02006781090018189,0.0,0.0,0.0,,0.9970195222507356,0.02550106949595574,16425.0,16.0,0.0,S2,2,B6
540647.0,0.02006781090018189,0.02006781090018189,0.02006781090018189,0.0,0.0,0.0,,0.9968316956614197,0.02692633138786725,17505.0,17.0,0.0,S2,2,B7
540647.0,0.02006781090018189,0.02006781090018189,0.02006781090018189,0.0,0.0,0.0,,0.9973590942253926,0.025319688395189513,17750.0,13.0,0.0,S2,2,B8
540647.0,0.02006781090018189,0.02006781090018189,0.02006781090018189,0.0,0.0,0.0,,0.9973623056154686,0.02499294422589659,17255.0,14.0,0.0,S2,2,B9
540647.0,0.02006781090018189,0.02006781090018189,0.022777182418573218,0.0,0.0017349582999628224,33.0,,0.9968344859120447,0.028229325862461727,17750.0,13.0,0.0,S2,2,B10
540647.0,0.02006781090018189,0.02006781090018189,0.02006781090018189,0.0,0.0,0.0,,0.9973590942253926,0.025319688395189513,17750.0,13.0,0.0,S2,2,B11
554011.0,0.02006781090018189,0.02006781090018189,0.02006781090018189,0.0,0.0,0.0,,0.9991839122005642,0.022509616757453187,23400.0,0.0,0.0,S2,3,A1
554011.0,0.02006781090018189,0.02006781090018189,0.9252306262333164,0.00015297530193443814,0.011267375557525031,143.0,,0.99619514943246,0.027650319275830393,16995.0,9.0,0.0,S2,3,A2
554011.0,0.02006781090018189,0.02006781090018189,0.022777182418573218,0.0,0.0020342556375234425,42.0,,0.9978125319749004,0.021784788758323757,16995.0,9.0,0.0,S2,3,A3
554011.0,0.02006781090018189,0.02006781090018189,0.024266100950824154,0.0,0.0026118614973348903,53.0,,0.9975838376556967,0.023508011454687665,16845.0,13.0,0.0,S2,3,A4
554011.0,0.02006781090018189,0.02006781090018189,0.022777182418573218,0.0,0.00046930476109680134,10.0,,0.9957331535435986,0.029449467922360716,23430.0,7.0,0.0,S2,3,A5
554011.0,0.02006781090018189,0.02006781090018189,0.02350985767597148,0.0,0.0003664187173178872,7.0,,0.9949296014330553,0.033426445428387526,23870.0,9.0,0.0,S2,3,A6
554011.0,0.02006781090018189,0.02006781090018189,0.02006781090018189,0.0,0.0,0.0,,0.9967622579763236,0.029151811189723636,19605.0,21.0,0.0,S2,3,B1
554011.0,0.02006781090018189,0.02006781090018189,0.02006781090018189,0.0,0.0,0.0,,0.9968656338099368,0.028034137383037342,18980.0,19.0,0.0,S2,3,B2
554011.0,0.02006781090018189,0.02006781090018189,0.02006781090018189,0.0,0.0,0.0,,0.9971832430700508,0.0271242940945893,19315.0,14.0,0.0,S2,3,B3
554011.0,0.02006781090018189,0.02006781090018189,0.026683942737144424,0.0,0.001989130179725673,34.0,,0.995442878383056,0.03508370959148638,19605.0,21.0,0.0,S2,3,B4
554011.0,0.02006781090018189,0.02006781090018189,0.02006781090018189,0.0,0.0,0.0,,0.9967622579763236,0.029151811189723636,19605.0,21.0,0.0,S2,3,B5
554011.0,0.02006781090018189,0.02006781090018189,0.02006781090018189,0.0,0.0,0.0,,0.9974861082650162,0.02376232423287716,17140.0,12.0,0.0,S2,3,B6
554011.0,0.02006781090018189,0.02006781090018189,0.021379620895022326,0.0,0.0,0.0,,0.9966875293895244,0.02829494833219204,18200.0,21.0,0.0,S2,3,B7
554011.0,0.02006781090018189,0.02006781090018189,0.02006781090018189,0.0,0.0,0.0,,0.9973121576214932,0.025223468182161684,18240.0,13.0,0.0,S2,3,B8
554011.0,0.02006781090018189,0.02006781090018189,0.02006781090018189,0.0,0.0,0.0,,0.9973180926893901,0.025039189750081136,17920.0,14.0,0.0,S2,3,B9
554011.0,0.02006781090018189,0.02006781090018189,0.02350985767597148,0.0,0.0017526727808653618,25.0,,0.9966055967881721,0.028793110524407972,18240.0,13.0,0.0,S2,3,B10
554011.0,0.02006781090018189,0.02006781090018189,0.02006781090018189,0.0,0.0,0.0,,0.9973121576214932,0.025223468182161684,18240.0,13.0,0.0,S2,3,B11
550189.0,0.02006781090018189,0.02006781090018189,0.02006781090018189,0.0,0.0,0.0,,0.9991584937336704,0.022926204575155325,23400.0,0.0,0.0,S2,4,A1
550189.0,0.02006781090018189,0.02006781090018189,1.1187936686591167,0.00016176259430850126,0.012461172433472861,155.0,,0.9956516262422659,0.02957329506223567,17085.0,11.0,0.0,S2,4,A2
550189.0,0.02006781090018189,0.02006781090018189,0.024266100950824154,0.0,0.00236100685400835,46.0,,0.997591728903522,0.023053095890329302,17085.0,11.0,0.0,S2,4,A3
550189.0,0.02006781090018189,0.02006781090018189,0.0220673406908459,0.0,0.0021501702142354717,48.0,,0.9982089236961178,0.020875974650612313,16135.0,10.0,0.0,S2,4,A4
550189.0,0.02006781090018189,0.02006781090018189,0.025852348395621914,0.0,0.00029626183002568206,7.0,,0.9944089900846433,0.03507192986713594,23385.0,11.0,0.0,S2,4,A5
550189.0,0.02006781090018189,0.02006781090018189,0.024266100950824154,0.0,0.00024355267008246257,5.0,,0.9939019719872163,0.037527587265018175,24015.0,12.0,0.0,S2,4,A6
550189.0,0.02006781090018189,0.02006781090018189,0.02006781090018189,0.0,0.0,0.0,,0.996826884468416,0.028978273319334363,19205.0,21.0,0.0,S2,4,B1
550189.0,0.02006781090018189,0.02006781090018189,0.02006781090018189,0.0,0.0,0.0,,0.9971888947765549,0.026694961047054426,18605.0,17.0,0.0,S2,4,B2
550189.0,0.02006781090018189,0.02006781090018189,0.02006781090018189,0.0,0.0,0.0,,0.9969912397733828,0.027597801902715345,19000.0,17.0,0.0,S2,4,B3
550189.0,0.02006781090018189,0.02006781090018189,0.026683942737144424,0.0,0.002015670978518291,35.0,,0.9956792826107836,0.034470822323696006,19205.0,21.0,0.0,S2,4,B4
550189.0,0.02006781090018189,0.02006781090018189,0.02006781090018189,0.0,0.0,0.0,,0.996826884468416,0.028978273319334363,19205.0,21.0,0.0,S2,4,B5
550189.0,0.02006781090018189,0.02006781090018189,0.02006781090018189,0.0,0.0,0.0,,0.9973178458680388,0.024765055726433585,16865.0,15.0,0.0,S2,4,B6
550189.0,0.02006781090018189,0.02006781090018189,0.02006781090018189,0.0,0.0,0.0,,0.9972529548294178,0.025771155928818647,17995.0,15.0,0.0,S2,4,B7
550189.0,0.02006781090018189,0.02006781090018189,0.02006781090018189,0.0,0.0,0.0,,0.9973745032727991,0.025264295094481533,18115.0,13.0,0.0,S2,4,B8
550189.0,0.02006781090018189,0.02006781090018189,0.02006781090018189,0.0,0.0,0.0,,0.9972508654822201,0.02580404972122945,17505.0,16.0,0.0,S2,4,B9
550189.0,0.02006781090018189,0.02006781090018189,0.0220673406908459,0.0,0.0014704038066918822,26.0,,0.9965125958538988,0.029059398156261875,18115.0,13.0,0.0,S2,4,B10
550189.0,0.02006781090018189,0.02006781090018189,0.02006781090018189,0.0,0.0,0.0,,0.9973745032727991,0.025264295094481533,18115.0,13.0,0.0,S2,4,B11
552984.0,0.02006781090018189,0.02006781090018189,0.02006781090018189,0.0,0.0,0.0,,0.9991369187476703,0.022957007317970433,23400.0,0.0,0.0,S2,5,A1
552984.0,0.02006781090018189,0.02006781090018189,0.7182076058301705,0.00014873848067936866,0.010504372640076386,126.0,,0.9965447424205457,0.02598011682330603,17145.0,7.0,0.0,S2,5,A2
552984.0,0.02006781090018189,0.02006781090018189,0.022777182418573218,0.0,0.0019638904561433967,38.0,,0.9980780339371417,0.020577686255306007,17145.0,7.0,0.0,S2,5,A3
552984.0,0.02006781090018189,0.02006781090018189,0.026683942737144424,0.0,0.002625754090534265,49.0,,0.9975628903079443,0.02311716432340987,16625.0,14.0,0.0,S2,5,A4
552984.0,0.02006781090018189,0.02006781090018189,0.022777182418573218,0.0,0.0005388944345586852,14.0,,0.9954732838792759,0.031138752445551032,22950.0,9.0,0.0,S2,5,A5
552984.0,0.02006781090018189,0.02006781090018189,0.024266100950824154,0.0,0.00042496708765533904,9.0,,0.9951959241610054,0.031929195949057645,23285.0,9.0,0.0,S2,5,A6
552984.0,0.02006781090018189,0.02006781090018189,0.02006781090018189,0.0,0.0,0.0,,0.9967291051276338,0.02994961974357059,19715.0,24.0,0.0,S2,5,B1
552984.0,0.02006781090018189,0.02006781090018189,0.02006781090018189,0.0,0.0,0.0,,0.996745616540661,0.028882849660446873,18920.0,21.0,0.0,S2,5,B2
552984.0,0.02006781090018189,0.02006781090018189,0.02006781090018189,0.0,0.0,0.0,,0.9971043849096433,0.02755453135602228,19000.0,17.0,0.0,S2,5,B3
552984.0,0.02006781090018189,0.02006781090018189,0.026683942737144424,0.0,0.0018879388915411658,29.0,,0.9950722036019041,0.03676133571868215,19715.0,24.0,0.0,S2,5,B4
552984.0,0.02006781090018189,0.02006781090018189,0.02006781090018189,0.0,0.0,0.0,,0.9967291051276338,0.02994961974357059,19715.0,24.0,0.0,S2,5,B5
552984.0,0.02006781090018189,0.02006781090018189,0.02006781090018189,0.0,0.0,0.0,,0.9970155582060465,0.02605384856607687,17210.0,15.0,0.0,S2,5,B6
552984.0,0.02006781090018189,0.02006781090018189,0.021379620895022326,0.0,0.0,0.0,,0.9965714099542872,0.028769615246187853,18250.0,22.0,0.0,S2,5,B7
552984.0,0.02006781090018189,0.02006781090018189,0.02006781090018189,0.0,0.0,0.0,,0.9967348206390542,0.02890169020216938,18465.0,20.0,0.0,S2,5,B8
552984.0,0.02006781090018189,0.02006781090018189,0.02006781090018189,0.0,0.0,0.0,,0.9972710072456809,0.025247839337827975,17830.0,14.0,0.0,S2,5,B9
552984.0,0.02006781090018189,0.02006781090018189,0.025852348395621914,0.0,0.0018915556327127007,25.0,,0.9953431910765188,0.034406232187838545,18465.0,20.0,0.0,S2,5,B10
552984.0,0.02006781090018189,0.02006781090018189,0.02006781090018189,0.0,0.0,0.0,,0.9967348206390542,0.02890169020216938,18465.0,20.0,0.0,S2,5,B11
553780.0,0.02006781090018189,0.02006781090018189,0.02006781090018189,0.0,0.0,0.0,,0.9990355523211749,0.024578347277386337,25200.0,0.0,0.0,S2,6,A1
553780.0,0.02006781090018189,0.02006781090018189,0.7897688493998856,0.00013091841525515548,0.010992632453320814,138.0,,0.9959416879924856,0.027967262103047494,17370.0,10.0,0.0,S2,6,A2
553780.0,0.02006781090018189,0.02006781090018189,0.025852348395621914,0.0,0.002408898840694861,48.0,,0.997534881368753,0.02317767953890197,17205.0,12.0,0.0,S2,6,A3
553780.0,0.02006781090018189,0.02006781090018189,0.02350985767597148,0.0,0.002259019827368269,47.0,,0.998108067386676,0.02074269041588934,16655.0,11.0,0.0,S2,6,A4
553780.0,0.02006781090018189,0.02006781090018189,0.026683942737144424,0.0,0.0003756004189389288,8.0,,0.9944092342655478,0.035847277559916374,24660.0,14.0,0.0,S2,6,A5
553780.0,0.02006781090018189,0.02006781090018189,0.024266100950824154,0.0,0.0002347502618368305,5.0,,0.9948553728949442,0.03378818299180153,23905.0,11.0,0.0,S2,6,A6
553780.0,0.02006781090018189,0.02006781090018189,0.021379620895022326,0.0,0.0,0.0,,0.9963927424479478,0.03173614423612517,19820.0,28.0,0.0,S2,6,B1
553780.0,0.02006781090018189,0.02006781090018189,0.021379620895022326,0.0,0.0,0.0,,0.9964838749430603,0.029963132097394853,19050.0,25.0,0.0,S2,6,B2
553780.0,0.02006781090018189,0.02006781090018189,0.02006781090018189,0.0,0.0,0.0,,0.9968941230558513,0.027800713313084497,19125.0,19.0,0.0,S2,6,B3
553780.0,0.02006781090018189,0.02006781090018189,0.029342695039559687,0.0,0.002170537036368233,33.0,,0.9947155644609178,0.038804879112919285,19820.0,28.0,0.0,S2,6,B4
553780.0,0.02006781090018189,0.02006781090018189,0.021379620895022326,0.0,0.0,0.0,,0.9963927424479478,0.03173614423612517,19820.0,28.0,0.0,S2,6,B5
553780.0,0.02006781090018189,0.02006781090018189,0.02006781090018189,0.0,0.0,0.0,,0.9965627394007838,0.02789349232253599,17260.0,20.0,0.0,S2,6,B6
553780.0,0.02006781090018189,0.02006781090018189,0.0220673406908459,0.0,0.0,0.0,,0.9961797178913169,0.029545440660988735,18325.0,25.0,0.0,S2,6,B7
553780.0,0.02006781090018189,0.02006781090018189,0.02006781090018189,0.0,0.0,0.0,,0.9968854327917378,0.028505954192223983,18355.0,22.0,0.0,S2,6,B8
553780.0,0.02006781090018189,0.02006781090018189,0.02006781090018189,0.0,0.0,0.0,,0.9968455375765409,0.027506079871037495,17850.0,22.0,0.0,S2,6,B9
553780.0,0.02006781090018189,0.02006781090018189,0.025852348395621914,0.0,0.0021669254938784356,27.0,,0.9958715681963692,0.03347035040759438,18355.0,22.0,0.0,S2,6,B10
553780.0,0.02006781090018189,0.02006781090018189,0.02006781090018189,0.0,0.0,0.0,,0.9968854327917378,0.028505954192223983,18355.0,22.0,0.0,S2,6,B11
544623.0,0.02006781090018189,0.02006781090018189,0.02006781090018189,0.0,0.0,0.0,,0.9991394189431619,0.022799604096566714,23400.0,0.0,0.0,S2,7,A1
544623.0,0.02006781090018189,0.02006781090018189,1.4412854420872234,7.436336695291973e-05,0.01291260192830637,158.0,,0.9958033698570828,0.029683925758446108,17055.0,11.0,0.0,S2,7,A2
544623.0,0.02006781090018189,0.02006781090018189,0.022777182418573218,0.0,0.0020124012390222226,41.0,,0.9980976069672847,0.020236560063978754,16575.0,8.0,0.0,S2,7,A3
544623.0,0.02006781090018189,0.02006781090018189,0.029342695039559687,0.0,0.0031636563274044615,57.0,,0.99751015909108,0.02366228082310884,16665.0,16.0,0.0,S2,7,A4
544623.0,0.02006781090018189,0.02006781090018189,0.02350985767597148,0.0,0.0005416590926200325,9.0,,0.9954126836335763,0.03064061980551253,23550.0,8.0,0.0,S2,7,A5
544623.0,0.02006781090018189,0.02006781090018189,0.024266100950824154,0.0,0.0005343145625506085,10.0,,0.995142320158469,0.03300305423711207,23620.0,9.0,0.0,S2,7,A6
544623.0,0.02006781090018189,0.02006781090018189,0.02006781090018189,0.0,0.0,0.0,,0.9970173605531498,0.027770253002061113,19310.0,19.0,0.0,S2,7,B1
544623.0,0.02006781090018189,0.02006781090018189,0.02006781090018189,0.0,0.0,0.0,,0.9970332527146588,0.026890475917339094,18635.0,17.0,0.0,S2,7,B2
544623.0,0.02006781090018189,0.02006781090018189,0.02006781090018189,0.0,0.0,0.0,,0.9972242550536612,0.026794869802491874,18830.0,17.0,0.0,S2,7,B3
544623.0,0.02006781090018189,0.02006781090018189,0.025852348395621914,0.0,0.0017626872166618009,36.0,,0.9957862765408532,0.03292811413265501,19310.0,19.0,0.0,S2,7,B4
544623.0,0.02006781090018189,0.02006781090018189,0.02006781090018189,0.0,0.0,0.0,,0.9970173605531498,0.027770253002061113,19310.0,19.0,0.0,S2,7,B5
544623.0,0.02006781090018189,0.02006781090018189,0.02006781090018189,0.0,0.0,0.0,,0.9970500766317013,0.02544297585420862,16850.0,15.0,0.0,S2,7,B6
544623.0,0.02006781090018189,0.02006781090018189,0.02006781090018189,0.0,0.0,0.0,,0.9967355157991898,0.027408148261655777,17840.0,18.0,0.0,S2,7,B7
544623.0,0.02006781090018189,0.02006781090018189,0.02006781090018189,0.0,0.0,0.0,,0.9970531894434268,0.027187596868823726,18075.0,18.0,0.0,S2,7,B8
544623.0,0.02006781090018189,0.02006781090018189,0.02006781090018189,0.0,0.0,0.0,,0.99731760014533,0.025754382735665743,17665.0,17.0,0.0,S2,7,B9
544623.0,0.02006781090018189,0.02006781090018189,0.025852348395621914,0.0,0.002076665877129684,30.0,,0.9961486771950083,0.03133972755450429,18075.0,18.0,0.0,S2,7,B10
544623.0,0.02006781090018189,0.02006781090018189,0.02006781090018189,0.0,0.0,0.0,,0.9970531894434268,0.027187596868823726,18075.0,18.0,0.0,S2,7,B11
542551.0,0.02006781090018189,0.02006781090018189,0.02006781090018189,0.0,0.0,0.0,,0.9991187267196192,0.023380726403118706,23400.0,0.0,0.0,S2,8,A1
542551.0,0.02006781090018189,0.02006781090018189,0.8151734005153627,7.556893269019871e-05,0.011003573857572837,117.0,,0.9963117971186608,0.026447372895227157,17040.0,8.0,0.0,S2,8,A2
542551.0,0.02006781090018189,0.02006781090018189,0.028428241752041873,0.0,0.001880007593756163,34.0,,0.997601892068523,0.02196660507284937,17205.0,9.0,0.0,S2,8,A3
542551.0,0.02006781090018189,0.02006781090018189,0.026683942737144424,0.0,0.0022302050867107426,42.0,,0.9973170227829287,0.023312715944818093,16390.0,13.0,0.0,S2,8,A4
542551.0,0.02006781090018189,0.02006781090018189,0.026683942737144424,0.0,0.0003925898210490811,8.0,,0.9952043160994544,0.03192607777252864,23865.0,10.0,0.0,S2,8,A5
542551.0,0.02006781090018189,0.02006781090018189,0.022777182418573218,0.0,0.000363099505852906,8.0,,0.9946213918136342,0.034393655561000436,22885.0,11.0,0.0,S2,8,A6
542551.0,0.02006781090018189,0.02006781090018189,0.021379620895022326,0.0,0.0,0.0,,0.9964618511834462,0.030168949452070486,19450.0,25.0,0.0,S2,8,B1
542551.0,0.02006781090018189,0.02006781090018189,0.02006781090018189,0.0,0.0,0.0,,0.9965114331016625,0.029373613221106157,18675.0,21.0,0.0,S2,8,B2
542551.0,0.02006781090018189,0.02006781090018189,0.02006781090018189,0.0,0.0,0.0,,0.9972069018056384,0.026884461634445512,18805.0,15.0,0.0,S2,8,B3
542551.0,0.02006781090018189,0.02006781090018189,0.029342695039559687,0.0,0.0021343615623231733,38.0,,0.9950855904756549,0.03590303522987995,19450.0,25.0,0.0,S2,8,B4
542551.0,0.02006781090018189,0.02006781090018189,0.021379620895022326,0.0,0.0,0.0,,0.9964618511834462,0.030168949452070486,19450.0,25.0,0.0,S2,8,B5
542551.0,0.02006781090018189,0.02006781090018189,0.02006781090018189,0.0,0.0,0.0,,0.9970607416908287,0.025688543582591657,16705.0,15.0,0.0,S2,8,B6
542551.0,0.02006781090018189,0.02006781090018189,0.021379620895022326,0.0,0.0,0.0,,0.9965473781596673,0.028597011712315126,17800.0,22.0,0.0,S2,8,B7
542551.0,0.02006781090018189,0.02006781090018189,0.02006781090018189,0.0,0.0,0.0,,0.9966846304979061,0.028368542896680025,18170.0,19.0,0.0,S2,8,B8
542551.0,0.02006781090018189,0.02006781090018189,0.02006781090018189,0.0,0.0,0.0,,0.9971747215590502,0.02599796424179496,17625.0,17.0,0.0,S2,8,B9
542551.0,0.02006781090018189,0.02006781090018189,0.025852348395621914,0.0,0.0020237728803375165,37.0,,0.9953770379596423,0.03338420649639243,18170.0,19.0,0.0,S2,8,B10
542551.0,0.02006781090018189,0.02006781090018189,0.02006781090018189,0.0,0.0,0.0,,0.9966846304979061,0.028368542896680025,18170.0,19.0,0.0,S2,8,B11
550768.0,0.02006781090018189,0.02006781090018189,0.02006781090018189,0.0,0.0,0.0,,0.9991540613318363,0.022951764700706676,23400.0,0.0,0.0,S2,9,A1
550768.0,0.02006781090018189,0.02006781090018189,1.1547819846894583,0.00032817810766057575,0.012187073323068879,142.0,,0.9961617301275986,0.02748714183115893,17370.0,10.0,0.0,S2,9,A2
550768.0,0.02006781090018189,0.02006781090018189,0.024266100950824154,0.0,0.0025328268889986344,47.0,,0.9977882254102368,0.021820641901297302,17385.0,10.0,0.0,S2,9,A3
550768.0,0.02006781090018189,0.02006781090018189,0.024266100950824154,0.0,0.0025382738285448683,56.0,,0.9976710683185709,0.02302850504292281,16240.0,13.0,0.0,S2,9,A4
550768.0,0.02006781090018189,0.02006781090018189,0.02350985767597148,0.0,0.00044120210324492343,13.0,,0.9951872652679399,0.03251337909460811,23685.0,10.0,0.0,S2,9,A5
550768.0,0.02006781090018189,0.02006781090018189,0.024266100950824154,0.0,0.00030139732155826045,4.0,,0.9949750533684033,0.03320758291049257,24235.0,10.0,0.0,S2,9,A6
550768.0,0.02006781090018189,0.02006781090018189,0.02006781090018189,0.0,0.0,0.0,,0.9971808798328468,0.026691253581841084,19045.0,16.0,0.0,S2,9,B1
550768.0,0.02006781090018189,0.02006781090018189,0.02006781090018189,0.0,0.0,0.0,,0.9972901972225102,0.025675257372934038,18540.0,15.0,0.0,S2,9,B2
550768.0,0.02006781090018189,0.02006781090018189,0.02006781090018189,0.0,0.0,0.0,,0.997292423982166,0.02588184564215308,18975.0,15.0,0.0,S2,9,B3
550768.0,0.02006781090018189,0.02006781090018189,0.02350985767597148,0.0,0.0015941376405310403,27.0,,0.9961569235746767,0.03137928011760225,19045.0,16.0,0.0,S2,9,B4
550768.0,0.02006781090018189,0.02006781090018189,0.02006781090018189,0.0,0.0,0.0,,0.9971808798328468,0.026691253581841084,19045.0,16.0,0.0,S2,9,B5
550768.0,0.02006781090018189,0.02006781090018189,0.02006781090018189,0.0,0.0,0.0,,0.997553469457274,0.02320751113321619,16960.0,11.0,0.0,S2,9,B6
550768.0,0.02006781090018189,0.02006781090018189,0.02006781090018189,0.0,0.0,0.0,,0.997064557737857,0.026640001678466356,17750.0,20.0,0.0,S2,9,B7
550768.0,0.02006781090018189,0.02006781090018189,0.02006781090018189,0.0,0.0,0.0,,0.9975513928070794,0.023737999890287548,17885.0,11.0,0.0,S2,9,B8
550768.0,0.02006781090018189,0.02006781090018189,0.02006781090018189,0.0,0.0,0.0,,0.9973881695002803,0.024591830336878645,17680.0,14.0,0.0,S2,9,B9
550768.0,0.02006781090018189,0.02006781090018189,0.021379620895022326,0.0,0.0012527960956337332,23.0,,0.9965535067579663,0.027811086635645927,17885.0,11.0,0.0,S2,9,B10
550768.0,0.02006781090018189,0.02006781090018189,0.02006781090018189,0.0,0.0,0.0,,0.9975513928070794,0.023737999890287548,17885.0,11.0,0.0,S2,9,B11
287585.0,0.02006781090018189,0.02006781090018189,0.02006781090018189,0.0,0.0,0.0,0.0,0.9987011762892385,0.03141797652826152,18000.0,0.0,0.0,S3,0,A1
287585.0,0.02006781090018189,2.0417379446695296,3.726061338637685,0.1525488116556844,0.25100492028443766,399.0,111.66666666666667,0.9934861532590633,0.03873298158667662,14310.0,21.0,0.0,S3,0,A2
287585.0,0.02006781090018189,2.0417379446695296,3.9696297343000686,0.14938105255837406,0.2631856668463237,363.0,111.66666666666667,0.995427911258452,0.0331296298191732,14775.0,21.0,0.0,S3,0,A3
287585.0,0.02006781090018189,2.0417379446695296,3.9696297343000686,0.15363631621955248,0.2738512092077125,374.0,114.66666666666667,0.9961865958046696,0.023120224995449117,10155.0,31.0,0.0,S3,0,A4
287585.0,0.02006781090018189,2.0417379446695296,2.892344370499147,0.05846706191213032,0.18227915225063895,210.0,66.33333333333333,0.9900717162247753,0.05805942249673502,26025.0,28.0,0.0,S3,0,A5
287585.0,0.02006781090018189,2.0417379446695296,2.802205621666748,0.04406175565484987,0.14987742754316116,171.0,52.666666666666664,0.9917454706332184,0.04574029705387081,18545.0,42.0,0.0,S3,0,A6
287585.0,0.02006781090018189,2.0417379446695296,2.0417379446695296,0.0518212006884921,0.11278752368864857,190.0,43.0,0.9977534886775558,0.023825738803404325,11895.0,24.0,0.11388888888888889,S3,0,B1
287585.0,0.02006781090018189,2.0417379446695296,2.0417379446695296,0.051466522941043515,0.09080445781247283,127.0,42.666666666666664,0.9978715937094275,0.024412985951250462,12225.0,31.0,0.013888888888888888,S3,0,B2
287585.0,0.02006781090018189,2.0417379446695296,2.0417379446695296,0.051539544830224104,0.08903454630804805,127.0,41.666666666666664,0.9979705047317958,0.02417233884348749,12560.0,24.0,0.06666666666666667,S3,0,B3
287585.0,0.02006781090018189,2.0417379446695296,2.5482967479793466,0.04968617973816437,0.12411287097727629,196.0,43.0,0.9959734018125577,0.028257659059288218,11895.0,24.0,0.11388888888888889,S3,0,B4
287585.0,0.02006781090018189,2.0417379446695296,2.0417379446695296,0.05170645200549403,0.09220925987099467,130.0,43.0,0.9983553019658614,0.02286937671725225,12380.0,25.0,0.0,S3,0,B5
287585.0,0.02006781090018189,2.0417379446695296,2.0417379446695296,0.06647078255124572,0.08698993341099154,139.0,46.333333333333336,0.9984774187364673,0.01992490447902548,10905.0,23.0,0.025,S3,0,B6
287585.0,0.02006781090018189,2.0417379446695296,2.0417379446695296,0.05951631691499904,0.08336317958168889,130.0,42.666666666666664,0.9964993864917059,0.02855200409545038,13010.0,40.0,0.058333333333333334,S3,0,B7
287585.0,0.02006781090018189,2.0417379446695296,2.0417379446695296,0.038993688822435105,0.09743901802945217,123.0,41.0,0.9972706596198815,0.026999613988544568,12100.0,30.0,0.04722222222222222,S3,0,B8
287585.0,0.02006781090018189,2.0417379446695296,2.0417379446695296,0.04330198028408992,0.09320722568979606,123.0,40.666666666666664,0.9978012400172315,0.023697383498544645,11580.0,22.0,0.06111111111111111,S3,0,B9
287585.0,0.02006781090018189,2.0417379446695296,2.468880104906209,0.03703426812942261,0.10550793678390737,131.0,41.0,0.9956015395660495,0.03059258192589355,12100.0,30.0,0.04722222222222222,S3,0,B10
287585.0,0.02006781090018189,2.0417379446695296,2.0417379446695296,0.038993688822435105,0.09743901802945217,123.0,41.0,0.9976420190256051,0.025774137011023348,12190.0,28.0,0.0,S3,0,B11
287634.0,0.02006781090018189,0.02006781090018189,0.02006781090018189,0.0,0.0,0.0,0.0,0.998649265934353,0.032004138973546696,18000.0,0.0,0.0,S3,1,A1
287634.0,0.02006781090018189,2.0417379446695296,3.726061338637685,0.15726496172218862,0.25329150934868616,399.0,112.33333333333333,0.9934250965589886,0.039102971316237044,14295.0,23.0,0.0,S3,1,A2
287634.0,0.02006781090018189,2.0417379446695296,3.9696297343000686,0.15381352691267375,0.2685252786527323,365.0,112.33333333333333,0.9954067082096233,0.033699899757902496,14775.0,23.0,0.0,S3,1,A3
287634.0,0.02006781090018189,2.0417379446695296,3.9696297343000686,0.16272241807296772,0.26990724323271936,375.0,116.0,0.9960923836650846,0.023653030404415902,10035.0,30.0,0.0,S3,1,A4
287634.0,0.02006781090018189,2.0417379446695296,3.1805336883295205,0.06563288762802728,0.1898410827649026,223.0,72.66666666666667,0.9892055164445234,0.06137630059034794,26460.0,31.0,0.0,S3,1,A5
287634.0,0.02006781090018189,2.0417379446695296,3.081413635333949,0.03864025115250631,0.16147864995097938,174.0,55.0,0.993341022666585,0.040649948822492975,18765.0,39.0,0.0,S3,1,A6
287634.0,0.02006781090018189,2.0417379446695296,2.0417379446695296,0.041043478865502685,0.09912771091039307,130.0,42.0,0.9982452064724487,0.023829045149716017,12400.0,21.0,0.0,S3,1,B1
287634.0,0.02006781090018189,2.0417379446695296,2.0417379446695296,0.04068538489886453,0.09526168672688208,130.0,42.333333333333336,0.9977397886805434,0.024514268822745034,11775.0,23.0,0.04722222222222222,S3,1,B2
287634.0,0.02006781090018189,2.0417379446695296,2.0417379446695296,0.04678862721375081,0.08939485596278604,129.0,42.0,0.9979051747722566,0.024847643494967993,12700.0,18.0,0.07777777777777778,S3,1,B3
287634.0,0.02006781090018189,2.0417379446695296,2.3919384495683134,0.039224326748576316,0.10816784524778017,142.0,42.0,0.9976434544422819,0.02474487881496843,12400.0,21.0,0.0,S3,1,B4
287634.0,0.02006781090018189,2.0417379446695296,2.0417379446695296,0.041043478865502685,0.09912771091039307,130.0,42.0,0.9982452064724487,0.023829045149716017,12400.0,21.0,0.0,S3,1,B5
287634.0,0.02006781090018189,2.0417379446695296,2.0417379446695296,0.053232580293011256,0.10743688159257946,145.0,47.666666666666664,0.998481754990585,0.019944281523226873,10825.0,23.0,0.0,S3,1,B6
287634.0,0.02006781090018189,2.0417379446695296,2.0417379446695296,0.04781423614732611,0.09187370060563077,130.0,41.666666666666664,0.9960692466189903,0.02984019373658614,12810.0,38.0,0.075,S3,1,B7
287634.0,0.02006781090018189,2.0417379446695296,2.0417379446695296,0.03579809758234423,0.09424563855455197,122.0,39.666666666666664,0.9974460705730086,0.026343434532700976,12130.0,27.0,0.058333333333333334,S3,1,B8
287634.0,0.02006781090018189,2.0417379446695296,2.0417379446695296,0.04352058518812101,0.08629369267889053,122.0,40.0,0.9989331727401562,0.01976660261444989,11895.0,23.0,0.0,S3,1,B9
287634.0,0.02006781090018189,2.0417379446695296,2.1074146752966985,0.03497674127537078,0.09829679384217443,132.0,39.666666666666664,0.9961706521867661,0.029326856556324297,12130.0,27.0,0.058333333333333334,S3,1,B10
287634.0,0.02006781090018189,2.0417379446695296,2.0417379446695296,0.03579809758234423,0.09424563855455197,122.0,39.666666666666664,0.9978321790249288,0.02514230596709253,12230.0,25.0,0.0,S3,1,B11
285310.0,0.02006781090018189,0.02006781090018189,0.02006781090018189,0.0,0.0,0.0,0.0,0.9986352310283124,0.03236630687765767,18000.0,0.0,0.0,S3,2,A1
285310.0,0.02006781090018189,2.0417379446695296,3.726061338637685,0.13962181486803826,0.2606796116504854,394.0,107.33333333333333,0.9933449710291904,0.038990915774911546,14295.0,22.0,0.0,S3,2,A2
285310.0,0.02006781090018189,2.0417379446695296,3.8459178204535354,0.13671970838736813,0.26325926185552556,348.0,107.33333333333333,0.9953257015125268,0.03353137769307392,14790.0,23.0,0.0,S3,2,A3
285310.0,0.02006781090018189,2.0417379446695296,3.9696297343000686,0.15783358452209878,0.2688601871648382,371.0,116.0,0.9960170101127354,0.023363329733164788,9980.0,30.0,0.0,S3,2,A4
285310.0,0.02006781090018189,2.0417379446695296,3.388441561392024,0.06641197294171253,0.19499842276821702,234.0,73.0,0.9889376890567895,0.06205555544368694,25935.0,32.0,0.0,S3,2,A5
285310.0,0.02006781090018189,2.0417379446695296,2.892344370499147,0.035440398163401214,0.14954786022221445,169.0,50.666666666666664,0.9928140516645401,0.04254905306777804,18665.0,47.0,0.0,S3,2,A6
285310.0,0.02006781090018189,2.0417379446695296,2.0417379446695296,0.04682625915670674,0.09502295748484105,131.0,42.666666666666664,0.9988358694954964,0.020038814374673773,12090.0,20.0,0.0,S3,2,B1
285310.0,0.02006781090018189,2.0417379446695296,2.0417379446695296,0.0465598822333602,0.0957484841050086,131.0,43.0,0.9979444312654004,0.023687383302908496,11980.0,28.0,0.0,S3,2,B2
285310.0,0.02006781090018189,2.0417379446695296,2.0417379446695296,0.046819249237671307,0.09334758683537205,129.0,41.666666666666664,0.9979698496810915,0.02329042620416762,12100.0,17.0,0.11944444444444445,S3,2,B3
285310.0,0.02006781090018189,2.0417379446695296,2.6302679918953813,0.04443237180610564,0.10673653219305317,139.0,42.666666666666664,0.9983442003076943,0.02109098389318524,12090.0,20.0,0.0,S3,2,B4
285310.0,0.02006781090018189,2.0417379446695296,2.0417379446695296,0.04682625915670674,0.09502295748484105,131.0,42.666666666666664,0.9988358694954964,0.020038814374673773,12090.0,20.0,0.0,S3,2,B5
285310.0,0.02006781090018189,2.0417379446695296,2.0417379446695296,0.06291752830254811,0.09107286810837335,144.0,46.333333333333336,0.9986677825277022,0.017659880671735746,10360.0,21.0,0.03611111111111111,S3,2,B6
285310.0,0.02006781090018189,2.0417379446695296,2.0417379446695296,0.04807051978549648,0.10974378745925485,180.0,43.0,0.9961729324896148,0.02841479778996399,12680.0,41.0,0.11666666666666667,S3,2,B7
285310.0,0.02006781090018189,2.0417379446695296,2.0417379446695296,0.033205986470856264,0.09786197469419228,121.0,38.666666666666664,0.9975835655578834,0.02541053072182724,11985.0,27.0,0.0,S3,2,B8
285310.0,0.02006781090018189,2.0417379446695296,2.0417379446695296,0.03901282815183485,0.11203690722372156,176.0,40.333333333333336,0.997305347042954,0.02561527210960033,11835.0,29.0,0.041666666666666664,S3,2,B9
285310.0,0.02006781090018189,2.0417379446695296,2.1752040340195222,0.03174529459184747,0.10649030878693351,132.0,38.666666666666664,0.9959124973171066,0.02890803791887483,11985.0,27.0,0.0,S3,2,B10
285310.0,0.02006781090018189,2.0417379446695296,2.0417379446695296,0.033205986470856264,0.09786197469419228,121.0,38.666666666666664,0.9975835655578834,0.02541053072182724,11985.0,27.0,0.0,S3,2,B11
292546.0,0.02006781090018189,0.02006781090018189,0.02006781090018189,0.0,0.0,0.0,0.0,0.9987331352123318,0.03095174784036497,18000.0,0.0,0.0,S3,3,A1
292546.0,0.02006781090018189,2.0417379446695296,3.726061338637685,0.13990620278520302,0.26854238307821676,397.0,110.0,0.9934732901997753,0.039658337047377264,14970.0,21.0,0.0,S3,3,A2
292546.0,0.02006781090018189,2.0417379446695296,3.726061338637685,0.13746128813930117,0.26735709939633423,352.0,110.0,0.9954621907179756,0.033621588526958915,15270.0,21.0,0.0,S3,3,A3
292546.0,0.02006781090018189,2.0417379446695296,3.9696297343000686,0.16547995870734858,0.28079857526679564,385.0,119.66666666666667,0.996255433020794,0.022586313068037923,10160.0,31.0,0.0,S3,3,A4
292546.0,0.02006781090018189,2.0417379446695296,3.1805336883295205,0.06926944822352724,0.1969758602066,238.0,75.0,0.9893921780036915,0.06064722169877669,27345.0,27.0,0.0,S3,3,A5
292546.0,0.02006781090018189,2.0417379446695296,2.5482967479793466,0.032384650619047946,0.14748449816439124,161.0,49.666666666666664,0.9927449100675921,0.042612524034443766,18990.0,37.0,0.0,S3,3,A6
292546.0,0.02006781090018189,2.0417379446695296,2.0417379446695296,0.04786939489858005,0.09343487861737983,133.0,43.333333333333336,0.9980829676685896,0.023166766779602964,12210.0,24.0,0.041666666666666664,S3,3,B1
292546.0,0.02006781090018189,2.0417379446695296,2.0417379446695296,0.04759935189679572,0.0941424596473717,133.0,43.0,0.997566960172258,0.025475400392345766,12355.0,27.0,0.025,S3,3,B2
292546.0,0.02006781090018189,2.0417379446695296,2.0417379446695296,0.04727119837564007,0.08860145071202477,128.0,41.666666666666664,0.9984366061096187,0.02251212056876778,12905.0,15.0,0.21944444444444444,S3,3,B3
292546.0,0.02006781090018189,2.0417379446695296,2.6302679918953813,0.045615048573557665,0.106825935066622,144.0,43.333333333333336,0.997079927530778,0.02542509709492236,12210.0,24.0,0.041666666666666664,S3,3,B4
292546.0,0.02006781090018189,2.0417379446695296,2.0417379446695296,0.04786939489858005,0.09343487861737983,133.0,43.333333333333336,0.9981563855411221,0.023329185587138618,12440.0,25.0,0.0,S3,3,B5
292546.0,0.02006781090018189,2.0417379446695296,2.0417379446695296,0.05623389142220369,0.10029875643488545,144.0,46.666666666666664,0.9990129988217151,0.01775011790784785,11210.0,17.0,0.005555555555555556,S3,3,B6
292546.0,0.02006781090018189,2.0417379446695296,2.0417379446695296,0.04955118169450275,0.1061815919547695,175.0,43.0,0.9969632380000183,0.02604350741053535,13340.0,38.0,0.03888888888888889,S3,3,B7
292546.0,0.02006781090018189,2.0417379446695296,2.0417379446695296,0.03364599071598996,0.09796408086249683,125.0,41.333333333333336,0.997822465191355,0.02519756443152822,12350.0,26.0,0.0,S3,3,B8
292546.0,0.02006781090018189,2.0417379446695296,2.0417379446695296,0.039781777908431494,0.092819590765213,126.0,42.0,0.9975215671447047,0.025647954117724327,12115.0,27.0,0.022222222222222223,S3,3,B9
292546.0,0.02006781090018189,2.0417379446695296,2.0417379446695296,0.03235730449228497,0.10778475863624866,132.0,41.333333333333336,0.9964015278873573,0.028403754092760122,12350.0,26.0,0.0,S3,3,B10
292546.0,0.02006781090018189,2.0417379446695296,2.0417379446695296,0.03364599071598996,0.09796408086249683,125.0,41.333333333333336,0.997822465191355,0.02519756443152822,12350.0,26.0,0.0,S3,3,B11
289208.0,0.02006781090018189,0.02006781090018189,0.02006781090018189,0.0,0.0,0.0,0.0,0.9986883202088868,0.031529374854046714,18000.0,0.0,0.0,S3,4,A1
289208.0,0.02006781090018189,2.0417379446695296,3.726061338637685,0.14794801665237475,0.2723999681889851,407.0,112.66666666666667,0.9929458004105127,0.03952972091148791,14220.0,21.0,0.0,S3,4,A2
289208.0,0.02006781090018189,2.0417379446695296,3.726061338637685,0.14558725899698488,0.2716798982047523,367.0,112.66666666666667,0.9953908591030346,0.032595601309446186,14670.0,22.0,0.0,S3,4,A3
289208.0,0.02006781090018189,2.0417379446695296,3.9696297343000686,0.16354492268540288,0.26836567453182486,380.0,116.33333333333333,0.9962736778562916,0.022355154626724758,9930.0,31.0,0.0,S3,4,A4
289208.0,0.02006781090018189,2.0417379446695296,3.1805336883295205,0.044368585931232885,0.19503350529722552,216.0,66.33333333333333,0.9879189870375833,0.06532797297365707,26265.0,32.0,0.0,S3,4,A5
289208.0,0.02006781090018189,2.0417379446695296,2.0417379446695296,0.0330903709440956,0.13596788470581728,155.0,47.666666666666664,0.9927063429466284,0.043175425975715734,18955.0,36.0,0.0,S3,4,A6
289208.0,0.02006781090018189,2.0417379446695296,2.0417379446695296,0.04818331443113607,0.09096221404663771,130.0,42.666666666666664,0.9984408258062898,0.021634279159302803,12255.0,21.0,0.008333333333333333,S3,4,B1
289208.0,0.02006781090018189,2.0417379446695296,2.0417379446695296,0.04824901109236259,0.09017731183093138,130.0,42.0,0.9982352644195581,0.021950781799976712,11885.0,23.0,0.05277777777777778,S3,4,B2
289208.0,0.02006781090018189,2.0417379446695296,2.0417379446695296,0.04782716937290808,0.0968576249619651,159.0,40.666666666666664,0.997728051903362,0.024211597117469938,12370.0,22.0,0.14444444444444443,S3,4,B3
289208.0,0.02006781090018189,2.0417379446695296,2.1074146752966985,0.04665154490885453,0.09918466985698875,139.0,42.666666666666664,0.9982774422670708,0.02197748193999306,12255.0,21.0,0.008333333333333333,S3,4,B4
289208.0,0.02006781090018189,2.0417379446695296,2.0417379446695296,0.04818331443113607,0.09096221404663771,130.0,42.666666666666664,0.9988298665332082,0.020244004534402803,12290.0,21.0,0.0,S3,4,B5
289208.0,0.02006781090018189,2.0417379446695296,2.0417379446695296,0.0637845426129291,0.09245594865978811,142.0,46.0,0.99899940978089,0.01838820857435165,11210.0,18.0,0.0,S3,4,B6
289208.0,0.02006781090018189,2.0417379446695296,2.0417379446695296,0.05352721916406185,0.08524833337943626,130.0,43.0,0.9970633444950878,0.0256758042713986,13060.0,30.0,0.08888888888888889,S3,4,B7
289208.0,0.02006781090018189,2.0417379446695296,2.0417379446695296,0.034643751210201655,0.09438449143868773,120.0,40.333333333333336,0.9983854839873402,0.02202652767952348,12030.0,20.0,0.0,S3,4,B8
289208.0,0.02006781090018189,2.0417379446695296,2.0417379446695296,0.04106732870460015,0.09158806118779564,125.0,40.333333333333336,0.9982646551061727,0.02181838057435519,11885.0,24.0,0.013888888888888888,S3,4,B9
289208.0,0.02006781090018189,2.0417379446695296,2.0417379446695296,0.03320966225000692,0.10214620619070013,128.0,40.333333333333336,0.9973982358103257,0.024121662545665334,12030.0,20.0,0.0,S3,4,B10
289208.0,0.02006781090018189,2.0417379446695296,2.0417379446695296,0.034643751210201655,0.09438449143868773,120.0,40.333333333333336,0.9983854839873402,0.02202652767952348,12030.0,20.0,0.0,S3,4,B11
291159.0,0.02006781090018189,0.02006781090018189,0.02006781090018189,0.0,0.0,0.0,0.0,0.998680957598698,0.03172571314547892,18000.0,0.0,0.0,S3,5,A1
291159.0,0.02006781090018189,2.0417379446695296,3.726061338637685,0.13720424235555143,0.24013940836450187,375.0,100.33333333333333,0.9936367597360287,0.03890871592294287,14625.0,20.0,0.0,S3,5,A2
291159.0,0.02006781090018189,2.0417379446695296,3.726061338637685,0.13424022613073955,0.2436357797629474,326.0,100.33333333333333,0.9952514292331754,0.03435600945125988,15315.0,21.0,0.0,S3,5,A3
291159.0,0.02006781090018189,2.0417379446695296,3.9696297343000686,0.16553326532925308,0.2633595389460741,370.0,114.0,0.9961007717222355,0.023563014034411987,10020.0,31.0,0.0,S3,5,A4
291159.0,0.02006781090018189,2.0417379446695296,3.1805336883295205,0.06242980639444427,0.20158401423277317,222.0,72.66666666666667,0.991159036109838,0.055590201717600596,27150.0,24.0,0.0,S3,5,A5
291159.0,0.02006781090018189,2.0417379446695296,2.7148760106825023,0.03524362976930131,0.15191527653275358,165.0,51.0,0.992377529938853,0.04416945967598398,19200.0,41.0,0.0,S3,5,A6
291159.0,0.02006781090018189,2.0417379446695296,2.0417379446695296,0.05046040136145542,0.0965280139030564,132.0,43.0,0.9981412886282017,0.02205269817949821,11890.0,22.0,0.06388888888888888,S3,5,B1
291159.0,0.02006781090018189,2.0417379446695296,2.0417379446695296,0.050134119158260604,0.09857500540941548,133.0,43.666666666666664,0.9981855675122521,0.022174573041369657,11945.0,27.0,0.05277777777777778,S3,5,B2
291159.0,0.02006781090018189,2.0417379446695296,2.0417379446695296,0.05046040136145542,0.09442950415408763,131.0,42.333333333333336,0.9983197070922195,0.022546915430466746,12455.0,18.0,0.20555555555555555,S3,5,B3
291159.0,0.02006781090018189,2.0417379446695296,2.6302679918953813,0.048197033236135584,0.10852146078259645,143.0,43.0,0.9972365395838142,0.02432635084996035,11890.0,22.0,0.06388888888888888,S3,5,B4
291159.0,0.02006781090018189,2.0417379446695296,2.0417379446695296,0.05046040136145542,0.0965280139030564,132.0,43.0,0.9984742370558034,0.021731224857719774,12385.0,23.0,0.0,S3,5,B5
291159.0,0.02006781090018189,2.0417379446695296,2.0417379446695296,0.05938336098145687,0.10213663324849996,144.0,47.666666666666664,0.9978527694297067,0.022011260891100816,10925.0,22.0,0.058333333333333334,S3,5,B6
291159.0,0.02006781090018189,2.0417379446695296,2.0417379446695296,0.05641075838287671,0.08916949158363643,132.0,42.666666666666664,0.9971679841544527,0.024961040723947933,13045.0,36.0,0.05277777777777778,S3,5,B7
291159.0,0.02006781090018189,2.0417379446695296,2.0417379446695296,0.03890228363196741,0.10302704020827108,128.0,41.666666666666664,0.9976723519262135,0.024049020777738794,12145.0,25.0,0.058333333333333334,S3,5,B8
291159.0,0.02006781090018189,2.0417379446695296,2.0417379446695296,0.04498057762253614,0.09351076216088117,129.0,42.0,0.9983844277116996,0.020786322686427647,11630.0,21.0,0.06388888888888888,S3,5,B9
291159.0,0.02006781090018189,2.0417379446695296,2.6302679918953813,0.03723910303305067,0.11347579844689672,137.0,41.666666666666664,0.9967153148233779,0.026236679086311967,12145.0,25.0,0.058333333333333334,S3,5,B10
291159.0,0.02006781090018189,2.0417379446695296,2.0417379446695296,0.03890228363196741,0.10302704020827108,128.0,41.666666666666664,0.9976932172163065,0.025180860262195542,12400.0,27.0,0.0,S3,5,B11
291790.0,0.02006781090018189,0.02006781090018189,0.02006781090018189,0.0,0.0,0.0,0.0,0.9986861799698115,0.0316993981845045,18000.0,0.0,0.0,S3,6,A1
291790.0,0.02006781090018189,2.1074146752966985,3.726061338637685,0.1479094554302752,0.24173720826621886,386.0,110.33333333333333,0.9939638989428995,0.038237750737390816,14730.0,20.0,0.0,S3,6,A2
291790.0,0.02006781090018189,2.0417379446695296,3.9696297343000686,0.14471452071695398,0.2554945337400185,346.0,110.33333333333333,0.9957439296915223,0.032431250798579364,14910.0,20.0,0.0,S3,6,A3
291790.0,0.02006781090018189,2.0417379446695296,3.9696297343000686,0.16361595668117482,0.27864731484972066,381.0,118.33333333333333,0.9962042998439534,0.022599824903046014,10185.0,30.0,0.0,S3,6,A4
291790.0,0.02006781090018189,2.0417379446695296,2.468880104906209,0.046761369478049285,0.1752476095822338,202.0,63.666666666666664,0.989035761020061,0.06224118180941103,27750.0,29.0,0.0,S3,6,A5
291790.0,0.02006781090018189,2.0417379446695296,2.468880104906209,0.03405531375304157,0.14461770451352,165.0,49.666666666666664,0.9941750185666464,0.0389793253362987,19095.0,36.0,0.0,S3,6,A6
291790.0,0.02006781090018189,2.0417379446695296,2.0417379446695296,0.0491380787552692,0.09280989752904487,132.0,42.666666666666664,0.9981380619089797,0.022756924396058795,12245.0,22.0,0.044444444444444446,S3,6,B1
291790.0,0.02006781090018189,2.0417379446695296,2.0417379446695296,0.04871654271907879,0.0916652386990644,129.0,41.666666666666664,0.9975710467777323,0.024827334276032707,12165.0,28.0,0.05277777777777778,S3,6,B2
291790.0,0.02006781090018189,2.0417379446695296,2.0417379446695296,0.04862401041845162,0.08865279824531341,127.0,40.333333333333336,0.9982897677350303,0.02281013436199626,12825.0,18.0,0.08888888888888889,S3,6,B3
291790.0,0.02006781090018189,2.0417379446695296,2.2451739778971898,0.04746392953836663,0.10273655711299222,141.0,42.666666666666664,0.9972897714600121,0.024967831436363403,12245.0,22.0,0.044444444444444446,S3,6,B4
291790.0,0.02006781090018189,2.0417379446695296,2.0417379446695296,0.0491380787552692,0.09280989752904487,132.0,42.666666666666664,0.9984923748091276,0.021862785860357847,12440.0,24.0,0.0,S3,6,B5
291790.0,0.02006781090018189,2.0417379446695296,2.0417379446695296,0.06556084855546797,0.09395455635902533,145.0,47.0,0.9982456669350276,0.020102942606473394,10930.0,22.0,0.0,S3,6,B6
291790.0,0.02006781090018189,2.0417379446695296,2.0417379446695296,0.058425580040440045,0.082381164536139,132.0,43.333333333333336,0.9972923449196233,0.025055411580434277,13205.0,37.0,0.05,S3,6,B7
291790.0,0.02006781090018189,2.0417379446695296,2.0417379446695296,0.03806333321909593,0.09837040337228829,125.0,40.666666666666664,0.9982860012035659,0.022050914707922597,12020.0,25.0,0.0,S3,6,B8
291790.0,0.02006781090018189,2.0417379446695296,2.0417379446695296,0.047400527776825796,0.09314918263134446,129.0,41.666666666666664,0.9983376961340615,0.021469806491016673,11870.0,25.0,0.022222222222222223,S3,6,B9
291790.0,0.02006781090018189,2.0417379446695296,2.6302679918953813,0.03642773912745468,0.108697179478392,137.0,40.666666666666664,0.9975566620246156,0.02371973064654284,12020.0,25.0,0.0,S3,6,B10
291790.0,0.02006781090018189,2.0417379446695296,2.0417379446695296,0.03806333321909593,0.09837040337228829,125.0,40.666666666666664,0.9982860012035659,0.022050914707922597,12020.0,25.0,0.0,S3,6,B11
285806.0,0.02006781090018189,0.02006781090018189,0.02006781090018189,0.0,0.0,0.0,0.0,0.9986371143382399,0.03240912117082878,18000.0,0.0,0.0,S3,7,A1
285806.0,0.02006781090018189,2.0417379446695296,3.726061338637685,0.1448508778682043,0.24956351511164915,384.0,107.33333333333333,0.9937584501796382,0.038111794283858115,14505.0,21.0,0.0,S3,7,A2
285806.0,0.02006781090018189,2.0417379446695296,3.9696297343000686,0.14175437184663722,0.25629185531444404,343.0,107.33333333333333,0.9955396208058144,0.03305690968352934,14850.0,21.0,0.0,S3,7,A3
285806.0,0.02006781090018189,2.0417379446695296,3.9696297343000686,0.16052847036101411,0.2702497498303045,373.0,114.66666666666667,0.9960824907167215,0.023337639200693643,9955.0,29.0,0.0,S3,7,A4
285806.0,0.02006781090018189,2.0417379446695296,2.9853826189179604,0.04572682169023743,0.18726688732916733,200.0,64.66666666666667,0.9895387361822455,0.06001638560214192,26535.0,28.0,0.0,S3,7,A5
285806.0,0.02006781090018189,2.0417379446695296,3.081413635333949,0.038734316284472686,0.15813348914998285,179.0,53.333333333333336,0.9937312805232212,0.03933635915022909,18615.0,40.0,0.0,S3,7,A6
285806.0,0.02006781090018189,2.0417379446695296,2.0417379446695296,0.04667501731944046,0.09454665052518142,130.0,41.666666666666664,0.9983148348186496,0.02233483025071796,12295.0,24.0,0.008333333333333333,S3,7,B1
285806.0,0.02006781090018189,2.0417379446695296,2.0417379446695296,0.046905943192235296,0.09189450186490136,127.0,41.333333333333336,0.9977745114309554,0.02411862783185637,12150.0,30.0,0.058333333333333334,S3,7,B2
285806.0,0.02006781090018189,2.0417379446695296,2.0417379446695296,0.04737829156840654,0.08990014205440054,126.0,40.666666666666664,0.998008614787475,0.024418728461450757,12925.0,16.0,0.10277777777777777,S3,7,B3
285806.0,0.02006781090018189,2.0417379446695296,2.6302679918953813,0.044301029369572364,0.10843544222304641,141.0,41.666666666666664,0.9973795130898603,0.024658938289624635,12295.0,24.0,0.008333333333333333,S3,7,B4
285806.0,0.02006781090018189,2.0417379446695296,2.0417379446695296,0.04667501731944046,0.09454665052518142,130.0,41.666666666666664,0.9986925769386211,0.02103542985721771,12350.0,23.0,0.0,S3,7,B5
285806.0,0.02006781090018189,2.0417379446695296,2.0417379446695296,0.05651385905124455,0.10331133706080348,144.0,47.333333333333336,0.9979364198841996,0.0207483135401349,10565.0,22.0,0.0,S3,7,B6
285806.0,0.02006781090018189,2.0417379446695296,2.0417379446695296,0.05279980126379432,0.08669342141172684,131.0,43.0,0.9965536520072983,0.027969939737561473,12855.0,35.0,0.04722222222222222,S3,7,B7
285806.0,0.02006781090018189,2.0417379446695296,2.0417379446695296,0.03325332568245593,0.09963051860352827,120.0,39.333333333333336,0.9976417848541506,0.02481823149888104,12010.0,26.0,0.0,S3,7,B8
285806.0,0.02006781090018189,2.0417379446695296,2.0417379446695296,0.038855027536160894,0.09846889148583304,125.0,40.666666666666664,0.9973127384967012,0.02543225199224872,11710.0,24.0,0.09166666666666666,S3,7,B9
285806.0,0.02006781090018189,2.0417379446695296,2.468880104906209,0.03122572654178009,0.11166490556531354,129.0,39.333333333333336,0.9957471141568602,0.02907772020450223,12010.0,26.0,0.0,S3,7,B10
285806.0,0.02006781090018189,2.0417379446695296,2.0417379446695296,0.03325332568245593,0.09963051860352827,120.0,39.333333333333336,0.9976417848541506,0.02481823149888104,12010.0,26.0,0.0,S3,7,B11
286445.0,0.02006781090018189,0.02006781090018189,0.02006781090018189,0.0,0.0,0.0,0.0,0.9986376315405032,0.032079939660253715,18000.0,0.0,0.0,S3,8,A1
286445.0,0.02006781090018189,2.0417379446695296,3.726061338637685,0.15527500916406292,0.24363926757318158,390.0,106.0,0.9931531955997212,0.03999519171789996,14235.0,22.0,0.0,S3,8,A2
286445.0,0.02006781090018189,2.0417379446695296,3.9696297343000686,0.1519410358009391,0.2507750178917419,348.0,106.0,0.9953196875582024,0.03319638138494573,14865.0,23.0,0.0,S3,8,A3
286445.0,0.02006781090018189,2.0417379446695296,3.726061338637685,0.15710345790640437,0.2680078200003491,374.0,115.66666666666667,0.996345829913198,0.022797984918389556,10035.0,30.0,0.0,S3,8,A4
286445.0,0.02006781090018189,2.0417379446695296,3.388441561392024,0.07009635357573007,0.1949248546841453,223.0,72.33333333333333,0.9909643963947231,0.05543179126555431,25830.0,26.0,0.0,S3,8,A5
286445.0,0.02006781090018189,2.0417379446695296,2.9853826189179604,0.041013108973799506,0.1585016320759657,168.0,53.333333333333336,0.9939035828359812,0.03891862718866307,19175.0,38.0,0.0,S3,8,A6
286445.0,0.02006781090018189,2.0417379446695296,2.0417379446695296,0.04893435039885493,0.09315924523032344,131.0,43.0,0.9974186968809959,0.025593796030504698,12065.0,24.0,0.08333333333333333,S3,8,B1
286445.0,0.02006781090018189,2.0417379446695296,2.0417379446695296,0.04823613608197036,0.09236677198065946,131.0,43.333333333333336,0.9979308570261197,0.022621511923139898,11525.0,19.0,0.125,S3,8,B2
286445.0,0.02006781090018189,2.0417379446695296,2.0417379446695296,0.04823613608197036,0.08823334322470282,128.0,42.333333333333336,0.998221893514162,0.024218609479819825,12770.0,20.0,0.0,S3,8,B3
286445.0,0.02006781090018189,2.0417379446695296,2.3173946499684797,0.0469584038820716,0.10605875473476584,143.0,43.0,0.9958458664061483,0.028711626142787095,12065.0,24.0,0.08333333333333333,S3,8,B4
286445.0,0.02006781090018189,2.0417379446695296,2.0417379446695296,0.04893435039885493,0.09315924523032344,131.0,43.0,0.997966479140161,0.024226528256522488,12525.0,26.0,0.0,S3,8,B5
286445.0,0.02006781090018189,2.0417379446695296,2.0417379446695296,0.06902023075983173,0.09757021417724171,149.0,48.333333333333336,0.9978868573545314,0.021494455754366308,10765.0,24.0,0.016666666666666666,S3,8,B6
286445.0,0.02006781090018189,2.0417379446695296,2.0417379446695296,0.05648902930754595,0.0848819145036569,133.0,42.0,0.995828969875427,0.03071208761405393,12905.0,39.0,0.08888888888888889,S3,8,B7
286445.0,0.02006781090018189,2.0417379446695296,2.0417379446695296,0.03873605753285971,0.09646616278866799,125.0,41.333333333333336,0.9971864759725804,0.02687068538696501,12180.0,28.0,0.06944444444444445,S3,8,B8
286445.0,0.02006781090018189,2.0417379446695296,2.0417379446695296,0.04418562027614376,0.09135872506065737,126.0,42.333333333333336,0.9977843429077815,0.02349923305305113,11630.0,20.0,0.05555555555555555,S3,8,B9
286445.0,0.02006781090018189,2.0417379446695296,2.1074146752966985,0.038145193667196146,0.09911675888914102,134.0,41.333333333333336,0.9953143918404365,0.031210036776059557,12180.0,28.0,0.06944444444444445,S3,8,B10
286445.0,0.02006781090018189,2.0417379446695296,2.0417379446695296,0.03873605753285971,0.09646616278866799,125.0,41.333333333333336,0.9975604949363154,0.025922068342392635,12380.0,27.0,0.0,S3,8,B11
289277.0,0.02006781090018189,0.02006781090018189,0.02006781090018189,0.0,0.0,0.0,0.0,0.9987265620842312,0.030976190970070705,18000.0,0.0,0.0,S3,9,A1
289277.0,0.02006781090018189,2.0417379446695296,3.609940135864167,0.12699333165097812,0.24436699080811816,376.0,98.66666666666667,0.9936928675039903,0.039578693740498876,14655.0,19.0,0.0,S3,9,A2
289277.0,0.02006781090018189,2.0417379446695296,3.726061338637685,0.12458474057737048,0.2416490076985035,323.0,98.66666666666667,0.9954579610389841,0.03393657627951459,14985.0,20.0,0.0,S3,9,A3
289277.0,0.02006781090018189,2.0417379446695296,3.8459178204535354,0.15365030749074415,0.26136367564652563,367.0,113.66666666666667,0.9962174269988963,0.02311647369087135,10095.0,30.0,0.0,S3,9,A4
289277.0,0.02006781090018189,2.0417379446695296,2.3173946499684797,0.04557569388509975,0.180843966163919,197.0,65.66666666666667,0.9904317197279581,0.05845425246420514,27915.0,25.0,0.0,S3,9,A5
289277.0,0.02006781090018189,2.0417379446695296,2.0417379446695296,0.03347310709112719,0.13618780615119763,151.0,49.0,0.993566898513877,0.0401560676973631,19155.0,34.0,0.0,S3,9,A6
289277.0,0.02006781090018189,2.0417379446695296,2.0417379446695296,0.04882517448673763,0.08981702658697373,129.0,42.333333333333336,0.9980529288352243,0.022591814154689648,11970.0,20.0,0.10277777777777777,S3,9,B1
289277.0,0.02006781090018189,2.0417379446695296,2.0417379446695296,0.04776045105556266,0.08952319057512349,127.0,41.666666666666664,0.9975153976164893,0.024934932989695575,11935.0,24.0,0.1,S3,9,B2
289277.0,0.02006781090018189,2.0417379446695296,2.0417379446695296,0.04804737327889877,0.08772906245570854,125.0,41.333333333333336,0.9981665312479158,0.024271134695278147,13460.0,19.0,0.1,S3,9,B3
289277.0,0.02006781090018189,2.0417379446695296,2.0417379446695296,0.04756340808291015,0.09627104816490768,144.0,42.333333333333336,0.997487203829437,0.024011484570826712,11970.0,20.0,0.10277777777777777,S3,9,B4
289277.0,0.02006781090018189,2.0417379446695296,2.0417379446695296,0.04882517448673763,0.08981702658697373,129.0,42.333333333333336,0.9984846281920795,0.02199190514344243,12390.0,23.0,0.0,S3,9,B5
289277.0,0.02006781090018189,2.0417379446695296,2.0417379446695296,0.057294565416538476,0.09567991924695016,140.0,46.0,0.9986265068259697,0.019223852983964413,10935.0,14.0,0.07222222222222222,S3,9,B6
289277.0,0.02006781090018189,2.0417379446695296,2.0417379446695296,0.049616803271604726,0.0884342688841491,128.0,42.666666666666664,0.9966216726756082,0.027101509934945884,12870.0,34.0,0.09166666666666666,S3,9,B7
289277.0,0.02006781090018189,2.0417379446695296,2.0417379446695296,0.03710284606104184,0.09604635003819868,122.0,40.0,0.9978636881055195,0.02377757277968734,11950.0,25.0,0.044444444444444446,S3,9,B8
289277.0,0.02006781090018189,2.0417379446695296,2.0417379446695296,0.04587298679120704,0.08902194090784957,125.0,41.333333333333336,0.9985979942437829,0.020236201729555255,11615.0,25.0,0.03333333333333333,S3,9,B9
289277.0,0.02006781090018189,2.0417379446695296,2.468880104906209,0.035385633838846506,0.10423486830961327,134.0,40.0,0.9968856529177009,0.02603984078140553,11950.0,25.0,0.044444444444444446,S3,9,B10
289277.0,0.02006781090018189,2.0417379446695296,2.0417379446695296,0.03710284606104184,0.09604635003819868,122.0,40.0,0.9982625576272446,0.02242306773065822,12020.0,24.0,0.0,S3,9,B11
447333.0,0.02006781090018189,0.02006781090018189,0.02006781090018189,0.0,0.0,0.0,,0.9993705556181586,0.021022410249950222,19800.0,0.0,0.0,S4,0,A1
447333.0,0.02006781090018189,1.8567353246307055,2.7148760106825023,0.00548025743685353,0.10787154088788442,279.0,,0.9945424796435169,0.03448739713682522,18795.0,36.0,0.0,S4,0,A2
447333.0,0.02006781090018189,1.742809826672464,2.0417379446695296,0.004232864555040652,0.09569716519907988,195.0,,0.9963147725469391,0.02815489788701429,19290.0,37.0,0.0,S4,0,A3
447333.0,0.02006781090018189,0.15222991328804203,1.8567353246307055,0.0004347991317430192,0.036537657628656954,151.0,,0.9966441544529908,0.027654058914266748,15475.0,43.0,0.0,S4,0,A4
447333.0,0.02006781090018189,0.02006781090018189,0.08341612282410431,0.0,0.003212371991335314,41.0,,0.9918361481381937,0.049918710917658114,26835.0,40.0,0.0,S4,0,A5
447333.0,0.02006781090018189,0.02006781090018189,0.08886893998466987,0.0,0.002640091386059155,45.0,,0.9915609761447856,0.050245365409417056,22005.0,46.0,0.0,S4,0,A6
447333.0,0.02006781090018189,0.02006781090018189,0.025852348395621914,0.0,0.0,0.0,,0.9944540613044723,0.042866163427823234,18000.0,54.0,0.0,S4,0,B1
447333.0,0.02006781090018189,0.02006781090018189,0.025852348395621914,0.0,0.0,0.0,,0.9949241903438076,0.0391360986622885,17455.0,47.0,0.0,S4,0,B2
447333.0,0.02006781090018189,0.02006781090018189,0.026683942737144424,0.0,0.0,0.0,,0.9951834950177302,0.03877645351596905,16675.0,41.0,0.0,S4,0,B3
447333.0,0.02006781090018189,0.02006781090018189,0.09467820160680859,0.0,0.003715352992066313,60.0,,0.9916392127106434,0.053645680715372096,18000.0,54.0,0.0,S4,0,B4
447333.0,0.02006781090018189,0.02006781090018189,0.025852348395621914,0.0,0.0,0.0,,0.9944540613044723,0.042866163427823234,18000.0,54.0,0.0,S4,0,B5
447333.0,0.02006781090018189,0.02006781090018189,0.050263184440820056,0.0,0.0,0.0,,0.9946205640069401,0.039471461997527005,14995.0,45.0,0.0,S4,0,B6
447333.0,0.02006781090018189,0.02006781090018189,0.028428241752041873,0.0,0.0,0.0,,0.9942531916178158,0.040957363479784716,15670.0,50.0,0.0,S4,0,B7
447333.0,0.02006781090018189,0.02006781090018189,0.024266100950824154,0.0,0.0,0.0,,0.994681338116837,0.04105046348757251,17565.0,49.0,0.0,S4,0,B8
447333.0,0.02006781090018189,0.02006781090018189,0.024266100950824154,0.0,0.0,0.0,,0.9943913057539534,0.04147285137390591,17445.0,53.0,0.0,S4,0,B9
447333.0,0.02006781090018189,0.02006781090018189,0.04428432200537847,0.0,0.0029798829954418744,40.0,,0.9906881065296302,0.05378605735399704,17565.0,49.0,0.0,S4,0,B10
447333.0,0.02006781090018189,0.02006781090018189,0.024266100950824154,0.0,0.0,0.0,,0.994681338116837,0.04105046348757251,17565.0,49.0,0.0,S4,0,B11
448342.0,0.02006781090018189,0.02006781090018189,0.02006781090018189,0.0,0.0,0.0,,0.9993572320122606,0.020932814435052335,19800.0,0.0,0.0,S4,1,A1
448342.0,0.02006781090018189,1.6358745652400533,2.892344370499147,0.005164584179041892,0.09915533231327871,290.0,,0.9950622540734417,0.03363591419543954,18645.0,36.0,0.0,S4,1,A2
448342.0,0.02006781090018189,1.4412854420872234,2.0417379446695296,0.0035731651284064397,0.09739439981085868,196.0,,0.9967925928991253,0.02702851224874164,19140.0,36.0,0.0,S4,1,A3
448342.0,0.02006781090018189,0.25263877101318966,2.0417379446695296,0.002304044680177186,0.04032635800348841,157.0,,0.997137570314448,0.025508962673025434,15340.0,41.0,0.0,S4,1,A4
448342.0,0.02006781090018189,0.02006781090018189,0.11091748152624009,0.0,0.003751600340811256,44.0,,0.9920451073788512,0.048934839426885174,27075.0,45.0,0.0,S4,1,A5
448342.0,0.02006781090018189,0.02006781090018189,0.07829787941891024,0.0,0.0023263490817277883,42.0,,0.9915419049637239,0.04890940361004303,22550.0,47.0,0.0,S4,1,A6
448342.0,0.02006781090018189,0.02006781090018189,1.6358745652400533,0.00014051772976879257,0.017968425889164967,41.0,,0.9934270010640235,0.04544046664121003,18095.0,59.0,0.0,S4,1,B1
448342.0,0.02006781090018189,0.02006781090018189,2.0417379446695296,0.004523332634462085,0.01496625344045394,46.0,,0.9943383177170383,0.041306696667449606,17815.0,52.0,0.0,S4,1,B2
448342.0,0.02006781090018189,0.021379620895022326,1.6358745652400533,0.00014051772976879257,0.017968425889164967,41.0,,0.9941945586599982,0.04221172127642453,16795.0,48.0,0.0,S4,1,B3
448342.0,0.02006781090018189,0.02350985767597148,1.6884958594867534,0.00014051772976879257,0.021394381967337433,103.0,,0.9904503140623699,0.056107795766764626,18095.0,59.0,0.0,S4,1,B4
448342.0,0.02006781090018189,0.02006781090018189,1.6358745652400533,0.00014051772976879257,0.017968425889164967,41.0,,0.9934270010640235,0.04544046664121003,18095.0,59.0,0.0,S4,1,B5
448342.0,0.02006781090018189,0.04290421892388853,2.0417379446695296,0.004523332634462085,0.02089253293244889,60.0,,0.9948157888678725,0.039204671794372876,15195.0,49.0,0.0,S4,1,B6
448342.0,0.02006781090018189,0.02006781090018189,2.0417379446695296,0.004523332634462085,0.01496625344045394,46.0,,0.9944716624495448,0.03885122800463628,15830.0,47.0,0.0,S4,1,B7
448342.0,0.02006781090018189,0.02006781090018189,1.6358745652400533,0.00014051772976879257,0.017968425889164967,41.0,,0.9939636796838331,0.04284775699697249,17580.0,54.0,0.0,S4,1,B8
448342.0,0.02006781090018189,0.02006781090018189,1.6358745652400533,0.00014051772976879257,0.017968425889164967,41.0,,0.9939092332358039,0.04269550530419627,17515.0,56.0,0.0,S4,1,B9
448342.0,0.02006781090018189,0.021379620895022326,1.6884958594867534,0.00014051772976879257,0.019935674105928065,71.0,,0.9901422684178816,0.05530019986837123,17580.0,54.0,0.0,S4,1,B10
448342.0,0.02006781090018189,0.02006781090018189,1.6358745652400533,0.00014051772976879257,0.017968425889164967,41.0,,0.9939636796838331,0.04284775699697249,17580.0,54.0,0.0,S4,1,B11
443655.0,0.02006781090018189,0.02006781090018189,0.02006781090018189,0.0,0.0,0.0,,0.9993458210141968,0.021323060345495873,19800.0,0.0,0.0,S4,2,A1
443655.0,0.02006781090018189,0.8684603593990751,2.6302679918953813,0.002366703857727288,0.057400457562745824,254.0,,0.9948293743039334,0.0365085434701218,18300.0,39.0,0.0,S4,2,A2
443655.0,0.02006781090018189,0.2447653853410146,1.9781080029332403,0.0003009094904824695,0.03192007302971904,120.0,,0.9968711679858249,0.02849144945060385,18465.0,39.0,0.0,S4,2,A3
443655.0,0.02006781090018189,0.10411181076233397,1.4412854420872234,0.0,0.024868422535528734,126.0,,0.9965982038020232,0.027445518759225226,15310.0,46.0,0.0,S4,2,A4
443655.0,0.02006781090018189,0.02006781090018189,0.06077850313707005,0.0,0.0025109600928649514,33.0,,0.9925987159004542,0.04787507360359138,25800.0,44.0,0.0,S4,2,A5
443655.0,0.02006781090018189,0.02006781090018189,0.04570881896148752,0.0,0.002019587291927286,39.0,,0.9910752133887732,0.050935454194647956,21960.0,53.0,0.0,S4,2,A6
443655.0,0.02006781090018189,0.02006781090018189,2.0417379446695296,0.016866709492736474,0.022188412167111832,50.0,,0.9947004486808511,0.03975579250237017,17505.0,53.0,0.0,S4,2,B1
443655.0,0.02006781090018189,0.02006781090018189,2.0417379446695296,0.021800723535179364,0.017006457720526086,51.0,,0.9944578508014857,0.04054764035680745,17865.0,55.0,0.0,S4,2,B2
443655.0,0.02006781090018189,0.022777182418573218,2.0417379446695296,0.016774295342101408,0.021647451285345596,49.0,,0.9948781747660078,0.039637009158292116,16830.0,51.0,0.0,S4,2,B3
443655.0,0.02006781090018189,0.025852348395621914,2.0417379446695296,0.016566927004091018,0.026227586750966404,87.0,,0.9913161869118815,0.05097424486996319,17505.0,53.0,0.0,S4,2,B4
443655.0,0.02006781090018189,0.02006781090018189,2.0417379446695296,0.016866709492736474,0.022188412167111832,50.0,,0.9947004486808511,0.03975579250237017,17505.0,53.0,0.0,S4,2,B5
443655.0,0.02006781090018189,0.022777182418573218,2.0417379446695296,0.021929201744598843,0.020727817786342993,53.0,,0.9951124726075886,0.035786583264171355,14990.0,46.0,0.0,S4,2,B6
443655.0,0.02006781090018189,0.0220673406908459,2.0417379446695296,0.021929201744598843,0.020727817786342993,53.0,,0.9943349687538237,0.03864743622717563,15640.0,50.0,0.0,S4,2,B7
443655.0,0.02006781090018189,0.02006781090018189,2.0417379446695296,0.016866709492736474,0.022188412167111832,50.0,,0.9947876582414968,0.04015915779945779,17490.0,53.0,0.0,S4,2,B8
443655.0,0.02006781090018189,0.02006781090018189,2.0417379446695296,0.01696363165071959,0.024034441176139117,52.0,,0.9949068153316835,0.03915379616337865,17205.0,50.0,0.0,S4,2,B9
443655.0,0.02006781090018189,0.025852348395621914,2.0417379446695296,0.016566927004091018,0.026035996438674196,85.0,,0.9907479030100728,0.053215419200687834,17490.0,53.0,0.0,S4,2,B10
443655.0,0.02006781090018189,0.02006781090018189,2.0417379446695296,0.016866709492736474,0.022188412167111832,50.0,,0.9947876582414968,0.04015915779945779,17490.0,53.0,0.0,S4,2,B11
454081.0,0.02006781090018189,0.02006781090018189,0.02006781090018189,0.0,0.0,0.0,,0.999377635091062,0.021006046571486303,19800.0,0.0,0.0,S4,3,A1
454081.0,0.02006781090018189,1.9781080029332403,2.892344370499147,0.0056526258530966945,0.10077992692933639,300.0,,0.9950609541805198,0.03499778641452561,19020.0,45.0,0.0,S4,3,A2
454081.0,0.02006781090018189,1.4876473740795015,2.0417379446695296,0.004044983163796767,0.08646970474430773,203.0,,0.9969509058552222,0.02799080436550569,19215.0,46.0,0.0,S4,3,A3
454081.0,0.02006781090018189,0.12196915077508336,1.0839269140212038,0.0,0.030313974819470534,143.0,,0.9963395208804766,0.03028570114408049,15870.0,48.0,0.0,S4,3,A4
454081.0,0.02006781090018189,0.02006781090018189,0.11448537209469502,0.0,0.0029223860941109624,47.0,,0.9923467509443196,0.05046304164928824,26685.0,51.0,0.0,S4,3,A5
454081.0,0.02006781090018189,0.02006781090018189,0.07585775750291836,0.0,0.0024555090391361893,49.0,,0.9924394658742727,0.0465552890916295,22765.0,53.0,0.0,S4,3,A6
454081.0,0.02006781090018189,0.0220673406908459,2.0417379446695296,0.012581455731466412,0.029924176523571787,58.0,,0.9946865449101777,0.04118733135468329,18455.0,57.0,0.0,S4,3,B1
454081.0,0.02006781090018189,0.02006781090018189,2.0417379446695296,0.01765103582840947,0.026550329126301255,59.0,,0.9950471140042497,0.03938223541556681,18040.0,54.0,0.0,S4,3,B2
454081.0,0.02006781090018189,0.02350985767597148,2.0417379446695296,0.012427298213314364,0.02686745316364261,55.0,,0.9957049277163251,0.035422338588059384,17185.0,49.0,0.0,S4,3,B3
454081.0,0.02006781090018189,0.03126079367123956,2.0417379446695296,0.011927387404449867,0.0364582530429593,106.0,,0.9913841318487161,0.052129136356494965,18455.0,57.0,0.0,S4,3,B4
454081.0,0.02006781090018189,0.0220673406908459,2.0417379446695296,0.012581455731466412,0.029924176523571787,58.0,,0.9946865449101777,0.04118733135468329,18455.0,57.0,0.0,S4,3,B5
454081.0,0.02006781090018189,0.037800713730181124,2.0417379446695296,0.01765103582840947,0.026550329126301255,59.0,,0.9950078328417433,0.03779297484374272,15365.0,53.0,0.0,S4,3,B6
454081.0,0.02006781090018189,0.022777182418573218,2.0417379446695296,0.01765103582840947,0.026550329126301255,59.0,,0.9946577978822249,0.038511175413754796,16125.0,55.0,0.0,S4,3,B7
454081.0,0.02006781090018189,0.0220673406908459,2.0417379446695296,0.012581455731466412,0.031086964660490088,59.0,,0.9948699860118253,0.039784600601001564,17715.0,55.0,0.0,S4,3,B8
454081.0,0.02006781090018189,0.022777182418573218,2.0417379446695296,0.012581455731466412,0.031086964660490088,59.0,,0.994204268901226,0.04103003289542339,17510.0,58.0,0.0,S4,3,B9
454081.0,0.02006781090018189,0.03330427623087463,2.0417379446695296,0.011925185154190552,0.03807910923381511,99.0,,0.9917717662223845,0.0503016421851003,17715.0,55.0,0.0,S4,3,B10
454081.0,0.02006781090018189,0.0220673406908459,2.0417379446695296,0.012581455731466412,0.031086964660490088,59.0,,0.9948699860118253,0.039784600601001564,17715.0,55.0,0.0,S4,3,B11
452716.0,0.02006781090018189,0.02006781090018189,0.02006781090018189,0.0,0.0,0.0,,0.9993470238794576,0.021329231700884858,19800.0,0.0,0.0,S4,4,A1
452716.0,0.02006781090018189,1.9781080029332403,2.802205621666748,0.0057618904567101675,0.09271044098286785,283.0,,0.9948043696615038,0.03589427688572044,19440.0,44.0,0.0,S4,4,A2
452716.0,0.02006781090018189,1.191927939457827,2.0417379446695296,0.004278620592159323,0.07244718543192642,165.0,,0.9965505939824003,0.029308100691040808,20025.0,45.0,0.0,S4,4,A3
452716.0,0.02006781090018189,0.037800713730181124,0.3812852456636189,0.0,0.0082921743432969,109.0,,0.9963779742779505,0.02909247624980031,15645.0,48.0,0.0,S4,4,A4
452716.0,0.02006781090018189,0.02006781090018189,0.06475152482255576,0.0,0.002822961856881577,29.0,,0.9923807429402699,0.04883775821105633,28470.0,52.0,0.0,S4,4,A5
452716.0,0.02006781090018189,0.02006781090018189,0.07349368100487516,0.0,0.002752277365942445,39.0,,0.991794151999005,0.04782947607650834,23430.0,56.0,0.0,S4,4,A6
452716.0,0.02006781090018189,0.02006781090018189,1.8567353246307055,0.0017649033831364477,0.020518382385424857,44.0,,0.9944686158225932,0.04241919555562641,18645.0,62.0,0.0,S4,4,B1
452716.0,0.02006781090018189,0.02006781090018189,2.0417379446695296,0.006679684393747957,0.021373222947719983,56.0,,0.994797188880758,0.03961824628838509,18140.0,59.0,0.0,S4,4,B2
452716.0,0.02006781090018189,0.02006781090018189,1.742809826672464,0.001674338879120685,0.017152033504448706,39.0,,0.9958598719791856,0.035673484671701026,17370.0,47.0,0.0,S4,4,B3
452716.0,0.02006781090018189,0.025852348395621914,1.742809826672464,0.0015948188268141616,0.025702648017741806,93.0,,0.9914795303893399,0.05255002032943838,18645.0,62.0,0.0,S4,4,B4
452716.0,0.02006781090018189,0.02006781090018189,1.8567353246307055,0.0017649033831364477,0.020518382385424857,44.0,,0.9944686158225932,0.04241919555562641,18645.0,62.0,0.0,S4,4,B5
452716.0,0.02006781090018189,0.026683942737144424,2.0417379446695296,0.006679684393747957,0.021373222947719983,56.0,,0.9955638351376723,0.035240520307723074,15470.0,50.0,0.0,S4,4,B6
452716.0,0.02006781090018189,0.02006781090018189,2.0417379446695296,0.006679684393747957,0.021373222947719983,56.0,,0.9948216670131016,0.037672946054175586,16035.0,55.0,0.0,S4,4,B7
452716.0,0.02006781090018189,0.02006781090018189,1.8567353246307055,0.0017649033831364477,0.020518382385424857,44.0,,0.9945548685360506,0.041540716131409694,17920.0,57.0,0.0,S4,4,B8
452716.0,0.02006781090018189,0.02006781090018189,1.8567353246307055,0.0017649033831364477,0.020518382385424857,44.0,,0.9944901464079178,0.03997687676993371,17800.0,55.0,0.0,S4,4,B9
452716.0,0.02006781090018189,0.024266100950824154,1.742809826672464,0.0015948188268141616,0.025101829844759185,84.0,,0.9904188357899535,0.05403608397183007,17920.0,57.0,0.0,S4,4,B10
452716.0,0.02006781090018189,0.02006781090018189,1.8567353246307055,0.0017649033831364477,0.020518382385424857,44.0,,0.9945548685360506,0.041540716131409694,17920.0,57.0,0.0,S4,4,B11
452640.0,0.02006781090018189,0.02006781090018189,0.02006781090018189,0.0,0.0,0.0,,0.999360253436798,0.021114853148338577,19800.0,0.0,0.0,S4,5,A1
452640.0,0.02006781090018189,1.1547819846894583,2.892344370499147,0.003250375574407918,0.0694387371862849,291.0,,0.9941264521121106,0.039106277357808764,19260.0,44.0,0.0,S4,5,A2
452640.0,0.02006781090018189,0.4911905467933634,2.0417379446695296,0.0010041092258748674,0.04834194945210322,144.0,,0.9966723679180909,0.029098100896121644,19245.0,41.0,0.0,S4,5,A3
452640.0,0.02006781090018189,0.985711900900616,2.0417379446695296,0.0013288706256627783,0.06435025627430187,191.0,,0.997407941542088,0.023125546386022558,15505.0,44.0,0.0,S4,5,A4
452640.0,0.02006781090018189,0.02006781090018189,0.09172759353897794,0.0,0.0036673736302580418,34.0,,0.9924944563517066,0.04778556221734858,27255.0,47.0,0.0,S4,5,A5
452640.0,0.02006781090018189,0.02006781090018189,0.050263184440820056,0.0,0.0023086779780841287,39.0,,0.9918263484643628,0.04846318288169849,22450.0,52.0,0.0,S4,5,A6
452640.0,0.02006781090018189,0.02006781090018189,0.026683942737144424,0.0,0.0,0.0,,0.9940419843716726,0.04238601718072552,18480.0,60.0,0.0,S4,5,B1
452640.0,0.02006781090018189,0.02006781090018189,0.025852348395621914,0.0,0.0,0.0,,0.9944577799052781,0.039919390419535385,18125.0,55.0,0.0,S4,5,B2
452640.0,0.02006781090018189,0.02006781090018189,0.03330427623087463,0.0,0.0,0.0,,0.9949869752683109,0.03900216876353991,17165.0,47.0,0.0,S4,5,B3
452640.0,0.02006781090018189,0.02006781090018189,0.15222991328804203,0.0,0.004235153764581124,67.0,,0.9921820383605461,0.050058990221149756,18480.0,60.0,0.0,S4,5,B4
452640.0,0.02006781090018189,0.02006781090018189,0.026683942737144424,0.0,0.0,0.0,,0.9940419843716726,0.04238601718072552,18480.0,60.0,0.0,S4,5,B5
452640.0,0.02006781090018189,0.02350985767597148,0.12589254117941676,0.0,0.0,0.0,,0.9941173659511683,0.04165689717967506,15405.0,53.0,0.0,S4,5,B6
452640.0,0.02006781090018189,0.02006781090018189,0.03126079367123956,0.0,0.0,0.0,,0.9934947794861257,0.04389372815838638,16135.0,58.0,0.0,S4,5,B7
452640.0,0.02006781090018189,0.02006781090018189,0.024266100950824154,0.0,0.0,0.0,,0.9944571393108195,0.04098251983662877,17700.0,54.0,0.0,S4,5,B8
452640.0,0.02006781090018189,0.02006781090018189,0.025852348395621914,0.0,0.0,0.0,,0.994043603122289,0.04290522908947873,17915.0,61.0,0.0,S4,5,B9
452640.0,0.02006781090018189,0.02006781090018189,0.04027170343254591,0.0,0.0027372746553552493,47.0,,0.9908538532623288,0.05231853862279961,17700.0,54.0,0.0,S4,5,B10
452640.0,0.02006781090018189,0.02006781090018189,0.024266100950824154,0.0,0.0,0.0,,0.9944571393108195,0.04098251983662877,17700.0,54.0,0.0,S4,5,B11
452988.0,0.02006781090018189,0.02006781090018189,0.02006781090018189,0.0,0.0,0.0,,0.9992627335928155,0.02265904406724428,21600.0,0.0,0.0,S4,6,A1
452988.0,0.02006781090018189,1.8567353246307055,2.7148760106825023,0.005704897259971566,0.09922503465875476,283.0,,0.9947444354722049,0.0353641346276333,18915.0,37.0,0.0,S4,6,A2
452988.0,0.02006781090018189,1.3963683610559376,2.0417379446695296,0.00393167147915618,0.0887109592307081,186.0,,0.9966790995010484,0.02836644738782344,19275.0,38.0,0.0,S4,6,A3
452988.0,0.02006781090018189,0.12994213556374826,1.4876473740795015,6.622691991840843e-05,0.025647478520402306,148.0,,0.9954953019314644,0.03429504561960512,15725.0,52.0,0.0,S4,6,A4
452988.0,0.02006781090018189,0.02006781090018189,0.10411181076233397,0.0,0.0035850839315831767,45.0,,0.9924884406827084,0.0477908790607544,27150.0,43.0,0.0,S4,6,A5
452988.0,0.02006781090018189,0.02006781090018189,0.10746078283213174,0.0,0.0024503960369811123,34.0,,0.9903861252920976,0.05318593344160977,22700.0,52.0,0.0,S4,6,A6
452988.0,0.02006781090018189,0.02006781090018189,0.34673685045253166,0.0,0.004335655690658472,11.0,,0.9931231555376577,0.04638465035878888,18440.0,64.0,0.0,S4,6,B1
452988.0,0.02006781090018189,0.02006781090018189,2.0417379446695296,0.002975796268333819,0.014574337510044416,45.0,,0.9943370646789833,0.04135407800194197,18165.0,54.0,0.0,S4,6,B2
452988.0,0.02006781090018189,0.02006781090018189,0.34673685045253166,0.0,0.004335655690658472,11.0,,0.9945386192176544,0.040442676772211576,17095.0,46.0,0.0,S4,6,B3
452988.0,0.02006781090018189,0.021379620895022326,0.47588279098881686,0.0,0.00824083640184729,85.0,,0.9902138925698292,0.05710785725624673,18440.0,64.0,0.0,S4,6,B4
452988.0,0.02006781090018189,0.02006781090018189,0.34673685045253166,0.0,0.004335655690658472,11.0,,0.9931231555376577,0.04638465035878888,18440.0,64.0,0.0,S4,6,B5
452988.0,0.02006781090018189,0.028428241752041873,2.0417379446695296,0.002975796268333819,0.014936378005598383,48.0,,0.9946074857050313,0.03927190926746268,15300.0,47.0,0.0,S4,6,B6
452988.0,0.02006781090018189,0.02006781090018189,2.0417379446695296,0.002975796268333819,0.014574337510044416,45.0,,0.9941265661823481,0.04003787684589511,16255.0,51.0,0.0,S4,6,B7
452988.0,0.02006781090018189,0.02006781090018189,0.34673685045253166,0.0,0.004335655690658472,11.0,,0.9939258481320392,0.04296880615072815,17825.0,54.0,0.0,S4,6,B8
452988.0,0.02006781090018189,0.02006781090018189,0.34673685045253166,0.0,0.004335655690658472,11.0,,0.9935298258246363,0.04411433108630692,17845.0,59.0,0.0,S4,6,B9
452988.0,0.02006781090018189,0.02006781090018189,0.44668359215096304,0.0,0.006858901339549833,45.0,,0.9897835989772741,0.056293180952704205,17825.0,54.0,0.0,S4,6,B10
452988.0,0.02006781090018189,0.02006781090018189,0.34673685045253166,0.0,0.004335655690658472,11.0,,0.9939258481320392,0.04296880615072815,17825.0,54.0,0.0,S4,6,B11
445813.0,0.02006781090018189,0.02006781090018189,0.02006781090018189,0.0,0.0,0.0,,0.9993478448131009,0.02140164057047315,19800.0,0.0,0.0,S4,7,A1
445813.0,0.02006781090018189,1.4876473740795015,2.892344370499147,0.004033641908154316,0.07906622283334043,316.0,,0.9951912412783717,0.035565453933363224,17895.0,34.0,0.0,S4,7,A2
445813.0,0.02006781090018189,0.6531305526474723,1.5355006336570662,3.925412673026583e-06,0.06789898455181881,168.0,,0.9972466754500731,0.027162991806559053,18270.0,35.0,0.0,S4,7,A3
445813.0,0.02006781090018189,0.6327760017024558,1.6884958594867534,0.0005147898334054862,0.06140579121739384,175.0,,0.9973046045526549,0.023680593001969178,15290.0,41.0,0.0,S4,7,A4
445813.0,0.02006781090018189,0.02006781090018189,0.11448537209469502,0.0,0.003339965411506618,41.0,,0.9907211156561212,0.05364283072142125,25890.0,43.0,0.0,S4,7,A5
445813.0,0.02006781090018189,0.02006781090018189,0.0588843655355589,0.0,0.002431512764320466,41.0,,0.9904445538354794,0.05232890386306109,22565.0,52.0,0.0,S4,7,A6
445813.0,0.02006781090018189,0.02006781090018189,0.026683942737144424,0.0,0.0,0.0,,0.99375983633567,0.04460408611611147,18250.0,59.0,0.0,S4,7,B1
445813.0,0.02006781090018189,0.02006781090018189,0.026683942737144424,0.0,0.0,0.0,,0.9942817970976241,0.04039213197952015,18210.0,52.0,0.0,S4,7,B2
445813.0,0.02006781090018189,0.02006781090018189,0.028428241752041873,0.0,0.0,0.0,,0.9945225522947418,0.041971822477481914,16840.0,48.0,0.0,S4,7,B3
445813.0,0.02006781090018189,0.02006781090018189,0.14748572927641243,0.0,0.004055512064475464,65.0,,0.9905005127573752,0.05564194275505285,18250.0,59.0,0.0,S4,7,B4
445813.0,0.02006781090018189,0.02006781090018189,0.026683942737144424,0.0,0.0,0.0,,0.99375983633567,0.04460408611611147,18250.0,59.0,0.0,S4,7,B5
445813.0,0.02006781090018189,0.02006781090018189,0.050263184440820056,0.0,0.0,0.0,,0.9940339977766864,0.04152439954619622,15275.0,50.0,0.0,S4,7,B6
445813.0,0.02006781090018189,0.02006781090018189,0.029342695039559687,0.0,0.0,0.0,,0.9938431293517687,0.04223280463953003,15855.0,55.0,0.0,S4,7,B7
445813.0,0.02006781090018189,0.02006781090018189,0.025852348395621914,0.0,0.0,0.0,,0.9941810161476621,0.04251735600776148,17435.0,54.0,0.0,S4,7,B8
445813.0,0.02006781090018189,0.02006781090018189,0.025852348395621914,0.0,0.0,0.0,,0.9938443151533269,0.04397742623081965,17470.0,56.0,0.0,S4,7,B9
445813.0,0.02006781090018189,0.02006781090018189,0.08341612282410431,0.0,0.003559788521196107,48.0,,0.9909575745437958,0.05327304897889969,17435.0,54.0,0.0,S4,7,B10
445813.0,0.02006781090018189,0.02006781090018189,0.025852348395621914,0.0,0.0,0.0,,0.9941810161476621,0.04251735600776148,17435.0,54.0,0.0,S4,7,B11
448150.0,0.02006781090018189,0.02006781090018189,0.02006781090018189,0.0,0.0,0.0,,0.9992088837606669,0.023262200275196956,21600.0,0.0,0.0,S4,8,A1
448150.0,0.02006781090018189,1.8567353246307055,2.802205621666748,0.005840678344304362,0.08697199598348768,290.0,,0.9948197854330184,0.03573085551150498,18840.0,37.0,0.0,S4,8,A2
448150.0,0.02006781090018189,1.4412854420872234,2.0417379446695296,0.0038413477630257725,0.07330246569229053,182.0,,0.9966881971353566,0.028525410831256287,19260.0,38.0,0.0,S4,8,A3
448150.0,0.02006781090018189,1.4412854420872234,2.0417379446695296,0.005370969541448176,0.07771281936851501,220.0,,0.9962358367586004,0.028272234299747755,15690.0,51.0,0.0,S4,8,A4
448150.0,0.02006781090018189,0.02006781090018189,0.08081649291125372,0.0,0.003434118040834542,38.0,,0.992573633254249,0.04760563547991302,27210.0,42.0,0.0,S4,8,A5
448150.0,0.02006781090018189,0.02006781090018189,0.11448537209469502,0.0,0.0025192457882405443,48.0,,0.9921041650860882,0.04839813650831506,22170.0,50.0,0.0,S4,8,A6
448150.0,0.02006781090018189,0.02006781090018189,2.0417379446695296,0.01366729889545911,0.020988508311949126,48.0,,0.9939752493169435,0.043766609926070336,17905.0,59.0,0.0,S4,8,B1
448150.0,0.02006781090018189,0.02006781090018189,2.0417379446695296,0.01859198928930046,0.016380676112908624,50.0,,0.9939361578468472,0.04432008745133793,18005.0,64.0,0.0,S4,8,B2
448150.0,0.02006781090018189,0.0220673406908459,2.0417379446695296,0.01366729889545911,0.020988508311949126,48.0,,0.9943617865084724,0.04306373265180222,16980.0,56.0,0.0,S4,8,B3
448150.0,0.02006781090018189,0.025852348395621914,2.0417379446695296,0.013557960504295436,0.02477518687939306,96.0,,0.9906875771062245,0.05528189300152631,17905.0,59.0,0.0,S4,8,B4
448150.0,0.02006781090018189,0.02006781090018189,2.0417379446695296,0.01366729889545911,0.020988508311949126,48.0,,0.9939752493169435,0.043766609926070336,17905.0,59.0,0.0,S4,8,B5
448150.0,0.02006781090018189,0.2024184057376061,2.0417379446695296,0.019085127747406002,0.035775967867901375,101.0,,0.9951759796792231,0.03764977836503658,15165.0,53.0,0.0,S4,8,B6
448150.0,0.02006781090018189,0.025852348395621914,2.0417379446695296,0.01859198928930046,0.016380676112908624,50.0,,0.9942433533845784,0.04030465856641343,15835.0,53.0,0.0,S4,8,B7
448150.0,0.02006781090018189,0.02006781090018189,2.0417379446695296,0.013727546580386031,0.021403547919223474,49.0,,0.9945511311888198,0.041526321044379755,17580.0,53.0,0.0,S4,8,B8
448150.0,0.02006781090018189,0.02006781090018189,2.0417379446695296,0.013801182639741158,0.022171148053107218,50.0,,0.9944869399371118,0.041168119540922546,17425.0,54.0,0.0,S4,8,B9
448150.0,0.02006781090018189,0.024266100950824154,2.0417379446695296,0.013557960504295436,0.024007586745509315,80.0,,0.9905953558234147,0.054474094341346244,17580.0,53.0,0.0,S4,8,B10
448150.0,0.02006781090018189,0.02006781090018189,2.0417379446695296,0.013727546580386031,0.021403547919223474,49.0,,0.9945511311888198,0.041526321044379755,17580.0,53.0,0.0,S4,8,B11
452978.0,0.02006781090018189,0.02006781090018189,0.02006781090018189,0.0,0.0,0.0,,0.9993685263850719,0.02098017620120483,19800.0,0.0,0.0,S4,9,A1
452978.0,0.02006781090018189,1.2302687708123812,2.9853826189179604,0.003741903580306328,0.07424643139401914,288.0,,0.994762217602548,0.03659597930624178,19395.0,43.0,0.0,S4,9,A2
452978.0,0.02006781090018189,1.0839269140212038,2.0417379446695296,0.0009161592836738208,0.08160219701619063,174.0,,0.9965082208799918,0.029647983172390518,20115.0,44.0,0.0,S4,9,A3
452978.0,0.02006781090018189,0.2225871044793004,1.742809826672464,0.0005563184083995249,0.035014945538193905,125.0,,0.9971487391448494,0.025113791385676598,15375.0,47.0,0.0,S4,9,A4
452978.0,0.02006781090018189,0.021379620895022326,0.13843630530808698,0.0,0.004130443421093298,51.0,,0.992248766944795,0.050123576066438004,28770.0,54.0,0.0,S4,9,A5
452978.0,0.02006781090018189,0.02006781090018189,0.08886893998466987,0.0,0.0028147062329737867,43.0,,0.9919820093351605,0.04801867431242421,23210.0,54.0,0.0,S4,9,A6
452978.0,0.02006781090018189,0.02006781090018189,0.028428241752041873,0.0,0.0,0.0,,0.9935190221680232,0.04576477013419315,18595.0,67.0,0.0,S4,9,B1
452978.0,0.02006781090018189,0.02006781090018189,1.0839269140212038,0.0008388928380627757,0.014901385939272989,42.0,,0.994775350489627,0.03937771456078633,17995.0,56.0,0.0,S4,9,B2
452978.0,0.02006781090018189,0.02006781090018189,0.029342695039559687,0.0,0.0,0.0,,0.9947723356646972,0.040203341918153314,17205.0,49.0,0.0,S4,9,B3
452978.0,0.02006781090018189,0.02006781090018189,0.17834050825119682,0.0,0.0044328863653422465,85.0,,0.9912781277541227,0.05399616223255505,18595.0,67.0,0.0,S4,9,B4
452978.0,0.02006781090018189,0.02006781090018189,0.028428241752041873,0.0,0.0,0.0,,0.9935190221680232,0.04576477013419315,18595.0,67.0,0.0,S4,9,B5
452978.0,0.02006781090018189,0.04570881896148752,1.0839269140212038,0.0008388928380627757,0.014901385939272989,42.0,,0.9952751351223741,0.036305198622714065,15400.0,47.0,0.0,S4,9,B6
452978.0,0.02006781090018189,0.02006781090018189,1.0839269140212038,0.0008388928380627757,0.014682832278830318,41.0,,0.9951005241057549,0.03646764617779084,15980.0,49.0,0.0,S4,9,B7
452978.0,0.02006781090018189,0.02006781090018189,0.026683942737144424,0.0,0.0,0.0,,0.9936628624791315,0.04487593104155102,17785.0,60.0,0.0,S4,9,B8
452978.0,0.02006781090018189,0.02006781090018189,0.026683942737144424,0.0,0.0,0.0,,0.9937467254584922,0.04243824814532984,17615.0,56.0,0.0,S4,9,B9
452978.0,0.02006781090018189,0.02006781090018189,0.15222991328804203,0.0,0.003730865516647608,60.0,,0.9903762101864543,0.055231631715322534,17785.0,60.0,0.0,S4,9,B10
452978.0,0.02006781090018189,0.02006781090018189,0.026683942737144424,0.0,0.0,0.0,,0.9936628624791315,0.04487593104155102,17785.0,60.0,0.0,S4,9,B11
208109.0,0.02006781090018189,0.02006781090018189,0.02006781090018189,0.0,0.0,0.0,0.0,0.9990165076296982,0.028455184453005582,14400.0,0.0,0.0,S5,0,A1
208109.0,0.02006781090018189,0.33593093598651524,2.0417379446695296,0.01794131921252805,0.04420880404019048,95.0,35.333333333333336,0.9962385989536369,0.025007123463762278,7995.0,10.0,0.0,S5,0,A2
208109.0,0.02006781090018189,0.26915348039269155,2.0417379446695296,0.017759923886040488,0.03875373001648175,67.0,35.333333333333336,0.9971915228944229,0.022588722461109007,8025.0,10.0,0.0,S5,0,A3
208109.0,0.02006781090018189,2.0417379446695296,2.0417379446695296,0.03493842169247846,0.1229884339456727,139.0,62.666666666666664,0.9963515145806806,0.022651279722470552,7085.0,18.0,0.0,S5,0,A4
208109.0,0.02006781090018189,0.06683439175686146,2.0417379446695296,0.00599685741606562,0.044596821857776456,49.0,17.0,0.9970231185198547,0.02880383545307145,12030.0,9.0,0.0,S5,0,A5
208109.0,0.02006781090018189,0.025852348395621914,0.09172759353897794,0.0,0.004021930815101701,17.0,31.333333333333332,0.9930222493020654,0.0412502670157046,12555.0,26.0,0.0,S5,0,A6
208109.0,0.02006781090018189,1.3528511027866506,2.0417379446695296,0.004295825745162391,0.07121748698999082,67.0,29.666666666666668,0.9976832771027546,0.02368759476928562,9225.0,21.0,0.0,S5,0,B1
208109.0,0.02006781090018189,0.0390166519947627,2.0417379446695296,0.00341647886444123,0.0368508810286917,39.0,27.0,0.9976742448857369,0.023665687635983618,9415.0,19.0,0.0,S5,0,B2
208109.0,0.02006781090018189,1.6884958594867534,2.0417379446695296,0.010028398579590503,0.07630616648006573,77.0,29.666666666666668,0.9983130134444812,0.020781182287281826,8875.0,14.0,0.0,S5,0,B3
208109.0,0.02006781090018189,1.1547819846894583,2.0417379446695296,0.00417809897697841,0.07245481934947552,75.0,29.666666666666668,0.9969415024513311,0.025520144333461406,9225.0,21.0,0.0,S5,0,B4
208109.0,0.02006781090018189,1.3528511027866506,2.0417379446695296,0.004295825745162391,0.07121748698999082,67.0,29.666666666666668,0.9976832771027546,0.02368759476928562,9225.0,21.0,0.0,S5,0,B5
208109.0,0.02006781090018189,2.0417379446695296,2.0417379446695296,0.022217924260844076,0.09683026683132397,103.0,36.666666666666664,0.9964646913629791,0.026710366582376917,9010.0,18.0,0.11388888888888889,S5,0,B6
208109.0,0.02006781090018189,2.0417379446695296,2.0417379446695296,0.02154159599056264,0.06987684338495692,82.0,30.0,0.9964024164998075,0.02712866144757452,8900.0,34.0,0.0,S5,0,B7
208109.0,0.02006781090018189,0.03126079367123956,2.0417379446695296,0.003181025328073269,0.03304518305311159,35.0,12.0,0.9958461616002077,0.03213701819148957,10615.0,30.0,0.0,S5,0,B8
208109.0,0.02006781090018189,1.1187936686591167,2.0417379446695296,0.003868165240330788,0.06417790677000995,61.0,26.0,0.9974284975697578,0.02526636803401152,9715.0,25.0,0.0,S5,0,B9
208109.0,0.02006781090018189,0.04290421892388853,2.0417379446695296,0.003181025328073269,0.033717907442734334,47.0,12.0,0.9935572023570257,0.037970816892742135,10615.0,30.0,0.0,S5,0,B10
208109.0,0.02006781090018189,0.03126079367123956,2.0417379446695296,0.003181025328073269,0.03304518305311159,35.0,12.0,0.9958461616002077,0.03213701819148957,10615.0,30.0,0.0,S5,0,B11
252163.0,0.02006781090018189,0.02006781090018189,0.02006781090018189,0.0,0.0,0.0,0.0,0.997328774924034,0.046552284062729134,25200.0,0.0,0.0,S5,1,A1
252163.0,0.02006781090018189,2.0417379446695296,2.0417379446695296,0.039116563492661495,0.09161236977669206,185.0,60.5,0.9942343678498186,0.03282126333855678,10695.0,18.0,0.0,S5,1,A2
252163.0,0.02006781090018189,2.0417379446695296,2.0417379446695296,0.03847213905291419,0.0811726938527857,140.0,60.5,0.995337040635452,0.029398699089511773,10875.0,19.0,0.0,S5,1,A3
252163.0,0.02006781090018189,2.0417379446695296,2.6302679918953813,0.05551666977312294,0.1711026201306298,213.0,65.5,0.9956253823721316,0.025410970228150725,9060.0,29.0,0.0,S5,1,A4
252163.0,0.02006781090018189,0.04570881896148752,2.0417379446695296,0.017676066671161113,0.0373914888385687,53.0,17.0,0.9927013597487335,0.04502736546593113,17145.0,19.0,0.0,S5,1,A5
252163.0,0.02006781090018189,0.050263184440820056,2.0417379446695296,0.008696755669943648,0.038324417142879805,57.0,7.833333333333333,0.992777512360137,0.04235337372003639,15505.0,32.0,0.0,S5,1,A6
252163.0,0.02006781090018189,0.4610520952362225,2.0417379446695296,0.014228891629620523,0.04860348266795684,61.0,15.333333333333334,0.9974923122465482,0.025317738421330047,11170.0,29.0,0.04722222222222222,S5,1,B1
252163.0,0.02006781090018189,0.44668359215096304,2.0417379446695296,0.014117852341540987,0.04798880089465941,61.0,42.166666666666664,0.9970783065142397,0.026458643231650206,11830.0,22.0,0.12222222222222222,S5,1,B2
252163.0,0.02006781090018189,2.0417379446695296,2.0417379446695296,0.03932377073559563,0.14295515202468245,164.0,45.833333333333336,0.9973354896424124,0.025149355450493797,11410.0,23.0,0.23333333333333334,S5,1,B3
252163.0,0.02006781090018189,0.6531305526474723,2.0417379446695296,0.013300920436384402,0.05375094680821532,75.0,15.333333333333334,0.9958019475977469,0.029230090357683168,11170.0,29.0,0.04722222222222222,S5,1,B4
252163.0,0.02006781090018189,0.4610520952362225,2.0417379446695296,0.014228891629620523,0.04860348266795684,61.0,15.333333333333334,0.997489579341274,0.026123498684661035,11460.0,31.0,0.0,S5,1,B5
252163.0,0.02006781090018189,1.191927939457827,2.0417379446695296,0.023889309692540144,0.09528360623882172,122.0,39.333333333333336,0.9967255543693329,0.026230333213128475,10700.0,22.0,0.24444444444444444,S5,1,B6
252163.0,0.02006781090018189,2.0417379446695296,2.0417379446695296,0.03993845250889306,0.14175354830010747,161.0,45.833333333333336,0.9957644486344559,0.0292091104696453,10830.0,33.0,0.09444444444444444,S5,1,B7
252163.0,0.02006781090018189,0.40620942890585726,2.0417379446695296,0.0016655893211930378,0.04632321157346637,48.0,13.833333333333334,0.9957242319334144,0.03444592646090206,12635.0,36.0,0.0,S5,1,B8
252163.0,0.02006781090018189,0.5232991146814947,2.0417379446695296,0.00759825985572824,0.049864571725431565,55.0,15.0,0.9961492394193001,0.03217463234454703,12140.0,37.0,0.0,S5,1,B9
252163.0,0.02006781090018189,0.4610520952362225,2.0417379446695296,0.001582309855133386,0.04804432053869918,59.0,13.833333333333334,0.9918305883540423,0.04374213569267321,12635.0,36.0,0.0,S5,1,B10
252163.0,0.02006781090018189,0.40620942890585726,2.0417379446695296,0.0016655893211930378,0.04632321157346637,48.0,13.833333333333334,0.9957242319334144,0.03444592646090206,12635.0,36.0,0.0,S5,1,B11
268485.0,0.02006781090018189,0.02006781090018189,0.02006781090018189,0.0,0.0,0.0,0.0,0.9984985851460396,0.034020798251227766,19800.0,0.0,0.0,S5,2,A1
268485.0,0.02006781090018189,2.0417379446695296,2.9853826189179604,0.10124401735664934,0.19025457660576942,345.0,47.125,0.9931899313631556,0.03831518913584111,12690.0,24.0,0.0,S5,2,A2
268485.0,0.02006781090018189,2.0417379446695296,2.7148760106825023,0.10026817140622381,0.19223978993239846,311.0,47.125,0.995203405111811,0.03265192526830506,12840.0,24.0,0.0,S5,2,A3
268485.0,0.02006781090018189,2.0417379446695296,3.1805336883295205,0.14437119392144812,0.25083524219230124,402.0,58.75,0.9920538530619318,0.036436718736959785,9490.0,49.0,0.0,S5,2,A4
268485.0,0.02006781090018189,2.0417379446695296,2.5482967479793466,0.03419651004711623,0.11472056167011192,122.0,24.5,0.9898111052095473,0.05857588962719995,22410.0,28.0,0.0,S5,2,A5
268485.0,0.02006781090018189,2.0417379446695296,3.388441561392024,0.033654580330372275,0.16839767584781273,169.0,29.375,0.990231838894985,0.051739333734731885,19100.0,56.0,0.0,S5,2,A6
268485.0,0.02006781090018189,2.0417379446695296,2.0417379446695296,0.0408514442147606,0.11621878317224425,145.0,27.125,0.9958338361807393,0.03193667309272868,12180.0,45.0,0.06944444444444445,S5,2,B1
268485.0,0.02006781090018189,2.0417379446695296,2.0417379446695296,0.041332849134960985,0.18640054379201818,233.0,37.875,0.9957773016941375,0.031512052351521304,12385.0,49.0,0.058333333333333334,S5,2,B2
268485.0,0.02006781090018189,2.0417379446695296,2.0417379446695296,0.03594707339329944,0.13928431755964021,151.0,36.625,0.9967230906625346,0.030303799457214654,13135.0,34.0,0.1527777777777778,S5,2,B3
268485.0,0.02006781090018189,2.0417379446695296,3.726061338637685,0.03746205560832076,0.1396167383652718,176.0,27.125,0.995228971578783,0.03344936094295913,12180.0,45.0,0.06944444444444445,S5,2,B4
268485.0,0.02006781090018189,2.0417379446695296,2.0417379446695296,0.0408514442147606,0.11568616496266086,138.0,27.125,0.995543513670575,0.033019296295610984,12695.0,47.0,0.0,S5,2,B5
268485.0,0.02006781090018189,2.0417379446695296,2.0417379446695296,0.0681173994822802,0.17392591764903068,235.0,40.0,0.9966954400707398,0.026226736966972444,10915.0,38.0,0.12777777777777777,S5,2,B6
268485.0,0.02006781090018189,2.0417379446695296,2.0417379446695296,0.05588487252546697,0.1209667206734082,174.0,34.0,0.9933027832646025,0.03923999382711555,12465.0,60.0,0.1361111111111111,S5,2,B7
268485.0,0.02006781090018189,1.8567353246307055,2.0417379446695296,0.03287334487960221,0.10346946756802056,121.0,26.0,0.9948969275226046,0.03616873420373057,13860.0,54.0,0.0,S5,2,B8
268485.0,0.02006781090018189,2.0417379446695296,2.0417379446695296,0.036326051734733786,0.11209937240441738,133.0,26.25,0.9941262608967751,0.03814148323968789,13930.0,50.0,0.06666666666666667,S5,2,B9
268485.0,0.02006781090018189,2.0417379446695296,2.802205621666748,0.030950518650948843,0.11454736763692572,140.0,26.0,0.993729922376934,0.03899332321801672,13860.0,54.0,0.0,S5,2,B10
268485.0,0.02006781090018189,1.8567353246307055,2.0417379446695296,0.03287334487960221,0.10346946756802056,121.0,26.0,0.9948969275226046,0.03616873420373057,13860.0,54.0,0.0,S5,2,B11
319449.0,0.02006781090018189,0.02006781090018189,0.02006781090018189,0.0,0.0,0.0,0.0,0.9962722859695105,0.053742272558058045,30600.0,0.0,0.0,S5,3,A1
319449.0,0.02006781090018189,2.5482967479793466,2.802205621666748,0.16895263406678374,0.19894959758834743,302.0,54.1,0.992167118067866,0.04132866849356935,14460.0,22.0,0.0,S5,3,A2
319449.0,0.02006781090018189,2.5482967479793466,2.6302679918953813,0.16923749956957135,0.19836734502221012,296.0,54.1,0.993862404900321,0.037368821443865996,14460.0,22.0,0.0,S5,3,A3
319449.0,0.02006781090018189,2.0417379446695296,3.4974378036641802,0.281536332873166,0.238452773369145,399.0,73.3,0.9928921833941127,0.03227735132600172,9225.0,40.0,0.0,S5,3,A4
319449.0,0.02006781090018189,2.3173946499684797,3.4974378036641802,0.10839288900575679,0.22248308806726583,251.0,48.8,0.9889800936388163,0.06385241744385263,28785.0,32.0,0.0,S5,3,A5
319449.0,0.02006781090018189,2.1074146752966985,3.9696297343000686,0.13828498445761295,0.2737369658380524,266.0,59.8,0.9904763540176806,0.052180802416252954,22800.0,52.0,0.0,S5,3,A6
319449.0,0.02006781090018189,2.0417379446695296,2.0417379446695296,0.1003853510262984,0.20809581498142113,222.0,48.2,0.9974694201932465,0.028771811695848134,15165.0,47.0,0.07222222222222222,S5,3,B1
319449.0,0.02006781090018189,2.0417379446695296,2.0417379446695296,0.11483523191495357,0.16073301215530492,212.0,55.0,0.9951565608232193,0.035677807086905045,14955.0,35.0,0.2777777777777778,S5,3,B2
319449.0,0.02006781090018189,2.0417379446695296,2.0417379446695296,0.1341200003756468,0.2167842128164433,254.0,53.9,0.9958217235446162,0.03347004036381039,16115.0,37.0,0.16111111111111112,S5,3,B3
319449.0,0.02006781090018189,2.0417379446695296,4.800096849081115,0.09459960744907638,0.2397354507292244,241.0,48.2,0.9964123524041287,0.030531033545552345,15165.0,47.0,0.07222222222222222,S5,3,B4
319449.0,0.02006781090018189,2.0417379446695296,2.0417379446695296,0.1003853510262984,0.20809581498142113,222.0,48.2,0.9970938155880834,0.030786791109141617,15520.0,54.0,0.0,S5,3,B5
319449.0,0.02006781090018189,2.0417379446695296,2.0417379446695296,0.10870279762966858,0.14435794133022797,199.0,40.4,0.9970104801023171,0.02947534507528431,16115.0,24.0,0.3055555555555556,S5,3,B6
319449.0,0.02006781090018189,2.0417379446695296,2.0417379446695296,0.14488775986151153,0.2020126843408494,256.0,53.6,0.9942536782741912,0.03666507579793987,16535.0,39.0,0.29444444444444445,S5,3,B7
319449.0,0.02006781090018189,2.0417379446695296,2.0417379446695296,0.09926154096585058,0.2011995655018485,219.0,47.0,0.9963907619917268,0.03363662614026836,15860.0,54.0,0.05555555555555555,S5,3,B8
319449.0,0.02006781090018189,2.0417379446695296,2.0417379446695296,0.10636987437744366,0.18994659554420268,221.0,46.5,0.9966528379016694,0.032210506667533736,15585.0,55.0,0.0,S5,3,B9
319449.0,0.02006781090018189,2.0417379446695296,4.650503761666063,0.09467551940998406,0.2299396773819921,238.0,47.0,0.9941500573718375,0.03819584144986562,15860.0,54.0,0.05555555555555555,S5,3,B10
319449.0,0.02006781090018189,2.0417379446695296,2.0417379446695296,0.09926154096585058,0.2011995655018485,219.0,47.0,0.9963871755948179,0.033739148803167904,15895.0,54.0,0.0,S5,3,B11
263321.0,0.02006781090018189,0.02006781090018189,0.02006781090018189,0.0,0.0,0.0,0.0,0.9972915608697862,0.04660983313886656,25200.0,0.0,0.0,S5,4,A1
263321.0,0.02006781090018189,2.0417379446695296,3.1805336883295205,0.04385996559332526,0.18965730040520884,195.0,66.0,0.995500861615031,0.02944824789691672,12435.0,12.0,0.0,S5,4,A2
263321.0,0.02006781090018189,2.0417379446695296,2.7148760106825023,0.04270832937745186,0.1827617242832892,174.0,66.0,0.9964765162955603,0.026342304303957224,12570.0,12.0,0.0,S5,4,A3
263321.0,0.02006781090018189,2.0417379446695296,3.726061338637685,0.12182659187835379,0.2442627059748368,300.0,99.75,0.9960557501789394,0.02271942461437053,9285.0,31.0,0.0,S5,4,A4
263321.0,0.02006781090018189,0.029342695039559687,0.40620942890585726,0.0,0.0050280835937885696,17.0,14.0,0.9921060475492074,0.04911705006823687,19260.0,16.0,0.0,S5,4,A5
263321.0,0.02006781090018189,1.1547819846894583,2.0417379446695296,0.007785174748690761,0.06500810797467729,60.0,47.25,0.9915667591979256,0.04719945420582677,17690.0,38.0,0.0,S5,4,A6
263321.0,0.02006781090018189,1.8567353246307055,2.0417379446695296,0.009121946217734248,0.07949612829967986,71.0,43.0,0.9977729786875806,0.02318267317882617,11360.0,22.0,0.0,S5,4,B1
263321.0,0.02006781090018189,1.8567353246307055,2.0417379446695296,0.009421960269025259,0.07894926724416207,70.0,41.75,0.9972092607271251,0.025242615421581134,11610.0,25.0,0.0,S5,4,B2
263321.0,0.02006781090018189,1.9781080029332403,2.0417379446695296,0.010097941295984748,0.08539767052380934,85.0,49.75,0.9978880619666775,0.024855133742070344,12080.0,19.0,0.04722222222222222,S5,4,B3
263321.0,0.02006781090018189,1.5355006336570662,2.0417379446695296,0.008641543971046745,0.08410077434006402,90.0,43.0,0.9981166045355708,0.02237053099833871,11360.0,22.0,0.0,S5,4,B4
263321.0,0.02006781090018189,1.8567353246307055,2.0417379446695296,0.009121946217734248,0.07949612829967986,71.0,43.0,0.9977729786875806,0.02318267317882617,11360.0,22.0,0.0,S5,4,B5
263321.0,0.02006781090018189,2.0417379446695296,2.0417379446695296,0.034075330110397574,0.128224676345601,145.0,50.25,0.9971886380228004,0.023712707413041885,10285.0,23.0,0.06111111111111111,S5,4,B6
263321.0,0.02006781090018189,2.0417379446695296,2.0417379446695296,0.026013876599283763,0.10601888949229268,119.0,44.75,0.9969108808911091,0.025958808948110885,11885.0,37.0,0.0,S5,4,B7
263321.0,0.02006781090018189,0.47588279098881686,2.0417379446695296,0.004697688372746572,0.04775160355611592,33.0,39.5,0.9957494779980919,0.03176724142235396,12480.0,35.0,0.0,S5,4,B8
263321.0,0.02006781090018189,0.5069907082747045,2.0417379446695296,0.004876177745033628,0.04946813964704676,34.0,40.0,0.9965178468729035,0.02775413961658924,11790.0,30.0,0.044444444444444446,S5,4,B9
263321.0,0.02006781090018189,0.5939501549952435,2.0417379446695296,0.004485020184489654,0.0539265763080043,54.0,39.5,0.994595954492776,0.03510311152493911,12480.0,35.0,0.0,S5,4,B10
263321.0,0.02006781090018189,0.47588279098881686,2.0417379446695296,0.004697688372746572,0.04775160355611592,33.0,39.5,0.9957494779980919,0.03176724142235396,12480.0,35.0,0.0,S5,4,B11
322062.0,0.02006781090018189,0.02006781090018189,0.02006781090018189,0.0,0.0,0.0,0.0,0.9954396857985942,0.05946464851994733,34200.0,0.0,0.0,S5,5,A1
322062.0,0.02006781090018189,2.0417379446695296,3.9696297343000686,0.2069034844222541,0.28022632288192956,359.0,103.14285714285714,0.992257593427728,0.04077176820067395,14985.0,22.0,0.0,S5,5,A2
322062.0,0.02006781090018189,2.0417379446695296,3.9696297343000686,0.20672339487427888,0.2750503008737448,326.0,103.14285714285714,0.9946544317003045,0.03524194152885665,14985.0,22.0,0.0,S5,5,A3
322062.0,0.02006781090018189,2.0417379446695296,3.9696297343000686,0.1706449379312058,0.2851834429395582,377.0,99.28571428571429,0.9949694255016682,0.027328234336303298,10990.0,41.0,0.0,S5,5,A4
322062.0,0.02006781090018189,2.0417379446695296,3.8459178204535354,0.10457148002558514,0.17673149890393774,187.0,65.14285714285714,0.9868807231778225,0.06881305524292798,29115.0,27.0,0.0,S5,5,A5
322062.0,0.02006781090018189,2.0417379446695296,3.4974378036641802,0.07654116288168117,0.1720879830591625,166.0,52.0,0.991873356256036,0.04765011680800092,22050.0,35.0,0.0,S5,5,A6
322062.0,0.02006781090018189,2.0417379446695296,2.0417379446695296,0.06799001434506399,0.15475591656264942,163.0,62.0,0.9968880225850171,0.028288473446196886,14190.0,46.0,0.08055555555555556,S5,5,B1
322062.0,0.02006781090018189,2.0417379446695296,2.0417379446695296,0.07384602964646558,0.16115841049238966,169.0,62.285714285714285,0.9971267994630968,0.02665837143659475,14020.0,39.0,0.11388888888888889,S5,5,B2
322062.0,0.02006781090018189,2.0417379446695296,2.0417379446695296,0.06713458899218162,0.1635259670498227,172.0,68.28571428571429,0.9974534724861766,0.026810734972539503,14500.0,30.0,0.1388888888888889,S5,5,B3
322062.0,0.02006781090018189,2.0417379446695296,4.650503761666063,0.06531894479944855,0.17141187100620378,185.0,62.0,0.9965555452917197,0.029087007432885094,14190.0,46.0,0.08055555555555556,S5,5,B4
322062.0,0.02006781090018189,2.0417379446695296,2.0417379446695296,0.056784097471915346,0.16101558085089207,157.0,62.0,0.9972473527965025,0.02772625763250208,14665.0,45.0,0.0,S5,5,B5
322062.0,0.02006781090018189,2.0417379446695296,2.0417379446695296,0.09468984232849575,0.22446609659009756,250.0,72.0,0.9977237282531671,0.023928245914158323,13085.0,36.0,0.11388888888888889,S5,5,B6
322062.0,0.02006781090018189,2.0417379446695296,2.0417379446695296,0.07895995181052096,0.1327756767330514,160.0,58.857142857142854,0.9957789463352593,0.03143317727307958,15105.0,51.0,0.12777777777777777,S5,5,B7
322062.0,0.02006781090018189,2.0417379446695296,2.0417379446695296,0.12559227726338407,0.18110953791505982,218.0,67.57142857142857,0.9959246573165816,0.03302319793058068,14045.0,45.0,0.11388888888888889,S5,5,B8
322062.0,0.02006781090018189,2.0417379446695296,2.0417379446695296,0.09857806881904727,0.1664174910420975,184.0,65.57142857142857,0.9963210461005181,0.030270620384769645,13665.0,40.0,0.15833333333333333,S5,5,B9
322062.0,0.02006781090018189,2.0417379446695296,3.726061338637685,0.12479584676242463,0.1904509069682235,240.0,67.57142857142857,0.9942397122473272,0.03764479622339593,14045.0,45.0,0.11388888888888889,S5,5,B10
322062.0,0.02006781090018189,2.0417379446695296,2.0417379446695296,0.05504219684408592,0.15302022591923295,149.0,58.714285714285715,0.9958975018231662,0.03470514278489628,15285.0,51.0,0.0,S5,5,B11
309211.0,0.02006781090018189,0.02006781090018189,0.02006781090018189,0.0,0.0,0.0,0.0,0.9975863901983453,0.04343102236781988,25200.0,0.0,0.0,S5,6,A1
309211.0,0.02006781090018189,2.0417379446695296,2.9853826189179604,0.1723693529660976,0.21997438642221653,305.0,55.25,0.9918936097948962,0.039977610665541716,13860.0,23.0,0.0,S5,6,A2
309211.0,0.02006781090018189,2.0417379446695296,2.9853826189179604,0.17228284246032644,0.21875434573802355,295.0,55.25,0.9932028381447346,0.036878890885962676,13860.0,23.0,0.0,S5,6,A3
309211.0,0.02006781090018189,2.3919384495683134,3.4974378036641802,0.24571247465323032,0.22104000181106107,380.0,73.625,0.9942029865411062,0.0299378144624925,9435.0,41.0,0.0,S5,6,A4
309211.0,0.02006781090018189,2.0417379446695296,3.081413635333949,0.07699192460811549,0.20056288424409222,194.0,37.875,0.9907808242297923,0.055911675598589804,27075.0,27.0,0.0,S5,6,A5
309211.0,0.02006781090018189,2.0417379446695296,3.9696297343000686,0.0818567256662926,0.24045069547978565,228.0,43.625,0.9916560261628077,0.047293075063467256,23210.0,51.0,0.0,S5,6,A6
309211.0,0.02006781090018189,2.0417379446695296,2.0417379446695296,0.0807143018844737,0.19354502265443338,196.0,40.5,0.9959036017674098,0.031188673285037525,14090.0,40.0,0.17777777777777778,S5,6,B1
309211.0,0.02006781090018189,2.0417379446695296,2.1752040340195222,0.1300293327210222,0.17744679199640376,240.0,46.625,0.9963410773407947,0.03215670422740297,14415.0,52.0,0.08888888888888889,S5,6,B2
309211.0,0.02006781090018189,2.0417379446695296,2.0417379446695296,0.08148238581421748,0.1844331217194731,192.0,40.125,0.9964376746016372,0.03126165650206581,15385.0,31.0,0.275,S5,6,B3
309211.0,0.02006781090018189,2.0417379446695296,4.365158322401661,0.07035972200212799,0.19516123294449422,194.0,40.25,0.9947636613545559,0.03439164751923048,14150.0,41.0,0.17777777777777778,S5,6,B4
309211.0,0.02006781090018189,2.0417379446695296,2.0417379446695296,0.08099323762738066,0.18432720698810845,191.0,38.25,0.9969576011902916,0.029415182804096697,14915.0,52.0,0.0,S5,6,B5
309211.0,0.02006781090018189,2.0417379446695296,2.0417379446695296,0.0973534253309229,0.19445702125732914,209.0,42.875,0.9959328461129475,0.031352162935032284,14100.0,29.0,0.41944444444444445,S5,6,B6
309211.0,0.02006781090018189,2.0417379446695296,2.0417379446695296,0.10813085562932755,0.1685734013343639,203.0,41.375,0.9953593323328264,0.032085824950330674,14835.0,40.0,0.24722222222222223,S5,6,B7
309211.0,0.02006781090018189,2.0417379446695296,2.0417379446695296,0.057772039157727245,0.1781348334955742,172.0,34.875,0.9967022432716267,0.031398637663722785,14850.0,46.0,0.0,S5,6,B8
309211.0,0.02006781090018189,2.0417379446695296,2.0417379446695296,0.0613432251763359,0.176924494924178,175.0,35.125,0.9969924691068215,0.02927351080779018,14195.0,42.0,0.07222222222222222,S5,6,B9
309211.0,0.02006781090018189,2.0417379446695296,4.650503761666063,0.05375213042226829,0.20124526617746458,186.0,34.875,0.9948285875071925,0.03542054774927036,14850.0,46.0,0.0,S5,6,B10
309211.0,0.02006781090018189,2.0417379446695296,2.0417379446695296,0.057772039157727245,0.1781348334955742,172.0,34.875,0.9967022432716267,0.031398637663722785,14850.0,46.0,0.0,S5,6,B11
214564.0,0.02006781090018189,0.02006781090018189,0.02006781090018189,0.0,0.0,0.0,0.0,0.9987979462957373,0.03147666584399885,16200.0,0.0,0.0,S5,7,A1
214564.0,0.02006781090018189,2.0417379446695296,2.468880104906209,0.04589423202401148,0.1149482205775433,166.0,44.6,0.9947862163754859,0.029458203939681366,9015.0,17.0,0.0,S5,7,A2
214564.0,0.02006781090018189,2.0417379446695296,2.0417379446695296,0.045727615070561695,0.10944287019257658,140.0,44.6,0.9964807717529341,0.025238552902107542,9000.0,16.0,0.0,S5,7,A3
214564.0,0.02006781090018189,2.0417379446695296,2.6302679918953813,0.05471211386812326,0.19173649820100297,246.0,70.4,0.9946677711254582,0.02687441111314232,7640.0,30.0,0.0,S5,7,A4
214564.0,0.02006781090018189,1.8567353246307055,2.0417379446695296,0.01543362353423687,0.08420564493577674,80.0,21.2,0.993666582123472,0.04077406240471424,15435.0,20.0,0.0,S5,7,A5
214564.0,0.02006781090018189,0.3812852456636189,2.0417379446695296,0.0027893775283831398,0.046366119199865774,65.0,17.4,0.9925225152706365,0.043619416409813,13115.0,32.0,0.0,S5,7,A6
214564.0,0.02006781090018189,0.0518800038928961,2.0417379446695296,0.0023407934229414066,0.03954880595067206,35.0,15.8,0.9954081787079996,0.03278054507104719,9770.0,33.0,0.0,S5,7,B1
214564.0,0.02006781090018189,0.03126079367123956,2.0417379446695296,0.00965213176488134,0.03554184299323279,38.0,8.2,0.9965172260328223,0.027260299195495045,9735.0,26.0,0.0,S5,7,B2
214564.0,0.02006781090018189,0.03330427623087463,2.0417379446695296,0.010411811860330716,0.03729423388825712,41.0,8.8,0.9973497052182473,0.02462346084835176,9035.0,14.0,0.06666666666666667,S5,7,B3
214564.0,0.02006781090018189,0.25263877101318966,2.0417379446695296,0.002374582875039615,0.04358839320668891,69.0,15.8,0.9938156766102337,0.037087580011270216,9770.0,33.0,0.0,S5,7,B4
214564.0,0.02006781090018189,0.0518800038928961,2.0417379446695296,0.0023407934229414066,0.03954880595067206,35.0,15.8,0.9954081787079996,0.03278054507104719,9770.0,33.0,0.0,S5,7,B5
214564.0,0.02006781090018189,2.0417379446695296,2.0417379446695296,0.01604882459312839,0.09656093286851476,124.0,27.8,0.9965903407987523,0.025511589694078927,8255.0,22.0,0.06388888888888888,S5,7,B6
214564.0,0.02006781090018189,1.8567353246307055,2.0417379446695296,0.015081747171007251,0.06515538487351093,81.0,18.2,0.9959847011451235,0.02925810015880351,9430.0,33.0,0.0,S5,7,B7
214564.0,0.02006781090018189,0.03126079367123956,2.0417379446695296,0.009209373427042747,0.03434872578810984,37.0,7.8,0.9959208927128181,0.03252789358691151,10715.0,31.0,0.0,S5,7,B8
214564.0,0.02006781090018189,0.03330427623087463,2.0417379446695296,0.010122853787215003,0.035127048339889264,39.0,8.4,0.9958834076633342,0.030721807336952612,10220.0,29.0,0.0,S5,7,B9
214564.0,0.02006781090018189,0.04570881896148752,2.0417379446695296,0.008622136052646296,0.03670233589977816,56.0,7.8,0.9940376461170655,0.03727356432898797,10715.0,31.0,0.0,S5,7,B10
214564.0,0.02006781090018189,0.03126079367123956,2.0417379446695296,0.009209373427042747,0.03434872578810984,37.0,7.8,0.9959208927128181,0.03252789358691151,10715.0,31.0,0.0,S5,7,B11
361191.0,0.02006781090018189,0.02006781090018189,0.02006781090018189,0.0,0.0,0.0,0.0,0.9920420965428765,0.0788093697417523,45000.0,0.0,0.0,S5,8,A1
361191.0,0.02006781090018189,2.5482967479793466,3.9696297343000686,0.23932766874036174,0.28604533335548227,379.0,86.6,0.9887098417455501,0.05395026013652377,18480.0,32.0,0.0,S5,8,A2
361191.0,0.02006781090018189,2.5482967479793466,4.365158322401661,0.23740278689114624,0.29468688311724267,347.0,86.6,0.9911802232311245,0.04735799255666464,18465.0,31.0,0.0,S5,8,A3
361191.0,0.02006781090018189,2.1074146752966985,4.505572682644998,0.3128337915396563,0.28459803815709694,469.0,89.8,0.9932919168004106,0.03210805721837215,10855.0,49.0,0.0,S5,8,A4
361191.0,0.02006781090018189,2.0417379446695296,4.365158322401661,0.09974154948489858,0.2691131561971367,251.0,51.4,0.9862114056888979,0.07397825843341561,30990.0,33.0,0.0,S5,8,A5
361191.0,0.02006781090018189,2.0417379446695296,4.229119919212239,0.1152125883535304,0.21634606067150067,237.0,49.4,0.9910297052986627,0.05081203642501397,23130.0,56.0,0.0,S5,8,A6
361191.0,0.02006781090018189,2.0417379446695296,2.0417379446695296,0.10741546716280306,0.18205464698732804,203.0,48.3,0.994735891904663,0.0366652335209215,16310.0,42.0,0.17777777777777778,S5,8,B1
361191.0,0.02006781090018189,2.0417379446695296,2.0417379446695296,0.11285026481833711,0.19723498093806324,239.0,48.7,0.995994599228191,0.031312715114041996,16405.0,39.0,0.18611111111111112,S5,8,B2
361191.0,0.02006781090018189,2.0417379446695296,2.0417379446695296,0.07477345781041056,0.12143298144195176,118.0,39.4,0.9949820061198951,0.0387092676242381,18785.0,33.0,0.07222222222222222,S5,8,B3
361191.0,0.02006781090018189,2.0417379446695296,4.505572682644998,0.10502614959951936,0.19917024510577505,228.0,48.3,0.9937128465481055,0.039327825656772605,16655.0,42.0,0.17777777777777778,S5,8,B4
361191.0,0.02006781090018189,2.0417379446695296,2.0417379446695296,0.09137963016797207,0.16392019734710997,171.0,41.9,0.9957681852288772,0.03346312437811573,16740.0,53.0,0.0,S5,8,B5
361191.0,0.02006781090018189,2.0417379446695296,2.0417379446695296,0.11220517676243318,0.18798779593068488,231.0,43.9,0.9976348504372289,0.02505279185010866,14995.0,31.0,0.2,S5,8,B6
361191.0,0.02006781090018189,2.0417379446695296,2.0417379446695296,0.09228912126824866,0.11611308144444352,178.0,31.1,0.9956379656787716,0.03361162293861896,18130.0,49.0,0.1361111111111111,S5,8,B7
361191.0,0.02006781090018189,2.0417379446695296,2.1074146752966985,0.09611119878402286,0.20544947133234218,219.0,54.9,0.9933326903885318,0.03976046118838592,16140.0,39.0,0.3416666666666667,S5,8,B8
361191.0,0.02006781090018189,2.0417379446695296,2.1752040340195222,0.10521856856898427,0.22887890340567732,271.0,52.3,0.9942386073099727,0.034852105262462046,14550.0,36.0,0.25833333333333336,S5,8,B9
361191.0,0.02006781090018189,2.0417379446695296,4.365158322401661,0.09427145194647707,0.22071424814018067,239.0,54.9,0.9925078973702823,0.04174508380111767,16140.0,39.0,0.3416666666666667,S5,8,B10
361191.0,0.02006781090018189,2.0417379446695296,2.0417379446695296,0.06973734118513474,0.18708799499433817,165.0,40.9,0.9951597902977757,0.03580359214302111,17235.0,53.0,0.0,S5,8,B11
325459.0,0.02006781090018189,0.02006781090018189,0.02006781090018189,0.0,0.0,0.0,0.0,0.9882435656846233,0.09827448354562793,55800.0,0.0,0.0,S5,9,A1
325459.0,0.02006781090018189,2.0417379446695296,3.4974378036641802,0.07922810553710298,0.2535142675421482,190.0,68.28571428571429,0.9949234422052349,0.031444586992540456,16170.0,9.0,0.0,S5,9,A2
325459.0,0.02006781090018189,2.0417379446695296,3.726061338637685,0.07621697356656291,0.27184837414236507,183.0,68.28571428571429,0.995938612832183,0.028679429858944953,16170.0,9.0,0.0,S5,9,A3
325459.0,0.02006781090018189,2.0417379446695296,3.726061338637685,0.2875039559514409,0.2355911190042371,376.0,100.85714285714286,0.9941556615738677,0.028912849506074513,9410.0,38.0,0.0,S5,9,A4
325459.0,0.02006781090018189,0.12196915077508336,2.0417379446695296,0.007848146771175478,0.03983527879087689,74.0,9.428571428571429,0.9938792390399895,0.04278711934932755,21945.0,12.0,0.0,S5,9,A5
325459.0,0.02006781090018189,2.0417379446695296,3.9696297343000686,0.10369048021409763,0.21040438273330897,175.0,64.85714285714286,0.9926005502050288,0.044059999171048796,18620.0,40.0,0.0,S5,9,A6
325459.0,0.02006781090018189,2.0417379446695296,2.0417379446695296,0.054244927932550646,0.18674087980360046,122.0,61.0,0.9972717798269476,0.02650252341640841,13550.0,29.0,0.075,S5,9,B1
325459.0,0.02006781090018189,2.0417379446695296,2.0417379446695296,0.0497689417100157,0.11709385821255519,102.0,59.285714285714285,0.9971745973014645,0.02712217032973099,13345.0,31.0,0.07777777777777778,S5,9,B2
325459.0,0.02006781090018189,2.0417379446695296,2.0417379446695296,0.07214733653086872,0.136140036072132,183.0,63.714285714285715,0.9974825527309887,0.027379447552800053,15170.0,25.0,0.03333333333333333,S5,9,B3
325459.0,0.02006781090018189,2.0417379446695296,3.9696297343000686,0.0524559161061762,0.21123935733840515,153.0,61.0,0.9970448600321699,0.0272019273478422,13550.0,29.0,0.075,S5,9,B4
325459.0,0.02006781090018189,2.0417379446695296,2.0417379446695296,0.054244927932550646,0.2010898454183169,142.0,58.285714285714285,0.9970407499859042,0.02864455170676191,14700.0,41.0,0.0,S5,9,B5
325459.0,0.02006781090018189,2.0417379446695296,2.0417379446695296,0.07025769759017265,0.1643678620041234,134.0,53.142857142857146,0.996924404161007,0.02882322784947576,14235.0,31.0,0.08055555555555556,S5,9,B6
325459.0,0.02006781090018189,2.0417379446695296,2.0417379446695296,0.08313950451516167,0.11138269336537014,177.0,42.42857142857143,0.9975584154477707,0.024993469350300748,14625.0,31.0,0.06666666666666667,S5,9,B7
325459.0,0.02006781090018189,1.2302687708123812,2.0417379446695296,0.04477061626810136,0.06833118764575569,67.0,62.142857142857146,0.9948532313965067,0.03690663529813201,14325.0,36.0,0.10555555555555556,S5,9,B8
325459.0,0.02006781090018189,2.0417379446695296,2.0417379446695296,0.06703916622370253,0.13595107217806238,173.0,69.85714285714286,0.9956350127213377,0.03261329394236513,14035.0,43.0,0.09722222222222222,S5,9,B9
325459.0,0.02006781090018189,1.8567353246307055,3.726061338637685,0.04283488857275417,0.08421951766581966,102.0,62.142857142857146,0.9930695771447747,0.040511575831269346,14325.0,36.0,0.10555555555555556,S5,9,B10
325459.0,0.02006781090018189,1.2302687708123812,2.0417379446695296,0.04477061626810136,0.06720354944862486,58.0,52.857142857142854,0.994542972516825,0.03860053474021653,15590.0,48.0,0.0,S5,9,B11
379266.0,0.02006781090018189,0.02006781090018189,0.02006781090018189,0.0,0.0,0.0,0.0,0.9982858393326576,0.03512914967666746,25200.0,0.0,0.0,S6,0,A1
379266.0,0.02006781090018189,2.0417379446695296,2.3173946499684797,0.013247298729651484,0.11402485326920947,232.0,40.666666666666664,0.9933312650859725,0.0388173093712544,16620.0,24.0,0.0,S6,0,A2
379266.0,0.02006781090018189,2.0417379446695296,2.0417379446695296,0.01187029683652107,0.1087627153501764,145.0,40.666666666666664,0.9954207678736381,0.032614219536601395,16830.0,24.0,0.0,S6,0,A3
379266.0,0.02006781090018189,2.0417379446695296,2.1074146752966985,0.03177585124951881,0.18980214414157873,259.0,98.16666666666667,0.9927850458443725,0.03914244758616028,14305.0,58.0,0.0,S6,0,A4
379266.0,0.02006781090018189,0.02006781090018189,0.0518800038928961,0.0,0.001587276476140756,18.0,0.0,0.9905045787232087,0.05343118479132458,22710.0,30.0,0.0,S6,0,A5
379266.0,0.02006781090018189,0.025852348395621914,0.5232991146814947,0.0,0.010591510971191723,32.0,3.6666666666666665,0.9890536616939345,0.056584830249602903,20775.0,52.0,0.0,S6,0,A6
379266.0,0.02006781090018189,0.5939501549952435,2.0417379446695296,0.0017850268676865315,0.051655038943643775,64.0,29.0,0.9937054731668994,0.03871938419952812,16860.0,54.0,0.0,S6,0,B1
379266.0,0.02006781090018189,0.025852348395621914,1.8567353246307055,0.0013947994283695349,0.027368654189935296,37.0,6.833333333333333,0.9936020833541149,0.040508238526397955,17425.0,55.0,0.0,S6,0,B2
379266.0,0.02006781090018189,0.02754228703338166,1.8567353246307055,0.0013947994283695349,0.02739765758069534,37.0,28.666666666666668,0.9949392613606098,0.03461189690372188,16110.0,33.0,0.0,S6,0,B3
379266.0,0.02006781090018189,0.6741398498898495,2.0417379446695296,0.0017982102271229164,0.05468457494212505,96.0,29.0,0.9923968554908318,0.04334007919951306,16860.0,54.0,0.0,S6,0,B4
379266.0,0.02006781090018189,0.5939501549952435,2.0417379446695296,0.0017850268676865315,0.051655038943643775,64.0,29.0,0.9937054731668994,0.03871938419952812,16860.0,54.0,0.0,S6,0,B5
379266.0,0.02006781090018189,0.6531305526474723,2.0417379446695296,0.006662869859148988,0.052290476868477535,72.0,83.0,0.9947771601116179,0.03373918806004457,13910.0,45.0,0.0,S6,0,B6
379266.0,0.02006781090018189,0.6741398498898495,2.0417379446695296,0.0018825837275157804,0.053086751778435186,66.0,54.166666666666664,0.9928983215085314,0.03981576409021462,15985.0,58.0,0.0,S6,0,B7
379266.0,0.02006781090018189,0.5939501549952435,2.0417379446695296,0.0017850268676865315,0.051655038943643775,64.0,53.166666666666664,0.993458929119347,0.03824367550870832,16890.0,56.0,0.07222222222222222,S6,0,B8
379266.0,0.02006781090018189,0.037800713730181124,1.8567353246307055,0.0013947994283695349,0.026857139843803557,36.0,54.5,0.9940397032796987,0.036577567304210606,16320.0,46.0,0.0,S6,0,B9
379266.0,0.02006781090018189,0.6741398498898495,2.0417379446695296,0.0017982102271229164,0.055087985740878434,98.0,53.166666666666664,0.9929644512871826,0.04142964713712857,16890.0,56.0,0.07222222222222222,S6,0,B10
379266.0,0.02006781090018189,0.5939501549952435,2.0417379446695296,0.0017850268676865315,0.051655038943643775,64.0,53.166666666666664,0.993736749980754,0.038181143377043585,17110.0,56.0,0.0,S6,0,B11
404772.0,0.02006781090018189,0.02006781090018189,0.02006781090018189,0.0,0.0,0.0,0.0,0.9987700848184636,0.03030204119684632,25200.0,0.0,0.0,S6,1,A1
404772.0,0.02006781090018189,2.0417379446695296,3.1805336883295205,0.03187411678673426,0.18965800500034588,391.0,73.85714285714286,0.9925689931018955,0.04429179215605215,19620.0,40.0,0.0,S6,1,A2
404772.0,0.02006781090018189,2.0417379446695296,2.9853826189179604,0.029003364857252974,0.18752099947624837,263.0,73.85714285714286,0.9949491162582508,0.0363265325137264,20130.0,41.0,0.0,S6,1,A3
404772.0,0.02006781090018189,2.0417379446695296,2.802205621666748,0.015620522170505864,0.19028057770794424,281.0,81.28571428571429,0.9934917620335973,0.03706508560020452,15535.0,65.0,0.0,S6,1,A4
404772.0,0.02006781090018189,1.0174193661806046,2.0417379446695296,0.006186816281758619,0.0663824325793286,116.0,27.142857142857142,0.990096843891794,0.05773270168192547,30150.0,50.0,0.0,S6,1,A5
404772.0,0.02006781090018189,0.04290421892388853,0.3935500754557774,0.0,0.006099730218493374,59.0,22.714285714285715,0.9895117965206169,0.055634284898747,22650.0,67.0,0.0,S6,1,A6
404772.0,0.02006781090018189,0.12196915077508336,2.0417379446695296,0.008718488432994376,0.04343926951468975,61.0,23.428571428571427,0.9959459969135853,0.03368863723392884,17325.0,54.0,0.0,S6,1,B1
404772.0,0.02006781090018189,0.03548133892335755,2.0417379446695296,0.007992153607462967,0.023991283982093624,32.0,22.714285714285715,0.9941103793649323,0.03940433732486655,17290.0,60.0,0.0,S6,1,B2
404772.0,0.02006781090018189,0.8413951416451951,2.0417379446695296,0.010064307807852321,0.05445349480695305,78.0,43.57142857142857,0.9967280504692478,0.030161828170502714,15760.0,39.0,0.0,S6,1,B3
404772.0,0.02006781090018189,0.43276287768448307,2.0417379446695296,0.00831393969938632,0.04778677872975404,101.0,23.428571428571427,0.9945843105014851,0.03802130596914826,17325.0,54.0,0.0,S6,1,B4
404772.0,0.02006781090018189,0.12196915077508336,2.0417379446695296,0.008718488432994376,0.04343926951468975,61.0,23.428571428571427,0.9959459969135853,0.03368863723392884,17325.0,54.0,0.0,S6,1,B5
404772.0,0.02006781090018189,1.4876473740795015,2.0417379446695296,0.01311973160198828,0.07970536499560246,122.0,58.285714285714285,0.9960357514520869,0.031774907698395076,14200.0,50.0,0.0,S6,1,B6
404772.0,0.02006781090018189,0.7182076058301705,2.0417379446695296,0.011153810046149437,0.05307247042779639,81.0,35.714285714285715,0.9954582943298421,0.03265951819184617,15420.0,56.0,0.0,S6,1,B7
404772.0,0.02006781090018189,0.07120327999992027,2.0417379446695296,0.007992153607462967,0.03534088326267627,49.0,23.285714285714285,0.9948785109054059,0.036713023004617026,16460.0,57.0,0.0,S6,1,B8
404772.0,0.02006781090018189,0.13843630530808698,2.0417379446695296,0.00802674098010732,0.04379502534760309,61.0,23.571428571428573,0.9947968015055498,0.03668582457353785,16305.0,59.0,0.0,S6,1,B9
404772.0,0.02006781090018189,0.21565026690607325,2.0417379446695296,0.007515341970294388,0.03698872451651794,120.0,23.285714285714285,0.9943813305910718,0.03825129729660242,16460.0,57.0,0.0,S6,1,B10
404772.0,0.02006781090018189,0.07120327999992027,2.0417379446695296,0.007992153607462967,0.03534088326267627,49.0,23.285714285714285,0.9948785109054059,0.036713023004617026,16460.0,57.0,0.0,S6,1,B11
468909.0,0.02006781090018189,0.02006781090018189,0.02006781090018189,0.0,0.0,0.0,0.0,0.9981490273508811,0.036464315625271804,34200.0,0.0,0.0,S6,2,A1
468909.0,0.02006781090018189,2.0417379446695296,3.388441561392024,0.0304899244842816,0.15287401180186347,306.0,27.636363636363637,0.9939790675393325,0.03791446264323116,20790.0,30.0,0.0,S6,2,A2
468909.0,0.02006781090018189,2.0417379446695296,2.802205621666748,0.028307198198371113,0.13843304351164085,213.0,27.636363636363637,0.9958159042741751,0.03159495921030966,21375.0,29.0,0.0,S6,2,A3
468909.0,0.02006781090018189,2.0417379446695296,2.9853826189179604,0.023669837857665348,0.16360530508051668,270.0,50.54545454545455,0.9926350799754606,0.04015186248087193,17665.0,62.0,0.0,S6,2,A4
468909.0,0.02006781090018189,0.06683439175686146,2.0417379446695296,0.0030768230083022506,0.039954980603912484,77.0,9.636363636363637,0.9921091107756443,0.04777083558279358,28560.0,35.0,0.0,S6,2,A5
468909.0,0.02006781090018189,0.04027170343254591,1.6884958594867534,0.0006307193933151209,0.029415622220942655,69.0,10.272727272727273,0.9893747539886559,0.05415022076146676,25185.0,58.0,0.0,S6,2,A6
468909.0,0.02006781090018189,0.6130557921498209,2.0417379446695296,0.0018894924175053155,0.05198023497096452,98.0,17.818181818181817,0.9933702559138848,0.04436404741894339,21255.0,72.0,0.0,S6,2,B1
468909.0,0.02006781090018189,0.47588279098881686,2.0417379446695296,0.006284801528654814,0.04913106807504228,104.0,10.727272727272727,0.9932954100720656,0.04415978695471645,21185.0,73.0,0.0,S6,2,B2
468909.0,0.02006781090018189,1.584893192461114,2.0417379446695296,0.004724264196251298,0.07655589890575783,129.0,25.90909090909091,0.9954470697486993,0.03456350338954076,18160.0,46.0,0.0,S6,2,B3
468909.0,0.02006781090018189,0.8151734005153627,2.0417379446695296,0.00161865095359654,0.0597663939058538,155.0,17.818181818181817,0.9902447768210573,0.05215376761552635,21255.0,72.0,0.0,S6,2,B4
468909.0,0.02006781090018189,0.6130557921498209,2.0417379446695296,0.0018894924175053155,0.05198023497096452,98.0,17.818181818181817,0.9933702559138848,0.04436404741894339,21255.0,72.0,0.0,S6,2,B5
468909.0,0.02006781090018189,1.9781080029332403,2.0417379446695296,0.014947996306319563,0.08360844001714618,154.0,36.27272727272727,0.9951429376248664,0.03472727929254323,16335.0,50.0,0.0,S6,2,B6
468909.0,0.02006781090018189,1.1187936686591167,2.0417379446695296,0.007803219814505586,0.061007572897939684,120.0,25.727272727272727,0.9936735579154813,0.04019813826951256,18450.0,62.0,0.0,S6,2,B7
468909.0,0.02006781090018189,0.43276287768448307,1.9781080029332403,0.0006547112552755439,0.04783017600429934,89.0,24.727272727272727,0.9937406972868207,0.04197833456795144,19425.0,63.0,0.0,S6,2,B8
468909.0,0.02006781090018189,0.6531305526474723,2.0417379446695296,0.0013435442697836894,0.0534879902070551,97.0,25.09090909090909,0.9936032189300623,0.04212061977677077,19500.0,67.0,0.0,S6,2,B9
468909.0,0.02006781090018189,0.5754399373371569,2.0417379446695296,0.0006547112552755439,0.05207620241880621,145.0,24.727272727272727,0.9920894162802992,0.0461946078625563,19425.0,63.0,0.0,S6,2,B10
468909.0,0.02006781090018189,0.43276287768448307,1.9781080029332403,0.0006547112552755439,0.04783017600429934,89.0,24.727272727272727,0.9937406972868207,0.04197833456795144,19425.0,63.0,0.0,S6,2,B11
334344.0,0.02006781090018189,0.02006781090018189,0.02006781090018189,0.0,0.0,0.0,0.0,0.9991584087897061,0.025632961538844447,19800.0,0.0,0.0,S6,3,A1
334344.0,0.02006781090018189,2.0417379446695296,2.3919384495683134,0.012805673198861053,0.09539725552125954,178.0,26.0,0.9957196104506152,0.029958874255822516,13365.0,19.0,0.0,S6,3,A2
334344.0,0.02006781090018189,2.0417379446695296,2.0417379446695296,0.011701271744071973,0.09219172469073768,115.0,26.0,0.9971007228456997,0.02553094887069086,13545.0,19.0,0.0,S6,3,A3
334344.0,0.02006781090018189,1.9781080029332403,2.0417379446695296,0.010778569377646974,0.09512134209078076,138.0,29.2,0.9941386897469097,0.03447068865385171,11735.0,40.0,0.0,S6,3,A4
334344.0,0.02006781090018189,0.02006781090018189,0.04290421892388853,0.0,0.0010557988179838728,10.0,0.0,0.9930336833243103,0.04291155007513633,20100.0,26.0,0.0,S6,3,A5
334344.0,0.02006781090018189,0.02006781090018189,0.04570881896148752,0.0,0.0016868853635776326,15.0,0.0,0.9905411867412434,0.049530320811012635,17665.0,45.0,0.0,S6,3,A6
334344.0,0.02006781090018189,0.026683942737144424,1.5355006336570662,0.0,0.023601440432608332,24.0,16.8,0.9935862412780306,0.040652871877552864,14530.0,48.0,0.0,S6,3,B1
334344.0,0.02006781090018189,0.3812852456636189,2.0417379446695296,0.003245160672839949,0.046553848730648675,75.0,21.2,0.9943803696624383,0.03651435580985991,14600.0,47.0,0.0,S6,3,B2
334344.0,0.02006781090018189,0.025852348395621914,1.5355006336570662,0.0,0.023601440432608332,24.0,18.8,0.9953368477253609,0.03305624000961917,13335.0,31.0,0.0,S6,3,B3
334344.0,0.02006781090018189,0.04027170343254591,1.5355006336570662,0.0,0.02806091929270452,74.0,16.8,0.9911152387904126,0.047862506969537436,14530.0,48.0,0.0,S6,3,B4
334344.0,0.02006781090018189,0.026683942737144424,1.5355006336570662,0.0,0.023601440432608332,24.0,16.8,0.9935862412780306,0.040652871877552864,14530.0,48.0,0.0,S6,3,B5
334344.0,0.02006781090018189,1.191927939457827,2.0417379446695296,0.003245160672839949,0.07538941928074079,100.0,25.6,0.9961116470565129,0.028645361271902873,11685.0,31.0,0.0,S6,3,B6
334344.0,0.02006781090018189,0.4610520952362225,2.0417379446695296,0.003245160672839949,0.04845608116191707,77.0,21.8,0.994717523109275,0.03414282946143937,13190.0,42.0,0.0,S6,3,B7
334344.0,0.02006781090018189,0.06077850313707005,1.5355006336570662,0.0,0.025799775081951522,27.0,21.2,0.994086943458509,0.037174290846115725,14455.0,45.0,0.0,S6,3,B8
334344.0,0.02006781090018189,0.06273356959840379,1.5355006336570662,0.0,0.02603007680712081,27.0,21.4,0.9939858900425182,0.03720551548161647,13865.0,45.0,0.0,S6,3,B9
334344.0,0.02006781090018189,0.08341612282410431,1.5355006336570662,0.0,0.028671069317828344,69.0,21.2,0.9927920190291954,0.041184890788447524,14455.0,45.0,0.0,S6,3,B10
334344.0,0.02006781090018189,0.06077850313707005,1.5355006336570662,0.0,0.025799775081951522,27.0,21.2,0.994086943458509,0.037174290846115725,14455.0,45.0,0.0,S6,3,B11
446552.0,0.02006781090018189,0.02006781090018189,0.02006781090018189,0.0,0.0,0.0,0.0,0.9974022545050333,0.04360652278477152,36000.0,0.0,0.0,S6,4,A1
446552.0,0.02006781090018189,2.0417379446695296,2.9853826189179604,0.048580008599222485,0.12585208441570075,245.0,59.5,0.9918283505122544,0.04670715519631126,21960.0,27.0,0.0,S6,4,A2
446552.0,0.02006781090018189,2.0417379446695296,2.0417379446695296,0.03718715849441946,0.1129812429459503,134.0,58.666666666666664,0.9936198698363258,0.040918742482820646,22830.0,27.0,0.0,S6,4,A3
446552.0,0.02006781090018189,2.0417379446695296,3.726061338637685,0.10270920295956575,0.2781221447894086,432.0,84.5,0.9926566514161727,0.03887664210940637,16600.0,69.0,0.0,S6,4,A4
446552.0,0.02006781090018189,1.9781080029332403,2.0417379446695296,0.019483733137462156,0.08052477650979058,78.0,13.5,0.9906822966233539,0.054543213860803325,29265.0,35.0,0.0,S6,4,A5
446552.0,0.02006781090018189,0.9252306262333164,2.0417379446695296,0.008969280173417653,0.06020967322954549,85.0,25.5,0.989787497023167,0.05466907470718024,25890.0,66.0,0.0,S6,4,A6
446552.0,0.02006781090018189,0.5754399373371569,2.0417379446695296,0.019659524534656657,0.049862054139271576,47.0,24.166666666666668,0.9945781555040256,0.03940316362777392,19060.0,66.0,0.0,S6,4,B1
446552.0,0.02006781090018189,0.6130557921498209,2.0417379446695296,0.018817517332807825,0.052968075386517134,50.0,24.166666666666668,0.9943864664476865,0.038748379417789934,19275.0,61.0,0.0,S6,4,B2
446552.0,0.02006781090018189,1.0174193661806046,2.0417379446695296,0.02267597054766298,0.07356142173811785,71.0,27.5,0.9961419609865142,0.03369249634990935,18695.0,52.0,0.0,S6,4,B3
446552.0,0.02006781090018189,1.1187936686591167,2.7148760106825023,0.018716745194288682,0.059722048048155646,103.0,24.166666666666668,0.9929510744759813,0.043951231755427034,19060.0,66.0,0.0,S6,4,B4
446552.0,0.02006781090018189,0.5754399373371569,2.0417379446695296,0.019659524534656657,0.049862054139271576,47.0,24.166666666666668,0.9945781555040256,0.03940316362777392,19060.0,66.0,0.0,S6,4,B5
446552.0,0.02006781090018189,2.0417379446695296,2.0417379446695296,0.03386727637542772,0.11220529747935291,130.0,49.0,0.995955131864128,0.03153272645386991,16320.0,56.0,0.0,S6,4,B6
446552.0,0.02006781090018189,0.8684603593990751,2.0417379446695296,0.022116125333667747,0.0653316970923879,81.0,39.333333333333336,0.9943571911725732,0.03827393949000496,18420.0,67.0,0.0,S6,4,B7
446552.0,0.02006781090018189,0.41927599668460547,2.0417379446695296,0.019099679320661422,0.045587076085203966,44.0,19.666666666666668,0.9950357164925178,0.036636787499611294,19430.0,55.0,0.0,S6,4,B8
446552.0,0.02006781090018189,0.5069907082747045,2.0417379446695296,0.01963713072609685,0.04923726688045289,48.0,24.166666666666668,0.9948030972984854,0.037065196928006666,18515.0,62.0,0.0,S6,4,B9
446552.0,0.02006781090018189,0.9252306262333164,2.5482967479793466,0.017820992851896308,0.05661154803919812,82.0,19.666666666666668,0.9931517189227254,0.041272305872746065,19430.0,55.0,0.0,S6,4,B10
446552.0,0.02006781090018189,0.41927599668460547,2.0417379446695296,0.019099679320661422,0.045587076085203966,44.0,19.666666666666668,0.9950357164925178,0.036636787499611294,19430.0,55.0,0.0,S6,4,B11
383240.0,0.02006781090018189,0.02006781090018189,0.02006781090018189,0.0,0.0,0.0,0.0,0.9988940715898391,0.02865941998925653,23400.0,0.0,0.0,S6,5,A1
383240.0,0.02006781090018189,2.0417379446695296,2.2451739778971898,0.010821547855129945,0.10020026615175869,246.0,20.363636363636363,0.9931634174587758,0.03977927598383251,16095.0,26.0,0.0,S6,5,A2
383240.0,0.02006781090018189,1.4876473740795015,2.0417379446695296,0.0096421302578019,0.09000039139964514,139.0,20.363636363636363,0.9955855931467659,0.03275752926384186,16095.0,26.0,0.0,S6,5,A3
383240.0,0.02006781090018189,1.9164610627353873,2.0417379446695296,0.011210338169293394,0.10163800751487319,169.0,48.54545454545455,0.99468765141685,0.03463101818088735,13585.0,42.0,0.0,S6,5,A4
383240.0,0.02006781090018189,0.021379620895022326,0.06475152482255576,0.0,0.0016777998121281703,16.0,9.454545454545455,0.9903505796232164,0.05408837478504556,24060.0,31.0,0.0,S6,5,A5
383240.0,0.02006781090018189,0.0220673406908459,0.06077850313707005,0.0,0.0014377413631144974,19.0,2.1818181818181817,0.9889017963544319,0.05506380195228054,21095.0,45.0,0.0,S6,5,A6
383240.0,0.02006781090018189,0.09467820160680859,1.4412854420872234,0.0,0.029161882893226177,34.0,14.818181818181818,0.9932153106286988,0.04301691778394586,17575.0,57.0,0.0,S6,5,B1
383240.0,0.02006781090018189,0.0518800038928961,2.0417379446695296,0.0029589813171902726,0.030490032355703998,38.0,14.454545454545455,0.9935373866888627,0.04195515416079319,18265.0,48.0,0.0,S6,5,B2
383240.0,0.02006781090018189,0.22974707980333003,1.4412854420872234,0.0,0.03756392860870473,42.0,16.636363636363637,0.9947043457136,0.03757864145439858,15705.0,42.0,0.0,S6,5,B3
383240.0,0.02006781090018189,0.1428893958511103,1.584893192461114,0.0,0.028619142051977874,80.0,14.818181818181818,0.9905331022937597,0.05004261831626804,17575.0,57.0,0.0,S6,5,B4
383240.0,0.02006781090018189,0.09467820160680859,1.4412854420872234,0.0,0.029161882893226177,34.0,14.818181818181818,0.9932153106286988,0.04301691778394586,17575.0,57.0,0.0,S6,5,B5
383240.0,0.02006781090018189,1.2302687708123812,2.0417379446695296,0.006413083185471245,0.07335416449222419,83.0,27.272727272727273,0.9956245905534756,0.030996601823205634,13700.0,36.0,0.0,S6,5,B6
383240.0,0.02006781090018189,0.32546178349804583,2.0417379446695296,0.004472393278363428,0.04658438576349024,57.0,16.09090909090909,0.9946049371531237,0.03525396740921887,15380.0,44.0,0.0,S6,5,B7
383240.0,0.02006781090018189,0.26915348039269155,2.0417379446695296,0.004472393278363428,0.04565807327001357,57.0,15.0,0.9942547837593186,0.03823574561476795,16940.0,53.0,0.0,S6,5,B8
383240.0,0.02006781090018189,0.2867477375581316,2.0417379446695296,0.004472393278363428,0.04620342344222941,57.0,15.909090909090908,0.9947797931555669,0.035275467406961775,16335.0,46.0,0.0,S6,5,B9
383240.0,0.02006781090018189,0.5401321147646347,2.0417379446695296,0.004308657760150297,0.050542088508506416,100.0,15.0,0.9921174364256048,0.04369787838114759,16940.0,53.0,0.0,S6,5,B10
383240.0,0.02006781090018189,0.26915348039269155,2.0417379446695296,0.004472393278363428,0.04565807327001357,57.0,15.0,0.9942547837593186,0.03823574561476795,16940.0,53.0,0.0,S6,5,B11
438830.0,0.02006781090018189,0.02006781090018189,0.02006781090018189,0.0,0.0,0.0,0.0,0.9972583307817233,0.04359827988338248,34200.0,0.0,0.0,S6,6,A1
438830.0,0.02006781090018189,2.0417379446695296,3.609940135864167,0.040316295604220315,0.19207893717384864,338.0,72.55555555555556,0.9922296850649076,0.0446370922159258,22605.0,35.0,0.0,S6,6,A2
438830.0,0.02006781090018189,2.0417379446695296,3.1805336883295205,0.04606795342159834,0.18369983820613905,260.0,72.55555555555556,0.9940296567101972,0.039232943379630236,23805.0,38.0,0.0,S6,6,A3
438830.0,0.02006781090018189,2.0417379446695296,3.388441561392024,0.056749766424355676,0.2015575507599754,342.0,74.0,0.9904800552141461,0.04496719191035394,17395.0,66.0,0.0,S6,6,A4
438830.0,0.02006781090018189,1.6884958594867534,2.3919384495683134,0.006979923888521751,0.0928993004124604,117.0,36.77777777777778,0.9902895580176229,0.05758824055831802,34290.0,40.0,0.0,S6,6,A5
438830.0,0.02006781090018189,0.5939501549952435,1.8567353246307055,0.0009183510698903903,0.05281544105918009,89.0,31.77777777777778,0.9913046619375508,0.04857588160744247,26050.0,62.0,0.0,S6,6,A6
438830.0,0.02006781090018189,0.09772372209558107,2.0417379446695296,0.003937743545336463,0.04118679215185835,40.0,25.11111111111111,0.9934998015495679,0.04488261605571869,19735.0,69.0,0.0,S6,6,B1
438830.0,0.02006781090018189,0.04570881896148752,2.0417379446695296,0.002955586445776269,0.0357290978283162,36.0,25.88888888888889,0.9939123943806522,0.04105941359259455,20005.0,65.0,0.0,S6,6,B2
438830.0,0.02006781090018189,1.3963683610559376,2.0417379446695296,0.007427135792903858,0.08934382334844929,92.0,37.666666666666664,0.9952418647467007,0.03827129521751674,18590.0,50.0,0.0,S6,6,B3
438830.0,0.02006781090018189,0.5754399373371569,2.0417379446695296,0.003257525693320876,0.051622496183032156,98.0,25.11111111111111,0.9911026032636349,0.050679694274713256,19735.0,69.0,0.0,S6,6,B4
438830.0,0.02006781090018189,0.09772372209558107,2.0417379446695296,0.003937743545336463,0.04118679215185835,40.0,25.11111111111111,0.9934998015495679,0.04488261605571869,19735.0,69.0,0.0,S6,6,B5
438830.0,0.02006781090018189,2.0417379446695296,2.0417379446695296,0.019596426862338492,0.11490668368160792,134.0,64.77777777777777,0.9958927972046915,0.031575914370700515,15975.0,55.0,0.0,S6,6,B6
438830.0,0.02006781090018189,1.2698429144338064,2.0417379446695296,0.004959779413440285,0.07082583232686918,80.0,38.111111111111114,0.9948204503954955,0.0353849880826109,17760.0,61.0,0.0,S6,6,B7
438830.0,0.02006781090018189,0.26915348039269155,2.0417379446695296,0.003917234464371169,0.04195930086821776,50.0,32.333333333333336,0.9947361360907375,0.0367352470108769,18640.0,61.0,0.0,S6,6,B8
438830.0,0.02006781090018189,0.2867477375581316,2.0417379446695296,0.004539343253651756,0.04349748194061482,50.0,32.77777777777778,0.9944872184890271,0.03773069651760543,18555.0,63.0,0.0,S6,6,B9
438830.0,0.02006781090018189,0.43276287768448307,2.0417379446695296,0.0032028348107467582,0.04781920105735706,99.0,32.333333333333336,0.9943338621717452,0.03840210812948792,18640.0,61.0,0.0,S6,6,B10
438830.0,0.02006781090018189,0.26915348039269155,2.0417379446695296,0.003917234464371169,0.04195930086821776,50.0,32.333333333333336,0.9947361360907375,0.0367352470108769,18640.0,61.0,0.0,S6,6,B11
445315.0,0.02006781090018189,0.02006781090018189,0.02006781090018189,0.0,0.0,0.0,0.0,0.9947547065022296,0.06186591368296863,45000.0,0.0,0.0,S6,7,A1
445315.0,0.02006781090018189,2.0417379446695296,3.4974378036641802,0.09348158045428517,0.2431048808147042,329.0,71.72727272727273,0.9926418698786329,0.04251305766858697,20820.0,29.0,0.0,S6,7,A2
445315.0,0.02006781090018189,2.0417379446695296,3.4974378036641802,0.09150320559603876,0.2376615429527413,238.0,71.72727272727273,0.9949019005137711,0.03568142633897736,20745.0,30.0,0.0,S6,7,A3
445315.0,0.02006781090018189,2.0417379446695296,3.9696297343000686,0.12406947890818859,0.265501948059239,309.0,76.63636363636364,0.9916472934802366,0.04089519237054158,15675.0,64.0,0.0,S6,7,A4
445315.0,0.02006781090018189,2.0417379446695296,2.0417379446695296,0.024761124148074957,0.1148568990489878,108.0,44.27272727272727,0.9915858283359419,0.050984598733100954,29340.0,30.0,0.0,S6,7,A5
445315.0,0.02006781090018189,2.0417379446695296,2.7148760106825023,0.02584518823753972,0.10289289603988189,106.0,37.09090909090909,0.9904156996521316,0.05035894694490339,24745.0,60.0,0.0,S6,7,A6
445315.0,0.02006781090018189,2.0417379446695296,2.0417379446695296,0.03215757385221697,0.09993543895893918,97.0,38.09090909090909,0.9937719508790533,0.04058899995246552,20200.0,67.0,0.0,S6,7,B1
445315.0,0.02006781090018189,2.0417379446695296,2.0417379446695296,0.029698640288335222,0.09820408025779505,95.0,37.81818181818182,0.9939063427256676,0.04119605019094213,21340.0,65.0,0.0,S6,7,B2
445315.0,0.02006781090018189,2.0417379446695296,2.0417379446695296,0.039977880825932205,0.10272559873348079,105.0,40.72727272727273,0.9956531518000038,0.03380117578178234,19070.0,51.0,0.0,S6,7,B3
445315.0,0.02006781090018189,2.0417379446695296,3.388441561392024,0.03158269988659713,0.10655771757070838,125.0,38.09090909090909,0.9908579607955846,0.04832871823963071,20200.0,67.0,0.0,S6,7,B4
445315.0,0.02006781090018189,2.0417379446695296,2.0417379446695296,0.03215757385221697,0.09993543895893918,97.0,38.09090909090909,0.9937719508790533,0.04058899995246552,20200.0,67.0,0.0,S6,7,B5
445315.0,0.02006781090018189,2.0417379446695296,2.0417379446695296,0.052224268214634585,0.1183134410473485,149.0,44.90909090909091,0.9953049418348583,0.03231836681006282,16950.0,60.0,0.0,S6,7,B6
445315.0,0.02006781090018189,2.0417379446695296,2.0417379446695296,0.039277814580690074,0.10614508830827617,132.0,40.45454545454545,0.9935156005772356,0.038241345916194436,19910.0,69.0,0.0,S6,7,B7
445315.0,0.02006781090018189,2.0417379446695296,2.0417379446695296,0.03331854979059767,0.09597195243816176,96.0,37.0,0.9943884191909282,0.03713008445569241,19445.0,63.0,0.0,S6,7,B8
445315.0,0.02006781090018189,2.0417379446695296,2.0417379446695296,0.03410394889011149,0.0953459910400503,96.0,39.63636363636363,0.9946772298855501,0.035305926571492355,18905.0,65.0,0.0,S6,7,B9
445315.0,0.02006781090018189,2.0417379446695296,3.1805336883295205,0.032654413168206775,0.10289008903809663,118.0,37.0,0.9926942556910965,0.042444810952806736,19445.0,63.0,0.0,S6,7,B10
445315.0,0.02006781090018189,2.0417379446695296,2.0417379446695296,0.03331854979059767,0.09597195243816176,96.0,37.0,0.9943884191909282,0.03713008445569241,19445.0,63.0,0.0,S6,7,B11
436572.0,0.02006781090018189,0.02006781090018189,0.02006781090018189,0.0,0.0,0.0,0.0,0.9978181430247648,0.03941784789890011,32400.0,0.0,0.0,S6,8,A1
436572.0,0.02006781090018189,2.0417379446695296,2.468880104906209,0.009056925318160578,0.10629403626435044,261.0,25.75,0.9939532083493681,0.038273424345395,18600.0,28.0,0.0,S6,8,A2
436572.0,0.02006781090018189,2.0417379446695296,2.0417379446695296,0.007786802635075085,0.09544244706485987,155.0,25.75,0.9962164721520839,0.030575933754560778,18750.0,29.0,0.0,S6,8,A3
436572.0,0.02006781090018189,2.0417379446695296,2.0417379446695296,0.024183868869281585,0.10637191574356578,199.0,67.25,0.995467592185278,0.030302364628324925,15625.0,51.0,0.0,S6,8,A4
436572.0,0.02006781090018189,0.02006781090018189,0.0518800038928961,0.0,0.001692733386474625,16.0,16.875,0.9925220456095629,0.04658850978186239,27630.0,33.0,0.0,S6,8,A5
436572.0,0.02006781090018189,0.06683439175686146,2.0417379446695296,0.0025539888036795765,0.03732259512749329,52.0,8.125,0.991511052603816,0.0458519604637001,23910.0,51.0,0.0,S6,8,A6
436572.0,0.02006781090018189,0.1673978978860472,2.0417379446695296,0.0012437810945273632,0.04079968481716647,55.0,7.0,0.9944444599847937,0.04030953309480847,19130.0,57.0,0.0,S6,8,B1
436572.0,0.02006781090018189,0.43276287768448307,2.0417379446695296,0.009069523469210118,0.04813982573321239,84.0,7.125,0.9941160614395779,0.0400188342746432,19265.0,63.0,0.0,S6,8,B2
436572.0,0.02006781090018189,0.4911905467933634,2.0417379446695296,0.005327872607496587,0.04949469961426752,65.0,16.75,0.9964549162513954,0.031162122314404222,16865.0,39.0,0.0,S6,8,B3
436572.0,0.02006781090018189,0.3578903595427346,1.9781080029332403,0.00100899737042229,0.044484071355927544,98.0,7.0,0.9915601892069736,0.04874915844418802,19130.0,57.0,0.0,S6,8,B4
436572.0,0.02006781090018189,0.1673978978860472,2.0417379446695296,0.0012437810945273632,0.04079968481716647,55.0,7.0,0.9944444599847937,0.04030953309480847,19130.0,57.0,0.0,S6,8,B5
436572.0,0.02006781090018189,1.191927939457827,2.0417379446695296,0.015660647041037905,0.061119357173616266,105.0,32.375,0.9966339314309577,0.028353759501617965,15000.0,43.0,0.0,S6,8,B6
436572.0,0.02006781090018189,0.6958249547006052,2.0417379446695296,0.013445663029236873,0.05200516753250323,91.0,17.0,0.9961215694115602,0.03032096329666898,16325.0,49.0,0.0,S6,8,B7
436572.0,0.02006781090018189,0.1899984246214733,2.0417379446695296,0.0071694932336476,0.04292304591224357,63.0,7.25,0.9956442805743448,0.03552852228828215,17730.0,56.0,0.0,S6,8,B8
436572.0,0.02006781090018189,0.22974707980333003,2.0417379446695296,0.008136115005085072,0.04385989023574576,65.0,7.5,0.9958120848957691,0.03251179925683604,16845.0,48.0,0.0,S6,8,B9
436572.0,0.02006781090018189,0.41927599668460547,2.0417379446695296,0.006310528389360747,0.047048367737738565,95.0,7.25,0.9925367090942013,0.04375815517563612,17730.0,56.0,0.0,S6,8,B10
436572.0,0.02006781090018189,0.1899984246214733,2.0417379446695296,0.0071694932336476,0.04292304591224357,63.0,7.25,0.9956442805743448,0.03552852228828215,17730.0,56.0,0.0,S6,8,B11
381497.0,0.02006781090018189,0.02006781090018189,0.02006781090018189,0.0,0.0,0.0,0.0,0.9988175054448948,0.029727457128375205,23400.0,0.0,0.0,S6,9,A1
381497.0,0.02006781090018189,0.3812852456636189,2.3173946499684797,0.0017038141846462752,0.04407898358309502,182.0,22.6,0.992235707284968,0.04407321369206179,16200.0,27.0,0.0,S6,9,A2
381497.0,0.02006781090018189,0.05527134079444351,1.9781080029332403,0.0010052503689413023,0.029532342325103475,72.0,22.6,0.9943112754603244,0.03746237682659431,16365.0,27.0,0.0,S6,9,A3
381497.0,0.02006781090018189,1.8567353246307055,2.0417379446695296,0.006083927265483084,0.10544512800887032,192.0,34.8,0.993853118246896,0.03630745091819151,13385.0,49.0,0.0,S6,9,A4
381497.0,0.02006781090018189,0.02006781090018189,0.04027170343254591,0.0,0.00089122588119959,16.0,0.0,0.9913181729884268,0.0508629123354337,22245.0,25.0,0.0,S6,9,A5
381497.0,0.02006781090018189,0.02006781090018189,0.04570881896148752,0.0,0.0008781196182407725,10.0,0.0,0.9890697805588624,0.05388665071325878,20390.0,46.0,0.0,S6,9,A6
381497.0,0.02006781090018189,0.02006781090018189,0.03126079367123956,0.0,0.0,0.0,9.0,0.9921941776160851,0.047603773197471125,17465.0,64.0,0.0,S6,9,B1
381497.0,0.02006781090018189,0.02006781090018189,0.04156712619977309,0.0,0.0,0.0,17.5,0.9924427055809371,0.04411797722428953,17980.0,54.0,0.0,S6,9,B2
381497.0,0.02006781090018189,0.021379620895022326,0.7413102413009177,0.0,0.013963412556324165,16.0,10.9,0.9946204586715679,0.03869259882562596,16205.0,34.0,0.0,S6,9,B3
381497.0,0.02006781090018189,0.0220673406908459,0.16218100973589297,0.0,0.004398461848979153,55.0,9.0,0.9892118683774686,0.056926178625418086,17465.0,64.0,0.0,S6,9,B4
381497.0,0.02006781090018189,0.02006781090018189,0.03126079367123956,0.0,0.0,0.0,9.0,0.9921941776160851,0.047603773197471125,17465.0,64.0,0.0,S6,9,B5
381497.0,0.02006781090018189,0.5232991146814947,2.0417379446695296,0.0008781196182407725,0.05098336290980008,62.0,26.7,0.9945035208212302,0.0364222694495837,13860.0,43.0,0.0,S6,9,B6
381497.0,0.02006781090018189,0.6130557921498209,2.0417379446695296,0.0033368545493149358,0.051754011171778545,67.0,26.0,0.99262811872727,0.04316697395854667,15895.0,60.0,0.0,S6,9,B7
381497.0,0.02006781090018189,0.14748572927641243,1.6884958594867534,0.0,0.038262424081971814,50.0,24.4,0.9926972216809453,0.044560282708189,17270.0,60.0,0.06666666666666667,S6,9,B8
381497.0,0.02006781090018189,0.16218100973589297,2.0417379446695296,0.000865013355281955,0.039151028710579634,48.0,25.0,0.9926484410627732,0.04279865793514399,16565.0,58.0,0.05,S6,9,B9
381497.0,0.02006781090018189,0.2225871044793004,1.4876473740795015,8.781196182407726e-05,0.038808955247354504,91.0,24.4,0.9913790361004455,0.049483965599346195,17270.0,60.0,0.06666666666666667,S6,9,B10
381497.0,0.02006781090018189,0.1428893958511103,1.6884958594867534,0.0,0.03801864759093781,45.0,24.4,0.9931525596459921,0.042695414208916656,17510.0,57.0,0.0,S6,9,B11
301580.0,0.02006781090018189,0.02006781090018189,0.02006781090018189,0.0,0.0,0.0,0.0,0.9915443513042952,0.08293793224166135,45000.0,0.0,0.0,S5X,0,A1
301580.0,0.02006781090018189,2.0417379446695296,2.6302679918953813,0.2599442933881557,0.2505504343789376,373.0,68.88888888888889,0.9902936271223963,0.044097789049917464,11625.0,27.0,0.0,S5X,0,A2
301580.0,0.02006781090018189,2.0417379446695296,2.7148760106825023,0.2599442933881557,0.24963857019696267,364.0,68.88888888888889,0.9918068350658347,0.04076973531773061,11625.0,27.0,0.0,S5X,0,A3
301580.0,0.02006781090018189,2.0417379446695296,3.4974378036641802,0.2844552025996419,0.23289011207639765,380.0,68.77777777777777,0.9927050996701221,0.032430274015705196,8530.0,34.0,0.0,S5X,0,A4
301580.0,0.02006781090018189,2.0417379446695296,3.9696297343000686,0.1331984879633928,0.27927249817627164,279.0,60.0,0.9893217862964129,0.05982832062134891,23010.0,30.0,0.0,S5X,0,A5
301580.0,0.02006781090018189,2.0417379446695296,3.9696297343000686,0.10749220770608131,0.19473274089793752,226.0,55.333333333333336,0.9913968048457772,0.04838008109863624,19765.0,38.0,0.0,S5X,0,A6
301580.0,0.02006781090018189,2.0417379446695296,2.0417379446695296,0.12802573114928045,0.1905696664235029,222.0,42.77777777777778,0.9930473122920488,0.04720781619595077,21045.0,37.0,0.3111111111111111,S5X,0,B1
301580.0,0.02006781090018189,2.0417379446695296,2.0417379446695296,0.12848663704489688,0.17248822866237815,214.0,42.55555555555556,0.9931497242628108,0.04281675299795866,18835.0,33.0,0.325,S5X,0,B2
301580.0,0.02006781090018189,2.0417379446695296,2.0417379446695296,0.1331620133961138,0.18294979773194509,223.0,42.22222222222222,0.9924686837787257,0.048605501547372774,22940.0,30.0,0.44722222222222224,S5X,0,B3
301580.0,0.02006781090018189,2.0417379446695296,4.365158322401661,0.12262666622455069,0.21024686650308375,229.0,42.77777777777778,0.9920347220143776,0.04932615177742164,21485.0,37.0,0.3111111111111111,S5X,0,B4
301580.0,0.02006781090018189,2.0417379446695296,2.0417379446695296,0.12214669407785662,0.19253929305656875,218.0,42.77777777777778,0.9948590991404839,0.03718414520549552,16675.0,49.0,0.0,S5X,0,B5
301580.0,0.02006781090018189,2.0417379446695296,2.0417379446695296,0.1497148352012733,0.19048345380993434,238.0,44.55555555555556,0.9904777028299806,0.05323609003278648,21170.0,32.0,0.38055555555555554,S5X,0,B6
301580.0,0.02006781090018189,2.0417379446695296,2.0417379446695296,0.14385900921811792,0.1304330525896943,206.0,27.88888888888889,0.993456424924139,0.044864766060022605,21475.0,35.0,0.35833333333333334,S5X,0,B7
301580.0,0.02006781090018189,2.0417379446695296,2.468880104906209,0.17911665229789775,0.2304529478082101,277.0,47.0,0.995512961830517,0.03248323316665763,14235.0,38.0,0.26666666666666666,S5X,0,B8
301580.0,0.02006781090018189,2.0417379446695296,2.0417379446695296,0.18033191856223887,0.22681046488493933,276.0,47.666666666666664,0.9960765291314131,0.033141136207491914,15470.0,36.0,0.31666666666666665,S5X,0,B9
301580.0,0.02006781090018189,2.0417379446695296,4.650503761666063,0.17566648982027985,0.24534617680217521,282.0,47.0,0.9939275645289536,0.0362876441925521,14370.0,38.0,0.26666666666666666,S5X,0,B10
301580.0,0.02006781090018189,2.0417379446695296,2.0417379446695296,0.10656044830559055,0.19382419258571523,207.0,41.44444444444444,0.9951724551430879,0.03749822075204989,16505.0,50.0,0.0,S5X,0,B11
288502.0,0.02006781090018189,0.02006781090018189,0.02006781090018189,0.0,0.0,0.0,0.0,0.9929181306182238,0.07620211998862807,39600.0,0.0,0.0,S5X,1,A1
288502.0,0.02006781090018189,2.0417379446695296,3.388441561392024,0.1855377085774102,0.24061878253876923,324.0,51.6,0.9884041511752178,0.05130540662601534,14370.0,32.0,0.0,S5X,1,A2
288502.0,0.02006781090018189,2.0417379446695296,2.892344370499147,0.18445972644903674,0.2615545126203631,302.0,51.6,0.9910421529100276,0.04551156740871172,14370.0,32.0,0.0,S5X,1,A3
288502.0,0.02006781090018189,2.0417379446695296,2.9853826189179604,0.19707142411491083,0.2659513625555455,352.0,64.4,0.9918275149312783,0.036896905409097784,9530.0,41.0,0.0,S5X,1,A4
288502.0,0.02006781090018189,2.0417379446695296,3.388441561392024,0.11449574006419366,0.1966251533784861,209.0,33.1,0.9868671135557432,0.0665637964735842,24570.0,35.0,0.0,S5X,1,A5
288502.0,0.02006781090018189,2.0417379446695296,3.4974378036641802,0.09205655420066412,0.20275942627780744,201.0,32.7,0.9893847955725226,0.051338922839184564,19405.0,54.0,0.0,S5X,1,A6
288502.0,0.02006781090018189,2.0417379446695296,2.0417379446695296,0.09772029310022114,0.18275263256407234,202.0,44.0,0.9921669479966418,0.04697576881922855,17590.0,35.0,0.3638888888888889,S5X,1,B1
288502.0,0.02006781090018189,2.0417379446695296,2.0417379446695296,0.09810850531365467,0.18351865844950815,203.0,44.2,0.99178349526264,0.0478914342206399,17720.0,35.0,0.36666666666666664,S5X,1,B2
288502.0,0.02006781090018189,2.0417379446695296,2.0417379446695296,0.0828001192366084,0.10028699974350265,141.0,39.7,0.9916907895749585,0.0481983916535191,18480.0,27.0,0.5027777777777778,S5X,1,B3
288502.0,0.02006781090018189,2.0417379446695296,3.8459178204535354,0.08023427913844618,0.16719554803779524,179.0,31.0,0.9926085977872089,0.044811053279606425,17550.0,33.0,0.3638888888888889,S5X,1,B4
288502.0,0.02006781090018189,2.0417379446695296,2.0417379446695296,0.08406874129122155,0.11322625146446125,145.0,42.0,0.9933774897266697,0.04236978802343195,15570.0,53.0,0.0,S5X,1,B5
288502.0,0.02006781090018189,2.0417379446695296,2.0417379446695296,0.1025989421217184,0.10435976180407762,168.0,44.0,0.9910482894009843,0.0494098704274021,17175.0,30.0,0.45,S5X,1,B6
288502.0,0.02006781090018189,2.0417379446695296,2.0417379446695296,0.09584682255235666,0.0947688404239832,154.0,36.7,0.9913884124389325,0.05029173318943369,19460.0,35.0,0.44722222222222224,S5X,1,B7
288502.0,0.02006781090018189,2.0417379446695296,2.0417379446695296,0.07612772181821963,0.1223457722996721,136.0,40.1,0.9930062495802273,0.04330290407312503,15475.0,37.0,0.3527777777777778,S5X,1,B8
288502.0,0.02006781090018189,2.0417379446695296,2.0417379446695296,0.12301474513174952,0.1080339131097878,164.0,45.3,0.9919852941080028,0.04549407052781038,15185.0,32.0,0.5805555555555556,S5X,1,B9
288502.0,0.02006781090018189,2.0417379446695296,3.8459178204535354,0.07336344288774428,0.14258653319561043,168.0,40.1,0.9909489803171314,0.04753300758270522,15475.0,37.0,0.3527777777777778,S5X,1,B10
288502.0,0.02006781090018189,2.0417379446695296,2.0417379446695296,0.07612772181821963,0.1223457722996721,136.0,41.8,0.9931192203010467,0.04354581124365628,16220.0,53.0,0.0,S5X,1,B11
413831.0,0.02006781090018189,0.02006781090018189,0.02006781090018189,0.0,0.0,0.0,0.0,0.9947827727175003,0.06113598899478668,39600.0,0.0,0.0,S5X,2,A1
413831.0,0.02006781090018189,2.0417379446695296,2.2451739778971898,0.13470474662362172,0.17468483511385083,284.0,50.94117647058823,0.9895187926032714,0.05286513826421444,20700.0,22.0,0.0,S5X,2,A2
413831.0,0.02006781090018189,2.0417379446695296,2.1752040340195222,0.13462681626074413,0.17462261164581677,278.0,50.94117647058823,0.9914593471145574,0.04840682929664642,20700.0,22.0,0.0,S5X,2,A3
413831.0,0.7413102413009177,2.7148760106825023,4.365158322401661,0.33359632313673937,0.3420514654532889,629.0,68.23529411764706,0.9867695602113421,0.050668384501965896,12380.0,62.0,0.0,S5X,2,A4
413831.0,0.02006781090018189,2.0417379446695296,2.892344370499147,0.07577610183867327,0.14827671199112682,211.0,31.0,0.9893437263575866,0.06796100765717253,36450.0,29.0,0.0,S5X,2,A5
413831.0,0.02006781090018189,2.0417379446695296,3.388441561392024,0.11949624363568703,0.2515151112410622,367.0,36.470588235294116,0.9853272941011948,0.07201870318380144,31970.0,72.0,0.0,S5X,2,A6
413831.0,0.02006781090018189,2.0417379446695296,2.0417379446695296,0.12947797530876132,0.1589102798002083,258.0,50.11764705882353,0.9913535500237745,0.051560394751201936,22925.0,36.0,0.725,S5X,2,B1
413831.0,0.02006781090018189,2.0417379446695296,2.0417379446695296,0.10792388680403353,0.2001704802201865,301.0,43.94117647058823,0.9907121908315,0.05466079949399032,22745.0,41.0,0.6916666666666667,S5X,2,B2
413831.0,0.02006781090018189,2.0417379446695296,2.0417379446695296,0.1145310525311057,0.16689542349413167,251.0,49.705882352941174,0.9922965921057209,0.04809829770818603,22280.0,31.0,0.7833333333333333,S5X,2,B3
413831.0,0.02006781090018189,2.0417379446695296,3.4974378036641802,0.11538707830007902,0.17313649774908116,260.0,44.529411764705884,0.9917554496827881,0.05047586729133793,23180.0,33.0,0.725,S5X,2,B4
413831.0,0.02006781090018189,2.0417379446695296,2.0417379446695296,0.11016816043264038,0.16272826346987054,258.0,30.352941176470587,0.9914903608213191,0.05253405284793558,24320.0,74.0,0.0,S5X,2,B5
413831.0,0.02006781090018189,2.0417379446695296,2.0417379446695296,0.07978921347119959,0.13416044230615878,199.0,27.41176470588235,0.9938183837635133,0.047235184665688476,25405.0,35.0,0.7305555555555555,S5X,2,B6
413831.0,0.02006781090018189,2.0417379446695296,2.0417379446695296,0.09848102244636095,0.14256181871343615,234.0,37.94117647058823,0.9925602980205862,0.04958910468522824,24300.0,38.0,0.7,S5X,2,B7
413831.0,0.02006781090018189,2.0417379446695296,2.0417379446695296,0.122790462773451,0.15540522580473673,247.0,43.11764705882353,0.9929055493107471,0.04694129308093633,23060.0,37.0,0.6694444444444444,S5X,2,B8
413831.0,0.02006781090018189,2.0417379446695296,2.0417379446695296,0.12202686603951855,0.15495093407695412,246.0,36.88235294117647,0.9915024821059963,0.05455646169052094,26950.0,39.0,0.6972222222222222,S5X,2,B9
413831.0,0.02006781090018189,2.0417379446695296,3.4974378036641802,0.12106572489736149,0.16421739792330686,253.0,43.11764705882353,0.9923569471434823,0.048071842103249496,23195.0,37.0,0.6694444444444444,S5X,2,B10
413831.0,0.02006781090018189,2.0417379446695296,2.0417379446695296,0.09962520932457936,0.16167710973803315,251.0,18.705882352941178,0.991458850375027,0.05554224560450093,26425.0,80.0,0.0,S5X,2,B11
341498.0,0.02006781090018189,0.02006781090018189,0.02006781090018189,0.0,0.0,0.0,0.0,0.9905666045095712,0.08654409219111374,48600.0,0.0,0.0,S5X,3,A1
341498.0,0.02006781090018189,2.0417379446695296,2.7148760106825023,0.08004000023426198,0.22133511762880018,299.0,36.0,0.9879121940339147,0.05916625236012043,20130.0,20.0,0.0,S5X,3,A2
341498.0,0.02006781090018189,2.0417379446695296,2.0417379446695296,0.07889943718557649,0.21838195245652975,267.0,36.0,0.990632553193219,0.05245459188436008,20100.0,21.0,0.0,S5X,3,A3
341498.0,0.02006781090018189,2.0417379446695296,3.388441561392024,0.3039842107420834,0.2908567546515646,484.0,70.76923076923077,0.991152083179133,0.03798674932328762,9780.0,40.0,0.0,S5X,3,A4
341498.0,0.02006781090018189,2.0417379446695296,2.0417379446695296,0.04799954904567523,0.09406863290560999,128.0,28.153846153846153,0.986692027989222,0.07352453059780686,32280.0,28.0,0.0,S5X,3,A5
341498.0,0.02006781090018189,2.2451739778971898,2.9853826189179604,0.11723494720320471,0.19971566451340858,240.0,33.0,0.9865889854703364,0.06592193214955495,26320.0,54.0,0.0,S5X,3,A6
341498.0,0.02006781090018189,2.0417379446695296,2.0417379446695296,0.06472219456629322,0.21016082085400206,208.0,41.46153846153846,0.9918422669782652,0.05211348299178565,22270.0,34.0,0.4111111111111111,S5X,3,B1
341498.0,0.02006781090018189,2.0417379446695296,2.3173946499684797,0.1538222771436436,0.29072205400910106,332.0,53.23076923076923,0.9916766971054449,0.04930284970675509,18575.0,34.0,0.5222222222222223,S5X,3,B2
341498.0,0.02006781090018189,2.0417379446695296,2.0417379446695296,0.07791626890933476,0.1911482644115046,202.0,43.30769230769231,0.9900229470091396,0.05734473068330259,23205.0,31.0,0.6111111111111112,S5X,3,B3
341498.0,0.02006781090018189,2.0417379446695296,3.1805336883295205,0.05974412734481607,0.14486322028240284,177.0,26.46153846153846,0.992195858221737,0.05121001518756781,22735.0,34.0,0.4111111111111111,S5X,3,B4
341498.0,0.02006781090018189,2.0417379446695296,2.0417379446695296,0.13954840145476693,0.17775653151702206,237.0,29.153846153846153,0.9929769298053088,0.0452108225082476,19940.0,72.0,0.0,S5X,3,B5
341498.0,0.02006781090018189,2.0417379446695296,2.0417379446695296,0.0911030225652859,0.18177705286707388,209.0,44.07692307692308,0.9910152281873912,0.053982041621073555,22985.0,30.0,0.5055555555555555,S5X,3,B6
341498.0,0.02006781090018189,2.0417379446695296,2.0417379446695296,0.07922813603593579,0.1514642838318233,192.0,40.0,0.987782734687044,0.06825196640513626,29420.0,38.0,0.49444444444444446,S5X,3,B7
341498.0,0.02006781090018189,2.0417379446695296,2.0417379446695296,0.08061833451440419,0.14424974670422666,206.0,25.53846153846154,0.9909105710152751,0.05382204195956429,21075.0,43.0,0.49166666666666664,S5X,3,B8
341498.0,0.02006781090018189,2.0417379446695296,2.1074146752966985,0.17850104539411651,0.25445024568225877,302.0,61.23076923076923,0.9935022649471844,0.041442539105119185,16320.0,34.0,0.4861111111111111,S5X,3,B9
341498.0,0.02006781090018189,2.0417379446695296,2.7148760106825023,0.0777625344804362,0.1527483323474808,220.0,25.53846153846154,0.9898218487186217,0.05647132856106956,21075.0,43.0,0.49166666666666664,S5X,3,B10
341498.0,0.02006781090018189,2.0417379446695296,2.0417379446695296,0.12319105821996029,0.17614305208229625,224.0,29.23076923076923,0.9927434302284828,0.048925920772508576,20125.0,74.0,0.0,S5X,3,B11
289879.0,0.02006781090018189,0.02006781090018189,0.02006781090018189,0.0,0.0,0.0,0.0,0.9921022478550338,0.08002004337790668,43200.0,0.0,0.0,S5X,4,A1
289879.0,0.02006781090018189,2.0417379446695296,2.468880104906209,0.08138050703914392,0.10261350425522373,154.0,53.25,0.9904848164561966,0.04432808542619975,14970.0,20.0,0.0,S5X,4,A2
289879.0,0.02006781090018189,2.0417379446695296,2.468880104906209,0.08138050703914392,0.10261350425522373,154.0,53.25,0.9918454962777918,0.04124477387277348,14970.0,20.0,0.0,S5X,4,A3
289879.0,0.02006781090018189,2.468880104906209,2.5482967479793466,0.19990323548791047,0.25675626727013684,310.0,61.125,0.9931698313442163,0.03100565803131153,8625.0,29.0,0.0,S5X,4,A4
289879.0,0.02006781090018189,2.0417379446695296,2.0417379446695296,0.04604248669272352,0.09829014864822909,110.0,48.875,0.9910945774015611,0.05270352369626502,22965.0,22.0,0.0,S5X,4,A5
289879.0,0.02006781090018189,2.0417379446695296,2.892344370499147,0.039118045805318774,0.13477864902252318,141.0,23.625,0.9908482012683262,0.04916421960885164,20795.0,35.0,0.0,S5X,4,A6
289879.0,0.02006781090018189,2.0417379446695296,2.0417379446695296,0.07804290755798109,0.21089489062677877,176.0,51.625,0.9960069849841555,0.033160170350190456,15720.0,27.0,0.2361111111111111,S5X,4,B1
289879.0,0.02006781090018189,2.0417379446695296,2.0417379446695296,0.18000269077787628,0.21192635547935518,250.0,52.5,0.9960640761681699,0.03020227572007328,12490.0,28.0,0.2861111111111111,S5X,4,B2
289879.0,0.02006781090018189,2.0417379446695296,2.0417379446695296,0.09110697911887373,0.20361599149990167,183.0,52.5,0.995355570750199,0.032920729428540386,14785.0,15.0,0.4111111111111111,S5X,4,B3
289879.0,0.02006781090018189,2.0417379446695296,3.388441561392024,0.06659330272286022,0.23039613079940252,180.0,51.125,0.9952820593050764,0.03451364364423154,16050.0,26.0,0.2361111111111111,S5X,4,B4
289879.0,0.02006781090018189,2.0417379446695296,2.0417379446695296,0.05719972816244019,0.19358076990744413,161.0,48.875,0.9960945993284953,0.033799294282329154,15845.0,36.0,0.0,S5X,4,B5
289879.0,0.02006781090018189,2.0417379446695296,2.0417379446695296,0.10497138461220026,0.20271216611068757,195.0,53.0,0.9939052925341461,0.039636465087682954,16730.0,23.0,0.36944444444444446,S5X,4,B6
289879.0,0.02006781090018189,2.0417379446695296,2.0417379446695296,0.18131358256375937,0.20578241266183478,247.0,52.125,0.9950485190188526,0.03294829962439691,13635.0,28.0,0.2972222222222222,S5X,4,B7
289879.0,0.02006781090018189,2.0417379446695296,2.0417379446695296,0.17294802314068974,0.21276463627927514,246.0,52.0,0.9950750773952383,0.036857747352001126,14045.0,33.0,0.21944444444444444,S5X,4,B8
289879.0,0.02006781090018189,2.0417379446695296,2.0417379446695296,0.05201825589297603,0.17807429996653776,158.0,50.0,0.9952830478214646,0.03646195944500448,17800.0,27.0,0.20277777777777778,S5X,4,B9
289879.0,0.02006781090018189,2.0417379446695296,3.4974378036641802,0.17057116934997016,0.2270257590235926,255.0,52.0,0.9933804052480658,0.04055044066770282,14045.0,33.0,0.21944444444444444,S5X,4,B10
289879.0,0.02006781090018189,2.0417379446695296,2.0417379446695296,0.05335674540066718,0.19537807154019435,159.0,48.5,0.9955745924057621,0.037259461018307995,16620.0,41.0,0.0,S5X,4,B11
330999.0,0.02006781090018189,0.02006781090018189,0.02006781090018189,0.0,0.0,0.0,0.0,0.9866768077464299,0.10386572960217592,57600.0,0.0,0.0,S5X,5,A1
330999.0,0.02006781090018189,2.0417379446695296,2.0417379446695296,0.22458224949320088,0.18855192915990682,267.0,47.45454545454545,0.9906519600067623,0.04644105941138612,14625.0,21.0,0.0,S5X,5,A2
330999.0,0.02006781090018189,2.0417379446695296,2.0417379446695296,0.22454146387149207,0.1867679358547911,248.0,47.45454545454545,0.9927898476809957,0.04137881969124163,14625.0,21.0,0.0,S5X,5,A3
330999.0,0.02006781090018189,2.0417379446695296,3.388441561392024,0.36042480490877615,0.2070028912474056,413.0,56.0,0.9905351460783781,0.0408586441065004,8400.0,45.0,0.0,S5X,5,A4
330999.0,0.02006781090018189,2.0417379446695296,2.892344370499147,0.15721044474454607,0.15776331650548794,168.0,38.27272727272727,0.988637178981166,0.06250969211448788,25155.0,28.0,0.0,S5X,5,A5
330999.0,0.02006781090018189,2.0417379446695296,3.9696297343000686,0.19544394393940767,0.2322824238139692,287.0,40.72727272727273,0.9893384057052377,0.054627846781534616,20590.0,55.0,0.0,S5X,5,A6
330999.0,0.02006781090018189,2.0417379446695296,2.0417379446695296,0.14316961682663693,0.128946008900329,148.0,36.90909090909091,0.9889981481176346,0.06273499865129446,25450.0,39.0,0.41388888888888886,S5X,5,B1
330999.0,0.02006781090018189,2.0417379446695296,2.3173946499684797,0.19743564179952205,0.15907600929307944,212.0,40.27272727272727,0.9904843504798482,0.05645460211640634,23975.0,33.0,0.6,S5X,5,B2
330999.0,0.02006781090018189,2.0417379446695296,2.1752040340195222,0.19955347297121745,0.156012555929172,230.0,40.09090909090909,0.9910638717324555,0.05433758981389685,23540.0,34.0,0.6,S5X,5,B3
330999.0,0.02006781090018189,2.0417379446695296,3.9696297343000686,0.14019906404551072,0.13794679138003438,165.0,36.90909090909091,0.9881446632638454,0.06490000122196227,26365.0,40.0,0.41388888888888886,S5X,5,B4
330999.0,0.02006781090018189,2.0417379446695296,2.0417379446695296,0.2028374708080689,0.23335720047492592,279.0,45.27272727272727,0.9928091488520943,0.044839737422514896,18345.0,66.0,0.0,S5X,5,B5
330999.0,0.02006781090018189,2.0417379446695296,2.0417379446695296,0.1659378125009441,0.17560098368877247,224.0,37.45454545454545,0.9895381012008988,0.06027844072623911,25905.0,36.0,0.4888888888888889,S5X,5,B6
330999.0,0.02006781090018189,2.0417379446695296,2.0417379446695296,0.18617881020788582,0.11885232281668524,194.0,39.54545454545455,0.9870902755959459,0.06674541765876581,26690.0,38.0,0.4777777777777778,S5X,5,B7
330999.0,0.02006781090018189,2.0417379446695296,2.1752040340195222,0.18774679077580295,0.18019691902392454,229.0,41.18181818181818,0.990828205707596,0.05337544745265721,21210.0,46.0,0.3888888888888889,S5X,5,B8
330999.0,0.02006781090018189,2.0417379446695296,2.1752040340195222,0.18776265185091193,0.17996353463303513,229.0,41.18181818181818,0.9914997500563325,0.050125308389874855,20135.0,30.0,0.6472222222222223,S5X,5,B9
330999.0,0.02006781090018189,2.0417379446695296,3.9696297343000686,0.18618032078646762,0.18551868736763555,231.0,41.18181818181818,0.9896030049622141,0.056533767085536035,21615.0,46.0,0.3888888888888889,S5X,5,B10
330999.0,0.02006781090018189,2.0417379446695296,2.0417379446695296,0.16800654986873073,0.2176109293381551,253.0,43.45454545454545,0.9919968165460041,0.0493605061929206,19445.0,73.0,0.0,S5X,5,B11
338647.0,0.02006781090018189,0.02006781090018189,0.02006781090018189,0.0,0.0,0.0,0.0,0.9923061039905838,0.07733452111421564,45000.0,0.0,0.0,S5X,6,A1
338647.0,0.02006781090018189,2.0417379446695296,2.5482967479793466,0.19266670013317702,0.2619423765750176,402.0,69.38461538461539,0.9846204276515843,0.06480904998631352,15720.0,29.0,0.0,S5X,6,A2
338647.0,0.02006781090018189,2.0417379446695296,2.5482967479793466,0.19204806184611115,0.25807847109231735,358.0,69.38461538461539,0.9877697541405533,0.057826724046678095,15870.0,29.0,0.0,S5X,6,A3
338647.0,0.02006781090018189,2.2451739778971898,3.4974378036641802,0.28357256966693933,0.29663041456147554,503.0,72.6923076923077,0.989636063280724,0.04268749846608997,9855.0,48.0,0.0,S5X,6,A4
338647.0,0.02006781090018189,2.0417379446695296,2.0417379446695296,0.10307340682185284,0.16061414983744135,191.0,41.92307692307692,0.9843574465685992,0.0794301896572253,28740.0,30.0,0.0,S5X,6,A5
338647.0,0.02006781090018189,2.0417379446695296,2.6302679918953813,0.10144855852849723,0.18325202939934504,238.0,33.15384615384615,0.9868711323626611,0.06563881285698232,24910.0,59.0,0.0,S5X,6,A6
338647.0,0.02006781090018189,2.0417379446695296,2.3173946499684797,0.13040717915705735,0.16350063635585138,230.0,38.30769230769231,0.9892516476404517,0.06248850362706545,23610.0,45.0,0.5694444444444444,S5X,6,B1
338647.0,0.02006781090018189,2.0417379446695296,2.0417379446695296,0.13156398845995979,0.18519062622731045,254.0,43.38461538461539,0.988291969047607,0.06400640861942689,24480.0,47.0,0.6222222222222222,S5X,6,B2
338647.0,0.02006781090018189,2.0417379446695296,2.0417379446695296,0.12749559275587855,0.19196390341565112,256.0,43.61538461538461,0.9882056377767057,0.06373137499913226,25585.0,34.0,0.7277777777777777,S5X,6,B3
338647.0,0.02006781090018189,2.0417379446695296,3.726061338637685,0.12789866734387134,0.17326744368029245,239.0,38.30769230769231,0.9886889106917909,0.0639358730463724,24195.0,44.0,0.5694444444444444,S5X,6,B4
338647.0,0.02006781090018189,2.0417379446695296,2.0417379446695296,0.13250671052748142,0.18745773622680845,266.0,40.23076923076923,0.9919031986788011,0.05067946157897566,20725.0,71.0,0.0,S5X,6,B5
338647.0,0.02006781090018189,2.0417379446695296,2.0417379446695296,0.13519313621558732,0.18500754472946757,256.0,44.0,0.9878854091506069,0.06355568982186062,24245.0,35.0,0.6944444444444444,S5X,6,B6
338647.0,0.02006781090018189,2.0417379446695296,2.0417379446695296,0.14031277406857287,0.1699896942834279,253.0,44.38461538461539,0.9896728427173644,0.059811119893321454,26930.0,47.0,0.6111111111111112,S5X,6,B7
338647.0,0.02006781090018189,2.0417379446695296,2.1752040340195222,0.2025841067542308,0.24417313603841168,355.0,54.38461538461539,0.9919424529657679,0.048575125963527754,18185.0,50.0,0.41944444444444445,S5X,6,B8
338647.0,0.02006781090018189,2.0417379446695296,2.5482967479793466,0.13040127330228823,0.26829707630659655,305.0,59.61538461538461,0.9877750124018105,0.06158139793322455,19465.0,37.0,0.7555555555555555,S5X,6,B9
338647.0,0.02006781090018189,2.0417379446695296,4.229119919212239,0.20040410811257742,0.25103352458459693,362.0,54.38461538461539,0.9904529950597466,0.051541260446473725,18185.0,50.0,0.41944444444444445,S5X,6,B10
338647.0,0.02006781090018189,2.0417379446695296,2.0417379446695296,0.1083871996503734,0.23174869406786416,257.0,41.30769230769231,0.992802872474972,0.04907068941034677,20750.0,71.0,0.0,S5X,6,B11
257976.0,0.02006781090018189,0.02006781090018189,0.02006781090018189,0.0,0.0,0.0,0.0,0.9962861221779202,0.054989735049153235,28800.0,0.0,0.0,S5X,7,A1
257976.0,0.02006781090018189,2.0417379446695296,2.0417379446695296,0.08613591962042981,0.069324278227432,121.0,41.7,0.9925023053315163,0.040610013866129856,12660.0,17.0,0.0,S5X,7,A2
257976.0,0.02006781090018189,2.0417379446695296,2.0417379446695296,0.08613591962042981,0.06777762272459453,109.0,41.7,0.9935753501577839,0.038116299989638266,12660.0,17.0,0.0,S5X,7,A3
257976.0,0.02006781090018189,2.0417379446695296,2.468880104906209,0.15876186156851801,0.230890664247837,318.0,68.6,0.9902459107022156,0.0412845206743188,8300.0,38.0,0.0,S5X,7,A4
257976.0,0.02006781090018189,2.0417379446695296,2.0417379446695296,0.06176737370918225,0.06882229354668651,82.0,11.7,0.9936146358194138,0.04548732556979446,18405.0,16.0,0.0,S5X,7,A5
257976.0,0.02006781090018189,2.0417379446695296,2.0417379446695296,0.05201549756566502,0.13554458554284118,136.0,30.2,0.9878327404772296,0.05811075757820784,18285.0,49.0,0.0,S5X,7,A6
257976.0,0.02006781090018189,2.0417379446695296,2.0417379446695296,0.06088163239991317,0.14945963965640213,140.0,35.5,0.9938047413084574,0.03994899585444416,16020.0,27.0,0.4777777777777778,S5X,7,B1
257976.0,0.02006781090018189,2.0417379446695296,2.0417379446695296,0.05756737060811858,0.1492464415294446,135.0,26.5,0.9937938733627352,0.03993801693627773,15710.0,26.0,0.4777777777777778,S5X,7,B2
257976.0,0.02006781090018189,2.0417379446695296,2.0417379446695296,0.07350296151579992,0.12074766644959221,141.0,46.7,0.9928244942246811,0.04272263077640559,15705.0,24.0,0.49444444444444446,S5X,7,B3
257976.0,0.02006781090018189,2.0417379446695296,3.388441561392024,0.05872833131764195,0.15641571308958974,145.0,35.5,0.9936290348605821,0.04078461941927209,16290.0,27.0,0.4777777777777778,S5X,7,B4
257976.0,0.02006781090018189,2.0417379446695296,2.0417379446695296,0.08392641175923342,0.16129795019691753,184.0,53.3,0.9930024089179961,0.041030083628066934,15135.0,51.0,0.0,S5X,7,B5
257976.0,0.02006781090018189,2.0417379446695296,2.0417379446695296,0.0873918504046888,0.11696436877849102,147.0,47.3,0.991992213343615,0.044551045806097714,14620.0,26.0,0.4888888888888889,S5X,7,B6
257976.0,0.02006781090018189,1.584893192461114,2.0417379446695296,0.06024591434862158,0.0695917449685242,87.0,23.0,0.9930507039984966,0.042801517844742024,15230.0,29.0,0.5333333333333333,S5X,7,B7
257976.0,0.02006781090018189,2.0417379446695296,2.0417379446695296,0.08402719632834062,0.1850482215399882,187.0,49.9,0.992224971115631,0.044957549346224965,15250.0,34.0,0.3416666666666667,S5X,7,B8
257976.0,0.02006781090018189,2.0417379446695296,2.0417379446695296,0.08907030111328186,0.1710391664340869,194.0,61.2,0.9917110253995843,0.044729183842520746,13235.0,28.0,0.5222222222222223,S5X,7,B9
257976.0,0.02006781090018189,2.0417379446695296,3.388441561392024,0.08263365584395448,0.19013202778553043,191.0,49.9,0.9907329056842715,0.0485952911815512,15250.0,34.0,0.3416666666666667,S5X,7,B10
257976.0,0.02006781090018189,2.0417379446695296,2.0417379446695296,0.05136524327844451,0.08443808726393152,87.0,15.7,0.9932799080866965,0.046006521464214876,17715.0,47.0,0.0,S5X,7,B11
402660.0,0.02006781090018189,0.02006781090018189,0.02006781090018189,0.0,0.0,0.0,0.0,0.9817244654261841,0.1183367813184972,66600.0,0.0,0.0,S5X,8,A1
402660.0,0.02006781090018189,2.0417379446695296,3.2828421431654635,0.2632593254855213,0.204574579049322,422.0,61.1764705882353,0.9839033617611668,0.0718511790144232,20145.0,32.0,0.0,S5X,8,A2
402660.0,0.02006781090018189,2.0417379446695296,3.081413635333949,0.2612731584960016,0.19681803506680573,344.0,57.529411764705884,0.9872120933005668,0.062494773799085176,20220.0,32.0,0.0,S5X,8,A3
402660.0,0.026683942737144424,2.0417379446695296,3.388441561392024,0.37477834897928775,0.2702422639447673,526.0,75.29411764705883,0.9865196080417292,0.05205653592402546,10770.0,52.0,0.0,S5X,8,A4
402660.0,0.02006781090018189,2.0417379446695296,3.388441561392024,0.17846508220334772,0.20044268117021805,235.0,34.88235294117647,0.9847419820963835,0.07965425832389814,32955.0,33.0,0.0,S5X,8,A5
402660.0,0.02006781090018189,2.0417379446695296,3.726061338637685,0.2092820245368301,0.22115308200466896,267.0,40.470588235294116,0.9899413357715932,0.055828207609787656,25365.0,47.0,0.0,S5X,8,A6
402660.0,0.02006781090018189,2.0417379446695296,3.9696297343000686,0.21783017930760443,0.21800153976059206,309.0,44.294117647058826,0.9910018055004116,0.05595603879908411,26870.0,42.0,0.6222222222222222,S5X,8,B1
402660.0,0.02006781090018189,2.0417379446695296,4.365158322401661,0.19635548601798042,0.15920503650722695,241.0,30.823529411764707,0.9900024120898112,0.061144697234201933,28215.0,44.0,0.6583333333333333,S5X,8,B2
402660.0,0.02006781090018189,2.0417379446695296,2.0417379446695296,0.18505749267371976,0.21111297372473053,268.0,39.588235294117645,0.9910653587872167,0.05552949981171016,26080.0,31.0,0.7,S5X,8,B3
402660.0,0.02006781090018189,2.6302679918953813,5.1138737255998015,0.21437813539959272,0.23117891024685838,317.0,44.294117647058826,0.990648153053938,0.05677198570252237,27175.0,44.0,0.6222222222222222,S5X,8,B4
402660.0,0.02006781090018189,2.0417379446695296,2.1752040340195222,0.21787612377688373,0.2071201509958774,296.0,36.05882352941177,0.9933264777548205,0.04623496561137953,23380.0,78.0,0.0,S5X,8,B5
402660.0,0.02006781090018189,2.0417379446695296,2.0417379446695296,0.20462486961704665,0.2071965181542741,280.0,40.294117647058826,0.9914089967920925,0.05168677801444139,23800.0,29.0,0.6638888888888889,S5X,8,B6
402660.0,0.02006781090018189,2.0417379446695296,2.0417379446695296,0.24195723439129788,0.16590299508270004,278.0,44.76470588235294,0.9903264497650259,0.05679799823494141,26125.0,37.0,0.6527777777777778,S5X,8,B7
402660.0,0.02006781090018189,2.0417379446695296,2.1752040340195222,0.22040865742810312,0.24017843838474148,328.0,47.23529411764706,0.987789220428396,0.06157819368503181,20195.0,44.0,0.6944444444444444,S5X,8,B8
402660.0,0.02006781090018189,2.0417379446695296,3.388441561392024,0.22522785973277704,0.189007475289326,289.0,44.0,0.9891542992402457,0.057383131539827666,20385.0,32.0,0.6666666666666666,S5X,8,B9
402660.0,0.02006781090018189,2.0417379446695296,4.365158322401661,0.21038407092832662,0.24555890826007054,336.0,47.0,0.9879544732914366,0.061146359312540595,20750.0,43.0,0.6944444444444444,S5X,8,B10
402660.0,0.02006781090018189,2.0417379446695296,2.1752040340195222,0.19742338449312075,0.22891148860080465,288.0,36.94117647058823,0.9925678618470423,0.04991397091002757,23715.0,85.0,0.0,S5X,8,B11
344591.0,0.02006781090018189,0.02006781090018189,0.02006781090018189,0.0,0.0,0.0,0.0,0.9857199661804054,0.10609314762875326,61200.0,0.0,0.0,S5X,9,A1
344591.0,0.02006781090018189,2.0417379446695296,2.0417379446695296,0.14958748197138055,0.11084880336398803,162.0,48.69230769230769,0.9939132438405951,0.03678906177941563,14835.0,13.0,0.0,S5X,9,A2
344591.0,0.02006781090018189,2.0417379446695296,2.0417379446695296,0.14936547965559172,0.10136364559724427,139.0,48.69230769230769,0.995817157651842,0.031381743905071695,14505.0,12.0,0.0,S5X,9,A3
344591.0,0.02006781090018189,2.5482967479793466,2.7148760106825023,0.23743437872724477,0.20007849885806653,343.0,94.07692307692308,0.9904545322233547,0.040332597905768944,10700.0,38.0,0.0,S5X,9,A4
344591.0,0.02006781090018189,2.0417379446695296,2.0417379446695296,0.07353645336065075,0.12883389293394198,96.0,39.61538461538461,0.9927664662195691,0.048526833281929166,25440.0,16.0,0.0,S5X,9,A5
344591.0,0.02006781090018189,2.0417379446695296,2.0417379446695296,0.03989076905664977,0.20260540757013387,173.0,43.30769230769231,0.9902198647862338,0.05482358846224489,24225.0,41.0,0.0,S5X,9,A6
344591.0,0.02006781090018189,2.0417379446695296,2.0417379446695296,0.15937009382137085,0.0879201720300298,133.0,49.0,0.9943188115164637,0.03834658124173624,15930.0,19.0,0.5,S5X,9,B1
344591.0,0.02006781090018189,2.0417379446695296,2.0417379446695296,0.09780290257145427,0.1373309227460961,122.0,47.46153846153846,0.9950508641083914,0.03730577432985582,18045.0,19.0,0.5111111111111111,S5X,9,B2
344591.0,0.02006781090018189,2.0417379446695296,2.0417379446695296,0.15916405245639034,0.08756032513907792,133.0,49.0,0.9939391030968611,0.04002560906391848,16205.0,20.0,0.5166666666666667,S5X,9,B3
344591.0,0.02006781090018189,2.0417379446695296,2.0417379446695296,0.15892608918979312,0.08919704809469778,137.0,49.0,0.9941004607084104,0.03883751580790742,15930.0,19.0,0.5,S5X,9,B4
344591.0,0.02006781090018189,2.0417379446695296,2.0417379446695296,0.10342115725599334,0.16981290863661558,171.0,48.84615384615385,0.9926609200482254,0.04676279225865315,20500.0,52.0,0.0,S5X,9,B5
344591.0,0.02006781090018189,2.0417379446695296,2.0417379446695296,0.03563064618634845,0.1557121340952027,104.0,39.46153846153846,0.9934067351607903,0.043604503210930866,21150.0,21.0,0.5166666666666667,S5X,9,B6
344591.0,0.02006781090018189,2.0417379446695296,2.0417379446695296,0.07440414868641375,0.15048564820323224,117.0,46.84615384615385,0.9943982621441381,0.039840472823565974,19640.0,19.0,0.5138888888888888,S5X,9,B7
344591.0,0.02006781090018189,2.0417379446695296,2.2451739778971898,0.10038857660240691,0.1256707226828327,116.0,45.30769230769231,0.9947035576069349,0.04265151394552705,19575.0,34.0,0.4638888888888889,S5X,9,B8
344591.0,0.02006781090018189,2.0417379446695296,2.0417379446695296,0.153624151530365,0.08995446776033036,129.0,49.0,0.9935760178178374,0.04199118423686406,16380.0,21.0,0.5277777777777778,S5X,9,B9
344591.0,0.02006781090018189,2.0417379446695296,3.9696297343000686,0.09884616835610913,0.1312875263718437,121.0,45.30769230769231,0.9923205457451447,0.04856587052995561,19980.0,34.0,0.4638888888888889,S5X,9,B10
344591.0,0.02006781090018189,2.0417379446695296,2.2451739778971898,0.10204561349541921,0.12158471927589519,119.0,37.76923076923077,0.9920992777285259,0.05124172878423173,21170.0,61.0,0.0,S5X,9,B11
