arrived,p50,p95,p99,err_rate,late_rate,slo_viol_s,react_s,jain,cv,pod_s,scale_ev,fb_frac,window,config
38173.0,0.02006781090018189,0.02006781090018189,0.02006781090018189,0.0,0.0,0.0,,0.8373548938399282,0.3934025014844442,7200.0,0.0,0.0,537,A1
38173.0,0.02006781090018189,0.3578903595427346,0.8151734005153627,0.0,0.03012600529169832,17.0,,0.9186574423201156,0.18349342913357244,3735.0,2.0,0.0,537,A2
38173.0,0.02006781090018189,0.3578903595427346,0.8151734005153627,0.0,0.03012600529169832,17.0,,0.9186699643216123,0.18341387439268664,3735.0,2.0,0.0,537,A3
38173.0,0.02006781090018189,0.36940264435828357,0.8151734005153627,0.0,0.03012600529169832,17.0,,0.9215011998832421,0.17669452694521226,3645.0,2.0,0.0,537,A4
38173.0,0.02006781090018189,0.11816803125447838,0.4610520952362225,0.0,0.006968276006601525,5.0,,0.8744010092473594,0.2988028526692378,5610.0,16.0,0.0,537,A5
38173.0,0.02006781090018189,0.23713737056616552,0.5754399373371569,0.0,0.018782909386215386,15.0,,0.8898942842828923,0.26435907987811463,5580.0,25.0,0.0,537,A6
38173.0,0.02006781090018189,0.17278259805078636,0.5069907082747045,0.0,0.009980876535771357,7.0,,0.9087526819868683,0.20778343375290123,4090.0,10.0,0.0,537,B3
38173.0,0.02006781090018189,0.1673978978860472,0.5069907082747045,0.0,0.009535535587981033,6.0,,0.9077986952839698,0.21263786342000435,4350.0,13.0,0.0,537,B6
38173.0,0.02006781090018189,0.17278259805078636,0.5069907082747045,0.0,0.009980876535771357,7.0,,0.8909498565129597,0.25856948802630514,5375.0,27.0,0.0,537,B7
38173.0,0.02006781090018189,0.07349368100487516,0.5069907082747045,0.0,0.009535535587981033,6.0,,0.8925426426199323,0.25175476930287155,4910.0,11.0,0.0,537,B8
38173.0,0.02006781090018189,0.029342695039559687,0.41927599668460547,0.0,0.006522935058811201,4.0,,0.880827592560882,0.2781161810980583,5190.0,7.0,0.0,537,B9
38173.0,0.02006781090018189,0.09467820160680859,0.5232991146814947,0.0,0.011159720221098682,11.0,,0.8922964399591385,0.2527082483831628,4910.0,11.0,0.0,537,B10
38173.0,0.02006781090018189,0.07349368100487516,0.5069907082747045,0.0,0.009535535587981033,6.0,,0.8925426426199323,0.25175476930287155,4910.0,11.0,0.0,537,B11
38173.0,0.02006781090018189,0.1673978978860472,0.5069907082747045,0.0,0.009535535587981033,6.0,,0.9002630324508646,0.23088776590392243,4625.0,13.0,0.0,537,B12
38173.0,0.02006781090018189,0.3578903595427346,0.8151734005153627,0.0,0.03012600529169832,17.0,,0.9102649468892294,0.20385658049055436,3995.0,8.0,0.0,537,B13
40776.0,0.02006781090018189,0.02006781090018189,0.02006781090018189,0.0,0.0,0.0,0.0,0.7960484618865644,0.5288457624568479,10800.0,0.0,0.0,538,A1
40776.0,0.02006781090018189,1.5355006336570662,2.0417379446695296,0.007847753580537572,0.12703551108495192,62.0,46.0,0.9089018344259583,0.2110089538624013,4290.0,7.0,0.0,538,A2
40776.0,0.02006781090018189,1.5355006336570662,2.0417379446695296,0.007847753580537572,0.12703551108495192,62.0,46.0,0.9095191791692815,0.20973343429240407,4290.0,7.0,0.0,538,A3
40776.0,0.02006781090018189,1.5355006336570662,2.0417379446695296,0.007847753580537572,0.1317196390033353,65.0,65.0,0.9224724756130619,0.17914650479616598,3940.0,10.0,0.0,538,A4
40776.0,0.02006781090018189,1.5355006336570662,2.0417379446695296,0.007847753580537572,0.10410535609181872,51.0,18.75,0.8830863741338535,0.2791343358869678,5820.0,17.0,0.0,538,A5
40776.0,0.02006781090018189,1.1547819846894583,2.1752040340195222,0.0019128899352560329,0.09279968608985678,45.0,8.0,0.8823390968460547,0.2900900308068817,6590.0,29.0,0.0,538,A6
40776.0,0.02006781090018189,1.4876473740795015,1.9781080029332403,0.00544437904649794,0.11501863841475378,53.0,30.25,0.906561200881153,0.21717546387317277,4470.0,12.0,0.0,538,B3
40776.0,0.02006781090018189,1.2698429144338064,1.9781080029332403,0.004635079458505003,0.09836668628605062,44.0,48.25,0.9003947987070572,0.23465857063682766,4940.0,23.0,0.05,538,B6
40776.0,0.02006781090018189,0.985711900900616,1.8567353246307055,0.0023052776142829115,0.07705513046890328,34.0,7.5,0.8854505834885861,0.276746687567827,6080.0,30.0,0.0,538,B7
40776.0,0.02006781090018189,0.08081649291125372,0.5939501549952435,0.0,0.011330194231901118,5.0,21.25,0.8816005369395529,0.28437790466355317,6010.0,9.0,0.0,538,B8
40776.0,0.02006781090018189,0.5754399373371569,1.6884958594867534,0.0023298018442220914,0.054051402785952524,24.0,20.5,0.8810402234286473,0.2845687428618155,5980.0,12.0,0.0,538,B9
40776.0,0.02006781090018189,0.08341612282410431,0.6531305526474723,0.0,0.017951736315479694,9.0,21.25,0.8817967247334837,0.28437397963843336,6010.0,9.0,0.0,538,B10
40776.0,0.02006781090018189,0.08081649291125372,0.5939501549952435,0.0,0.011330194231901118,5.0,21.25,0.8816005369395529,0.28437790466355317,6010.0,9.0,0.0,538,B11
40776.0,0.02006781090018189,1.2698429144338064,1.9781080029332403,0.004635079458505003,0.09834216205611143,44.0,10.0,0.8903494823967342,0.2612069528443187,5410.0,20.0,0.0,538,B12
40776.0,0.02006781090018189,1.4876473740795015,1.9781080029332403,0.00544437904649794,0.12639788110653324,60.0,30.25,0.9171703038530011,0.1928782384894371,4205.0,10.0,0.0,538,B13
45368.0,0.02006781090018189,0.02006781090018189,0.02006781090018189,0.0,0.0,0.0,0.0,0.8855823474589333,0.30893610416848166,9000.0,0.0,0.0,539,A1
45368.0,0.02006781090018189,0.41927599668460547,1.584893192461114,0.0017413154646446834,0.034253218127314404,22.0,18.5,0.9496693618160726,0.13147444620126203,4500.0,8.0,0.0,539,A2
45368.0,0.02006781090018189,0.3935500754557774,1.584893192461114,0.0017413154646446834,0.03246781872685593,19.0,18.5,0.9506301927519792,0.12927188508427068,4470.0,7.0,0.0,539,A3
45368.0,0.02006781090018189,1.1187936686591167,2.0417379446695296,0.002336448598130841,0.10774113912890143,55.0,58.0,0.9560135472437172,0.11443003382993226,3995.0,9.0,0.0,539,A4
45368.0,0.02006781090018189,0.037800713730181124,1.584893192461114,0.0017413154646446834,0.025392347028742726,14.0,17.0,0.9449390788510896,0.14441888029310027,5415.0,9.0,0.0,539,A5
45368.0,0.02006781090018189,0.03126079367123956,0.44668359215096304,0.0,0.008640451419502733,11.0,0.0,0.9454467070151665,0.14531283087708322,5550.0,14.0,0.0,539,A6
45368.0,0.02006781090018189,0.02350985767597148,1.584893192461114,0.0017413154646446834,0.025392347028742726,14.0,17.0,0.9491053297751318,0.13169938341187323,4545.0,7.0,0.0,539,B3
45368.0,0.02006781090018189,0.026683942737144424,1.584893192461114,0.0017413154646446834,0.025392347028742726,14.0,40.0,0.9526039422192647,0.12340869639403695,4405.0,8.0,0.09722222222222222,539,B6
45368.0,0.02006781090018189,0.022777182418573218,0.22974707980333003,0.0,0.002667078116734262,2.0,39.5,0.948222692260696,0.1374144679813852,5130.0,15.0,0.0,539,B7
45368.0,0.02006781090018189,0.26076542044591006,1.584893192461114,0.0017413154646446834,0.025392347028742726,14.0,17.0,0.9407238196628067,0.15424128959174596,5030.0,7.0,0.0,539,B8
45368.0,0.02006781090018189,0.09467820160680859,0.40620942890585726,0.0,0.002667078116734262,2.0,17.0,0.9431204235937256,0.14738875983770558,4895.0,6.0,0.0,539,B9
45368.0,0.02006781090018189,0.3054921113215514,1.6358745652400533,0.0017413154646446834,0.02905131370128725,22.0,17.0,0.9408013631124732,0.15396317592360256,5030.0,7.0,0.0,539,B10
45368.0,0.02006781090018189,0.26076542044591006,1.584893192461114,0.0017413154646446834,0.025392347028742726,14.0,17.0,0.9407238196628067,0.15424128959174596,5030.0,7.0,0.0,539,B11
45368.0,0.02006781090018189,0.024266100950824154,1.584893192461114,0.0017413154646446834,0.025392347028742726,14.0,0.5,0.9505987092290646,0.1297249187618894,4735.0,9.0,0.0,539,B12
45368.0,0.02006781090018189,0.3812852456636189,1.584893192461114,0.0017413154646446834,0.03156409804267325,17.0,18.5,0.9523683881171192,0.12456731465690357,4450.0,10.0,0.0,539,B13
98639.0,0.02006781090018189,0.02006781090018189,0.02006781090018189,0.0,0.0,0.0,0.0,0.8486768076733818,0.43223846546737776,14400.0,0.0,0.0,540,A1
98639.0,0.02006781090018189,0.8413951416451951,2.0417379446695296,0.005068988939466134,0.06231815002179665,65.0,18.333333333333332,0.937410114353065,0.1533332531402912,6480.0,9.0,0.0,540,A2
98639.0,0.02006781090018189,0.8413951416451951,2.0417379446695296,0.004430296333093401,0.0641835379515202,56.0,18.333333333333332,0.9387346563157856,0.15028781876409322,6480.0,9.0,0.0,540,A3
98639.0,0.02006781090018189,2.0417379446695296,2.0417379446695296,0.030842263202181693,0.1572172264520119,149.0,59.833333333333336,0.9415256765750112,0.14092812177063407,5480.0,24.0,0.0,540,A4
98639.0,0.02006781090018189,0.13843630530808698,0.7651560209006901,0.0,0.019333123815123834,25.0,11.166666666666666,0.9310630884182496,0.17792714386326175,8760.0,12.0,0.0,540,A5
98639.0,0.02006781090018189,0.04290421892388853,0.3935500754557774,0.0,0.004410020377335537,10.0,8.0,0.9167238190147201,0.21229899784389292,9570.0,34.0,0.0,540,A6
98639.0,0.02006781090018189,0.34673685045253166,1.2302687708123812,0.0006995204736463265,0.03349587891199221,34.0,30.666666666666668,0.9343953989047655,0.16285672312193109,6905.0,13.0,0.0,540,B3
98639.0,0.02006781090018189,1.3963683610559376,2.0417379446695296,0.008688247042244954,0.09277263557010919,64.0,48.833333333333336,0.9311301400070746,0.17065523914727246,7115.0,31.0,0.0,540,B6
98639.0,0.02006781090018189,0.15222991328804203,1.4876473740795015,0.001622076460629163,0.01802532466874157,13.0,43.333333333333336,0.9228828571305466,0.1962641877851875,8790.0,41.0,0.23333333333333334,540,B7
98639.0,0.02006781090018189,0.3578903595427346,2.0417379446695296,0.004876367359766421,0.041981366396658525,30.0,32.0,0.9256740106130447,0.1822818604227188,7050.0,10.0,0.0,540,B8
98639.0,0.02006781090018189,0.2447653853410146,0.6741398498898495,0.0,0.0177515992660104,16.0,30.833333333333332,0.9279298284395185,0.17707173949913252,7015.0,14.0,0.0,540,B9
98639.0,0.02006781090018189,0.3578903595427346,2.0417379446695296,0.004876367359766421,0.041981366396658525,30.0,32.0,0.9248825867387098,0.18421411707594623,7050.0,10.0,0.0,540,B10
98639.0,0.02006781090018189,0.3578903595427346,2.0417379446695296,0.004876367359766421,0.041981366396658525,30.0,32.0,0.9256740106130447,0.1822818604227188,7050.0,10.0,0.0,540,B11
98639.0,0.02006781090018189,0.15712670380639343,0.557506583166466,0.0,0.01425399689777877,11.0,34.0,0.9262543684229865,0.18507251873781835,7775.0,26.0,0.0,540,B12
98639.0,0.02006781090018189,0.5401321147646347,1.4876473740795015,0.001622076460629163,0.05724916108233052,44.0,31.166666666666668,0.9396404184870413,0.1467759835752706,6310.0,14.0,0.0,540,B13
59220.0,0.02006781090018189,0.02006781090018189,0.02006781090018189,0.0,0.0,0.0,0.0,0.7822918745685696,0.5831377622813464,12600.0,0.0,0.0,541,A1
59220.0,0.02006781090018189,1.5355006336570662,2.0417379446695296,0.017696724079702804,0.10005065856129686,83.0,89.33333333333333,0.9074950438587809,0.2160114086140676,4875.0,5.0,0.0,541,A2
59220.0,0.02006781090018189,1.5355006336570662,2.0417379446695296,0.014775413711583925,0.11234380276933469,76.0,89.33333333333333,0.9081735591552799,0.21435512298859313,4875.0,5.0,0.0,541,A3
59220.0,0.02006781090018189,1.8567353246307055,2.0417379446695296,0.016430260047281323,0.1674096588990206,102.0,90.0,0.9178762756603736,0.19056446583117595,4420.0,12.0,0.0,541,A4
59220.0,0.02006781090018189,0.8963961859499497,1.9781080029332403,0.005006754474839581,0.06591523134076326,43.0,61.0,0.8909669077831387,0.2665781864613293,6735.0,14.0,0.0,541,A5
59220.0,0.02006781090018189,0.44668359215096304,1.4876473740795015,0.00030395136778115504,0.0477710233029382,31.0,60.0,0.8860951233719578,0.286817642777549,8020.0,32.0,0.0,541,A6
59220.0,0.02006781090018189,0.8963961859499497,2.0417379446695296,0.011735900033772374,0.0698581560283688,47.0,89.0,0.9048231148967006,0.22475055509544106,5560.0,11.0,0.10277777777777777,541,B3
59220.0,0.02006781090018189,1.191927939457827,2.0417379446695296,0.007463694697737251,0.07522796352583587,46.0,86.66666666666667,0.9081312557507266,0.2169905523283024,5330.0,19.0,0.18333333333333332,541,B6
59220.0,0.02006781090018189,0.06475152482255576,1.8567353246307055,0.00408645727794664,0.016396487673083417,11.0,7.0,0.892825084175764,0.26259846261743824,7220.0,25.0,0.12777777777777777,541,B7
59220.0,0.02006781090018189,1.2302687708123812,2.0417379446695296,0.014775413711583925,0.08086795001688618,55.0,89.33333333333333,0.9011623864855047,0.23268871418012882,5370.0,13.0,0.25555555555555554,541,B8
59220.0,0.02006781090018189,0.9252306262333164,2.0417379446695296,0.004424181019925701,0.07220533603512327,44.0,54.333333333333336,0.8878830118362281,0.2687680014863642,6155.0,13.0,0.09722222222222222,541,B9
59220.0,0.02006781090018189,1.2302687708123812,2.0417379446695296,0.014775413711583925,0.08358662613981763,63.0,89.33333333333333,0.9018349280852117,0.23224528808712888,5370.0,13.0,0.25555555555555554,541,B10
59220.0,0.02006781090018189,0.44668359215096304,2.0417379446695296,0.004120229652144545,0.04346504559270517,25.0,89.0,0.8855769114137492,0.279007281606298,6595.0,14.0,0.0,541,B11
59220.0,0.02006781090018189,0.9252306262333164,2.0417379446695296,0.004424181019925701,0.07325227963525836,43.0,70.66666666666667,0.8973808763369638,0.2487491147971772,6160.0,21.0,0.0,541,B12
59220.0,0.02006781090018189,0.9549925860214359,2.0417379446695296,0.007007767646065519,0.0815096251266464,50.0,89.33333333333333,0.9053460683234301,0.22440819517678764,5430.0,17.0,0.0,541,B13
61339.0,0.02006781090018189,0.02006781090018189,0.02006781090018189,0.0,0.0,0.0,0.0,0.8529922018606986,0.3898209687579659,10800.0,0.0,0.0,542,A1
61339.0,0.02006781090018189,0.43276287768448307,1.584893192461114,0.0005542966138998028,0.04625116157746295,37.0,56.5,0.9275170685714045,0.16845522282410236,4470.0,9.0,0.0,542,A2
61339.0,0.02006781090018189,0.43276287768448307,1.584893192461114,0.0005542966138998028,0.04625116157746295,37.0,56.5,0.928099515834455,0.16740479825488824,4470.0,9.0,0.0,542,A3
61339.0,0.02006781090018189,0.4911905467933634,1.5355006336570662,0.0005542966138998028,0.04824010825086813,50.0,7.5,0.9392863797823311,0.14447005771025154,4245.0,16.0,0.0,542,A4
61339.0,0.02006781090018189,0.036622669692491984,0.4911905467933634,0.0,0.009634979376905394,9.0,2.0,0.9061380415249602,0.22570227957774425,5880.0,9.0,0.0,542,A5
61339.0,0.02006781090018189,0.10411181076233397,0.9252306262333164,0.0005542966138998028,0.020541580397463278,21.0,3.0,0.8985087093138592,0.25347687507281824,7110.0,31.0,0.0,542,A6
61339.0,0.02006781090018189,0.3812852456636189,1.2698429144338064,0.0005542966138998028,0.03764326122043072,33.0,7.5,0.9253968045098631,0.1764906430767474,4745.0,13.0,0.0,542,B3
61339.0,0.02006781090018189,0.32546178349804583,1.2698429144338064,0.0005542966138998028,0.033437128091426335,29.0,7.5,0.9240003322538718,0.18121850081596447,4945.0,20.0,0.0,542,B6
61339.0,0.02006781090018189,0.10086720805993415,0.7413102413009177,0.0,0.017851611535890707,15.0,2.0,0.9053807686239271,0.23534378621490717,6700.0,36.0,0.0,542,B7
61339.0,0.02006781090018189,0.022777182418573218,0.5069907082747045,0.0,0.00996103620861116,9.0,56.5,0.9053738302527077,0.2259328978350494,5760.0,9.0,0.0,542,B8
61339.0,0.02006781090018189,0.025852348395621914,0.16218100973589297,0.0,0.0014183472179200834,3.0,3.0,0.9111420527518279,0.21376354394953612,5690.0,13.0,0.0,542,B9
61339.0,0.02006781090018189,0.025852348395621914,0.5069907082747045,0.0,0.00996103620861116,9.0,56.5,0.9050972770415113,0.22677508231958673,5760.0,9.0,0.0,542,B10
61339.0,0.02006781090018189,0.022777182418573218,0.5069907082747045,0.0,0.00996103620861116,9.0,56.5,0.9053738302527077,0.2259328978350494,5760.0,9.0,0.0,542,B11
61339.0,0.02006781090018189,0.1428893958511103,0.6531305526474723,0.0,0.01749294902101436,16.0,3.0,0.9191922167694341,0.19387417811686805,5255.0,16.0,0.0,542,B12
61339.0,0.02006781090018189,0.4610520952362225,1.5355006336570662,0.0005542966138998028,0.04258302222077308,36.0,7.5,0.9227829518623575,0.18297784395305491,4795.0,17.0,0.0,542,B13
80395.0,0.02006781090018189,0.02006781090018189,0.02006781090018189,0.0,0.0,0.0,0.0,0.8353889907125328,0.4602827516004389,14400.0,0.0,0.0,543,A1
80395.0,0.02006781090018189,2.0417379446695296,2.2451739778971898,0.02836930157348094,0.2491230797935195,237.0,36.0,0.9146302605639577,0.21068924702686684,6120.0,18.0,0.0,543,A2
80395.0,0.02006781090018189,2.0417379446695296,2.0417379446695296,0.026472417438895453,0.2504726662105852,206.0,36.0,0.9184617967085229,0.20236861494613087,6135.0,19.0,0.0,543,A3
80395.0,0.02006781090018189,2.0417379446695296,2.0417379446695296,0.03276323154425027,0.23554947446980534,216.0,45.0,0.9357381378125873,0.1586493834945592,4970.0,29.0,0.0,543,A4
80395.0,0.02006781090018189,1.9781080029332403,2.0417379446695296,0.02071024317432676,0.1280925430685988,112.0,20.625,0.8907045079447845,0.28832097586656485,9300.0,23.0,0.0,543,A5
80395.0,0.02006781090018189,1.1547819846894583,2.0417379446695296,0.014615336774675042,0.07159649231917407,57.0,6.5,0.8932461803426817,0.27803250353206116,9180.0,41.0,0.0,543,A6
80395.0,0.02006781090018189,1.9164610627353873,2.0417379446695296,0.02549909820262454,0.14346663349710803,129.0,31.125,0.9160376613171373,0.2077743201269378,6545.0,20.0,0.3388888888888889,543,B3
80395.0,0.02006781090018189,1.9164610627353873,2.0417379446695296,0.02760121898127993,0.13825486659618136,122.0,15.5,0.9245394238547131,0.18904964197632013,6520.0,30.0,0.4,543,B6
80395.0,0.02006781090018189,1.5355006336570662,2.0417379446695296,0.01997636668947074,0.08751788046520306,79.0,9.375,0.9051471355153237,0.24429289340363589,8265.0,43.0,0.20833333333333334,543,B7
80395.0,0.02006781090018189,1.9164610627353873,2.0417379446695296,0.0254493438646682,0.14493438646682008,129.0,25.0,0.9158019004568487,0.21216292345104174,6590.0,20.0,0.34444444444444444,543,B8
80395.0,0.02006781090018189,0.8963961859499497,2.0417379446695296,0.015274581752596555,0.06419553454816841,51.0,25.875,0.887392941269586,0.2960984056759106,9000.0,16.0,0.0,543,B9
80395.0,0.02006781090018189,1.9164610627353873,2.0417379446695296,0.0254493438646682,0.14571801728963243,130.0,25.0,0.9155810171138632,0.21305495370444463,6590.0,20.0,0.34444444444444444,543,B10
80395.0,0.02006781090018189,1.2698429144338064,2.0417379446695296,0.021008769202064806,0.07307668387337521,61.0,27.375,0.9064065339851315,0.2392694165092904,7515.0,15.0,0.0,543,B11
80395.0,0.02006781090018189,1.4876473740795015,2.0417379446695296,0.025474221033646372,0.0837987437029666,73.0,9.875,0.9028082332330513,0.2454211399584858,7850.0,29.0,0.0,543,B12
80395.0,0.02006781090018189,1.9781080029332403,2.0417379446695296,0.029840164189315257,0.10445923253933702,91.0,28.75,0.9228703672139879,0.1922929785751142,6365.0,27.0,0.07777777777777778,543,B13
36133.0,0.02006781090018189,0.02006781090018189,0.02006781090018189,0.0,0.0,0.0,0.0,0.7598211217039399,0.5842160798207454,9000.0,0.0,0.0,544,A1
36133.0,0.02006781090018189,2.0417379446695296,2.7148760106825023,0.017829961531010435,0.18190435336119337,89.0,21.666666666666668,0.8739338092154764,0.28624099125417085,4635.0,9.0,0.0,544,A2
36133.0,0.02006781090018189,2.0417379446695296,2.0417379446695296,0.016882074557883375,0.1669664849306728,72.0,21.666666666666668,0.8765272764801398,0.280076912919176,4605.0,8.0,0.0,544,A3
36133.0,0.02006781090018189,1.9781080029332403,2.0417379446695296,0.013941549276284836,0.1908850635153461,79.0,21.333333333333332,0.8939236158693449,0.23514629211713894,4090.0,11.0,0.0,544,A4
36133.0,0.02006781090018189,2.0417379446695296,2.0417379446695296,0.016882074557883375,0.14153267096559932,58.0,20.666666666666668,0.842116174976939,0.37754799019865154,6390.0,12.0,0.0,544,A5
36133.0,0.02006781090018189,1.6884958594867534,2.0417379446695296,0.012813771344754104,0.09905072925026984,39.0,17.333333333333332,0.8516789940712851,0.34840646016524984,6015.0,28.0,0.0,544,A6
36133.0,0.02006781090018189,1.6358745652400533,2.0417379446695296,0.012813771344754104,0.10422605374588327,41.0,21.333333333333332,0.8712024535260758,0.2893454463752724,4715.0,10.0,0.0,544,B3
36133.0,0.02006781090018189,1.6358745652400533,2.0417379446695296,0.012813771344754104,0.10406000055351064,42.0,7.666666666666667,0.8724201859882487,0.2862354635384912,4905.0,18.0,0.0,544,B6
36133.0,0.02006781090018189,1.6358745652400533,2.0417379446695296,0.012813771344754104,0.07721473445326986,31.0,7.0,0.8568541678262674,0.33072707071427154,5910.0,25.0,0.0,544,B7
36133.0,0.02006781090018189,1.6358745652400533,2.0417379446695296,0.012813771344754104,0.10619101652229264,41.0,18.0,0.842410257258147,0.3622370651400387,5775.0,10.0,0.0,544,B8
36133.0,0.02006781090018189,1.6358745652400533,2.0417379446695296,0.012813771344754104,0.10619101652229264,41.0,18.0,0.8509520344314258,0.342339538600678,5525.0,10.0,0.0,544,B9
36133.0,0.02006781090018189,1.742809826672464,2.0417379446695296,0.012813771344754104,0.10444745800238009,49.0,18.0,0.8426423610640802,0.36161190244053576,5775.0,10.0,0.0,544,B10
36133.0,0.02006781090018189,1.6358745652400533,2.0417379446695296,0.012813771344754104,0.10619101652229264,41.0,18.0,0.842410257258147,0.3622370651400387,5775.0,10.0,0.0,544,B11
36133.0,0.02006781090018189,1.6358745652400533,2.0417379446695296,0.012813771344754104,0.10295297927102648,40.0,7.666666666666667,0.8613761339533132,0.3149091201859927,5230.0,17.0,0.0,544,B12
36133.0,0.02006781090018189,1.6358745652400533,2.0417379446695296,0.012813771344754104,0.14908809121855368,61.0,18.666666666666668,0.8779098975494753,0.2741749001291177,4570.0,13.0,0.0,544,B13
41231.0,0.02006781090018189,0.02006781090018189,0.02006781090018189,0.0,0.0,0.0,0.0,0.7973408932706917,0.5015437666675915,9000.0,0.0,0.0,545,A1
41231.0,0.02006781090018189,1.6884958594867534,2.468880104906209,0.006075525696684534,0.1419199146273435,85.0,5.25,0.8827180815707273,0.2682890818162551,4740.0,11.0,0.0,545,A2
41231.0,0.02006781090018189,1.4876473740795015,2.0417379446695296,0.003638039339332056,0.15008124954524507,74.0,5.25,0.884733294218075,0.263845664330831,4740.0,11.0,0.0,545,A3
41231.0,0.02006781090018189,1.7988709151287874,2.0417379446695296,0.007518614634619582,0.1929373529625767,95.0,5.75,0.9078715984842335,0.20904330061661763,4105.0,17.0,0.0,545,A4
41231.0,0.02006781090018189,0.9252306262333164,1.9164610627353873,0.00014552157357328223,0.08884092066648881,45.0,3.25,0.8524004769599703,0.354117522468886,6465.0,14.0,0.0,545,A5
41231.0,0.02006781090018189,0.8963961859499497,1.9164610627353873,0.00014552157357328223,0.0950255875433533,51.0,1.25,0.8600745729102562,0.3443396754324029,7155.0,32.0,0.0,545,A6
41231.0,0.02006781090018189,1.3963683610559376,2.0417379446695296,0.003638039339332056,0.13223060318692245,61.0,4.25,0.8914189205652291,0.2482375612777958,4590.0,10.0,0.06111111111111111,545,B3
41231.0,0.02006781090018189,0.8151734005153627,1.6358745652400533,0.0,0.08309281851034415,40.0,2.25,0.8875719649374002,0.2631417356217232,5155.0,26.0,0.06111111111111111,545,B6
41231.0,0.02006781090018189,0.6327760017024558,1.4412854420872234,0.0,0.06529067934321263,31.0,0.75,0.8682090798291339,0.31742383282157954,6500.0,35.0,0.15555555555555556,545,B7
41231.0,0.02006781090018189,0.7182076058301705,1.742809826672464,0.0,0.08285028255438869,41.0,3.25,0.8758420426795036,0.2908797234136935,5485.0,15.0,0.06388888888888888,545,B8
41231.0,0.02006781090018189,0.7182076058301705,1.742809826672464,0.0,0.07436152409594722,36.0,2.5,0.8701670421837591,0.30754955316368593,5740.0,14.0,0.06388888888888888,545,B9
41231.0,0.02006781090018189,0.6958249547006052,1.8567353246307055,0.0,0.08238946423807329,42.0,3.25,0.8760204706000609,0.29097321231290507,5485.0,15.0,0.06388888888888888,545,B10
41231.0,0.02006781090018189,0.6958249547006052,1.742809826672464,0.0,0.06938953699886008,33.0,2.25,0.8689541150015717,0.3102402723230008,5950.0,13.0,0.0,545,B11
41231.0,0.02006781090018189,0.8151734005153627,1.6358745652400533,0.0,0.08304431131915306,40.0,2.25,0.8738434885668959,0.2986227229716604,5630.0,24.0,0.0,545,B12
41231.0,0.02006781090018189,1.3106900423660772,1.9164610627353873,0.00014552157357328223,0.1241541558536053,56.0,3.5,0.8863058443184274,0.2609026653438415,4755.0,17.0,0.0,545,B13
17066.0,0.02006781090018189,0.02006781090018189,0.02006781090018189,0.0,0.0,0.0,0.0,0.6899201329438404,0.744954137235808,9000.0,0.0,0.0,546,A1
17066.0,0.02006781090018189,1.3528511027866506,1.7988709151287874,0.0,0.14168522207898746,27.0,120.0,0.8645128797063318,0.29317779729068383,3885.0,4.0,0.0,546,A2
17066.0,0.02006781090018189,1.3528511027866506,1.7988709151287874,0.0,0.14168522207898746,27.0,120.0,0.8650531225080312,0.2922879413354612,3885.0,4.0,0.0,546,A3
17066.0,0.02006781090018189,1.3528511027866506,1.7988709151287874,0.0,0.16207664361889138,32.0,120.0,0.8734571480957609,0.27256615098867876,3700.0,4.0,0.0,546,A4
17066.0,0.02006781090018189,1.0839269140212038,1.742809826672464,0.0,0.11098089769131607,26.0,120.0,0.8556739725093379,0.317400100899259,4230.0,7.0,0.0,546,A5
17066.0,0.02006781090018189,1.0839269140212038,1.742809826672464,0.0,0.10541427399507794,20.0,120.0,0.8518772994084626,0.3272018968978327,4620.0,12.0,0.0,546,A6
17066.0,0.02006781090018189,1.0839269140212038,1.742809826672464,0.0,0.10541427399507794,20.0,120.0,0.8534717042962456,0.3231293369602155,4305.0,7.0,0.0,546,B3
17066.0,0.02006781090018189,1.0839269140212038,1.742809826672464,0.0,0.10541427399507794,20.0,120.0,0.8588230010029693,0.30870435353483167,4320.0,9.0,0.0,546,B6
17066.0,0.02006781090018189,1.0839269140212038,1.742809826672464,0.0,0.10541427399507794,20.0,120.0,0.8511884758117984,0.3279135561703725,4725.0,15.0,0.0,546,B7
17066.0,0.02006781090018189,1.0839269140212038,1.742809826672464,0.0,0.10541427399507794,20.0,120.0,0.8488830740803499,0.3362590531560301,4525.0,7.0,0.0,546,B8
17066.0,0.02006781090018189,1.0839269140212038,1.742809826672464,0.0,0.08525723661080511,16.0,3.0,0.847004061998461,0.34071437195353443,4505.0,7.0,0.0,546,B9
17066.0,0.02006781090018189,1.0839269140212038,1.742809826672464,0.0,0.10541427399507794,20.0,120.0,0.8488644231048951,0.3365295809897999,4525.0,7.0,0.0,546,B10
17066.0,0.02006781090018189,1.0839269140212038,1.742809826672464,0.0,0.10541427399507794,20.0,120.0,0.8488830740803499,0.3362590531560301,4525.0,7.0,0.0,546,B11
17066.0,0.02006781090018189,1.0839269140212038,1.742809826672464,0.0,0.10541427399507794,20.0,120.0,0.8510991699165809,0.32716137160641795,4495.0,9.0,0.0,546,B12
17066.0,0.02006781090018189,1.3528511027866506,1.7988709151287874,0.0,0.14168522207898746,27.0,120.0,0.8629262076371593,0.29927396835867803,4025.0,7.0,0.0,546,B13
50593.0,0.02006781090018189,0.02006781090018189,0.02006781090018189,0.0,0.0,0.0,0.0,0.7750657689886818,0.5502098211561984,9000.0,0.0,0.0,547,A1
50593.0,0.02006781090018189,2.0417379446695296,2.7148760106825023,0.025774316605063942,0.18079576225960112,101.0,88.4,0.8708794765495856,0.29729113945608004,5280.0,11.0,0.0,547,A2
50593.0,0.02006781090018189,2.0417379446695296,2.0417379446695296,0.025537129642440655,0.175063743996205,87.0,88.4,0.8726069043530144,0.29305395394845074,5265.0,12.0,0.0,547,A3
50593.0,0.02006781090018189,2.0417379446695296,2.0417379446695296,0.026975075603344337,0.25610756428754966,145.0,67.6,0.8930522844011918,0.2424167282316645,4670.0,20.0,0.0,547,A4
50593.0,0.02006781090018189,1.4876473740795015,2.0417379446695296,0.008420137173126717,0.10821655169687507,62.0,66.8,0.8432424401550054,0.3810072965771912,7530.0,19.0,0.0,547,A5
50593.0,0.02006781090018189,1.9164610627353873,2.0417379446695296,0.013183642005811081,0.1377858597039116,73.0,19.0,0.8596444622416753,0.33279677337369445,7375.0,30.0,0.0,547,A6
50593.0,0.02006781090018189,1.8567353246307055,2.0417379446695296,0.013816140572806515,0.14480264068151721,74.0,59.2,0.870404152245788,0.2993796555336665,5595.0,15.0,0.0,547,B3
50593.0,0.02006781090018189,1.742809826672464,2.0417379446695296,0.013183642005811081,0.13122368707133397,71.0,40.4,0.8876952717307613,0.2543018214222272,5185.0,18.0,0.24166666666666667,547,B6
50593.0,0.02006781090018189,1.742809826672464,2.0417379446695296,0.013183642005811081,0.14986262921748067,90.0,53.4,0.8756170216417278,0.2883649967701486,6350.0,26.0,0.16944444444444445,547,B7
50593.0,0.02006781090018189,1.1187936686591167,2.0417379446695296,0.005316941078805368,0.09420275532188248,48.0,38.4,0.8565345516269839,0.3377244854181697,6195.0,11.0,0.0,547,B8
50593.0,0.02006781090018189,1.0839269140212038,2.0417379446695296,0.005178582017275117,0.08621746091356512,43.0,44.2,0.8493651678653629,0.35631157624394916,6400.0,11.0,0.0,547,B9
50593.0,0.02006781090018189,1.1187936686591167,2.0417379446695296,0.004397841598640128,0.09688099144150376,48.0,38.4,0.8555366047210329,0.33969538515140846,6195.0,11.0,0.0,547,B10
50593.0,0.02006781090018189,1.1187936686591167,2.0417379446695296,0.005316941078805368,0.09420275532188248,48.0,38.4,0.8565345516269839,0.3377244854181697,6195.0,11.0,0.0,547,B11
50593.0,0.02006781090018189,1.742809826672464,2.0417379446695296,0.013183642005811081,0.12250706619492815,67.0,29.2,0.8705517088172964,0.2998068101318321,6000.0,20.0,0.0,547,B12
50593.0,0.02006781090018189,2.0417379446695296,2.0417379446695296,0.02474650643369636,0.1718221888403534,89.0,77.0,0.877464963519716,0.28110301546448063,5255.0,20.0,0.0,547,B13
50688.0,0.02006781090018189,0.02006781090018189,0.02006781090018189,0.0,0.0,0.0,0.0,0.7564163953665272,0.624224278355504,10800.0,0.0,0.0,548,A1
50688.0,0.02006781090018189,1.5355006336570662,2.0417379446695296,0.010594223484848484,0.12748579545454544,84.0,70.4,0.8781874258969194,0.2746583567645007,4905.0,9.0,0.0,548,A2
50688.0,0.02006781090018189,1.4412854420872234,2.0417379446695296,0.010594223484848484,0.12186316287878787,74.0,70.4,0.8798470282072375,0.2713040077399445,4905.0,9.0,0.0,548,A3
50688.0,0.02006781090018189,1.9781080029332403,2.892344370499147,0.01698626893939394,0.2030658143939394,128.0,64.4,0.8964018310141657,0.23260856145332948,4590.0,21.0,0.0,548,A4
50688.0,0.02006781090018189,1.4412854420872234,2.0417379446695296,0.010594223484848484,0.10039851641414141,57.0,28.4,0.847994923295238,0.35634158851729325,6930.0,15.0,0.0,548,A5
50688.0,0.02006781090018189,0.8684603593990751,2.0417379446695296,0.007773042929292929,0.06295375631313131,41.0,13.0,0.8571677017104545,0.34459149356272717,7515.0,33.0,0.0,548,A6
50688.0,0.02006781090018189,1.191927939457827,2.0417379446695296,0.010219381313131314,0.09098800505050506,51.0,26.4,0.8643661750787294,0.3138209503660902,5760.0,16.0,0.0,548,B3
50688.0,0.02006781090018189,1.1547819846894583,2.0417379446695296,0.010219381313131314,0.08791035353535354,51.0,28.4,0.8741697624759559,0.2907590084564853,5740.0,21.0,0.25277777777777777,548,B6
50688.0,0.02006781090018189,0.40620942890585726,1.9781080029332403,0.006924715909090909,0.03989109848484849,24.0,26.4,0.8635690449308814,0.3221910520613029,6590.0,24.0,0.25277777777777777,548,B7
50688.0,0.02006781090018189,1.3963683610559376,2.0417379446695296,0.005958017676767677,0.09923453282828283,55.0,23.8,0.8560125369791963,0.33432143911456935,6110.0,20.0,0.10833333333333334,548,B8
50688.0,0.02006781090018189,1.9781080029332403,2.0417379446695296,0.017361111111111112,0.15514520202020202,90.0,39.4,0.8629534093543867,0.31443878203716863,5675.0,16.0,0.14166666666666666,548,B9
50688.0,0.02006781090018189,1.3528511027866506,2.0417379446695296,0.0038273358585858585,0.10302241161616162,60.0,23.8,0.8558413148563396,0.3348397557657503,6110.0,20.0,0.10833333333333334,548,B10
50688.0,0.02006781090018189,1.3963683610559376,2.0417379446695296,0.005958017676767677,0.09923453282828283,55.0,23.8,0.853632921916584,0.3402627556717381,6185.0,19.0,0.0,548,B11
50688.0,0.02006781090018189,1.1547819846894583,2.0417379446695296,0.010219381313131314,0.07603377525252525,43.0,18.8,0.8635354439838785,0.31992557575208785,6265.0,23.0,0.0,548,B12
50688.0,0.02006781090018189,1.584893192461114,2.0417379446695296,0.010594223484848484,0.13239820075757575,73.0,43.6,0.8766251134148284,0.28152695662109123,5230.0,20.0,0.0,548,B13
68049.0,0.02006781090018189,0.02006781090018189,0.02006781090018189,0.0,0.0,0.0,0.0,0.8171199393887326,0.4778278944499631,10800.0,0.0,0.0,549,A1
68049.0,0.02006781090018189,1.742809826672464,2.0417379446695296,0.017443312906875928,0.17090625872533027,159.0,43.42857142857143,0.902127058233971,0.23093320177223473,5235.0,10.0,0.0,549,A2
68049.0,0.02006781090018189,1.5355006336570662,2.0417379446695296,0.017031844700142545,0.15778336198915488,131.0,43.42857142857143,0.9052755671812496,0.22438770949294856,5235.0,10.0,0.0,549,A3
68049.0,0.02006781090018189,1.9164610627353873,2.0417379446695296,0.02202824435333363,0.2528178224514688,206.0,51.142857142857146,0.9166968895637954,0.19525879926771286,4980.0,28.0,0.0,549,A4
68049.0,0.02006781090018189,0.8684603593990751,1.6884958594867534,0.0,0.0742112301429852,58.0,23.285714285714285,0.8721493233274868,0.31756863286207515,7995.0,18.0,0.0,549,A5
68049.0,0.02006781090018189,0.6531305526474723,1.2698429144338064,0.0,0.06701053652515099,67.0,9.142857142857142,0.8647745338414264,0.3433488590028152,9250.0,43.0,0.0,549,A6
68049.0,0.02006781090018189,0.8151734005153627,1.3963683610559376,0.0,0.09278608061837794,58.0,18.857142857142858,0.8956215083949678,0.24906433632577699,5840.0,17.0,0.0,549,B3
68049.0,0.02006781090018189,1.5355006336570662,2.0417379446695296,0.010077297241693485,0.17555364516745287,119.0,34.142857142857146,0.9038936690012096,0.23011788310880218,5735.0,21.0,0.4361111111111111,549,B6
68049.0,0.02006781090018189,0.9252306262333164,1.8567353246307055,0.0050110949462887034,0.08515922350071273,60.0,21.857142857142858,0.8854832900954496,0.2771864024729288,7160.0,30.0,0.4166666666666667,549,B7
68049.0,0.02006781090018189,0.2225871044793004,1.3106900423660772,0.0,0.02930241443665594,14.0,29.142857142857142,0.8797242497111069,0.28791813346303274,6335.0,13.0,0.09444444444444444,549,B8
68049.0,0.02006781090018189,1.1187936686591167,1.9781080029332403,0.002806800981645579,0.08997927963673236,59.0,26.285714285714285,0.8776293262772153,0.29370269009910377,6500.0,16.0,0.08888888888888889,549,B9
68049.0,0.02006781090018189,0.2447653853410146,1.3963683610559376,0.0,0.02843539214389631,20.0,29.142857142857142,0.8796212805839573,0.28862664832253426,6335.0,13.0,0.09444444444444444,549,B10
68049.0,0.02006781090018189,0.15712670380639343,1.3106900423660772,0.0,0.02930241443665594,14.0,21.428571428571427,0.8781811556918916,0.2921916505594058,6455.0,15.0,0.0,549,B11
68049.0,0.02006781090018189,1.3106900423660772,2.0417379446695296,0.01006627577187027,0.13042072624138487,94.0,18.0,0.8886254066292362,0.2706408016437712,6500.0,24.0,0.044444444444444446,549,B12
68049.0,0.02006781090018189,1.584893192461114,2.0417379446695296,0.005731164308072125,0.14611529926964392,97.0,24.571428571428573,0.8996204149128523,0.23925817938599714,5635.0,20.0,0.0,549,B13
47349.0,0.02006781090018189,0.02006781090018189,0.02006781090018189,0.0,0.0,0.0,0.0,0.8142775271472351,0.4631882785069876,9000.0,0.0,0.0,550,A1
47349.0,0.02006781090018189,2.0417379446695296,2.0417379446695296,0.01846395911212486,0.24718051067604385,133.0,32.166666666666664,0.8878063128156546,0.25916247791336533,4935.0,14.0,0.0,550,A2
47349.0,0.02006781090018189,2.0417379446695296,2.0417379446695296,0.016526220194724283,0.2527297303005343,126.0,32.166666666666664,0.8899802261367906,0.25439455094028157,4935.0,14.0,0.0,550,A3
47349.0,0.02006781090018189,1.9781080029332403,2.0417379446695296,0.01649454053939893,0.24063866185135907,128.0,60.5,0.9129316226787318,0.1990077335848225,4335.0,17.0,0.0,550,A4
47349.0,0.02006781090018189,1.9781080029332403,2.0417379446695296,0.014361443747492028,0.19998310418382648,104.0,26.0,0.8596201616942795,0.33664088594392094,6615.0,19.0,0.0,550,A5
47349.0,0.02006781090018189,1.7988709151287874,2.0417379446695296,0.008880863376206466,0.12191387357705548,66.0,14.833333333333334,0.8656376710332011,0.32837772166996615,7580.0,33.0,0.0,550,A6
47349.0,0.02006781090018189,1.9781080029332403,2.0417379446695296,0.01649454053939893,0.21690004012756342,109.0,34.666666666666664,0.8877604785907379,0.26004245033317874,5235.0,16.0,0.0,550,B3
47349.0,0.02006781090018189,1.9164610627353873,2.0417379446695296,0.010876681661703521,0.12980210775306764,67.0,34.166666666666664,0.9004666309897015,0.2295248625257943,5010.0,22.0,0.13055555555555556,550,B6
47349.0,0.02006781090018189,1.6358745652400533,2.0417379446695296,0.0029990073707998055,0.12279034404105683,63.0,46.666666666666664,0.8834664924620911,0.27651104409552424,6370.0,37.0,0.17222222222222222,550,B7
47349.0,0.02006781090018189,1.742809826672464,2.0417379446695296,0.008828063950664216,0.1020296099178441,52.0,33.833333333333336,0.865227027566138,0.31699504419288455,6065.0,12.0,0.1111111111111111,550,B8
47349.0,0.02006781090018189,1.742809826672464,2.0417379446695296,0.008743584869796617,0.12711989693552134,65.0,16.666666666666668,0.8662151481321648,0.31274667350480084,5960.0,12.0,0.0,550,B9
47349.0,0.02006781090018189,1.742809826672464,2.0417379446695296,0.008828063950664216,0.10496525797799319,58.0,33.833333333333336,0.8654173044867757,0.31708336843933743,6065.0,12.0,0.1111111111111111,550,B10
47349.0,0.02006781090018189,0.20892961308540398,1.8567353246307055,0.000527994255422501,0.041627067097509976,22.0,29.5,0.8552199787331591,0.3427277263288336,6545.0,12.0,0.0,550,B11
47349.0,0.02006781090018189,1.8567353246307055,2.0417379446695296,0.01001077108281062,0.11691904792075862,60.0,19.0,0.8862541835668478,0.26679727565613864,5700.0,18.0,0.0,550,B12
47349.0,0.02006781090018189,1.9781080029332403,2.0417379446695296,0.01649454053939893,0.21732243553190142,109.0,25.5,0.8947068048056345,0.24311341925164143,4950.0,19.0,0.0,550,B13
52148.0,0.02006781090018189,0.02006781090018189,0.02006781090018189,0.0,0.0,0.0,0.0,0.8519988460245942,0.3971109359451864,10800.0,0.0,0.0,551,A1
52148.0,0.02006781090018189,1.0501467677660838,2.0417379446695296,0.004314642939326532,0.10301449720027614,67.0,58.857142857142854,0.9293545612795672,0.17585576703620895,4620.0,5.0,0.0,551,A2
52148.0,0.02006781090018189,1.0174193661806046,1.9164610627353873,0.004142057221753471,0.1008667638260336,64.0,58.857142857142854,0.9307156442056461,0.17305346713873077,4620.0,5.0,0.0,551,A3
52148.0,0.02006781090018189,1.4876473740795015,1.9781080029332403,0.001984735752090205,0.1776002914781008,106.0,59.57142857142857,0.9443971073335656,0.14112708284898207,4140.0,19.0,0.0,551,A4
52148.0,0.02006781090018189,0.5939501549952435,1.584893192461114,7.670476336580502e-05,0.05693411060826877,33.0,5.857142857142857,0.9108670822901869,0.2267055506805532,6270.0,10.0,0.0,551,A5
52148.0,0.02006781090018189,0.7413102413009177,1.5355006336570662,0.0,0.0635690726394109,45.0,36.714285714285715,0.9036689612978598,0.2514018404686269,7660.0,37.0,0.0,551,A6
52148.0,0.02006781090018189,0.6130557921498209,1.584893192461114,7.670476336580502e-05,0.06013653447879113,34.0,42.42857142857143,0.9257606347759907,0.18763370265544235,5210.0,7.0,0.0,551,B3
52148.0,0.02006781090018189,1.1187936686591167,1.6884958594867534,7.670476336580502e-05,0.09753010661962108,58.0,37.285714285714285,0.9198977855873522,0.2026728251936722,5825.0,25.0,0.2111111111111111,551,B6
52148.0,0.02006781090018189,0.9549925860214359,1.584893192461114,0.0,0.07833473958732837,47.0,36.142857142857146,0.9096714866364634,0.23061811726587722,6845.0,36.0,0.20833333333333334,551,B7
52148.0,0.02006781090018189,0.6531305526474723,1.584893192461114,7.670476336580502e-05,0.06657973460151875,38.0,27.571428571428573,0.9153644176627788,0.21562241960053055,5915.0,13.0,0.0,551,B8
52148.0,0.02006781090018189,0.7651560209006901,1.584893192461114,7.670476336580502e-05,0.07553501572447649,44.0,27.142857142857142,0.9074273633995812,0.23560706494365782,6305.0,12.0,0.0,551,B9
52148.0,0.02006781090018189,0.6741398498898495,1.584893192461114,7.670476336580502e-05,0.06832476796809082,43.0,27.571428571428573,0.9166084366950246,0.21410754406117663,5915.0,13.0,0.0,551,B10
52148.0,0.02006781090018189,0.6531305526474723,1.584893192461114,7.670476336580502e-05,0.06657973460151875,38.0,27.571428571428573,0.9153644176627788,0.21562241960053055,5915.0,13.0,0.0,551,B11
52148.0,0.02006781090018189,0.9252306262333164,1.6358745652400533,0.0003835238168290251,0.07745263480862162,46.0,36.57142857142857,0.9149497605311747,0.21617212010525477,6170.0,21.0,0.0,551,B12
52148.0,0.02006781090018189,1.0839269140212038,1.8567353246307055,0.0012272762138528803,0.11181636879650227,64.0,45.42857142857143,0.9329937933101541,0.16972984835532443,4825.0,17.0,0.0,551,B13
69472.0,0.02006781090018189,0.02006781090018189,0.02006781090018189,0.0,0.0,0.0,0.0,0.9140941559993861,0.25985602740223124,12600.0,0.0,0.0,552,A1
69472.0,0.02006781090018189,1.6358745652400533,2.0417379446695296,0.021836135421464762,0.12867054352832796,107.0,21.25,0.9607688796421331,0.11369156493721963,4920.0,11.0,0.0,552,A2
69472.0,0.02006781090018189,1.584893192461114,2.0417379446695296,0.021836135421464762,0.12432346844771995,101.0,21.25,0.9623320492532248,0.11027805315998049,4920.0,11.0,0.0,552,A3
69472.0,0.02006781090018189,1.6358745652400533,2.0417379446695296,0.013102400967296177,0.14146346729617687,114.0,46.25,0.9700205426400101,0.09013563182691817,4345.0,22.0,0.0,552,A4
69472.0,0.02006781090018189,1.0174193661806046,2.0417379446695296,0.009946453247351451,0.08243608935974206,62.0,14.0,0.9493648242917513,0.15206732555064295,6945.0,17.0,0.0,552,A5
69472.0,0.02006781090018189,0.43276287768448307,1.7988709151287874,0.003922443574389682,0.04386659373560571,34.0,3.25,0.9482666853309814,0.15518280159848644,7625.0,29.0,0.0,552,A6
69472.0,0.02006781090018189,1.0501467677660838,2.0417379446695296,0.004649355135882082,0.07813219714417319,52.0,21.25,0.9599710759572087,0.11873742001303485,5620.0,16.0,0.0,552,B3
69472.0,0.02006781090018189,1.4412854420872234,2.0417379446695296,0.006606978350990327,0.10171004145555043,72.0,19.75,0.9569463305983889,0.12691227816964948,6000.0,30.0,0.2361111111111111,552,B6
69472.0,0.02006781090018189,0.8151734005153627,2.0417379446695296,0.004922846614463381,0.06242802855826808,42.0,10.5,0.9489061198252865,0.15165026522165476,7635.0,37.0,0.15833333333333333,552,B7
69472.0,0.02006781090018189,0.8963961859499497,2.0417379446695296,0.00332508060801474,0.06773952095808383,44.0,25.5,0.9608321170132984,0.11815362763432363,5705.0,10.0,0.16944444444444445,552,B8
69472.0,0.02006781090018189,0.5939501549952435,1.9781080029332403,0.0020727775218793184,0.05304295255642561,32.0,10.25,0.9539715106172586,0.13711852483895104,6460.0,12.0,0.0,552,B9
69472.0,0.02006781090018189,0.9252306262333164,2.0417379446695296,0.00332508060801474,0.06943804698295716,49.0,25.5,0.9601342764356635,0.11978415877234228,5705.0,10.0,0.16944444444444445,552,B10
69472.0,0.02006781090018189,0.5401321147646347,1.9781080029332403,0.0020727775218793184,0.05099896361123906,31.0,13.5,0.9537372848426768,0.13842475899287374,6290.0,10.0,0.0,552,B11
69472.0,0.02006781090018189,0.8151734005153627,2.0417379446695296,0.004922846614463381,0.06242802855826808,42.0,13.25,0.9561631296379063,0.13118791898260507,6350.0,20.0,0.0,552,B12
69472.0,0.02006781090018189,1.2302687708123812,2.0417379446695296,0.006606978350990327,0.09667204053431598,70.0,21.75,0.9603705351356648,0.1160698921328057,5320.0,20.0,0.0,552,B13
70621.0,0.02006781090018189,0.02006781090018189,0.02006781090018189,0.0,0.0,0.0,0.0,0.9360110409470793,0.19779949561585566,10800.0,0.0,0.0,553,A1
70621.0,0.02006781090018189,1.1547819846894583,2.0417379446695296,0.005069313660242704,0.12272553489755172,101.0,49.25,0.9709600949545845,0.08990363570780131,4785.0,10.0,0.0,553,A2
70621.0,0.02006781090018189,1.1547819846894583,2.0417379446695296,0.005069313660242704,0.12183344897410119,97.0,49.25,0.9720587746612407,0.08751425487778369,4770.0,9.0,0.0,553,A3
70621.0,0.02006781090018189,1.4876473740795015,2.0417379446695296,0.00741988926806474,0.15006867645601166,124.0,44.0,0.9743640147406594,0.08088112296181052,4425.0,21.0,0.0,553,A4
70621.0,0.02006781090018189,0.15712670380639343,1.5355006336570662,0.0011186474278189207,0.028929072089038672,22.0,29.0,0.955935835471094,0.13556214931464258,7155.0,18.0,0.0,553,A5
70621.0,0.02006781090018189,0.5754399373371569,1.9781080029332403,0.0034692230356409568,0.05346851503093981,44.0,18.25,0.9526281276325373,0.14546410737406698,7755.0,32.0,0.0,553,A6
70621.0,0.02006781090018189,1.0174193661806046,2.0417379446695296,0.007363248891972643,0.07271208280822984,58.0,39.25,0.9690031855966409,0.09848033301342074,5660.0,17.0,0.0,553,B3
70621.0,0.02006781090018189,1.191927939457827,2.0417379446695296,0.004587870463459877,0.09948882060576882,77.0,36.0,0.9704769865714661,0.09518087322069635,5385.0,23.0,0.2388888888888889,553,B6
70621.0,0.02006781090018189,0.8684603593990751,1.9781080029332403,0.0034692230356409568,0.06781269027626344,56.0,48.25,0.9618127848463959,0.11932308709057353,6345.0,30.0,0.46111111111111114,553,B7
70621.0,0.02006781090018189,0.12994213556374826,0.985711900900616,0.0006938446071281914,0.02531824811316747,19.0,28.75,0.9647310898390163,0.11199016987457949,6185.0,10.0,0.07777777777777778,553,B8
70621.0,0.02006781090018189,0.10746078283213174,0.8413951416451951,0.0006938446071281914,0.01887540533269141,14.0,35.0,0.9643586276727749,0.11267785537615468,6220.0,13.0,0.0,553,B9
70621.0,0.02006781090018189,0.1673978978860472,1.0174193661806046,0.0006938446071281914,0.027173220430183657,26.0,28.75,0.9643997606619706,0.11325785419420382,6185.0,10.0,0.07777777777777778,553,B10
70621.0,0.02006781090018189,0.12196915077508336,0.985711900900616,0.0006938446071281914,0.02531824811316747,19.0,28.75,0.9637950487929755,0.11529765089233397,6400.0,11.0,0.0,553,B11
70621.0,0.02006781090018189,0.9549925860214359,2.0417379446695296,0.004587870463459877,0.07551578142478867,57.0,26.25,0.9623676046255276,0.11757124106062669,6340.0,27.0,0.0,553,B12
70621.0,0.02006781090018189,1.0839269140212038,2.0417379446695296,0.006060520241854406,0.09760552810070659,77.0,49.0,0.9723792548840311,0.08719739190614895,4990.0,18.0,0.0,553,B13
98321.0,0.02006781090018189,0.02006781090018189,0.02006781090018189,0.0,0.0,0.0,0.0,0.9503253948788074,0.15714876490022717,10800.0,0.0,0.0,554,A1
98321.0,0.02006781090018189,1.4876473740795015,2.0417379446695296,0.009746137651163026,0.09166658191027349,110.0,57.25,0.9667465710528327,0.09612819959059553,5760.0,13.0,0.0,554,A2
98321.0,0.02006781090018189,1.3963683610559376,2.0417379446695296,0.009418130409576795,0.08773303770303394,96.0,57.25,0.9687013779323982,0.09190818764394085,5760.0,13.0,0.0,554,A3
98321.0,0.02006781090018189,1.3963683610559376,2.0417379446695296,0.008757030542813845,0.12898566938904202,165.0,84.75,0.9698578784214331,0.0881274300935833,5110.0,29.0,0.0,554,A4
98321.0,0.02006781090018189,0.4911905467933634,1.8567353246307055,0.0025706614049897784,0.048669663652729324,50.0,14.5,0.9578907813078195,0.12752201438992303,8250.0,21.0,0.0,554,A5
98321.0,0.02006781090018189,0.021379620895022326,0.43276287768448307,0.0016883473520407644,0.009682570356281974,11.0,1.25,0.9547600320272281,0.1357308117438623,8810.0,31.0,0.0,554,A6
98321.0,0.02006781090018189,0.7651560209006901,2.0417379446695296,0.006519461763000783,0.06064828470011493,62.0,14.75,0.9670137129015469,0.0993269613765674,6540.0,22.0,0.125,554,B3
98321.0,0.02006781090018189,1.742809826672464,2.0417379446695296,0.01598844600848242,0.10508436651376614,118.0,84.75,0.9645770918527337,0.10369674836977076,6375.0,26.0,0.48055555555555557,554,B6
98321.0,0.02006781090018189,0.029342695039559687,0.43276287768448307,0.0016883473520407644,0.009682570356281974,11.0,25.75,0.9571627318505928,0.1317868269065673,8340.0,41.0,0.14166666666666666,554,B7
98321.0,0.02006781090018189,0.23713737056616552,1.8567353246307055,0.002959693249661822,0.03684868949664873,37.0,41.75,0.970684081472036,0.08752825619101307,6235.0,8.0,0.23055555555555557,554,B8
98321.0,0.02006781090018189,0.23713737056616552,1.8567353246307055,0.002959693249661822,0.03684868949664873,37.0,41.75,0.9706463915573722,0.08771901333905022,6230.0,9.0,0.23055555555555557,554,B9
98321.0,0.02006781090018189,0.2447653853410146,1.8567353246307055,0.002959693249661822,0.03684868949664873,37.0,41.75,0.9699640615199462,0.08953477356888355,6235.0,8.0,0.23055555555555557,554,B10
98321.0,0.02006781090018189,0.05527134079444351,1.8567353246307055,0.002471496424975336,0.025091282635449193,24.0,19.5,0.9612502994977967,0.11419447875246376,6975.0,11.0,0.0,554,B11
98321.0,0.02006781090018189,0.17278259805078636,1.1547819846894583,0.0016883473520407644,0.022884226157179038,23.0,36.5,0.9621722889676957,0.11294402924799266,7040.0,23.0,0.0,554,B12
98321.0,0.02006781090018189,0.5232991146814947,1.8567353246307055,0.003864891528768015,0.05059956672531809,48.0,14.0,0.9685202795072789,0.09436270060385202,6220.0,21.0,0.06111111111111111,554,B13
131648.0,0.02006781090018189,0.02006781090018189,0.02006781090018189,0.0,0.0,0.0,0.0,0.984743459461574,0.0705031455266851,10800.0,0.0,0.0,555,A1
131648.0,0.02006781090018189,0.8413951416451951,2.3173946499684797,0.004080958313077297,0.06879519628099173,137.0,25.5,0.9861761912719519,0.05422994047559331,6570.0,15.0,0.0,555,A2
131648.0,0.02006781090018189,0.8963961859499497,2.0417379446695296,0.0019825595527467187,0.07434978123480797,110.0,25.5,0.9879457435277542,0.05052577362482893,6720.0,16.0,0.0,555,A3
131648.0,0.02006781090018189,1.7988709151287874,2.0417379446695296,0.017780368862421,0.1687625334224599,253.0,60.5,0.9813763071701602,0.0675216255805137,6380.0,43.0,0.0,555,A4
131648.0,0.02006781090018189,0.02006781090018189,0.06475152482255576,0.0,0.0028561011181332035,10.0,1.5,0.9823384516918469,0.0725587696698961,8955.0,19.0,0.0,555,A5
131648.0,0.02006781090018189,0.024266100950824154,0.11091748152624009,0.0,0.0024231283422459894,16.0,1.5,0.9765355016051286,0.09252758380600057,10575.0,31.0,0.0,555,A6
131648.0,0.02006781090018189,0.13412199354053708,0.7182076058301705,0.0,0.017227758872143898,19.0,24.0,0.9879001201936723,0.05356574250016067,7145.0,14.0,0.0,555,B3
131648.0,0.02006781090018189,0.08609937521846008,0.7651560209006901,0.0,0.017569579484686435,22.0,2.0,0.9866798572385993,0.05762472452705317,7345.0,25.0,0.0,555,B6
131648.0,0.02006781090018189,0.0220673406908459,0.18407720014689555,0.0,0.0021192877977637336,4.0,0.0,0.9827910742131071,0.07316293169815373,8775.0,37.0,0.0,555,B7
131648.0,0.02006781090018189,0.022777182418573218,0.47588279098881686,0.0,0.00749726543509966,8.0,24.0,0.987995989800561,0.05314768761639867,7495.0,10.0,0.0,555,B8
131648.0,0.02006781090018189,0.03548133892335755,0.47588279098881686,0.0,0.00749726543509966,8.0,24.0,0.9880927247001148,0.053178906889436134,7395.0,11.0,0.0,555,B9
131648.0,0.02006781090018189,0.026683942737144424,0.4911905467933634,0.0,0.008621475449684005,15.0,24.0,0.9867179612280786,0.05623500426478843,7495.0,10.0,0.0,555,B10
131648.0,0.02006781090018189,0.022777182418573218,0.47588279098881686,0.0,0.00749726543509966,8.0,24.0,0.987995989800561,0.05314768761639867,7495.0,10.0,0.0,555,B11
131648.0,0.02006781090018189,0.02006781090018189,0.17278259805078636,0.0,0.0030460014584346136,6.0,2.0,0.9866787914414015,0.059897852378195685,7905.0,21.0,0.0,555,B12
131648.0,0.02006781090018189,0.2778113596642536,1.2302687708123812,0.0005089329120077784,0.03450109382596014,42.0,24.0,0.987444200476231,0.05463876003927052,6810.0,24.0,0.0,555,B13
189090.0,0.02006781090018189,0.02006781090018189,0.02006781090018189,0.0,0.0,0.0,0.0,0.9904487618702071,0.0779947709765018,28800.0,0.0,0.0,556,A1
189090.0,0.02006781090018189,0.43276287768448307,2.0417379446695296,0.02252366597916336,0.04603099053360833,62.0,1.0,0.9976751968950177,0.024428311368562602,8460.0,5.0,0.0,556,A2
189090.0,0.02006781090018189,0.36940264435828357,2.0417379446695296,0.02235972288328309,0.042567031572267176,44.0,1.0,0.9984233476320532,0.02254662703565679,8460.0,5.0,0.0,556,A3
189090.0,0.02006781090018189,1.7988709151287874,2.0417379446695296,0.026997725950605532,0.1373155640171347,241.0,1.0,0.990850205493033,0.04567055909478655,7555.0,41.0,0.0,556,A4
189090.0,0.02006781090018189,0.06077850313707005,2.2451739778971898,0.011185149928605425,0.042387223015495266,29.0,1.0,0.9939485870851021,0.044783641975438764,13170.0,15.0,0.0,556,A5
189090.0,0.02006781090018189,0.09467820160680859,2.3919384495683134,0.007398593262467608,0.04264107038976149,28.0,0.0,0.9889003005087986,0.05814731773167101,13320.0,33.0,0.0,556,A6
189090.0,0.02006781090018189,0.40620942890585726,2.0417379446695296,0.01604791369189275,0.045113438045375216,39.0,1.0,0.9962382738810255,0.0324678077677466,9455.0,14.0,0.09166666666666666,556,B3
189090.0,0.02006781090018189,0.23713737056616552,2.0417379446695296,0.03481939817018351,0.040509810143318,54.0,1.0,0.9936892004202053,0.04015860323817359,9585.0,27.0,0.05,556,B6
189090.0,0.02006781090018189,0.2024184057376061,2.0417379446695296,0.03138452588714369,0.04218890475434978,51.0,1.0,0.9893317470800185,0.05804356228191911,12530.0,52.0,0.05277777777777778,556,B7
189090.0,0.02006781090018189,0.34673685045253166,2.0417379446695296,0.018229414564493097,0.04173145063197419,33.0,1.0,0.9956567631801747,0.034529711954886466,9130.0,20.0,0.06944444444444445,556,B8
189090.0,0.02006781090018189,0.33593093598651524,2.0417379446695296,0.01983975884499445,0.04108889946586282,34.0,1.0,0.9958162957084378,0.034081868007847904,9575.0,17.0,0.06666666666666667,556,B9
189090.0,0.02006781090018189,0.36940264435828357,2.0417379446695296,0.01819371727748691,0.04305225025120313,50.0,1.0,0.9924927639797922,0.04157882096588729,9130.0,20.0,0.06944444444444445,556,B10
189090.0,0.02006781090018189,0.34673685045253166,2.0417379446695296,0.018229414564493097,0.04173145063197419,33.0,1.0,0.9958519135440426,0.036361522957184526,10605.0,18.0,0.0,556,B11
189090.0,0.02006781090018189,0.6327760017024558,2.0417379446695296,0.02212570733513142,0.05077079697498545,50.0,1.0,0.994246400369512,0.04020073280397681,10200.0,24.0,0.041666666666666664,556,B12
189090.0,0.02006781090018189,0.7897688493998856,2.1074146752966985,0.018266433973240254,0.05447670421492411,50.0,1.0,0.9957464834078732,0.034100128220647424,9000.0,20.0,0.058333333333333334,556,B13
163952.0,0.02006781090018189,0.02006781090018189,0.02006781090018189,0.0,0.0,0.0,0.0,0.9951535327576939,0.04897559132659281,14400.0,0.0,0.0,557,A1
163952.0,0.02006781090018189,0.17278259805078636,1.0839269140212038,0.0,0.017816190104420804,43.0,53.0,0.9941997799759411,0.035293937095305705,7575.0,11.0,0.0,557,A2
163952.0,0.02006781090018189,0.15712670380639343,0.8963961859499497,0.0,0.014534741875670928,24.0,53.0,0.9960738491858417,0.031249179521821477,7545.0,11.0,0.0,557,A3
163952.0,0.02006781090018189,1.5355006336570662,2.0417379446695296,0.02081859324680394,0.08359611349663316,168.0,57.0,0.99213031557235,0.04334786322769814,6895.0,34.0,0.0,557,A4
163952.0,0.02006781090018189,0.02006781090018189,0.03126079367123956,0.0,0.00045135161510686053,4.0,52.0,0.9938403269563192,0.04457864829799043,10350.0,12.0,0.0,557,A5
163952.0,0.02006781090018189,0.02006781090018189,0.06273356959840379,0.0,0.00027447057675417195,2.0,2.0,0.9865048091789089,0.06683311527916928,12220.0,40.0,0.0,557,A6
163952.0,0.02006781090018189,0.05704925797046321,1.0839269140212038,0.0,0.022085732409485703,21.0,25.0,0.994474242625272,0.040847671136504185,9100.0,23.0,0.0,557,B3
163952.0,0.02006781090018189,0.9252306262333164,2.0417379446695296,0.00542231872743242,0.06522030838294135,82.0,25.0,0.9915271189672449,0.04924511537314482,8805.0,37.0,0.10555555555555556,557,B6
163952.0,0.02006781090018189,0.050263184440820056,1.7988709151287874,0.0030130769981457986,0.02349468137015712,29.0,23.0,0.9903338881108783,0.058343429355507445,11215.0,44.0,0.19444444444444445,557,B7
163952.0,0.02006781090018189,0.03330427623087463,0.3935500754557774,0.0,0.00603225334244169,6.0,25.0,0.9954635827764853,0.03634048253535923,9050.0,17.0,0.0,557,B8
163952.0,0.02006781090018189,0.028428241752041873,0.3935500754557774,0.0,0.00603225334244169,6.0,25.0,0.9944594027179728,0.03997245376051783,9660.0,18.0,0.0,557,B9
163952.0,0.02006781090018189,0.04290421892388853,0.40620942890585726,0.0,0.0063250219576461405,8.0,25.0,0.9936065292547027,0.04078201772236045,9050.0,17.0,0.0,557,B10
163952.0,0.02006781090018189,0.03330427623087463,0.3935500754557774,0.0,0.00603225334244169,6.0,25.0,0.9954635827764853,0.03634048253535923,9050.0,17.0,0.0,557,B11
163952.0,0.02006781090018189,0.08609937521846008,1.7988709151287874,0.0030130769981457986,0.029356153020396212,33.0,25.0,0.9939351742975625,0.04242446835543785,9445.0,23.0,0.0,557,B12
163952.0,0.02006781090018189,0.12196915077508336,1.7988709151287874,0.0030130769981457986,0.029356153020396212,33.0,53.0,0.9951467200346467,0.035654301333817626,8245.0,19.0,0.0,557,B13
218887.0,0.02006781090018189,0.02006781090018189,0.02006781090018189,0.0,0.0,0.0,0.0,0.9964496551301685,0.047928592363419745,21600.0,0.0,0.0,558,A1
218887.0,0.02006781090018189,0.7413102413009177,1.6884958594867534,0.00040431820985257236,0.06791403783687473,103.0,37.666666666666664,0.9936280481507993,0.036136528922139394,10140.0,14.0,0.0,558,A2
218887.0,0.02006781090018189,0.6958249547006052,1.6358745652400533,0.0,0.06416552833197038,79.0,37.666666666666664,0.994923240967646,0.03328180156153324,10140.0,14.0,0.0,558,A3
218887.0,0.02006781090018189,1.3528511027866506,2.0417379446695296,0.004058029942390366,0.11128002119815247,183.0,108.33333333333333,0.9866141215432983,0.05727201407515668,9365.0,53.0,0.0,558,A4
218887.0,0.02006781090018189,0.02006781090018189,0.06077850313707005,0.0,0.0003472111180654858,3.0,2.3333333333333335,0.9927963907532876,0.04589927936772467,14280.0,17.0,0.0,558,A5
218887.0,0.02006781090018189,0.02006781090018189,0.05527134079444351,0.0,0.0015989985700384215,15.0,1.3333333333333333,0.9873922799133802,0.06400636910646061,16165.0,38.0,0.0,558,A6
218887.0,0.02006781090018189,0.11816803125447838,0.5401321147646347,0.0,0.01097369875780654,13.0,3.0,0.9958844345857468,0.03471090255830212,11190.0,17.0,0.0,558,B3
218887.0,0.02006781090018189,0.4610520952362225,1.5355006336570662,0.0010233590848245898,0.04708822360396003,55.0,7.666666666666667,0.9925497124038988,0.04425432296804935,10905.0,38.0,0.0,558,B6
218887.0,0.02006781090018189,0.03548133892335755,1.0174193661806046,0.0010233590848245898,0.018420463526842616,25.0,2.3333333333333335,0.9932634415884213,0.04584473978857338,12315.0,36.0,0.0,558,B7
218887.0,0.02006781090018189,0.09172759353897794,0.6531305526474723,0.0,0.01395240466542097,13.0,8.0,0.995756691212416,0.03423145910993431,10575.0,17.0,0.0,558,B8
218887.0,0.02006781090018189,0.09172759353897794,0.6531305526474723,0.0,0.01395240466542097,13.0,8.0,0.9958546710773502,0.032883528479358375,10775.0,16.0,0.0,558,B9
218887.0,0.02006781090018189,0.12196915077508336,0.6741398498898495,0.0,0.015089977933819734,26.0,8.0,0.9931900341173014,0.04051647646983527,10575.0,17.0,0.0,558,B10
218887.0,0.02006781090018189,0.09172759353897794,0.6531305526474723,0.0,0.01395240466542097,13.0,8.0,0.995756691212416,0.03423145910993431,10575.0,17.0,0.0,558,B11
218887.0,0.02006781090018189,0.02754228703338166,0.5401321147646347,0.0010233590848245898,0.010768113227373028,17.0,2.6666666666666665,0.9937681266701033,0.04391967243049368,12025.0,28.0,0.0,558,B12
218887.0,0.02006781090018189,0.4911905467933634,1.5355006336570662,0.0010233590848245898,0.04798366280318155,59.0,8.0,0.9953236794198265,0.035968959452789925,10115.0,28.0,0.0,558,B13
231995.0,0.02006781090018189,0.02006781090018189,0.02006781090018189,0.0,0.0,0.0,,0.9988295841350731,0.02820938642694157,14400.0,0.0,0.0,559,A1
231995.0,0.02006781090018189,0.12589254117941676,0.985711900900616,0.0,0.02651350244617341,61.0,,0.9953155991971459,0.030038930761444427,9870.0,11.0,0.0,559,A2
231995.0,0.02006781090018189,0.09172759353897794,0.9252306262333164,0.0,0.021289251923532836,36.0,,0.9968672374876137,0.026840781410519567,9870.0,11.0,0.0,559,A3
231995.0,0.02006781090018189,1.0839269140212038,2.0417379446695296,0.001250026940235781,0.11043341451324382,231.0,,0.98784005184721,0.05555136339311878,9490.0,53.0,0.0,559,A4
231995.0,0.02006781090018189,0.02006781090018189,0.03548133892335755,0.0,0.0004008707084204401,4.0,,0.9943494708614654,0.03999318898573125,13605.0,18.0,0.0,559,A5
231995.0,0.02006781090018189,0.02006781090018189,0.04027170343254591,0.0,0.00015948619582318584,2.0,,0.992243087200583,0.04761993663808632,15110.0,26.0,0.0,559,A6
231995.0,0.02006781090018189,0.02006781090018189,0.02754228703338166,0.0,0.0022845319942240132,4.0,,0.9966470816280126,0.030919245708018326,11020.0,15.0,0.0,559,B3
231995.0,0.02006781090018189,0.08609937521846008,1.0174193661806046,9.914006767387229e-05,0.028379921981077177,44.0,,0.9965196041845308,0.02892627904174395,10335.0,17.0,0.0,559,B6
231995.0,0.02006781090018189,0.04027170343254591,1.0174193661806046,9.914006767387229e-05,0.026892820965969094,40.0,,0.9918116528843397,0.048314851595620434,12445.0,48.0,0.0,559,B7
231995.0,0.02006781090018189,0.024266100950824154,0.7897688493998856,0.0,0.014362378499536628,19.0,,0.9960218269639235,0.03306757827858716,10635.0,21.0,0.0,559,B8
231995.0,0.02006781090018189,0.021379620895022326,0.7897688493998856,0.0,0.014362378499536628,19.0,,0.9963000929301687,0.03204794347089328,10875.0,17.0,0.0,559,B9
231995.0,0.02006781090018189,0.029342695039559687,0.8151734005153627,0.0,0.01597017177094334,36.0,,0.993243316040018,0.03968756257862657,10635.0,21.0,0.0,559,B10
231995.0,0.02006781090018189,0.024266100950824154,0.7897688493998856,0.0,0.014362378499536628,19.0,,0.9960218269639235,0.03306757827858716,10635.0,21.0,0.0,559,B11
231995.0,0.02006781090018189,0.02006781090018189,0.04570881896148752,9.914006767387229e-05,0.007801892282161253,13.0,,0.9965440862224654,0.02998027251626049,10950.0,15.0,0.0,559,B12
231995.0,0.02006781090018189,0.03330427623087463,1.0174193661806046,9.914006767387229e-05,0.021513394685230284,31.0,,0.9959574839865639,0.03191746935526346,10270.0,21.0,0.0,559,B13
252949.0,0.02006781090018189,0.02006781090018189,0.02006781090018189,0.0,0.0,0.0,0.0,0.9903112399850695,0.08266308523203089,41400.0,0.0,0.0,560,A1
252949.0,0.02006781090018189,1.1547819846894583,2.0417379446695296,0.04420456297514519,0.07778050120775334,97.0,58.0,0.9941027770317872,0.0341384447406416,11040.0,11.0,0.0,560,A2
252949.0,0.02006781090018189,1.1547819846894583,2.0417379446695296,0.04420456297514519,0.07523453344350046,83.0,58.0,0.9952207408636969,0.03173855720007403,11040.0,11.0,0.0,560,A3
252949.0,0.02006781090018189,2.0417379446695296,2.0417379446695296,0.05677527881114375,0.18726996351043096,307.0,58.0,0.9873759056003278,0.053964093877823374,10160.0,48.0,0.0,560,A4
252949.0,0.02006781090018189,1.0174193661806046,2.0417379446695296,0.02740671044360721,0.05413146523607525,42.0,58.0,0.9919023076169557,0.049210980199885374,17070.0,17.0,0.0,560,A5
252949.0,0.02006781090018189,1.1547819846894583,2.0417379446695296,0.025358866807142944,0.0598915196343927,57.0,5.0,0.9835048554662781,0.07656479871192746,19870.0,44.0,0.0,560,A6
252949.0,0.02006781090018189,1.3963683610559376,2.0417379446695296,0.03654096280277842,0.07487675381203325,72.0,58.0,0.9951674941219569,0.039334350720062694,13380.0,27.0,0.0,560,B3
252949.0,0.02006781090018189,1.2302687708123812,2.0417379446695296,0.05993302997837509,0.07944289165009548,122.0,58.0,0.9919018932235235,0.04850314557699894,12635.0,43.0,0.10555555555555556,560,B6
252949.0,0.02006781090018189,0.8963961859499497,2.0417379446695296,0.05183851290181025,0.06462369884838445,96.0,97.0,0.9894534274020109,0.0576986188730897,15685.0,58.0,0.1388888888888889,560,B7
252949.0,0.02006781090018189,1.6358745652400533,2.0417379446695296,0.04058822134106085,0.07337546303800371,77.0,58.0,0.9957244337486787,0.035659947132534585,12735.0,20.0,0.0,560,B8
252949.0,0.02006781090018189,1.584893192461114,2.0417379446695296,0.040860015259993124,0.06874705968396791,71.0,58.0,0.9953934944069993,0.03657364541185532,12925.0,22.0,0.0,560,B9
252949.0,0.02006781090018189,1.6358745652400533,2.0417379446695296,0.04013061921573124,0.07477791965969424,87.0,58.0,0.9932594187175593,0.041525631383326544,12735.0,20.0,0.0,560,B10
252949.0,0.02006781090018189,1.6358745652400533,2.0417379446695296,0.04058822134106085,0.07337546303800371,77.0,58.0,0.9957244337486787,0.035659947132534585,12735.0,20.0,0.0,560,B11
252949.0,0.02006781090018189,1.3106900423660772,2.0417379446695296,0.04621880299981419,0.06552308963466943,76.0,7.0,0.9923141443173313,0.05022890774283883,15030.0,35.0,0.0,560,B12
252949.0,0.02006781090018189,2.0417379446695296,2.0417379446695296,0.06383401397119577,0.12965558274592903,197.0,58.0,0.9941204127165335,0.04175650736311163,12335.0,37.0,0.030555555555555555,560,B13
194055.0,0.02006781090018189,0.02006781090018189,0.02006781090018189,0.0,0.0,0.0,0.0,0.9885739733624543,0.08078371968594154,28800.0,0.0,0.0,561,A1
194055.0,0.02006781090018189,1.0839269140212038,2.0417379446695296,0.012442348818633892,0.0749864729071655,105.0,34.4,0.994333226708405,0.03552145584130958,9315.0,11.0,0.0,561,A2
194055.0,0.02006781090018189,0.985711900900616,2.0417379446695296,0.012437195640411224,0.07117827420061323,83.0,34.4,0.9956562073419054,0.03258211729966096,9315.0,11.0,0.0,561,A3
194055.0,0.02006781090018189,2.0417379446695296,2.0417379446695296,0.032416067609698285,0.15692200664759992,267.0,77.8,0.9894137399881374,0.04878932068284675,8135.0,43.0,0.0,561,A4
194055.0,0.02006781090018189,0.10411181076233397,1.8567353246307055,0.0026487336064517793,0.037881013114838574,31.0,22.6,0.992671778444086,0.04743042946157237,13650.0,17.0,0.0,561,A5
194055.0,0.02006781090018189,0.11448537209469502,1.742809826672464,0.002138568962407565,0.02838370565045992,33.0,11.2,0.9860357589713193,0.07027387569250038,16510.0,42.0,0.0,561,A6
194055.0,0.02006781090018189,0.3054921113215514,1.742809826672464,0.004581175439952591,0.04313210172373812,38.0,23.2,0.9935237124477044,0.04483902054275396,12180.0,19.0,0.0,561,B3
194055.0,0.02006781090018189,1.0501467677660838,2.0417379446695296,0.01255829532864394,0.08040503980830177,87.0,30.2,0.9909313979005052,0.048948691559073436,11265.0,37.0,0.0,561,B6
194055.0,0.02006781090018189,0.40620942890585726,1.584893192461114,0.00462755404395661,0.045512870062611115,42.0,27.4,0.9892823456142916,0.058000151066853856,13970.0,45.0,0.0,561,B7
194055.0,0.02006781090018189,0.7897688493998856,2.0417379446695296,0.00784313725490196,0.06128674860220041,59.0,25.8,0.9939561609343628,0.04265567766709263,11650.0,18.0,0.0,561,B8
194055.0,0.02006781090018189,0.7897688493998856,2.0417379446695296,0.007531369972430497,0.061237793409085056,59.0,25.0,0.993050309861557,0.04545794449005942,12745.0,19.0,0.0,561,B9
194055.0,0.02006781090018189,0.7897688493998856,2.0417379446695296,0.007841848960346294,0.0612828837185334,59.0,25.8,0.9907680461131144,0.0501888493050752,11650.0,18.0,0.0,561,B10
194055.0,0.02006781090018189,0.7897688493998856,2.0417379446695296,0.00784313725490196,0.06128674860220041,59.0,25.8,0.9939561609343628,0.04265567766709263,11650.0,18.0,0.0,561,B11
194055.0,0.02006781090018189,0.7897688493998856,1.9781080029332403,0.006034371698745201,0.062487439128082245,62.0,7.0,0.9919191800314264,0.050504796692408906,12780.0,28.0,0.0,561,B12
194055.0,0.02006781090018189,1.1547819846894583,2.0417379446695296,0.008487284532735565,0.08026590399628972,82.0,29.6,0.9952570215640584,0.03617733212198767,9710.0,20.0,0.0,561,B13
239011.0,0.02006781090018189,0.02006781090018189,0.02006781090018189,0.0,0.0,0.0,0.0,0.9899423255504578,0.07918847755064856,34200.0,0.0,0.0,562,A1
239011.0,0.02006781090018189,0.23713737056616552,2.0417379446695296,0.0075184824129433375,0.03738740057988963,45.0,43.5,0.9935604220314076,0.0353954104756103,10380.0,9.0,0.0,562,A2
239011.0,0.02006781090018189,0.2225871044793004,2.0417379446695296,0.0075184824129433375,0.036630113258385597,36.0,43.5,0.9939507230712366,0.03532517579635576,10515.0,10.0,0.0,562,A3
239011.0,0.02006781090018189,1.9164610627353873,2.0417379446695296,0.034562216801737156,0.12011267263849781,226.0,93.0,0.987213502077651,0.05494666323226639,9345.0,46.0,0.0,562,A4
239011.0,0.02006781090018189,0.02006781090018189,0.8151734005153627,0.0,0.014635309671939786,7.0,25.5,0.9932010802979186,0.044149998387875214,15150.0,10.0,0.0,562,A5
239011.0,0.02006781090018189,0.04027170343254591,2.0417379446695296,0.012919907451958278,0.02076055076962985,33.0,20.5,0.9861939275585417,0.06589814040315636,16825.0,39.0,0.0,562,A6
239011.0,0.02006781090018189,0.34673685045253166,1.7988709151287874,5.0206894243361184e-05,0.04104831995180138,36.0,25.5,0.9944856041681606,0.03845290032763219,12875.0,20.0,0.0,562,B3
239011.0,0.02006781090018189,0.2959715725594465,2.0417379446695296,0.026107585006547817,0.042554526779102216,69.0,78.0,0.9903518511951218,0.04956724583868747,12145.0,42.0,0.0,562,B6
239011.0,0.02006781090018189,0.6327760017024558,2.0417379446695296,0.020287769182171532,0.052478756207873276,73.0,62.5,0.9881443448840226,0.05952732155141248,15480.0,47.0,0.044444444444444446,562,B7
239011.0,0.02006781090018189,0.15712670380639343,1.9164610627353873,0.00438891933844049,0.028421286049596043,21.0,11.0,0.9941445877123035,0.03884559818608936,11680.0,21.0,0.0,562,B8
239011.0,0.02006781090018189,0.16218100973589297,1.742809826672464,0.0020877700189531026,0.028492412483107472,20.0,25.5,0.9943887051639935,0.038338873180146164,11980.0,17.0,0.0,562,B9
239011.0,0.02006781090018189,0.19611011754760474,1.9164610627353873,0.00438891933844049,0.03117429741727368,42.0,11.0,0.9921248310170556,0.04412594109641306,11680.0,21.0,0.0,562,B10
239011.0,0.02006781090018189,0.15712670380639343,1.9164610627353873,0.00438891933844049,0.028421286049596043,21.0,11.0,0.9941445877123035,0.03884559818608936,11680.0,21.0,0.0,562,B11
239011.0,0.02006781090018189,0.25263877101318966,2.0417379446695296,0.013087263766102815,0.04044583722088105,52.0,20.5,0.9915459376269746,0.048600195341174095,13465.0,34.0,0.0,562,B12
239011.0,0.02006781090018189,1.0501467677660838,2.0417379446695296,0.020061838158076408,0.0662228935069934,87.0,43.0,0.9943659085487643,0.03725064966920161,11575.0,27.0,0.0,562,B13
179871.0,0.02006781090018189,0.02006781090018189,0.02006781090018189,0.0,0.0,0.0,0.0,0.9943739170310739,0.05139872011918495,16200.0,0.0,0.0,563,A1
179871.0,0.02006781090018189,0.09467820160680859,1.0501467677660838,2.779769946239249e-05,0.01936943698539509,48.0,15.0,0.9946332541889087,0.033517029380389474,8370.0,11.0,0.0,563,A2
179871.0,0.02006781090018189,0.07585775750291836,0.7897688493998856,0.0,0.015600068938294668,33.0,15.0,0.9960666940178021,0.030322718098839224,8370.0,11.0,0.0,563,A3
179871.0,0.02006781090018189,1.7988709151287874,2.0417379446695296,0.012433910969528162,0.12633776428662763,244.0,38.0,0.9892516678055115,0.05120909746006857,8130.0,46.0,0.0,563,A4
179871.0,0.02006781090018189,0.02006781090018189,0.04428432200537847,0.0,0.0004002868722584519,2.0,6.0,0.9930616241530074,0.04644451720070997,12015.0,17.0,0.0,563,A5
179871.0,0.02006781090018189,0.021379620895022326,0.06077850313707005,0.0,0.00035025101322614543,4.0,6.0,0.9853340646533288,0.06982602125939749,13130.0,40.0,0.0,563,A6
179871.0,0.02006781090018189,0.024266100950824154,0.7182076058301705,0.0,0.013793218473239154,20.0,15.0,0.9956343425780925,0.035361953558397004,9575.0,18.0,0.0,563,B3
179871.0,0.02006781090018189,0.8963961859499497,2.0417379446695296,0.006121053421618827,0.062472549771780884,97.0,19.5,0.9922488211488891,0.04653892831293209,9230.0,38.0,0.0,563,B6
179871.0,0.02006781090018189,0.7182076058301705,2.0417379446695296,0.005031383602693041,0.05394977511661135,81.0,19.5,0.9910253920819203,0.0544327080651405,11335.0,44.0,0.0,563,B7
179871.0,0.02006781090018189,0.02006781090018189,0.4911905467933634,0.0,0.009128764503449694,13.0,15.0,0.9962655913998467,0.034042678217765486,9175.0,13.0,0.0,563,B8
179871.0,0.02006781090018189,0.022777182418573218,0.4911905467933634,0.0,0.009128764503449694,13.0,15.0,0.9959959879497357,0.03473714305333521,9335.0,16.0,0.0,563,B9
179871.0,0.02006781090018189,0.02350985767597148,0.5939501549952435,0.0,0.011547164356677842,36.0,15.0,0.9948007007477566,0.03787602934476996,9175.0,13.0,0.0,563,B10
179871.0,0.02006781090018189,0.02006781090018189,0.4911905467933634,0.0,0.009128764503449694,13.0,15.0,0.9962655913998467,0.034042678217765486,9175.0,13.0,0.0,563,B11
179871.0,0.02006781090018189,0.029342695039559687,1.3106900423660772,0.0010062767205386081,0.025785146021315274,37.0,6.0,0.9945796184366881,0.0402242208472389,9995.0,25.0,0.0,563,B12
179871.0,0.02006781090018189,0.23713737056616552,1.2302687708123812,0.0010062767205386081,0.032578903769924,44.0,15.0,0.9957271550893093,0.033531672519721015,8675.0,20.0,0.0,563,B13
127781.0,0.02006781090018189,0.02006781090018189,0.02006781090018189,0.0,0.0,0.0,0.0,0.9391718086313714,0.21787000416387062,32400.0,0.0,0.0,564,A1
127781.0,0.02006781090018189,2.0417379446695296,2.468880104906209,0.03948552601717,0.11401147275416533,118.0,40.8,0.9872920591866362,0.05401294095994334,7200.0,13.0,0.0,564,A2
127781.0,0.02006781090018189,2.0417379446695296,2.0417379446695296,0.03903553736470993,0.1164727150358817,104.0,40.8,0.989545108807098,0.04878553482485252,7200.0,13.0,0.0,564,A3
127781.0,0.02006781090018189,2.0417379446695296,2.6302679918953813,0.06660223350889412,0.18715223703054445,242.0,56.8,0.9857772569838102,0.056725647124673144,6220.0,41.0,0.0,564,A4
127781.0,0.02006781090018189,0.2447653853410146,2.0417379446695296,0.012951847301241968,0.026827149576228077,19.0,17.0,0.9825578443846318,0.07653663090037098,12195.0,15.0,0.0,564,A5
127781.0,0.02006781090018189,0.2447653853410146,2.0417379446695296,0.004216198026310641,0.03675233407157558,24.0,17.2,0.9777418790718468,0.08844737221119466,11455.0,41.0,0.0,564,A6
127781.0,0.02006781090018189,1.9164610627353873,2.0417379446695296,0.02328789100100954,0.16091007270251445,141.0,37.0,0.9907772950370798,0.04640561303984086,7015.0,14.0,0.08611111111111111,564,B3
127781.0,0.02006781090018189,0.8151734005153627,2.0417379446695296,0.010819292383061644,0.07713588092126372,63.0,37.4,0.9866106002282945,0.06050985055575195,7635.0,31.0,0.0,564,B6
127781.0,0.02006781090018189,0.6130557921498209,2.0417379446695296,0.006612876718761005,0.057481159170768736,46.0,36.6,0.981119855687885,0.08010441500938371,10025.0,48.0,0.0,564,B7
127781.0,0.02006781090018189,1.4876473740795015,2.0417379446695296,0.016283719801848475,0.11048004006855479,73.0,18.4,0.9907342289010287,0.048239045062557134,7745.0,12.0,0.0,564,B8
127781.0,0.02006781090018189,0.7182076058301705,2.0417379446695296,0.011680140239941775,0.06751786259303026,48.0,18.0,0.9903323541978708,0.049951786300406295,7805.0,11.0,0.0,564,B9
127781.0,0.02006781090018189,1.5355006336570662,2.1074146752966985,0.016086116089246445,0.10341521822493172,79.0,18.4,0.990674984148185,0.04849702345084137,7745.0,12.0,0.0,564,B10
127781.0,0.02006781090018189,1.4876473740795015,2.0417379446695296,0.016283719801848475,0.11048004006855479,73.0,18.4,0.9907342289010287,0.048239045062557134,7745.0,12.0,0.0,564,B11
127781.0,0.02006781090018189,1.0839269140212038,2.0417379446695296,0.015037446881774285,0.0947284807600504,91.0,24.4,0.9886089139044538,0.05465059924081479,7645.0,19.0,0.06666666666666667,564,B12
127781.0,0.02006781090018189,1.9781080029332403,2.0417379446695296,0.02807929191350827,0.171066120941298,153.0,31.6,0.9888127058556948,0.05193256988501849,6580.0,25.0,0.075,564,B13
74606.0,0.02006781090018189,0.02006781090018189,0.02006781090018189,0.0,0.0,0.0,0.0,0.9390788754129992,0.19454639479355637,10800.0,0.0,0.0,565,A1
74606.0,0.02006781090018189,2.0417379446695296,2.0417379446695296,0.03313406428437391,0.13208052971610862,118.0,45.375,0.9654001793331581,0.10318598023219201,5370.0,10.0,0.0,565,A2
74606.0,0.02006781090018189,2.0417379446695296,2.0417379446695296,0.03313406428437391,0.12508377342304908,104.0,45.375,0.9662820520970726,0.10084485425808554,5370.0,10.0,0.0,565,A3
74606.0,0.02006781090018189,2.0417379446695296,2.0417379446695296,0.03425997909015361,0.16301637937967456,130.0,44.125,0.9682815972877471,0.09477268633214944,4860.0,27.0,0.0,565,A4
74606.0,0.02006781090018189,1.6884958594867534,2.0417379446695296,0.01976382596574002,0.08863228158593142,62.0,25.25,0.9513810177707323,0.14825549265766982,7815.0,19.0,0.0,565,A5
74606.0,0.02006781090018189,0.9549925860214359,2.0417379446695296,0.011272551805484813,0.08109267351151382,57.0,15.125,0.9500353757952965,0.15352272920163917,8280.0,35.0,0.0,565,A6
74606.0,0.02006781090018189,1.9164610627353873,2.0417379446695296,0.020812669222314558,0.12692343779320697,88.0,34.0,0.9623046630973097,0.11636913036699519,6070.0,19.0,0.0,565,B3
74606.0,0.02006781090018189,1.191927939457827,2.0417379446695296,0.015427713588719406,0.09244564780312575,72.0,39.0,0.9643979276234822,0.10914543238281037,5950.0,32.0,0.0,565,B6
74606.0,0.02006781090018189,0.8151734005153627,2.0417379446695296,0.011272551805484813,0.06825188322655014,52.0,17.75,0.9560893516434668,0.13514035420069279,7665.0,41.0,0.0,565,B7
74606.0,0.02006781090018189,0.9252306262333164,2.0417379446695296,0.012881001528027236,0.08471168538723427,61.0,25.75,0.9621310545560192,0.1176775438759641,6560.0,13.0,0.14444444444444443,565,B8
74606.0,0.02006781090018189,1.8567353246307055,2.0417379446695296,0.01579966758705734,0.11452497118194246,74.0,25.75,0.9634919429261879,0.11447132396107228,6325.0,14.0,0.14444444444444443,565,B9
74606.0,0.02006781090018189,0.8684603593990751,2.0417379446695296,0.012881001528027236,0.07936359005978072,67.0,25.75,0.9620610889965059,0.11797512886977383,6560.0,13.0,0.14444444444444443,565,B10
74606.0,0.02006781090018189,0.7413102413009177,2.0417379446695296,0.009221778409243224,0.06675066348551055,48.0,24.75,0.9599027086231943,0.12474617565788867,6880.0,13.0,0.0,565,B11
74606.0,0.02006781090018189,1.0839269140212038,2.0417379446695296,0.015427713588719406,0.08526123904243627,66.0,18.5,0.9598997049574051,0.12448434236242027,6705.0,27.0,0.0,565,B12
74606.0,0.02006781090018189,1.9781080029332403,2.0417379446695296,0.025132026914725356,0.12901107149559016,94.0,29.875,0.9646055456874908,0.10785532491423097,5595.0,22.0,0.0,565,B13
95003.0,0.02006781090018189,0.02006781090018189,0.02006781090018189,0.0,0.0,0.0,0.0,0.8678726810698567,0.39096468547645846,28800.0,0.0,0.0,566,A1
95003.0,0.02006781090018189,1.9781080029332403,2.0417379446695296,0.04022504552487816,0.10107575550245781,94.0,37.0,0.9824193942089228,0.0658537953033639,6015.0,8.0,0.0,566,A2
95003.0,0.02006781090018189,1.8567353246307055,2.0417379446695296,0.040203993558098165,0.09773901876782838,83.0,37.0,0.9838291491390717,0.06285503059644014,6015.0,8.0,0.0,566,A3
95003.0,0.02006781090018189,2.0417379446695296,2.0417379446695296,0.048806353483574205,0.20433302106249276,187.0,64.33333333333333,0.9771618034859658,0.07893106794623043,5470.0,34.0,0.0,566,A4
95003.0,0.02006781090018189,1.2302687708123812,2.0417379446695296,0.016657368714672167,0.0676031283222635,35.0,20.666666666666668,0.9722593037091445,0.09979485579740674,8835.0,18.0,0.0,566,A5
95003.0,0.02006781090018189,0.8684603593990751,2.0417379446695296,0.01300485247834279,0.06391903413576414,41.0,20.833333333333332,0.9663888825111809,0.11584217775892094,9715.0,39.0,0.0,566,A6
95003.0,0.02006781090018189,1.7988709151287874,2.3173946499684797,0.024841320800395778,0.09443912297506395,55.0,43.666666666666664,0.9774965552499693,0.08140625096461886,6995.0,18.0,0.1527777777777778,566,B3
95003.0,0.02006781090018189,1.8567353246307055,2.0417379446695296,0.04945106996621159,0.12778543835457828,109.0,35.5,0.9769528389305581,0.08144059828198075,6990.0,29.0,0.1527777777777778,566,B6
95003.0,0.02006781090018189,1.4876473740795015,2.0417379446695296,0.04390387671968254,0.08694462280138522,66.0,14.333333333333334,0.9681910175894255,0.10922411055990769,9445.0,39.0,0.1361111111111111,566,B7
95003.0,0.02006781090018189,1.7988709151287874,2.0417379446695296,0.02676757576076545,0.10556508741829206,70.0,43.666666666666664,0.979737473168569,0.07577626815239097,6650.0,16.0,0.15555555555555556,566,B8
95003.0,0.02006781090018189,1.7988709151287874,2.0417379446695296,0.02924118185741503,0.10311253328842247,69.0,43.666666666666664,0.9793550038331745,0.07769947574366921,6960.0,18.0,0.16111111111111112,566,B9
95003.0,0.02006781090018189,1.742809826672464,2.1752040340195222,0.024667642074460806,0.10819132027409661,73.0,43.666666666666664,0.9781337210263142,0.07926615484064585,6650.0,16.0,0.15555555555555556,566,B10
95003.0,0.02006781090018189,1.6884958594867534,2.0417379446695296,0.026725471827205458,0.0911865941075545,62.0,31.166666666666668,0.9790282805613091,0.07980722554258168,7295.0,15.0,0.0,566,B11
95003.0,0.02006781090018189,1.7988709151287874,2.0417379446695296,0.034388387735124155,0.11502794648590045,87.0,35.0,0.9761715565330992,0.08672901883951109,7785.0,26.0,0.09166666666666666,566,B12
95003.0,0.02006781090018189,1.8567353246307055,2.0417379446695296,0.030199046345904867,0.1141227119143606,79.0,46.666666666666664,0.9814739940899931,0.06872415811354794,6255.0,15.0,0.09722222222222222,566,B13
114937.0,0.02006781090018189,0.02006781090018189,0.02006781090018189,0.0,0.0,0.0,0.0,0.8721217697116747,0.3848884269802118,30600.0,0.0,0.0,567,A1
114937.0,0.02006781090018189,2.0417379446695296,2.5482967479793466,0.08400906583606671,0.18265876088639862,190.0,50.6,0.9754793300887739,0.08019223145645842,6420.0,15.0,0.0,567,A2
114937.0,0.02006781090018189,2.0417379446695296,2.2451739778971898,0.08365234867797142,0.17434986122832508,157.0,50.6,0.9784155505098986,0.07363352606100722,6420.0,15.0,0.0,567,A3
114937.0,0.02006781090018189,2.0417379446695296,2.2451739778971898,0.08567954618617156,0.20671541801160637,189.0,109.4,0.9798923150469576,0.06917517089793006,5595.0,26.0,0.0,567,A4
114937.0,0.02006781090018189,1.584893192461114,2.0417379446695296,0.018436186780584146,0.08617764514473146,72.0,29.4,0.9661352754849828,0.1130819593044961,10470.0,18.0,0.0,567,A5
114937.0,0.02006781090018189,0.7413102413009177,2.0417379446695296,0.01615667713617025,0.054786535232344676,46.0,18.0,0.9618981233299342,0.12664259990029242,10900.0,34.0,0.0,567,A6
114937.0,0.02006781090018189,1.3528511027866506,2.0417379446695296,0.01601747044032818,0.09622662850083089,59.0,56.0,0.9745807308209137,0.0856980009112741,7880.0,17.0,0.18055555555555555,567,B3
114937.0,0.02006781090018189,0.5232991146814947,2.0417379446695296,0.02794574419029555,0.04968808999712886,46.0,68.4,0.9742825666036692,0.08726285737575595,7770.0,27.0,0.2388888888888889,567,B6
114937.0,0.02006781090018189,0.8413951416451951,2.0417379446695296,0.0153127365426277,0.05833630597631746,39.0,52.8,0.9685738419000366,0.10573937182602236,9720.0,31.0,0.18888888888888888,567,B7
114937.0,0.02006781090018189,1.8567353246307055,2.0417379446695296,0.01951503867336019,0.16172337889452482,80.0,44.2,0.9710715701073969,0.09481428318605697,7310.0,17.0,0.175,567,B8
114937.0,0.02006781090018189,1.4412854420872234,2.0417379446695296,0.0167048035010484,0.12026588478905835,66.0,44.2,0.9703620521029228,0.09607866413117594,7835.0,22.0,0.17777777777777778,567,B9
114937.0,0.02006781090018189,1.8567353246307055,2.0417379446695296,0.018510140337750246,0.16432045381382845,86.0,44.2,0.9700294120751063,0.09716382465974037,7310.0,17.0,0.175,567,B10
114937.0,0.02006781090018189,1.8567353246307055,2.0417379446695296,0.01951503867336019,0.1446270565614206,75.0,30.8,0.9679580000350547,0.10386030669288822,8085.0,17.0,0.0,567,B11
114937.0,0.02006781090018189,0.5232991146814947,2.0417379446695296,0.0153127365426277,0.05081044398235555,39.0,43.4,0.9737844186617645,0.08970903130058762,8110.0,18.0,0.1111111111111111,567,B12
114937.0,0.02006781090018189,1.8567353246307055,2.0417379446695296,0.027280162175800655,0.15726441441833353,92.0,69.6,0.977354299718167,0.07825627940983552,6555.0,18.0,0.125,567,B13
99807.0,0.02006781090018189,0.02006781090018189,0.02006781090018189,0.0,0.0,0.0,0.0,0.8489707558768401,0.4622673700300836,30600.0,0.0,0.0,568,A1
99807.0,0.02006781090018189,1.7988709151287874,2.0417379446695296,0.06445189215185308,0.10189916538920116,100.0,53.0,0.9707217235386583,0.08834324218982094,5730.0,11.0,0.0,568,A2
99807.0,0.02006781090018189,1.742809826672464,2.0417379446695296,0.06349755027202501,0.10476720069734588,96.0,53.0,0.9719462082790808,0.08566918751440236,5760.0,11.0,0.0,568,A3
99807.0,0.02006781090018189,2.0417379446695296,2.0417379446695296,0.07650265011472142,0.17119540713577203,184.0,78.5,0.9716892446424286,0.08549533459708368,5140.0,29.0,0.0,568,A4
99807.0,0.02006781090018189,0.47588279098881686,2.0417379446695296,0.0526916949712946,0.045688178183894916,38.0,4.75,0.9598912445365222,0.1224762854030794,8310.0,16.0,0.0,568,A5
99807.0,0.02006781090018189,1.5355006336570662,2.7148760106825023,0.05271423848026691,0.0624279860130051,49.0,8.5,0.9563587593811501,0.13373815339048578,9170.0,26.0,0.0,568,A6
99807.0,0.02006781090018189,2.0417379446695296,2.468880104906209,0.04430550963359283,0.09889085935856202,78.0,27.25,0.9636012379076687,0.10976636732580383,6960.0,13.0,0.09166666666666666,568,B3
99807.0,0.02006781090018189,1.6884958594867534,2.1752040340195222,0.04929513961946557,0.10184656386826575,85.0,57.5,0.9618446097852782,0.1156529076308583,7110.0,34.0,0.18333333333333332,568,B6
99807.0,0.02006781090018189,1.1187936686591167,2.1752040340195222,0.045267366016411674,0.06682897993126735,50.0,3.0,0.9532301026752863,0.14663088024003432,9625.0,35.0,0.18333333333333332,568,B7
99807.0,0.02006781090018189,1.5355006336570662,2.1074146752966985,0.033943010009317987,0.07129008987345577,44.0,48.0,0.9628579793847736,0.11235856072766806,7070.0,14.0,0.16944444444444445,568,B8
99807.0,0.02006781090018189,1.4876473740795015,2.1752040340195222,0.03519292234011642,0.07033073832496718,44.0,48.0,0.9584637626668582,0.1260164140975888,7845.0,18.0,0.15833333333333333,568,B9
99807.0,0.02006781090018189,1.5355006336570662,2.1752040340195222,0.034020659873555965,0.0715530974781328,45.0,48.0,0.9634386989229267,0.11214519142456708,7070.0,14.0,0.16944444444444445,568,B10
99807.0,0.02006781090018189,1.1187936686591167,2.1074146752966985,0.033943010009317987,0.058335086717364516,30.0,48.0,0.9596166112506436,0.12275986414683339,8215.0,12.0,0.0,568,B11
99807.0,0.02006781090018189,1.1187936686591167,2.1752040340195222,0.045267366016411674,0.06330217319426493,48.0,4.75,0.9612885618602266,0.1177225822090859,7760.0,17.0,0.06388888888888888,568,B12
99807.0,0.02006781090018189,1.9781080029332403,2.1752040340195222,0.04836334124860982,0.09531395593495447,78.0,27.25,0.9683667684217591,0.09657332464073329,6360.0,16.0,0.08611111111111111,568,B13
61524.0,0.02006781090018189,0.02006781090018189,0.02006781090018189,0.0,0.0,0.0,0.0,0.8811368261662516,0.3264834527861677,10800.0,0.0,0.0,569,A1
61524.0,0.02006781090018189,1.5355006336570662,2.0417379446695296,0.017082764449645668,0.10350432351602627,80.0,49.0,0.9415713521249536,0.15143199586296002,4740.0,10.0,0.0,569,A2
61524.0,0.02006781090018189,1.5355006336570662,2.0417379446695296,0.017082764449645668,0.1013588193225408,72.0,49.0,0.9430340071468529,0.14849693612475423,4740.0,10.0,0.0,569,A3
61524.0,0.02006781090018189,1.6358745652400533,2.0417379446695296,0.017082764449645668,0.12364280605942396,89.0,49.0,0.9540908554708557,0.11995361411901055,4210.0,16.0,0.0,569,A4
61524.0,0.02006781090018189,0.11091748152624009,0.6531305526474723,0.0,0.024608282946492425,12.0,13.5,0.9243299323784726,0.20065290978608158,6810.0,11.0,0.0,569,A5
61524.0,0.02006781090018189,0.5401321147646347,1.3528511027866506,0.0,0.05297119823158442,36.0,13.5,0.9172818119852446,0.22074031146608455,7445.0,40.0,0.0,569,A6
61524.0,0.02006781090018189,1.6358745652400533,2.0417379446695296,0.017082764449645668,0.11691372472531045,79.0,14.0,0.9412222951181555,0.15271457627341206,5150.0,16.0,0.0,569,B3
61524.0,0.02006781090018189,1.6358745652400533,2.0417379446695296,0.017082764449645668,0.09623886613354138,64.0,49.0,0.9449850448673577,0.14419765781933144,5105.0,23.0,0.0,569,B6
61524.0,0.02006781090018189,0.3812852456636189,1.4876473740795015,0.0,0.04393407450750927,31.0,8.5,0.9241973791514466,0.1997600774551839,6965.0,50.0,0.0,569,B7
61524.0,0.02006781090018189,1.5355006336570662,2.0417379446695296,0.017082764449645668,0.08890839347246603,60.0,49.0,0.9340696930238483,0.17307440579696584,5880.0,11.0,0.0,569,B8
61524.0,0.02006781090018189,1.5355006336570662,2.0417379446695296,0.017082764449645668,0.08713672713087575,58.0,49.0,0.934356942824835,0.17240505553452792,5785.0,12.0,0.0,569,B9
61524.0,0.02006781090018189,1.5355006336570662,2.0417379446695296,0.017082764449645668,0.089249723685066,62.0,49.0,0.9341804187923499,0.17328631852692455,5880.0,11.0,0.0,569,B10
61524.0,0.02006781090018189,1.5355006336570662,2.0417379446695296,0.017082764449645668,0.08890839347246603,60.0,49.0,0.9340696930238483,0.17307440579696584,5880.0,11.0,0.0,569,B11
61524.0,0.02006781090018189,1.3528511027866506,2.0417379446695296,0.0017716663415902737,0.102496586697874,58.0,13.5,0.9392065167391597,0.1596269760037301,5625.0,20.0,0.0,569,B12
61524.0,0.02006781090018189,1.6358745652400533,2.0417379446695296,0.017082764449645668,0.09630388141213185,64.0,14.0,0.9451314368104936,0.1456125172458617,5105.0,18.0,0.0,569,B13
62302.0,0.02006781090018189,0.02006781090018189,0.02006781090018189,0.0,0.0,0.0,0.0,0.7129242001266001,0.8210872918415181,21600.0,0.0,0.0,570,A1
62302.0,0.02006781090018189,2.0417379446695296,2.0417379446695296,0.1023362010850374,0.21863262816603,141.0,68.875,0.9230226567927446,0.19118208913431123,5325.0,10.0,0.0,570,A2
62302.0,0.02006781090018189,2.0417379446695296,2.0417379446695296,0.1023362010850374,0.21335189881544733,130.0,68.875,0.9243032032217459,0.18867213935580507,5325.0,10.0,0.0,570,A3
62302.0,0.02006781090018189,2.0417379446695296,2.0417379446695296,0.10665387949022503,0.26924095534653786,162.0,83.0,0.9311883327456828,0.16644547674563945,4575.0,17.0,0.0,570,A4
62302.0,0.02006781090018189,1.8567353246307055,2.0417379446695296,0.04553625886809412,0.1634939488298931,82.0,31.25,0.8807517551995515,0.30368711346812277,8265.0,18.0,0.0,570,A5
62302.0,0.02006781090018189,1.6884958594867534,2.0417379446695296,0.03439295688741934,0.1652154023947867,89.0,53.25,0.8733207164496997,0.3238011871786692,9565.0,40.0,0.0,570,A6
62302.0,0.02006781090018189,1.9781080029332403,2.0417379446695296,0.047446309909794225,0.13893614972232032,70.0,21.5,0.8684299738256468,0.33354783945400807,8175.0,19.0,0.05277777777777778,570,B3
62302.0,0.02006781090018189,2.0417379446695296,2.0417379446695296,0.05879426021636545,0.21838785271740876,108.0,68.75,0.8982865634565781,0.25627285008822015,6945.0,26.0,0.21944444444444444,570,B6
62302.0,0.02006781090018189,1.7988709151287874,2.0417379446695296,0.04051234310295015,0.13084652178100223,67.0,44.125,0.8878162172382268,0.2900834069483453,7970.0,23.0,0.44166666666666665,570,B7
62302.0,0.02006781090018189,1.742809826672464,2.0417379446695296,0.039196173477576965,0.13543706462071844,65.0,48.375,0.8803366900211425,0.30221886148391053,7210.0,20.0,0.2777777777777778,570,B8
62302.0,0.02006781090018189,1.742809826672464,2.0417379446695296,0.03682064781226927,0.13681743764245127,65.0,35.5,0.8813468112423736,0.3012953278465991,7380.0,19.0,0.28055555555555556,570,B9
62302.0,0.02006781090018189,1.742809826672464,2.0417379446695296,0.039196173477576965,0.13543706462071844,65.0,48.375,0.8810479285205044,0.30145774410890475,7210.0,20.0,0.2777777777777778,570,B10
62302.0,0.02006781090018189,1.584893192461114,2.0417379446695296,0.025906070431125805,0.12497191101409265,54.0,34.25,0.8658319235460322,0.34218549675170423,8160.0,18.0,0.0,570,B11
62302.0,0.02006781090018189,1.8567353246307055,2.0417379446695296,0.04595358094443196,0.12267663959423454,64.0,24.875,0.8806343216506534,0.3043180172691974,8150.0,21.0,0.16666666666666666,570,B12
62302.0,0.02006781090018189,2.0417379446695296,2.0417379446695296,0.07152258354466952,0.1707328817694456,98.0,44.375,0.8982030528513921,0.25249706602577626,6355.0,25.0,0.06388888888888888,570,B13
44926.0,0.02006781090018189,0.02006781090018189,0.02006781090018189,0.0,0.0,0.0,0.0,0.49902035220902835,1.6296241588274927,61200.0,0.0,0.0,571,A1
44926.0,0.02006781090018189,1.9781080029332403,2.0417379446695296,0.1675199216489338,0.11659172862039799,64.0,36.333333333333336,0.9322610157157166,0.1710041399400585,4455.0,7.0,0.0,571,A2
44926.0,0.02006781090018189,1.9781080029332403,2.0417379446695296,0.1675199216489338,0.11276321061300806,57.0,36.333333333333336,0.9336471863885017,0.1682107929035275,4455.0,7.0,0.0,571,A3
44926.0,0.02006781090018189,2.0417379446695296,2.0417379446695296,0.18209945243288964,0.12346970573832525,65.0,37.0,0.946605702764113,0.13628658062901525,3945.0,10.0,0.0,571,A4
44926.0,0.02006781090018189,1.1187936686591167,2.0417379446695296,0.15708053243110892,0.07632551306593065,39.0,34.666666666666664,0.9067172434669836,0.23838809336137115,6315.0,14.0,0.0,571,A5
44926.0,0.02006781090018189,1.9781080029332403,2.0417379446695296,0.16560566264523885,0.08258024306637582,39.0,36.666666666666664,0.9204934964121749,0.20822510076143602,6175.0,27.0,0.0,571,A6
44926.0,0.02006781090018189,2.0417379446695296,2.0417379446695296,0.17310688688064818,0.09048212616302363,44.0,35.0,0.9341148667250819,0.16886523042208865,5735.0,12.0,0.2,571,B3
44926.0,0.02006781090018189,2.0417379446695296,2.0417379446695296,0.17484307527934825,0.10710946890442061,50.0,34.666666666666664,0.9164077035615615,0.21547366570724075,8660.0,16.0,0.25833333333333336,571,B6
44926.0,0.02006781090018189,1.7988709151287874,2.0417379446695296,0.16631794506521835,0.07372123046788051,35.0,33.0,0.9003670325894336,0.2622540407247988,11250.0,21.0,0.17222222222222222,571,B7
44926.0,0.02006781090018189,1.742809826672464,2.0417379446695296,0.15808217958420515,0.08970306726617104,41.0,33.0,0.9152148251623748,0.21852123112320113,6330.0,9.0,0.16944444444444445,571,B8
44926.0,0.02006781090018189,1.742809826672464,2.0417379446695296,0.16082001513600142,0.08843431420558251,41.0,33.0,0.917298360049845,0.21331978455819994,6365.0,9.0,0.15833333333333333,571,B9
44926.0,0.02006781090018189,2.0417379446695296,3.726061338637685,0.15334661443262254,0.09984752704447314,47.0,33.0,0.9162792006859821,0.2167764844805801,6330.0,9.0,0.16944444444444445,571,B10
44926.0,0.02006781090018189,1.0501467677660838,2.0417379446695296,0.14837733161198416,0.061456617548858124,27.0,11.0,0.8983853695798568,0.2657545994485132,7265.0,11.0,0.0,571,B11
44926.0,0.02006781090018189,1.7988709151287874,2.0417379446695296,0.16631794506521835,0.09259671459733784,43.0,34.666666666666664,0.9083681576910276,0.237056222150042,9280.0,14.0,0.2111111111111111,571,B12
44926.0,0.02006781090018189,1.7988709151287874,2.0417379446695296,0.16631794506521835,0.09092730267551084,45.0,35.0,0.9309239415639394,0.17600945778516544,5190.0,10.0,0.2638888888888889,571,B13
14262.0,0.02006781090018189,0.02006781090018189,0.02006781090018189,0.0,0.0,0.0,,0.7065724905634364,0.7539082917422004,12600.0,0.0,0.0,572,A1
14262.0,0.02006781090018189,0.8413951416451951,1.742809826672464,0.0,0.05847707193941944,6.0,,0.9065516571629262,0.22059178041739697,4065.0,4.0,0.0,572,A2
14262.0,0.02006781090018189,0.8413951416451951,1.742809826672464,0.0,0.05847707193941944,6.0,,0.9066016817328799,0.2205025773608423,4065.0,4.0,0.0,572,A3
14262.0,0.02006781090018189,0.8413951416451951,1.742809826672464,0.0,0.05847707193941944,6.0,,0.9134889154439957,0.20365039124967532,3790.0,4.0,0.0,572,A4
14262.0,0.02006781090018189,0.21565026690607325,0.5939501549952435,0.0,0.02250736222128734,3.0,,0.8999060709240196,0.2371646245026421,4530.0,3.0,0.0,572,A5
14262.0,0.02006781090018189,0.21565026690607325,0.5939501549952435,0.0,0.02250736222128734,3.0,,0.9070103533202598,0.2193960524798636,4210.0,6.0,0.0,572,A6
14262.0,0.02006781090018189,0.8413951416451951,1.742809826672464,0.0,0.05847707193941944,6.0,,0.9047215789360434,0.22501717508810493,4255.0,2.0,0.041666666666666664,572,B3
14262.0,0.02006781090018189,0.8413951416451951,1.742809826672464,0.0,0.05847707193941944,6.0,,0.9137427457266322,0.20284313248476338,3695.0,1.0,0.0,572,B6
14262.0,0.02006781090018189,0.8413951416451951,1.742809826672464,0.0,0.05847707193941944,6.0,,0.9119186776999537,0.20702882088356514,3765.0,3.0,0.0,572,B7
14262.0,0.02006781090018189,0.8413951416451951,1.742809826672464,0.0,0.05847707193941944,6.0,,0.9063562083508769,0.22054538629606857,4130.0,3.0,0.04722222222222222,572,B8
14262.0,0.02006781090018189,0.8413951416451951,1.742809826672464,0.0,0.05847707193941944,6.0,,0.9066072710382128,0.21986698319404455,4120.0,3.0,0.04722222222222222,572,B9
14262.0,0.02006781090018189,0.8413951416451951,1.742809826672464,0.0,0.05847707193941944,6.0,,0.9069191787185885,0.21957217599099713,4130.0,3.0,0.04722222222222222,572,B10
14262.0,0.02006781090018189,0.8413951416451951,1.742809826672464,0.0,0.05847707193941944,6.0,,0.9035384443299405,0.2274421858434268,4250.0,3.0,0.0,572,B11
14262.0,0.02006781090018189,0.8413951416451951,1.742809826672464,0.0,0.05847707193941944,6.0,,0.9092464100372841,0.21299188514114417,3975.0,3.0,0.0,572,B12
14262.0,0.02006781090018189,0.8413951416451951,1.742809826672464,0.0,0.05847707193941944,6.0,,0.9066664353466103,0.2191839299524496,4130.0,6.0,0.022222222222222223,572,B13
10944.0,0.02006781090018189,0.02006781090018189,0.02006781090018189,0.0,0.0,0.0,0.0,0.7391017423292999,0.6399095101883394,9000.0,0.0,0.0,573,A1
10944.0,0.02006781090018189,0.04027170343254591,0.985711900900616,0.0,0.019462719298245616,2.0,2.0,0.8999598816376081,0.22593749400676608,3600.0,0.0,0.0,573,A2
10944.0,0.02006781090018189,0.04027170343254591,0.985711900900616,0.0,0.019462719298245616,2.0,2.0,0.8999598816376081,0.22593749400676608,3600.0,0.0,0.0,573,A3
10944.0,0.02006781090018189,0.04027170343254591,0.985711900900616,0.0,0.019462719298245616,2.0,2.0,0.8999598816376081,0.22593749400676608,3600.0,0.0,0.0,573,A4
10944.0,0.02006781090018189,0.04027170343254591,0.985711900900616,0.0,0.019462719298245616,2.0,2.0,0.8999598816376081,0.22593749400676608,3600.0,0.0,0.0,573,A5
10944.0,0.02006781090018189,0.04570881896148752,0.985711900900616,0.0,0.019462719298245616,2.0,2.0,0.8988895175847449,0.22878935961021296,3665.0,2.0,0.0,573,A6
10944.0,0.02006781090018189,0.04027170343254591,0.985711900900616,0.0,0.019462719298245616,2.0,2.0,0.8999598816376081,0.22593749400676608,3600.0,0.0,0.0,573,B3
10944.0,0.02006781090018189,0.04027170343254591,0.985711900900616,0.0,0.019462719298245616,2.0,2.0,0.8999598816376081,0.22593749400676608,3600.0,0.0,0.0,573,B6
10944.0,0.02006781090018189,0.04156712619977309,0.985711900900616,0.0,0.019462719298245616,2.0,2.0,0.8954042569566127,0.23667734448868966,3795.0,6.0,0.0,573,B7
10944.0,0.02006781090018189,0.04027170343254591,0.985711900900616,0.0,0.019462719298245616,2.0,2.0,0.8933102805087969,0.24399449241057644,3900.0,2.0,0.0,573,B8
10944.0,0.02006781090018189,0.04027170343254591,0.985711900900616,0.0,0.019462719298245616,2.0,2.0,0.8907014287817234,0.24992805703703047,3910.0,2.0,0.0,573,B9
10944.0,0.02006781090018189,0.04027170343254591,0.985711900900616,0.0,0.019462719298245616,2.0,2.0,0.8933102805087969,0.24399449241057644,3900.0,2.0,0.0,573,B10
10944.0,0.02006781090018189,0.04027170343254591,0.985711900900616,0.0,0.019462719298245616,2.0,2.0,0.8933102805087969,0.24399449241057644,3900.0,2.0,0.0,573,B11
10944.0,0.02006781090018189,0.04027170343254591,0.985711900900616,0.0,0.019462719298245616,2.0,2.0,0.8999598816376081,0.22593749400676608,3600.0,0.0,0.0,573,B12
10944.0,0.02006781090018189,0.04027170343254591,0.985711900900616,0.0,0.019462719298245616,2.0,2.0,0.8999598816376081,0.22593749400676608,3600.0,0.0,0.0,573,B13
19768.0,0.02006781090018189,0.02006781090018189,0.02006781090018189,0.0,0.0,0.0,0.0,0.6527837487810041,0.9096853120809202,14400.0,0.0,0.0,574,A1
19768.0,0.02006781090018189,2.0417379446695296,2.0417379446695296,0.05023269931201942,0.21686564144071227,51.0,20.333333333333332,0.8988940355221257,0.22874390007472542,3735.0,2.0,0.0,574,A2
19768.0,0.02006781090018189,2.0417379446695296,2.0417379446695296,0.05023269931201942,0.21524686361796844,49.0,20.333333333333332,0.8994335916401355,0.22772174510832274,3735.0,2.0,0.0,574,A3
19768.0,0.02006781090018189,2.0417379446695296,2.0417379446695296,0.05023269931201942,0.21524686361796844,49.0,20.333333333333332,0.9021210917935474,0.22133021550497328,3680.0,4.0,0.0,574,A4
19768.0,0.02006781090018189,1.9781080029332403,2.0417379446695296,0.042391744233104,0.21039053014973694,45.0,20.0,0.8763107495269118,0.2817822506585459,4620.0,8.0,0.0,574,A5
19768.0,0.02006781090018189,1.9164610627353873,2.0417379446695296,0.02525546337515176,0.1638380210441117,30.0,19.0,0.8766521161519498,0.285446900126687,4735.0,11.0,0.0,574,A6
19768.0,0.02006781090018189,2.0417379446695296,2.0417379446695296,0.05023269931201942,0.21221165520032376,46.0,20.333333333333332,0.8769515611518071,0.2825734543905297,4685.0,9.0,0.027777777777777776,574,B3
19768.0,0.02006781090018189,1.9164610627353873,2.0417379446695296,0.04198704977741805,0.17346216106839335,35.0,19.333333333333332,0.881605557557469,0.27218017111805487,4705.0,10.0,0.06666666666666667,574,B6
19768.0,0.02006781090018189,1.8567353246307055,2.0417379446695296,0.025596924322136786,0.15692027519222987,30.0,19.0,0.8746140959791792,0.2900348832609614,5045.0,21.0,0.0,574,B7
19768.0,0.02006781090018189,1.8567353246307055,2.0417379446695296,0.03159146094698503,0.1804684338324565,34.0,19.333333333333332,0.8719978108557586,0.2958542460449857,4955.0,10.0,0.030555555555555555,574,B8
19768.0,0.02006781090018189,1.9164610627353873,2.0417379446695296,0.04198704977741805,0.17346216106839335,35.0,19.333333333333332,0.8751527998047585,0.287953143877951,4840.0,13.0,0.0,574,B9
19768.0,0.02006781090018189,1.8567353246307055,2.0417379446695296,0.03159146094698503,0.18031667341157426,35.0,19.333333333333332,0.8729744407675641,0.29426024937071305,4955.0,10.0,0.030555555555555555,574,B10
19768.0,0.02006781090018189,1.8567353246307055,2.0417379446695296,0.03159146094698503,0.1804684338324565,34.0,19.333333333333332,0.869860655188111,0.30022797474087015,5000.0,10.0,0.0,574,B11
19768.0,0.02006781090018189,1.9164610627353873,2.0417379446695296,0.04198704977741805,0.17346216106839335,35.0,19.333333333333332,0.8854135987541807,0.2620348593687308,4615.0,10.0,0.041666666666666664,574,B12
19768.0,0.02006781090018189,2.0417379446695296,2.0417379446695296,0.05023269931201942,0.21221165520032376,46.0,20.333333333333332,0.8879103576418423,0.25557113767163403,4260.0,10.0,0.0,574,B13
25518.0,0.02006781090018189,0.02006781090018189,0.02006781090018189,0.0,0.0,0.0,0.0,0.578937505262713,1.2163899453542353,21600.0,0.0,0.0,575,A1
25518.0,0.02006781090018189,2.0417379446695296,2.0417379446695296,0.1761501685085038,0.2503330982051885,69.0,21.6,0.8810036819356307,0.2700782893690559,4185.0,7.0,0.0,575,A2
25518.0,0.02006781090018189,2.0417379446695296,2.0417379446695296,0.1761501685085038,0.2503330982051885,69.0,21.6,0.881538726063739,0.26898734330018864,4185.0,7.0,0.0,575,A3
25518.0,0.02006781090018189,2.0417379446695296,2.0417379446695296,0.1761501685085038,0.2503330982051885,69.0,21.6,0.8956240028151314,0.23510627588230007,3825.0,8.0,0.0,575,A4
25518.0,0.02006781090018189,2.0417379446695296,2.0417379446695296,0.1761501685085038,0.25370326828121326,74.0,21.2,0.8570566461692172,0.3388183044013647,5535.0,12.0,0.0,575,A5
25518.0,0.02006781090018189,2.0417379446695296,2.0417379446695296,0.1761501685085038,0.24516027901873189,69.0,19.8,0.8765695422208873,0.28736976608538956,5025.0,13.0,0.0,575,A6
25518.0,0.02006781090018189,2.0417379446695296,2.0417379446695296,0.17415157927737285,0.23309036758366644,63.0,18.0,0.8593770436386593,0.33138117054462607,5950.0,13.0,0.03888888888888889,575,B3
25518.0,0.02006781090018189,2.0417379446695296,2.0417379446695296,0.17415157927737285,0.2320322909318912,63.0,18.0,0.8673717259651285,0.31556861603693415,6225.0,10.0,0.13055555555555556,575,B6
25518.0,0.02006781090018189,2.0417379446695296,2.0417379446695296,0.17230974214280115,0.23019045379731953,63.0,18.0,0.8490913186267645,0.3758230565054716,7715.0,15.0,0.12222222222222222,575,B7
25518.0,0.02006781090018189,2.0417379446695296,2.0417379446695296,0.1761501685085038,0.2296026334352222,62.0,17.0,0.8691536764042912,0.30028474469185323,5140.0,21.0,0.04722222222222222,575,B8
25518.0,0.02006781090018189,2.0417379446695296,2.0417379446695296,0.14648483423465788,0.25456540481228934,60.0,18.0,0.8496224144073915,0.34984732856838857,5555.0,12.0,0.0,575,B9
25518.0,0.02006781090018189,2.0417379446695296,2.0417379446695296,0.1761501685085038,0.2282310525903284,62.0,17.0,0.8700890809834945,0.2986867250590839,5140.0,21.0,0.04722222222222222,575,B10
25518.0,0.02006781090018189,2.0417379446695296,2.0417379446695296,0.1761501685085038,0.2296026334352222,62.0,17.0,0.866112845506681,0.30793855351924926,5245.0,23.0,0.0,575,B11
25518.0,0.02006781090018189,2.0417379446695296,2.0417379446695296,0.17415157927737285,0.2320322909318912,63.0,18.0,0.8822137227926267,0.2727113006352966,5325.0,9.0,0.17777777777777778,575,B12
25518.0,0.02006781090018189,2.0417379446695296,2.0417379446695296,0.1761501685085038,0.23728348616662748,64.0,18.0,0.8770507447230045,0.2829940718814889,4730.0,14.0,0.05555555555555555,575,B13
11918.0,0.02006781090018189,0.02006781090018189,0.02006781090018189,0.0,0.0,0.0,0.0,0.642705047565794,0.9305163120930102,12600.0,0.0,0.0,576,A1
11918.0,0.02006781090018189,1.7988709151287874,2.0417379446695296,0.023577781506964254,0.1266152038932707,14.0,1.0,0.872007619420633,0.27998482077772124,3735.0,2.0,0.0,576,A2
11918.0,0.02006781090018189,1.7988709151287874,2.0417379446695296,0.023577781506964254,0.1266152038932707,14.0,1.0,0.8722621532928078,0.2795250939974841,3735.0,2.0,0.0,576,A3
11918.0,0.02006781090018189,1.7988709151287874,2.0417379446695296,0.023577781506964254,0.1266152038932707,14.0,1.0,0.8762090364302687,0.2697692791180238,3645.0,2.0,0.0,576,A4
11918.0,0.02006781090018189,1.7988709151287874,2.0417379446695296,0.023577781506964254,0.1266152038932707,14.0,1.0,0.8687314686566237,0.2887731945997744,3885.0,3.0,0.0,576,A5
11918.0,0.02006781090018189,1.7988709151287874,2.0417379446695296,0.023577781506964254,0.1266152038932707,14.0,1.0,0.8668268543407843,0.2925235386456174,4000.0,8.0,0.0,576,A6
11918.0,0.02006781090018189,1.7988709151287874,2.0417379446695296,0.023577781506964254,0.1266152038932707,14.0,1.0,0.8649426688404886,0.3008640834859931,4205.0,3.0,0.03333333333333333,576,B3
11918.0,0.02006781090018189,1.7988709151287874,2.0417379446695296,0.023577781506964254,0.1266152038932707,14.0,1.0,0.8717056624003087,0.28107556711729836,3925.0,4.0,0.0,576,B6
11918.0,0.02006781090018189,1.7988709151287874,2.0417379446695296,0.023577781506964254,0.1266152038932707,14.0,1.0,0.8626269495022884,0.30236485919707334,4255.0,13.0,0.0,576,B7
11918.0,0.02006781090018189,1.7988709151287874,2.0417379446695296,0.023577781506964254,0.1266152038932707,14.0,1.0,0.865551958242418,0.29837233746709146,4130.0,3.0,0.030555555555555555,576,B8
11918.0,0.02006781090018189,1.7988709151287874,2.0417379446695296,0.023577781506964254,0.1266152038932707,14.0,1.0,0.8658560418656185,0.29770998431443624,4120.0,3.0,0.030555555555555555,576,B9
11918.0,0.02006781090018189,1.7988709151287874,2.0417379446695296,0.023577781506964254,0.1266152038932707,14.0,1.0,0.8663772409291896,0.2969401226726929,4130.0,3.0,0.030555555555555555,576,B10
11918.0,0.02006781090018189,1.7988709151287874,2.0417379446695296,0.023577781506964254,0.1266152038932707,14.0,1.0,0.8657655701449188,0.2978423767641032,4110.0,3.0,0.0,576,B11
11918.0,0.02006781090018189,1.7988709151287874,2.0417379446695296,0.023577781506964254,0.1266152038932707,14.0,1.0,0.8666342655171121,0.29367243590680386,4050.0,4.0,0.0,576,B12
11918.0,0.02006781090018189,1.7988709151287874,2.0417379446695296,0.023577781506964254,0.1266152038932707,14.0,1.0,0.866055215184893,0.2976862847048765,4125.0,7.0,0.019444444444444445,576,B13
11577.0,0.02006781090018189,0.02006781090018189,0.02006781090018189,0.0,0.0,0.0,0.0,0.6888335229764071,0.7478503062900813,9000.0,0.0,0.0,577,A1
11577.0,0.02006781090018189,1.1187936686591167,1.6358745652400533,0.0,0.09501597996026605,13.0,2.0,0.8713796070289406,0.28132474484687175,3735.0,2.0,0.0,577,A2
11577.0,0.02006781090018189,1.1187936686591167,1.6358745652400533,0.0,0.09501597996026605,13.0,2.0,0.8718432291731008,0.28033999256053505,3735.0,2.0,0.0,577,A3
11577.0,0.02006781090018189,1.1187936686591167,1.6358745652400533,0.0,0.09501597996026605,13.0,2.0,0.8755345544221201,0.2716400737513732,3640.0,2.0,0.0,577,A4
11577.0,0.02006781090018189,1.1187936686591167,1.6358745652400533,0.0,0.09501597996026605,13.0,2.0,0.8693470822610841,0.28681731504729857,3870.0,2.0,0.0,577,A5
11577.0,0.02006781090018189,1.1187936686591167,1.6358745652400533,0.0,0.09501597996026605,13.0,2.0,0.8666949044168004,0.2929582250189094,4055.0,10.0,0.0,577,A6
11577.0,0.02006781090018189,1.1187936686591167,1.6358745652400533,0.0,0.09501597996026605,13.0,2.0,0.8707473346464831,0.2835715460787714,3810.0,2.0,0.0,577,B3
11577.0,0.02006781090018189,1.1187936686591167,1.6358745652400533,0.0,0.09501597996026605,13.0,2.0,0.8703198485794744,0.28324138883873173,3795.0,6.0,0.0,577,B6
11577.0,0.02006781090018189,1.1187936686591167,1.6358745652400533,0.0,0.09501597996026605,13.0,2.0,0.8634147911045433,0.2997305736645212,4055.0,12.0,0.0,577,B7
11577.0,0.02006781090018189,1.1187936686591167,1.6358745652400533,0.0,0.09501597996026605,13.0,2.0,0.8644437972825276,0.29973512455226436,4100.0,4.0,0.0,577,B8
11577.0,0.02006781090018189,1.1187936686591167,1.6358745652400533,0.0,0.09501597996026605,13.0,2.0,0.8669756854874958,0.2921798299728862,3910.0,2.0,0.0,577,B9
11577.0,0.02006781090018189,1.1187936686591167,1.6358745652400533,0.0,0.09501597996026605,13.0,2.0,0.8644082145842034,0.29978796660400997,4100.0,4.0,0.0,577,B10
11577.0,0.02006781090018189,1.1187936686591167,1.6358745652400533,0.0,0.09501597996026605,13.0,2.0,0.8644437972825276,0.29973512455226436,4100.0,4.0,0.0,577,B11
11577.0,0.02006781090018189,1.1187936686591167,1.6358745652400533,0.0,0.09501597996026605,13.0,2.0,0.8681540920802662,0.28831607136714754,3870.0,6.0,0.0,577,B12
11577.0,0.02006781090018189,1.1187936686591167,1.6358745652400533,0.0,0.09501597996026605,13.0,2.0,0.8713787716140398,0.28167574282472574,3790.0,4.0,0.0,577,B13
20841.0,0.02006781090018189,0.02006781090018189,0.02006781090018189,0.0,0.0,0.0,0.0,0.4584317769928715,1.7379215016407343,30600.0,0.0,0.0,578,A1
20841.0,0.02006781090018189,2.0417379446695296,4.097321098135414,0.29310013914879324,0.24665323161076724,40.0,8.0,0.8634058209028871,0.303387316280106,4110.0,3.0,0.0,578,A2
20841.0,0.02006781090018189,2.0417379446695296,4.097321098135414,0.29310013914879324,0.24665323161076724,40.0,8.0,0.8635361023338737,0.3031142122830717,4110.0,3.0,0.0,578,A3
20841.0,0.02006781090018189,2.0417379446695296,4.097321098135414,0.29310013914879324,0.24665323161076724,40.0,8.0,0.8729670198855779,0.2781397196501715,3835.0,4.0,0.0,578,A4
20841.0,0.02006781090018189,2.7148760106825023,5.1138737255998015,0.24202293555971402,0.2973945588023607,40.0,8.0,0.8548368222219603,0.32968886833444994,4650.0,4.0,0.0,578,A5
20841.0,0.02006781090018189,2.468880104906209,3.726061338637685,0.2217743870255746,0.3128448730867041,40.0,8.0,0.8625256188386852,0.31171468349282105,4705.0,4.0,0.0,578,A6
20841.0,0.037800713730181124,2.0417379446695296,2.1752040340195222,0.042644306895062614,0.3198143083345329,29.0,6.0,0.8641479802619791,0.30770445484924275,4650.0,3.0,0.06944444444444445,578,B3
20841.0,0.06077850313707005,2.0417379446695296,2.3173946499684797,0.07777937718919438,0.3783887529389185,36.0,7.0,0.8631064759356397,0.31303590539435255,4890.0,5.0,0.03888888888888889,578,B6
20841.0,0.06077850313707005,2.0417379446695296,2.3173946499684797,0.07777937718919438,0.3783887529389185,36.0,7.0,0.8572043962437779,0.3363668960337404,5705.0,10.0,0.03888888888888889,578,B7
20841.0,0.029342695039559687,2.0417379446695296,2.0417379446695296,0.12777697807206947,0.3819394462837676,38.0,7.0,0.8657486151456045,0.30010018178818326,4335.0,4.0,0.041666666666666664,578,B8
20841.0,0.028428241752041873,2.0417379446695296,2.468880104906209,0.13943668729907394,0.38035602898133486,39.0,7.0,0.8633408075846456,0.3104333624155063,4665.0,5.0,0.03888888888888889,578,B9
20841.0,0.04428432200537847,2.0417379446695296,2.0417379446695296,0.12806487212705725,0.3835228635862003,38.0,7.0,0.8658306071980837,0.30011413704341167,4335.0,4.0,0.041666666666666664,578,B10
20841.0,0.029342695039559687,2.0417379446695296,2.0417379446695296,0.12777697807206947,0.3819394462837676,38.0,7.0,0.864190370085567,0.3037568792302653,4370.0,7.0,0.0,578,B11
20841.0,0.06077850313707005,2.0417379446695296,2.3173946499684797,0.07777937718919438,0.3783887529389185,36.0,7.0,0.8627939759356398,0.31493357434350955,4935.0,4.0,0.05,578,B12
20841.0,0.06077850313707005,2.0417379446695296,2.3173946499684797,0.07777937718919438,0.3783887529389185,36.0,7.0,0.8654973541017295,0.30231601014252935,4470.0,5.0,0.06111111111111111,578,B13
12694.0,0.02006781090018189,0.02006781090018189,0.02006781090018189,0.0,0.0,0.0,,0.8125233484388283,0.42557016327184743,5400.0,0.0,0.0,579,A1
12694.0,0.02006781090018189,0.047179137813158536,0.18407720014689555,0.0,0.0,0.0,,0.8878455580278758,0.24666969997673618,3600.0,0.0,0.0,579,A2
12694.0,0.02006781090018189,0.047179137813158536,0.18407720014689555,0.0,0.0,0.0,,0.8878455580278758,0.24666969997673618,3600.0,0.0,0.0,579,A3
12694.0,0.02006781090018189,0.047179137813158536,0.18407720014689555,0.0,0.0,0.0,,0.8878455580278758,0.24666969997673618,3600.0,0.0,0.0,579,A4
12694.0,0.02006781090018189,0.050263184440820056,0.18407720014689555,0.0,0.0,0.0,,0.8809380539894502,0.2640827788933659,3870.0,4.0,0.0,579,A5
12694.0,0.02006781090018189,0.050263184440820056,0.18407720014689555,0.0,0.0,0.0,,0.8841683248551752,0.25681863042029446,3805.0,6.0,0.0,579,A6
12694.0,0.02006781090018189,0.047179137813158536,0.18407720014689555,0.0,0.0,0.0,,0.8848534407976281,0.25354182177755696,3685.0,2.0,0.0,579,B3
12694.0,0.02006781090018189,0.047179137813158536,0.18407720014689555,0.0,0.0,0.0,,0.8878455580278758,0.24666969997673618,3600.0,0.0,0.0,579,B6
12694.0,0.02006781090018189,0.04869675251658631,0.18407720014689555,0.0,0.0,0.0,,0.8844894561264431,0.2559291639626955,3865.0,7.0,0.0,579,B7
12694.0,0.02006781090018189,0.047179137813158536,0.18407720014689555,0.0,0.0,0.0,,0.8699893605311554,0.2922064335654041,4200.0,6.0,0.0,579,B8
12694.0,0.02006781090018189,0.047179137813158536,0.18407720014689555,0.0,0.0,0.0,,0.8748910111003869,0.2778742633981546,3985.0,4.0,0.0,579,B9
12694.0,0.02006781090018189,0.050263184440820056,0.18407720014689555,0.0,0.0,0.0,,0.8699840636025642,0.2923814521135234,4200.0,6.0,0.0,579,B10
12694.0,0.02006781090018189,0.047179137813158536,0.18407720014689555,0.0,0.0,0.0,,0.8699893605311554,0.2922064335654041,4200.0,6.0,0.0,579,B11
12694.0,0.02006781090018189,0.047179137813158536,0.18407720014689555,0.0,0.0,0.0,,0.8878455580278758,0.24666969997673618,3600.0,0.0,0.0,579,B12
12694.0,0.02006781090018189,0.047179137813158536,0.18407720014689555,0.0,0.0,0.0,,0.8845043509903665,0.25429650599608455,3680.0,2.0,0.0,579,B13
10350.0,0.02006781090018189,0.02006781090018189,0.02006781090018189,0.0,0.0,0.0,,0.6915943885207557,0.7448505770971029,9000.0,0.0,0.0,580,A1
10350.0,0.02006781090018189,0.985711900900616,2.0417379446695296,0.009468599033816425,0.07004830917874397,8.0,,0.8674441981863659,0.2898179560451927,3750.0,2.0,0.0,580,A2
10350.0,0.02006781090018189,0.985711900900616,2.0417379446695296,0.009468599033816425,0.07004830917874397,8.0,,0.8677558594564662,0.28912131639775995,3750.0,2.0,0.0,580,A3
10350.0,0.02006781090018189,0.985711900900616,2.0417379446695296,0.009468599033816425,0.07004830917874397,8.0,,0.8727909249528191,0.2775831657859147,3660.0,2.0,0.0,580,A4
10350.0,0.02006781090018189,0.3054921113215514,0.7413102413009177,0.0,0.0327536231884058,4.0,,0.8597446711314196,0.3098498107256863,4065.0,2.0,0.0,580,A5
10350.0,0.02006781090018189,0.3054921113215514,0.7413102413009177,0.0,0.0327536231884058,4.0,,0.8677396591844931,0.2906461285504557,3915.0,3.0,0.0,580,A6
10350.0,0.02006781090018189,0.985711900900616,2.0417379446695296,0.009468599033816425,0.07004830917874397,8.0,,0.8648414555033613,0.29681698259404105,3880.0,3.0,0.0,580,B3
10350.0,0.02006781090018189,0.985711900900616,2.0417379446695296,0.009468599033816425,0.07004830917874397,8.0,,0.8699028132011772,0.2844734611748686,3810.0,3.0,0.0,580,B6
10350.0,0.02006781090018189,0.985711900900616,2.0417379446695296,0.009468599033816425,0.07004830917874397,8.0,,0.8721823380861057,0.2790515520912654,3680.0,2.0,0.0,580,B7
10350.0,0.02006781090018189,0.985711900900616,2.0417379446695296,0.009468599033816425,0.07004830917874397,8.0,,0.8606057111073027,0.3090067762290034,4080.0,2.0,0.0,580,B8
10350.0,0.02006781090018189,0.985711900900616,2.0417379446695296,0.009468599033816425,0.07004830917874397,8.0,,0.8625404889380797,0.3036267789837818,4000.0,3.0,0.0,580,B9
10350.0,0.02006781090018189,0.985711900900616,2.0417379446695296,0.009468599033816425,0.07004830917874397,8.0,,0.8606057111073027,0.3090067762290034,4080.0,2.0,0.0,580,B10
10350.0,0.02006781090018189,0.985711900900616,2.0417379446695296,0.009468599033816425,0.07004830917874397,8.0,,0.8606057111073027,0.3090067762290034,4080.0,2.0,0.0,580,B11
10350.0,0.02006781090018189,0.985711900900616,2.0417379446695296,0.009468599033816425,0.07004830917874397,8.0,,0.8657917020900661,0.29420829664293763,3885.0,3.0,0.0,580,B12
10350.0,0.02006781090018189,0.985711900900616,2.0417379446695296,0.009468599033816425,0.07004830917874397,8.0,,0.8670466635264658,0.29091191525876714,3815.0,4.0,0.0,580,B13
13783.0,0.02006781090018189,0.02006781090018189,0.02006781090018189,0.0,0.0,0.0,,0.8552078962749549,0.34493426952778794,5400.0,0.0,0.0,581,A1
13783.0,0.02006781090018189,0.02006781090018189,0.04869675251658631,0.0,0.0,0.0,,0.9118117700345998,0.20665992245424836,3600.0,0.0,0.0,581,A2
13783.0,0.02006781090018189,0.02006781090018189,0.04869675251658631,0.0,0.0,0.0,,0.9118117700345998,0.20665992245424836,3600.0,0.0,0.0,581,A3
13783.0,0.02006781090018189,0.02006781090018189,0.04869675251658631,0.0,0.0,0.0,,0.9118117700345998,0.20665992245424836,3600.0,0.0,0.0,581,A4
13783.0,0.02006781090018189,0.02006781090018189,0.04869675251658631,0.0,0.0,0.0,,0.909244470854037,0.2130247631973213,3735.0,2.0,0.0,581,A5
13783.0,0.02006781090018189,0.02006781090018189,0.04869675251658631,0.0,0.0,0.0,,0.9068952551453329,0.2196301042389071,3860.0,6.0,0.0,581,A6
13783.0,0.02006781090018189,0.02006781090018189,0.04869675251658631,0.0,0.0,0.0,,0.9118117700345998,0.20665992245424836,3600.0,0.0,0.0,581,B3
13783.0,0.02006781090018189,0.02006781090018189,0.04869675251658631,0.0,0.0,0.0,,0.9104072012763518,0.21013002327243405,3665.0,2.0,0.0,581,B6
13783.0,0.02006781090018189,0.02006781090018189,0.04869675251658631,0.0,0.0,0.0,,0.906682494092397,0.21909182467071467,3800.0,6.0,0.0,581,B7
13783.0,0.02006781090018189,0.02006781090018189,0.04869675251658631,0.0,0.0,0.0,,0.9039664521769437,0.2259587420898003,4020.0,2.0,0.0,581,B8
13783.0,0.02006781090018189,0.02006781090018189,0.04869675251658631,0.0,0.0,0.0,,0.9056017470400085,0.2221718307052975,3900.0,2.0,0.0,581,B9
13783.0,0.02006781090018189,0.02006781090018189,0.04869675251658631,0.0,0.0,0.0,,0.9044493487807977,0.2249944914281917,4020.0,2.0,0.0,581,B10
13783.0,0.02006781090018189,0.02006781090018189,0.04869675251658631,0.0,0.0,0.0,,0.9039664521769437,0.2259587420898003,4020.0,2.0,0.0,581,B11
13783.0,0.02006781090018189,0.02006781090018189,0.04869675251658631,0.0,0.0,0.0,,0.910151758881617,0.21067858658583805,3690.0,2.0,0.0,581,B12
13783.0,0.02006781090018189,0.02006781090018189,0.04869675251658631,0.0,0.0,0.0,,0.9118117700345998,0.20665992245424836,3600.0,0.0,0.0,581,B13
23473.0,0.02006781090018189,0.02006781090018189,0.02006781090018189,0.0,0.0,0.0,0.0,0.6652146107943362,0.9115015266400383,16200.0,0.0,0.0,582,A1
23473.0,0.02006781090018189,2.0417379446695296,2.0417379446695296,0.07434073190474162,0.10974310910407703,28.0,43.5,0.9128632579476395,0.19884782318281014,3600.0,0.0,0.0,582,A2
23473.0,0.02006781090018189,2.0417379446695296,2.0417379446695296,0.07434073190474162,0.10974310910407703,28.0,43.5,0.9128632579476395,0.19884782318281014,3600.0,0.0,0.0,582,A3
23473.0,0.02006781090018189,2.0417379446695296,2.0417379446695296,0.07434073190474162,0.10974310910407703,28.0,43.5,0.9128632579476395,0.19884782318281014,3600.0,0.0,0.0,582,A4
23473.0,0.02006781090018189,2.0417379446695296,2.0417379446695296,0.053465683977335664,0.12035104162228943,27.0,43.5,0.8949787014599959,0.2436464810732018,4290.0,5.0,0.0,582,A5
23473.0,0.02006781090018189,1.4412854420872234,2.0417379446695296,0.03787330123972223,0.0894644911174541,20.0,6.5,0.8842922165468706,0.27357463057276055,5155.0,17.0,0.0,582,A6
23473.0,0.02006781090018189,0.5069907082747045,2.0417379446695296,0.017339070421335152,0.05069654496655732,14.0,41.5,0.8867006869360458,0.2673233020845784,4855.0,8.0,0.0,582,B3
23473.0,0.02006781090018189,2.0417379446695296,2.0417379446695296,0.07434073190474162,0.10931708771780344,27.0,43.5,0.9020603824928395,0.2256815718793672,4265.0,12.0,0.13333333333333333,582,B6
23473.0,0.02006781090018189,1.5355006336570662,2.0417379446695296,0.021854897115835215,0.12427043837600647,22.0,43.0,0.8824837961886045,0.2744226478488228,5060.0,22.0,0.11944444444444445,582,B7
23473.0,0.02006781090018189,1.584893192461114,2.0417379446695296,0.02398500404720317,0.12729519021854896,23.0,43.0,0.878673173642441,0.2852502070155089,5005.0,12.0,0.0,582,B8
23473.0,0.02006781090018189,1.2302687708123812,1.742809826672464,0.0024283219017594685,0.12699697524815745,19.0,43.0,0.8837216522921361,0.27301027982480963,4795.0,8.0,0.11944444444444445,582,B9
23473.0,0.02006781090018189,1.584893192461114,2.0417379446695296,0.02398500404720317,0.12844544796148766,24.0,43.0,0.8800453184973333,0.2830469393756136,5005.0,12.0,0.0,582,B10
23473.0,0.02006781090018189,1.584893192461114,2.0417379446695296,0.02398500404720317,0.12729519021854896,23.0,43.0,0.878673173642441,0.2852502070155089,5005.0,12.0,0.0,582,B11
23473.0,0.02006781090018189,1.6884958594867534,2.0417379446695296,0.031909001831891964,0.0934264900097985,21.0,20.5,0.88687073069359,0.26340618061822113,4790.0,11.0,0.12777777777777777,582,B12
23473.0,0.02006781090018189,1.9781080029332403,2.0417379446695296,0.03855493545775998,0.13095897414050187,26.0,43.5,0.8986460447631628,0.23467048351679748,4180.0,7.0,0.0,582,B13
10597.0,0.02006781090018189,0.02006781090018189,0.02006781090018189,0.0,0.0,0.0,,0.7443083103216119,0.5990565519745087,7200.0,0.0,0.0,583,A1
10597.0,0.02006781090018189,0.13412199354053708,0.9549925860214359,0.0,0.032273284891950554,4.0,,0.8773134432126226,0.2689053483199824,3600.0,0.0,0.0,583,A2
10597.0,0.02006781090018189,0.13412199354053708,0.9549925860214359,0.0,0.032273284891950554,4.0,,0.8773134432126226,0.2689053483199824,3600.0,0.0,0.0,583,A3
10597.0,0.02006781090018189,0.13412199354053708,0.9549925860214359,0.0,0.032273284891950554,4.0,,0.8773134432126226,0.2689053483199824,3600.0,0.0,0.0,583,A4
10597.0,0.02006781090018189,0.13412199354053708,0.9549925860214359,0.0,0.032273284891950554,4.0,,0.8727514789806492,0.27945708492441534,3735.0,2.0,0.0,583,A5
10597.0,0.02006781090018189,0.13412199354053708,0.9549925860214359,0.0,0.032273284891950554,4.0,,0.873965216821887,0.2772070838976263,3800.0,5.0,0.0,583,A6
10597.0,0.02006781090018189,0.13412199354053708,0.9549925860214359,0.0,0.032273284891950554,4.0,,0.8738551560279529,0.277003185538709,3715.0,2.0,0.0,583,B3
10597.0,0.02006781090018189,0.13412199354053708,0.9549925860214359,0.0,0.032273284891950554,4.0,,0.8753881517083678,0.273617855109778,3730.0,2.0,0.0,583,B6
10597.0,0.02006781090018189,0.13412199354053708,0.9549925860214359,0.0,0.032273284891950554,4.0,,0.8697891204104222,0.28648408406932047,3995.0,7.0,0.0,583,B7
10597.0,0.02006781090018189,0.13412199354053708,0.9549925860214359,0.0,0.032273284891950554,4.0,,0.8698208638486733,0.2868662876366176,3915.0,2.0,0.0,583,B8
10597.0,0.02006781090018189,0.13412199354053708,0.9549925860214359,0.0,0.032273284891950554,4.0,,0.8675126053243536,0.2922029339620161,3920.0,2.0,0.0,583,B9
10597.0,0.02006781090018189,0.13412199354053708,0.9549925860214359,0.0,0.032273284891950554,4.0,,0.8700071847981652,0.28656567275274203,3915.0,2.0,0.0,583,B10
10597.0,0.02006781090018189,0.13412199354053708,0.9549925860214359,0.0,0.032273284891950554,4.0,,0.8698208638486733,0.2868662876366176,3915.0,2.0,0.0,583,B11
10597.0,0.02006781090018189,0.13412199354053708,0.9549925860214359,0.0,0.032273284891950554,4.0,,0.8729044767684024,0.27976286049101745,3780.0,2.0,0.0,583,B12
10597.0,0.02006781090018189,0.13412199354053708,0.9549925860214359,0.0,0.032273284891950554,4.0,,0.8773134432126226,0.2689053483199824,3600.0,0.0,0.0,583,B13
9728.0,0.02006781090018189,0.02006781090018189,0.02006781090018189,0.0,0.0,0.0,,0.7186861350545696,0.6476182558469092,7200.0,0.0,0.0,584,A1
9728.0,0.02006781090018189,0.43276287768448307,0.8963961859499497,0.0,0.04286595394736842,5.0,,0.8696178452215809,0.2837298910246287,3600.0,0.0,0.0,584,A2
9728.0,0.02006781090018189,0.43276287768448307,0.8963961859499497,0.0,0.04286595394736842,5.0,,0.8696178452215809,0.2837298910246287,3600.0,0.0,0.0,584,A3
9728.0,0.02006781090018189,0.43276287768448307,0.8963961859499497,0.0,0.04286595394736842,5.0,,0.8688319279562734,0.28584109795689167,3645.0,2.0,0.0,584,A4
9728.0,0.02006781090018189,0.02006781090018189,0.3812852456636189,0.0,0.0,0.0,,0.8625635589649963,0.2993145767483404,3765.0,1.0,0.0,584,A5
9728.0,0.02006781090018189,0.02006781090018189,0.3812852456636189,0.0,0.0,0.0,,0.8609224429721348,0.30539210268560724,3970.0,4.0,0.0,584,A6
9728.0,0.02006781090018189,0.43276287768448307,0.8963961859499497,0.0,0.04286595394736842,5.0,,0.8608577661740545,0.30425040440603873,3825.0,3.0,0.0,584,B3
9728.0,0.02006781090018189,0.43276287768448307,0.8963961859499497,0.0,0.04286595394736842,5.0,,0.8637044984174,0.2975991244951429,3805.0,5.0,0.0,584,B6
9728.0,0.02006781090018189,0.43276287768448307,0.8963961859499497,0.0,0.04286595394736842,5.0,,0.8604881555975336,0.30509704133953774,3935.0,7.0,0.0,584,B7
9728.0,0.02006781090018189,0.43276287768448307,0.8963961859499497,0.0,0.04286595394736842,5.0,,0.8625155506844208,0.3010048843120949,3860.0,3.0,0.0,584,B8
9728.0,0.02006781090018189,0.43276287768448307,0.8963961859499497,0.0,0.04286595394736842,5.0,,0.8614910865229282,0.30297769649452977,3820.0,2.0,0.0,584,B9
9728.0,0.02006781090018189,0.43276287768448307,0.8963961859499497,0.0,0.04286595394736842,5.0,,0.8625796423785644,0.3008477801202301,3860.0,3.0,0.0,584,B10
9728.0,0.02006781090018189,0.43276287768448307,0.8963961859499497,0.0,0.04286595394736842,5.0,,0.8625155506844208,0.3010048843120949,3860.0,3.0,0.0,584,B11
9728.0,0.02006781090018189,0.43276287768448307,0.8963961859499497,0.0,0.04286595394736842,5.0,,0.8592349634163634,0.30803949938395,3880.0,5.0,0.0,584,B12
9728.0,0.02006781090018189,0.43276287768448307,0.8963961859499497,0.0,0.04286595394736842,5.0,,0.8653610788378051,0.29331727508292604,3705.0,2.0,0.0,584,B13
126130.0,0.02006781090018189,0.02006781090018189,0.02006781090018189,0.0,0.0,0.0,0.0,0.7482754501473344,0.8264392788604527,28800.0,0.0,0.0,585,A1
126130.0,0.02006781090018189,2.0417379446695296,2.7148760106825023,0.084848965353207,0.23367953698564972,167.0,34.25,0.9187009859051084,0.19900373095765395,8670.0,13.0,0.0,585,A2
126130.0,0.02006781090018189,2.0417379446695296,2.892344370499147,0.08484103702529136,0.2245143899151669,150.0,34.25,0.9204788036919366,0.1953624037833488,8670.0,13.0,0.0,585,A3
126130.0,0.02006781090018189,2.0417379446695296,2.9853826189179604,0.09386347419329263,0.30194244033933243,223.0,62.5,0.9293085691977054,0.17367286050486652,6980.0,29.0,0.0,585,A4
126130.0,0.02006781090018189,2.0417379446695296,3.726061338637685,0.039316578133671606,0.1683738999445017,116.0,32.0,0.8906274712073728,0.28475902326478025,15180.0,21.0,0.0,585,A5
126130.0,0.02006781090018189,0.04570881896148752,0.6958249547006052,0.0,0.016712915246174583,43.0,18.5,0.9008937346708106,0.2554336341768038,12985.0,39.0,0.0,585,A6
126130.0,0.02006781090018189,2.0417379446695296,2.7148760106825023,0.09495956552763023,0.27255014667406646,196.0,33.5,0.9197411214174958,0.19735888719658704,7770.0,21.0,0.16111111111111112,585,B3
126130.0,0.02006781090018189,2.0417379446695296,2.0417379446695296,0.03493023071434234,0.14516966621739474,122.0,28.0,0.9261496514873372,0.18116177854059604,8545.0,27.0,0.05,585,B6
126130.0,0.02006781090018189,1.4412854420872234,2.0417379446695296,0.004215888369142948,0.08893403631174185,61.0,21.25,0.9146122221370686,0.21763995307013392,11770.0,37.0,0.06944444444444445,585,B7
126130.0,0.02006781090018189,2.0417379446695296,2.0417379446695296,0.04179418060730992,0.21921430270355982,170.0,29.0,0.9051781527702347,0.23421456310028446,8260.0,24.0,0.09444444444444444,585,B8
126130.0,0.02006781090018189,2.0417379446695296,2.0417379446695296,0.05278284309839055,0.17381669705859035,132.0,29.0,0.910848764993123,0.21756745641362882,8470.0,23.0,0.06944444444444445,585,B9
126130.0,0.02006781090018189,2.0417379446695296,2.892344370499147,0.041167842701974156,0.22221121065567273,189.0,29.0,0.9047203389482447,0.23523650748732153,8260.0,24.0,0.09444444444444444,585,B10
126130.0,0.02006781090018189,2.0417379446695296,2.0417379446695296,0.028696582890668357,0.1712399904860065,112.0,29.0,0.9052570297125211,0.23498922902451155,8845.0,21.0,0.0,585,B11
126130.0,0.02006781090018189,2.0417379446695296,2.0417379446695296,0.040036073892016175,0.15944065646555142,148.0,28.0,0.9204428327464989,0.19836913073913642,8770.0,22.0,0.09444444444444444,585,B12
126130.0,0.02006781090018189,2.0417379446695296,2.1074146752966985,0.06159914374058511,0.2645009117577103,219.0,57.75,0.9218122296434791,0.19271516231714542,7590.0,25.0,0.16111111111111112,585,B13
102083.0,0.02006781090018189,0.02006781090018189,0.02006781090018189,0.0,0.0,0.0,0.0,0.7646892097306478,0.6964746469277732,21600.0,0.0,0.0,586,A1
102083.0,0.02006781090018189,0.8413951416451951,2.0417379446695296,0.006729817893282917,0.07104023196810438,35.0,63.25,0.9327298240499704,0.16993008601623918,7965.0,9.0,0.0,586,A2
102083.0,0.02006781090018189,0.8413951416451951,2.0417379446695296,0.006729817893282917,0.07033492354260748,31.0,63.25,0.9333368446298907,0.16867223596294845,7965.0,9.0,0.0,586,A3
102083.0,0.02006781090018189,2.0417379446695296,2.0417379446695296,0.09158233986070159,0.2941430012832695,199.0,65.25,0.9336843080660527,0.1643323934419545,6090.0,26.0,0.0,586,A4
102083.0,0.02006781090018189,0.0220673406908459,1.1187936686591167,0.0,0.02363762820450026,9.0,0.75,0.928667923142015,0.18622762910512083,10830.0,9.0,0.0,586,A5
102083.0,0.02006781090018189,0.03548133892335755,1.1187936686591167,0.0,0.02363762820450026,9.0,20.0,0.9283806707282143,0.18621160982678048,11105.0,19.0,0.0,586,A6
102083.0,0.02006781090018189,1.0501467677660838,2.0417379446695296,0.012813103063193675,0.08192353281153571,36.0,71.25,0.9347515320383738,0.16430991964288832,8335.0,11.0,0.3416666666666667,586,B3
102083.0,0.02006781090018189,0.03548133892335755,2.0417379446695296,0.012587796205048832,0.02193313284288275,16.0,39.0,0.9335254345709022,0.16993959129758557,8940.0,16.0,0.0,586,B6
102083.0,0.02006781090018189,0.4610520952362225,2.0417379446695296,0.012587796205048832,0.04766709442316546,25.0,43.75,0.9292007731931893,0.17967766375499708,9290.0,16.0,0.4027777777777778,586,B7
102083.0,0.02006781090018189,1.0501467677660838,2.0417379446695296,0.012813103063193675,0.08192353281153571,36.0,71.25,0.9320787487289162,0.16903691562469608,7975.0,16.0,0.4222222222222222,586,B8
102083.0,0.02006781090018189,0.3935500754557774,2.0417379446695296,0.006729817893282917,0.0368915490336295,18.0,59.0,0.9353122358665946,0.16411621042695262,8770.0,19.0,0.10833333333333334,586,B9
102083.0,0.02006781090018189,1.0501467677660838,2.0417379446695296,0.012813103063193675,0.08192353281153571,36.0,71.25,0.9322544864895268,0.1691971434570854,7975.0,16.0,0.4222222222222222,586,B10
102083.0,0.02006781090018189,0.5754399373371569,2.0417379446695296,0.006729817893282917,0.054573239422822606,24.0,60.0,0.9288826824730939,0.18045935859820478,8690.0,17.0,0.0,586,B11
102083.0,0.02006781090018189,2.0417379446695296,3.1805336883295205,0.05606467286423793,0.13501513474329713,96.0,68.0,0.9304365284955712,0.1745422935417074,8485.0,18.0,0.17777777777777778,586,B12
102083.0,0.02006781090018189,1.0174193661806046,2.0417379446695296,0.01867108137495959,0.07726066044297288,38.0,71.25,0.9353721818317754,0.16243971991973527,8405.0,11.0,0.37777777777777777,586,B13
82967.0,0.02006781090018189,0.02006781090018189,0.02006781090018189,0.0,0.0,0.0,0.0,0.7506007823103429,0.6978249416025281,16200.0,0.0,0.0,587,A1
82967.0,0.02006781090018189,2.0417379446695296,3.388441561392024,0.09499560066050357,0.31936191497824434,184.0,71.75,0.8833603884798802,0.28617966749139145,7425.0,12.0,0.0,587,A2
82967.0,0.02006781090018189,2.0417379446695296,3.388441561392024,0.09499560066050357,0.3108042956838261,175.0,71.75,0.8845398408447218,0.2838256733911621,7425.0,12.0,0.0,587,A3
82967.0,1.2698429144338064,3.081413635333949,3.9696297343000686,0.15712572468571842,0.4977611580507913,347.0,82.5,0.9148586500018134,0.19986959951403568,5370.0,37.0,0.0,587,A4
82967.0,0.02006781090018189,2.0417379446695296,3.081413635333949,0.02278616799450384,0.17993298540383526,111.0,33.5,0.8630751549233339,0.3551263807622874,10980.0,16.0,0.0,587,A5
82967.0,0.02006781090018189,0.41927599668460547,1.1547819846894583,0.0,0.04286041438162161,37.0,14.0,0.8611821010426877,0.35675638158816586,11535.0,27.0,0.0,587,A6
82967.0,0.02006781090018189,2.0417379446695296,2.0417379446695296,0.07333036026371931,0.3278652958405149,179.0,71.625,0.8950578090977196,0.2513246050973314,6335.0,14.0,0.5555555555555556,587,B3
82967.0,0.02006781090018189,1.6884958594867534,2.0417379446695296,0.01471669458941507,0.16220907107645208,90.0,65.875,0.8878919393706585,0.2714612068027704,7050.0,14.0,0.5333333333333333,587,B6
82967.0,0.02006781090018189,0.985711900900616,2.0417379446695296,0.01042583195728422,0.09065049959622501,47.0,53.75,0.8817097295240842,0.28980558943418233,8210.0,21.0,0.4527777777777778,587,B7
82967.0,0.02006781090018189,2.0417379446695296,2.0417379446695296,0.05463316740390758,0.3119583689900804,157.0,71.375,0.884119485588389,0.28102374666480057,7015.0,16.0,0.5333333333333333,587,B8
82967.0,0.02006781090018189,2.0417379446695296,2.0417379446695296,0.05463316740390758,0.3119583689900804,157.0,71.375,0.8765963193026419,0.2996920805567265,7115.0,16.0,0.5333333333333333,587,B9
82967.0,0.02006781090018189,2.0417379446695296,3.4974378036641802,0.05366591536393988,0.31943423288777467,165.0,71.375,0.8842333429903363,0.28052587521174727,7015.0,16.0,0.5333333333333333,587,B10
82967.0,0.02006781090018189,2.0417379446695296,2.0417379446695296,0.04022985042245712,0.21829462316342643,107.0,43.625,0.8667443430105052,0.33157724724792476,8470.0,14.0,0.0,587,B11
82967.0,0.02006781090018189,1.9781080029332403,2.0417379446695296,0.025986235491219402,0.1834343775235937,104.0,66.25,0.8912857257876834,0.2631586159932761,6925.0,13.0,0.525,587,B12
82967.0,0.02006781090018189,2.0417379446695296,2.0417379446695296,0.06125326937216002,0.3288295346342522,174.0,71.375,0.8960088999946566,0.2501349974514656,6365.0,15.0,0.5583333333333333,587,B13
121686.0,0.02006781090018189,0.02006781090018189,0.02006781090018189,0.0,0.0,0.0,0.0,0.8506188612053466,0.4655874769401862,21600.0,0.0,0.0,588,A1
121686.0,0.02006781090018189,2.0417379446695296,2.6302679918953813,0.034178130598425456,0.21039396479463537,182.0,68.83333333333333,0.9283475656773658,0.1868084712850581,8655.0,15.0,0.0,588,A2
121686.0,0.02006781090018189,2.0417379446695296,2.0417379446695296,0.03180316552438243,0.2046578899791266,158.0,68.83333333333333,0.9303113572474627,0.18263534579781973,8655.0,15.0,0.0,588,A3
121686.0,0.02006781090018189,2.0417379446695296,3.081413635333949,0.09564781486777443,0.27831467876337457,286.0,100.16666666666667,0.9494783864870179,0.13192996162399762,6440.0,42.0,0.0,588,A4
121686.0,0.02006781090018189,1.3106900423660772,2.0417379446695296,0.011694032181187647,0.06964646713672897,51.0,29.333333333333332,0.9107534422370402,0.2458088339229689,13230.0,19.0,0.0,588,A5
121686.0,0.02006781090018189,1.3528511027866506,2.0417379446695296,0.01883741761583091,0.0652725046430978,53.0,6.833333333333333,0.9167275859338322,0.2346552711764036,12720.0,38.0,0.0,588,A6
121686.0,0.02006781090018189,1.6358745652400533,2.0417379446695296,0.025779465180875368,0.06995874628141281,56.0,55.666666666666664,0.9239643313749245,0.21103523334637267,9780.0,17.0,0.0,588,B3
121686.0,0.02006781090018189,1.9164610627353873,2.0417379446695296,0.033220748483802576,0.10442861134395083,88.0,59.166666666666664,0.9372876877084199,0.16269300833749714,7980.0,23.0,0.36944444444444446,588,B6
121686.0,0.02006781090018189,2.0417379446695296,2.0417379446695296,0.03823981394737275,0.15470760810610917,125.0,75.16666666666667,0.9273557601278298,0.1917786376165663,9085.0,29.0,0.6388888888888888,588,B7
121686.0,0.02006781090018189,1.6884958594867534,2.0417379446695296,0.01369919300494716,0.10157290074453923,77.0,69.5,0.9310095531525102,0.18171981382591718,8305.0,14.0,0.4527777777777778,588,B8
121686.0,0.02006781090018189,1.0501467677660838,2.0417379446695296,0.005415577798596387,0.08904064559604227,56.0,68.83333333333333,0.9276016257459947,0.18963413871771226,8790.0,18.0,0.3055555555555556,588,B9
121686.0,0.02006781090018189,1.6884958594867534,2.0417379446695296,0.01369919300494716,0.10157290074453923,77.0,69.5,0.9307057153867562,0.18290558029767695,8305.0,14.0,0.4527777777777778,588,B10
121686.0,0.02006781090018189,0.7651560209006901,2.0417379446695296,0.004659533553572309,0.06550465953355357,36.0,42.5,0.9202651333425675,0.21386224600376275,9320.0,17.0,0.0,588,B11
121686.0,0.02006781090018189,2.0417379446695296,2.0417379446695296,0.03238663445260753,0.11293821803658596,111.0,66.16666666666667,0.9282388175934135,0.19147130695430367,9165.0,22.0,0.2611111111111111,588,B12
121686.0,0.02006781090018189,2.0417379446695296,2.0417379446695296,0.03426030932071068,0.1554328353302763,140.0,76.16666666666667,0.9350560509748783,0.16955796327897132,7790.0,15.0,0.375,588,B13
27056.0,0.02006781090018189,0.02006781090018189,0.02006781090018189,0.0,0.0,0.0,0.0,0.8488455430814219,0.3766864689890662,7200.0,0.0,0.0,589,A1
27056.0,0.02006781090018189,0.13843630530808698,0.7182076058301705,0.0,0.016410408042578355,6.0,1.0,0.9180599033285239,0.19690368985863818,4095.0,5.0,0.0,589,A2
27056.0,0.02006781090018189,0.13412199354053708,0.7182076058301705,0.0,0.016410408042578355,6.0,1.0,0.9182633446006776,0.19647235679129998,4095.0,5.0,0.0,589,A3
27056.0,0.02006781090018189,0.13412199354053708,0.7182076058301705,0.0,0.016410408042578355,6.0,1.0,0.9316377254957808,0.1651084492113297,3800.0,5.0,0.0,589,A4
27056.0,0.02006781090018189,0.07829787941891024,0.7182076058301705,0.0,0.016410408042578355,6.0,1.0,0.9101109969993313,0.21762023876272973,4455.0,5.0,0.0,589,A5
27056.0,0.02006781090018189,0.08341612282410431,0.7182076058301705,0.0,0.016410408042578355,6.0,1.0,0.9116900680753315,0.21571141572994335,4590.0,15.0,0.0,589,A6
27056.0,0.02006781090018189,0.13412199354053708,0.7182076058301705,0.0,0.016410408042578355,6.0,1.0,0.9222436458786771,0.18901461703072409,4110.0,3.0,0.0,589,B3
27056.0,0.02006781090018189,0.13412199354053708,0.7182076058301705,0.0,0.016410408042578355,6.0,1.0,0.9261960501319799,0.17804666123347623,3940.0,7.0,0.0,589,B6
27056.0,0.02006781090018189,0.13412199354053708,0.7182076058301705,0.0,0.016410408042578355,6.0,1.0,0.9176413376879451,0.19900706237977656,4225.0,12.0,0.0,589,B7
27056.0,0.02006781090018189,0.13412199354053708,0.7182076058301705,0.0,0.016410408042578355,6.0,1.0,0.904720932197067,0.23200942228490024,4615.0,8.0,0.0,589,B8
27056.0,0.02006781090018189,0.13412199354053708,0.7182076058301705,0.0,0.016410408042578355,6.0,1.0,0.9089761247774523,0.22244955436279584,4535.0,9.0,0.0,589,B9
27056.0,0.02006781090018189,0.13412199354053708,0.7182076058301705,0.0,0.016410408042578355,6.0,1.0,0.904298407648838,0.23305093495948423,4615.0,8.0,0.0,589,B10
27056.0,0.02006781090018189,0.13412199354053708,0.7182076058301705,0.0,0.016410408042578355,6.0,1.0,0.904720932197067,0.23200942228490024,4615.0,8.0,0.0,589,B11
27056.0,0.02006781090018189,0.13412199354053708,0.7182076058301705,0.0,0.016410408042578355,6.0,1.0,0.9208052262966209,0.1913001565606477,4155.0,9.0,0.0,589,B12
27056.0,0.02006781090018189,0.13412199354053708,0.7182076058301705,0.0,0.016410408042578355,6.0,1.0,0.9267054443917896,0.1772139025528386,3900.0,2.0,0.0,589,B13
66245.0,0.02006781090018189,0.02006781090018189,0.02006781090018189,0.0,0.0,0.0,0.0,0.759406159619365,0.6525521342607592,36000.0,0.0,0.0,590,A1
66245.0,0.02006781090018189,2.0417379446695296,2.0417379446695296,0.07166201222733791,0.15025662314136917,93.0,28.666666666666668,0.9732620277953937,0.08461260419189087,4860.0,5.0,0.0,590,A2
66245.0,0.02006781090018189,2.0417379446695296,2.0417379446695296,0.07154124839610537,0.1487168842931542,88.0,28.666666666666668,0.9752626646144272,0.08058820871283937,4860.0,5.0,0.0,590,A3
66245.0,0.02006781090018189,2.0417379446695296,2.0417379446695296,0.07027322816816363,0.1478564419956223,90.0,18.333333333333332,0.977747358730895,0.07326789464006592,4440.0,15.0,0.0,590,A4
66245.0,0.02006781090018189,1.191927939457827,2.0417379446695296,0.03803305909879991,0.06343875009434674,24.0,17.333333333333332,0.9583278149994304,0.1271641281473453,7020.0,11.0,0.0,590,A5
66245.0,0.02006781090018189,1.191927939457827,2.0417379446695296,0.03745188316099328,0.0669484489395426,26.0,15.0,0.9654335807966158,0.10748183893493884,6775.0,21.0,0.0,590,A6
66245.0,0.02006781090018189,1.5355006336570662,2.0417379446695296,0.047686617857951544,0.09876971846931844,46.0,14.0,0.9766419736512093,0.07685989917077317,5185.0,8.0,0.1,590,B3
66245.0,0.02006781090018189,1.5355006336570662,2.0417379446695296,0.047686617857951544,0.11138953883311949,55.0,12.333333333333334,0.9754440733312431,0.07984331846485247,5590.0,12.0,0.058333333333333334,590,B6
66245.0,0.02006781090018189,1.5355006336570662,2.0417379446695296,0.047686617857951544,0.1003094573175334,47.0,12.333333333333334,0.9682792509965773,0.10148237558324082,7255.0,24.0,0.06111111111111111,590,B7
66245.0,0.02006781090018189,1.3963683610559376,2.0417379446695296,0.03761793342893803,0.07934183711978263,35.0,11.666666666666666,0.9721954007787529,0.0874913516338481,5505.0,11.0,0.06666666666666667,590,B8
66245.0,0.02006781090018189,1.5355006336570662,2.0417379446695296,0.047686617857951544,0.09876971846931844,46.0,12.333333333333334,0.9720563806681602,0.08938591942773154,5885.0,12.0,0.06111111111111111,590,B9
66245.0,0.02006781090018189,1.3963683610559376,2.0417379446695296,0.03761793342893803,0.07990036983923315,38.0,11.666666666666666,0.9733957421601922,0.08590850621794378,5505.0,11.0,0.06666666666666667,590,B10
66245.0,0.02006781090018189,1.3963683610559376,2.0417379446695296,0.03761793342893803,0.07934183711978263,35.0,11.666666666666666,0.9589933512137148,0.1226068374994007,6770.0,11.0,0.0,590,B11
66245.0,0.02006781090018189,1.5355006336570662,2.0417379446695296,0.047686617857951544,0.09876971846931844,46.0,12.333333333333334,0.9739966080344767,0.08498887973465998,5805.0,12.0,0.06666666666666667,590,B12
66245.0,0.02006781090018189,1.5355006336570662,2.0417379446695296,0.047686617857951544,0.11300475507585478,58.0,16.666666666666668,0.9782397280032317,0.07222882513703165,4820.0,9.0,0.075,590,B13
35932.0,0.02006781090018189,0.02006781090018189,0.02006781090018189,0.0,0.0,0.0,0.0,0.8677465462337975,0.3557033585393596,9000.0,0.0,0.0,591,A1
35932.0,0.02006781090018189,0.7182076058301705,2.0417379446695296,0.005092953356339753,0.0593621284648781,29.0,5.0,0.9453370511121938,0.14096816910597093,3975.0,4.0,0.0,591,A2
35932.0,0.02006781090018189,0.6958249547006052,1.8567353246307055,0.005092953356339753,0.06492819770677948,27.0,5.0,0.9459494684914985,0.13964700443911077,3975.0,4.0,0.0,591,A3
35932.0,0.02006781090018189,0.9549925860214359,2.0417379446695296,0.009490148057441835,0.0784537459645998,33.0,5.0,0.9464473242496028,0.13862918588484552,3890.0,10.0,0.0,591,A4
35932.0,0.02006781090018189,0.33593093598651524,1.8567353246307055,0.005092953356339753,0.04102193031281309,16.0,5.0,0.9344181968135669,0.17180846670658886,4905.0,9.0,0.0,591,A5
35932.0,0.02006781090018189,0.3054921113215514,1.8567353246307055,0.005092953356339753,0.04124457308248915,17.0,5.0,0.9296922463987588,0.18494902201291646,5495.0,23.0,0.0,591,A6
35932.0,0.02006781090018189,0.33593093598651524,1.8567353246307055,0.005092953356339753,0.04102193031281309,16.0,5.0,0.9385504681683946,0.15921009569966668,4415.0,10.0,0.0,591,B3
35932.0,0.02006781090018189,0.33593093598651524,1.8567353246307055,0.005092953356339753,0.04102193031281309,16.0,5.0,0.939274612252236,0.1590539695881467,4535.0,17.0,0.0,591,B6
35932.0,0.02006781090018189,0.2959715725594465,1.8567353246307055,0.005092953356339753,0.04102193031281309,16.0,5.0,0.9300811557779417,0.1824720529505762,5375.0,25.0,0.0,591,B7
35932.0,0.02006781090018189,0.2959715725594465,1.8567353246307055,0.005092953356339753,0.04102193031281309,16.0,5.0,0.9332573068021529,0.17433299058864077,4905.0,9.0,0.05,591,B8
35932.0,0.02006781090018189,0.2959715725594465,1.8567353246307055,0.005092953356339753,0.04102193031281309,16.0,5.0,0.9300086922753459,0.18305232727702755,5145.0,10.0,0.0,591,B9
35932.0,0.02006781090018189,0.2959715725594465,1.8567353246307055,0.005092953356339753,0.04102193031281309,16.0,5.0,0.9331216418583823,0.17487933047303172,4905.0,9.0,0.05,591,B10
35932.0,0.02006781090018189,0.2959715725594465,1.8567353246307055,0.005092953356339753,0.04102193031281309,16.0,5.0,0.9309655070155073,0.18052855961033715,5100.0,9.0,0.0,591,B11
35932.0,0.02006781090018189,0.2959715725594465,1.8567353246307055,0.005092953356339753,0.04102193031281309,16.0,5.0,0.9344041671346689,0.17149951201634994,4790.0,15.0,0.0,591,B12
35932.0,0.02006781090018189,0.2959715725594465,1.8567353246307055,0.005092953356339753,0.04102193031281309,16.0,5.0,0.9407678380587433,0.15279492082289203,4260.0,7.0,0.0,591,B13
77080.0,0.02006781090018189,0.02006781090018189,0.02006781090018189,0.0,0.0,0.0,0.0,0.6425039914943949,1.1751491388723347,55800.0,0.0,0.0,592,A1
77080.0,0.02006781090018189,2.0417379446695296,2.0417379446695296,0.2734918266735859,0.08887195121951219,72.0,8.0,0.9536771295155837,0.1193419689815417,4320.0,7.0,0.0,592,A2
77080.0,0.02006781090018189,2.0417379446695296,2.0417379446695296,0.2737383238194084,0.08853463933575506,70.0,8.0,0.9547192809221102,0.11716052922672099,4320.0,7.0,0.0,592,A3
77080.0,0.02006781090018189,2.0417379446695296,2.0417379446695296,0.2702419564089258,0.10085300985988584,79.0,8.0,0.9570242319346004,0.1103960988771747,4015.0,11.0,0.0,592,A4
77080.0,0.02006781090018189,2.0417379446695296,2.892344370499147,0.24864426569797612,0.09398676699532953,56.0,5.0,0.9281440544352285,0.19223753244899147,6660.0,14.0,0.0,592,A5
77080.0,0.02006781090018189,2.0417379446695296,2.3173946499684797,0.2345550077841204,0.09525817332641412,59.0,5.0,0.9265355604365585,0.19712963028457506,7010.0,29.0,0.0,592,A6
77080.0,0.02006781090018189,2.0417379446695296,2.1074146752966985,0.23066294758692268,0.08532044628956928,55.0,0.0,0.9442619658354594,0.14737005987151663,5525.0,13.0,0.09722222222222222,592,B3
77080.0,0.02006781090018189,2.0417379446695296,2.0417379446695296,0.24396730669434355,0.05917228853139595,45.0,0.0,0.9375957715626423,0.1715268646203552,7000.0,20.0,0.05,592,B6
77080.0,0.02006781090018189,2.0417379446695296,2.0417379446695296,0.24462895692786715,0.05914634146341463,45.0,0.0,0.925262403753752,0.21270194170541534,8785.0,34.0,0.05277777777777778,592,B7
77080.0,0.02006781090018189,2.0417379446695296,3.081413635333949,0.1921964193046186,0.10808899844317592,43.0,0.0,0.9397396831152673,0.16097864410813284,6120.0,13.0,0.08055555555555556,592,B8
77080.0,0.02006781090018189,2.0417379446695296,2.7148760106825023,0.20891281785158278,0.0960690192008303,47.0,0.0,0.9402903846012939,0.15981543831081504,6085.0,15.0,0.058333333333333334,592,B9
77080.0,0.02006781090018189,2.0417379446695296,3.609940135864167,0.1921964193046186,0.1109172288531396,47.0,0.0,0.9388976311891788,0.16330671510747255,6120.0,13.0,0.08055555555555556,592,B10
77080.0,0.02006781090018189,2.0417379446695296,3.081413635333949,0.1921964193046186,0.10808899844317592,43.0,0.0,0.9333261944330244,0.18206281448033715,7110.0,14.0,0.0,592,B11
77080.0,0.02006781090018189,2.0417379446695296,2.0417379446695296,0.24396730669434355,0.049519979242345614,37.0,0.0,0.9354901702035815,0.18049277500895133,7365.0,16.0,0.06388888888888888,592,B12
77080.0,0.02006781090018189,2.0417379446695296,2.0417379446695296,0.2377302802283342,0.06352815256875972,43.0,0.0,0.9426081771723227,0.15209863651847372,5880.0,12.0,0.07777777777777778,592,B13
57231.0,0.02006781090018189,0.02006781090018189,0.02006781090018189,0.0,0.0,0.0,,0.8909348862394157,0.2728524315693795,7200.0,0.0,0.0,593,A1
57231.0,0.02006781090018189,0.16218100973589297,0.6741398498898495,0.0,0.01383865387639566,14.0,,0.9434365893400393,0.1333235471170387,3975.0,5.0,0.0,593,A2
57231.0,0.02006781090018189,0.15712670380639343,0.6327760017024558,0.0,0.013122258915622652,12.0,,0.9440831467320566,0.13197085125224872,3975.0,5.0,0.0,593,A3
57231.0,0.02006781090018189,0.12589254117941676,0.6327760017024558,0.0,0.013122258915622652,12.0,,0.9464434359931073,0.12658675108568349,3850.0,5.0,0.0,593,A4
57231.0,0.02006781090018189,0.02350985767597148,0.09772372209558107,0.0,0.0009610176303052542,3.0,,0.9134644877380926,0.21289285050399687,5955.0,13.0,0.0,593,A5
57231.0,0.02006781090018189,0.026683942737144424,0.09172759353897794,0.0,0.0005940836260068844,5.0,,0.9098285203322664,0.22522235006568087,6590.0,27.0,0.0,593,A6
57231.0,0.02006781090018189,0.13843630530808698,0.6130557921498209,0.0,0.012580594433086963,10.0,,0.9355191142282657,0.15332350058554844,4350.0,10.0,0.0,593,B3
57231.0,0.02006781090018189,0.047179137813158536,0.41927599668460547,0.0,0.00747846446855725,6.0,,0.9330149494096402,0.1629055600976362,4695.0,17.0,0.0,593,B6
57231.0,0.02006781090018189,0.02006781090018189,0.18407720014689555,0.0,0.006325243312190945,4.0,,0.915624446777309,0.20683641989546359,5965.0,33.0,0.0,593,B7
57231.0,0.02006781090018189,0.024266100950824154,0.5939501549952435,0.0,0.011427373276720658,8.0,,0.9200033810821318,0.19572714831470236,5405.0,12.0,0.0,593,B8
57231.0,0.02006781090018189,0.026683942737144424,0.5939501549952435,0.0,0.011427373276720658,8.0,,0.9270227743253423,0.17692633530869012,4895.0,10.0,0.0,593,B9
57231.0,0.02006781090018189,0.03330427623087463,0.7182076058301705,0.0,0.014624941028463595,19.0,,0.9201263196082068,0.19587821827095406,5405.0,12.0,0.0,593,B10
57231.0,0.02006781090018189,0.024266100950824154,0.5939501549952435,0.0,0.011427373276720658,8.0,,0.9200033810821318,0.19572714831470236,5405.0,12.0,0.0,593,B11
57231.0,0.02006781090018189,0.03548133892335755,0.41927599668460547,0.0,0.00747846446855725,6.0,,0.9260305010504261,0.17975639524534695,5015.0,14.0,0.0,593,B12
57231.0,0.02006781090018189,0.11448537209469502,0.6130557921498209,0.0,0.012580594433086963,10.0,,0.9359654957711726,0.15453931129352816,4530.0,14.0,0.0,593,B13
100353.0,0.02006781090018189,0.02006781090018189,0.02006781090018189,0.0,0.0,0.0,0.0,0.9909832220475675,0.061352585384142955,10800.0,0.0,0.0,594,A1
100353.0,0.02006781090018189,0.06898425842094826,1.2302687708123812,0.0021723316692076966,0.0200691558797445,36.0,44.0,0.9934464500675612,0.03312506486552756,4905.0,7.0,0.0,594,A2
100353.0,0.02006781090018189,0.06273356959840379,1.0174193661806046,0.0021723316692076966,0.017856964913854096,27.0,44.0,0.994316351026605,0.03142513640803192,4905.0,7.0,0.0,594,A3
100353.0,0.02006781090018189,0.20892961308540398,1.2698429144338064,0.0021723316692076966,0.023457196097774854,33.0,44.0,0.993185423606116,0.03163442799930086,4280.0,13.0,0.0,594,A4
100353.0,0.02006781090018189,0.02006781090018189,0.25263877101318966,0.0,0.007383934710472034,7.0,5.0,0.9921476491734462,0.04406990334656621,6630.0,9.0,0.0,594,A5
100353.0,0.02006781090018189,0.021379620895022326,0.06683439175686146,0.0,0.000647713571094038,4.0,5.0,0.9842310019840202,0.0685207534122987,7675.0,31.0,0.0,594,A6
100353.0,0.02006781090018189,0.02006781090018189,0.47588279098881686,0.0,0.009616055324703795,9.0,5.0,0.9933048490957008,0.03736206559039341,5840.0,8.0,0.0,594,B3
100353.0,0.02006781090018189,0.09467820160680859,0.9549925860214359,0.0021723316692076966,0.016900341793469054,21.0,5.0,0.9886426785521644,0.05013824767780267,5575.0,31.0,0.0,594,B6
100353.0,0.02006781090018189,0.028428241752041873,0.47588279098881686,0.0,0.009616055324703795,9.0,5.0,0.9887079326076285,0.053352783036140064,6510.0,31.0,0.0,594,B7
100353.0,0.02006781090018189,0.02006781090018189,0.47588279098881686,0.0,0.009616055324703795,9.0,5.0,0.9918928583979505,0.04231078024847524,6050.0,10.0,0.0,594,B8
100353.0,0.02006781090018189,0.0220673406908459,0.47588279098881686,0.0,0.009616055324703795,9.0,5.0,0.9925675241993713,0.03954621040300762,5680.0,12.0,0.0,594,B9
100353.0,0.02006781090018189,0.02006781090018189,0.4911905467933634,0.0,0.009805386983946668,10.0,5.0,0.9910196490335446,0.04457386655927386,6050.0,10.0,0.0,594,B10
100353.0,0.02006781090018189,0.02006781090018189,0.47588279098881686,0.0,0.009616055324703795,9.0,5.0,0.9918928583979505,0.04231078024847524,6050.0,10.0,0.0,594,B11
100353.0,0.02006781090018189,0.03126079367123956,0.47588279098881686,0.0,0.009616055324703795,9.0,5.0,0.9899006095178263,0.0489178147682192,6190.0,22.0,0.0,594,B12
100353.0,0.02006781090018189,0.02006781090018189,0.47588279098881686,0.0,0.009616055324703795,9.0,5.0,0.9946265290232515,0.032034556532725605,5250.0,6.0,0.0,594,B13
70773.0,0.02006781090018189,0.02006781090018189,0.02006781090018189,0.0,0.0,0.0,,0.9191070686272564,0.20569418490723188,7200.0,0.0,0.0,595,A1
70773.0,0.02006781090018189,0.15222991328804203,0.6958249547006052,0.0,0.015924151865824538,13.0,,0.9531827067732461,0.11156367512806181,4125.0,6.0,0.0,595,A2
70773.0,0.02006781090018189,0.1428893958511103,0.6958249547006052,0.0,0.015924151865824538,13.0,,0.9550942102901568,0.10678945377951087,4080.0,6.0,0.0,595,A3
70773.0,0.02006781090018189,0.1428893958511103,0.6958249547006052,0.0,0.015924151865824538,13.0,,0.9588410650095514,0.09780465270212874,3930.0,8.0,0.0,595,A4
70773.0,0.02006781090018189,0.02006781090018189,0.05527134079444351,0.0,8.477809334068077e-05,1.0,,0.9354256625316113,0.1614836546035356,5775.0,10.0,0.0,595,A5
70773.0,0.02006781090018189,0.0220673406908459,0.14748572927641243,0.0,0.000480409195597191,3.0,,0.9320251817304396,0.17708301059072848,6760.0,28.0,0.0,595,A6
70773.0,0.02006781090018189,0.02006781090018189,0.2959715725594465,0.0,0.001780339960154296,2.0,,0.9536814888907035,0.11468304391185967,5000.0,7.0,0.0,595,B3
70773.0,0.02006781090018189,0.03226636185911482,0.6958249547006052,0.0,0.015924151865824538,13.0,,0.9493877614755515,0.12585610707479108,5035.0,20.0,0.0,595,B6
70773.0,0.02006781090018189,0.022777182418573218,0.41927599668460547,0.0,0.008223475054046034,7.0,,0.9420557160385205,0.14561332368394214,5705.0,24.0,0.0,595,B7
70773.0,0.02006781090018189,0.02006781090018189,0.14748572927641243,0.0,0.001780339960154296,2.0,,0.9452822627478147,0.1360837559501699,5335.0,12.0,0.0,595,B8
70773.0,0.02006781090018189,0.02006781090018189,0.18407720014689555,0.0,0.001780339960154296,2.0,,0.946698241703826,0.13103577213035777,5045.0,11.0,0.0,595,B9
70773.0,0.02006781090018189,0.02006781090018189,0.18407720014689555,0.0,0.002359656931315615,5.0,,0.9441740090730385,0.13874762293276893,5335.0,12.0,0.0,595,B10
70773.0,0.02006781090018189,0.02006781090018189,0.14748572927641243,0.0,0.001780339960154296,2.0,,0.9452822627478147,0.1360837559501699,5335.0,12.0,0.0,595,B11
70773.0,0.02006781090018189,0.02006781090018189,0.4911905467933634,0.0,0.009481016771932799,8.0,,0.9473755793027016,0.13150709842595673,5365.0,12.0,0.0,595,B12
70773.0,0.02006781090018189,0.05527134079444351,0.6958249547006052,0.0,0.015924151865824538,13.0,,0.9520698130472958,0.11869666798452813,4775.0,14.0,0.0,595,B13
65737.0,0.02006781090018189,0.02006781090018189,0.02006781090018189,0.0,0.0,0.0,,0.9202789140374428,0.2063117535923071,7200.0,0.0,0.0,596,A1
65737.0,0.02006781090018189,0.13412199354053708,0.5232991146814947,0.0,0.010922311635760682,21.0,,0.9470501522398479,0.12869751736412385,4275.0,8.0,0.0,596,A2
65737.0,0.02006781090018189,0.11816803125447838,0.4610520952362225,0.0,0.008138491260629478,14.0,,0.9484412121502879,0.12576876253588928,4275.0,8.0,0.0,596,A3
65737.0,0.02006781090018189,0.12589254117941676,0.4610520952362225,0.0,0.008138491260629478,14.0,,0.9585340589865129,0.10233573042991215,4015.0,10.0,0.0,596,A4
65737.0,0.02006781090018189,0.021379620895022326,0.2867477375581316,0.0,0.00176460745090284,3.0,,0.9298312278503599,0.1781836834402618,5760.0,13.0,0.0,596,A5
65737.0,0.02006781090018189,0.028428241752041873,0.18407720014689555,0.0,0.0018406681168900315,7.0,,0.9245402113596275,0.19777425409279775,6820.0,34.0,0.0,596,A6
65737.0,0.02006781090018189,0.04156712619977309,0.3935500754557774,0.0,0.004426730760454538,6.0,,0.9466089339936913,0.13312626828262009,4650.0,11.0,0.0,596,B3
65737.0,0.02006781090018189,0.037800713730181124,0.3812852456636189,0.0,0.003027214506290217,5.0,,0.9525550771576115,0.11969778388242124,4565.0,17.0,0.0,596,B6
65737.0,0.02006781090018189,0.02006781090018189,0.050263184440820056,0.0,0.0026621233095516983,3.0,,0.9381285800666328,0.1621548711945971,6055.0,32.0,0.0,596,B7
65737.0,0.02006781090018189,0.02006781090018189,0.11816803125447838,0.0,0.0026621233095516983,3.0,,0.9422291972341966,0.1474145721082995,5380.0,8.0,0.0,596,B8
65737.0,0.02006781090018189,0.03226636185911482,0.3935500754557774,0.0,0.004426730760454538,6.0,,0.945595745742777,0.13603826299996444,4900.0,8.0,0.0,596,B9
65737.0,0.02006781090018189,0.02006781090018189,0.15712670380639343,0.0,0.0032249722378569147,6.0,,0.9421467772326544,0.14814485759397655,5380.0,8.0,0.0,596,B10
65737.0,0.02006781090018189,0.02006781090018189,0.11816803125447838,0.0,0.0026621233095516983,3.0,,0.9422291972341966,0.1474145721082995,5380.0,8.0,0.0,596,B11
65737.0,0.02006781090018189,0.0220673406908459,0.31531889793555934,0.0,0.003027214506290217,5.0,,0.9434437598097483,0.14237095333942187,4980.0,12.0,0.0,596,B12
65737.0,0.02006781090018189,0.04027170343254591,0.43276287768448307,0.0,0.0069519448712292925,9.0,,0.9478003755073552,0.13051484521091158,4565.0,14.0,0.0,596,B13
84089.0,0.02006781090018189,0.02006781090018189,0.02006781090018189,0.0,0.0,0.0,0.0,0.8390755012266353,0.5305257556320252,21600.0,0.0,0.0,597,A1
84089.0,0.02006781090018189,2.0417379446695296,2.7148760106825023,0.0391103473700484,0.11975704313287112,94.0,63.5,0.9474822973619221,0.12852401660144366,5490.0,11.0,0.0,597,A2
84089.0,0.02006781090018189,2.0417379446695296,2.2451739778971898,0.03524539476031348,0.13097135178204045,92.0,63.5,0.9485430158665349,0.12650913963079388,5490.0,11.0,0.0,597,A3
84089.0,0.02006781090018189,2.0417379446695296,2.2451739778971898,0.03524539476031348,0.13304058794848314,96.0,110.0,0.9495032919698767,0.12113015448005993,4590.0,14.0,0.0,597,A4
84089.0,0.02006781090018189,0.5069907082747045,1.8567353246307055,0.004126580171009288,0.048401098835757356,41.0,50.5,0.926139768544839,0.1867890141878479,8355.0,16.0,0.0,597,A5
84089.0,0.02006781090018189,0.04027170343254591,1.2302687708123812,0.002021667518938268,0.022238342708320945,23.0,23.5,0.9243412312866192,0.19862524170517715,8410.0,28.0,0.0,597,A6
84089.0,0.02006781090018189,1.0501467677660838,2.0417379446695296,0.015911712590231778,0.09404321611625778,54.0,109.5,0.9393548247278349,0.15003254585512227,5650.0,15.0,0.06388888888888888,597,B3
84089.0,0.02006781090018189,0.5232991146814947,1.8567353246307055,0.006183924175575878,0.051944963074837376,40.0,54.0,0.9427216701960424,0.14361473963049404,5950.0,19.0,0.18055555555555555,597,B6
84089.0,0.02006781090018189,0.2867477375581316,1.1547819846894583,0.002021667518938268,0.03498674023950814,19.0,50.5,0.9324468285763333,0.175704523121767,7655.0,27.0,0.15555555555555556,597,B7
84089.0,0.02006781090018189,0.5401321147646347,1.9781080029332403,0.009834817871540868,0.05119575687664261,31.0,64.0,0.9263509822782674,0.1866284136314769,7090.0,14.0,0.0,597,B8
84089.0,0.02006781090018189,0.6327760017024558,1.9781080029332403,0.009834817871540868,0.059056475876749635,38.0,54.0,0.9262882802998198,0.188947645869714,7380.0,17.0,0.0,597,B9
84089.0,0.02006781090018189,0.6531305526474723,1.9781080029332403,0.009834817871540868,0.05723697510970519,52.0,64.0,0.9252277272069687,0.1890631700596129,7090.0,14.0,0.0,597,B10
84089.0,0.02006781090018189,0.5401321147646347,1.9781080029332403,0.009834817871540868,0.05119575687664261,31.0,64.0,0.9263509822782674,0.1866284136314769,7090.0,14.0,0.0,597,B11
84089.0,0.02006781090018189,0.44668359215096304,1.191927939457827,0.002021667518938268,0.041658243052004426,25.0,50.5,0.9363148818382719,0.16247357511653163,6455.0,22.0,0.0,597,B12
84089.0,0.02006781090018189,1.4876473740795015,2.0417379446695296,0.02362972564782552,0.09266372533862931,67.0,54.0,0.9426747753690138,0.14319284421166942,5710.0,20.0,0.0,597,B13
54218.0,0.02006781090018189,0.02006781090018189,0.02006781090018189,0.0,0.0,0.0,0.0,0.7288004662055633,0.7785480594297309,18000.0,0.0,0.0,598,A1
54218.0,0.02006781090018189,2.0417379446695296,2.0417379446695296,0.046654247666826514,0.16091519421594305,87.0,81.5,0.8973718678667201,0.23815970823806437,4860.0,8.0,0.0,598,A2
54218.0,0.02006781090018189,1.9781080029332403,2.0417379446695296,0.046419085912427605,0.15934283817182485,79.0,81.5,0.8990344006586711,0.2350281317615911,4860.0,8.0,0.0,598,A3
54218.0,0.02006781090018189,2.0417379446695296,2.0417379446695296,0.08297982219926961,0.16439189936921317,101.0,82.5,0.9171335866218874,0.191284215655392,4175.0,14.0,0.0,598,A4
54218.0,0.02006781090018189,0.7651560209006901,2.0417379446695296,0.00772806079161902,0.06049651407281714,35.0,32.5,0.8751870031399059,0.31501748011967756,7050.0,14.0,0.0,598,A5
54218.0,0.02006781090018189,0.8151734005153627,1.9164610627353873,0.00772806079161902,0.06807702239108783,44.0,46.5,0.8678391495189676,0.3465793361282552,8205.0,26.0,0.0,598,A6
54218.0,0.02006781090018189,1.3963683610559376,2.0417379446695296,0.011970194400383636,0.13670736655723192,55.0,65.5,0.8885989337777809,0.2707099493542026,5770.0,14.0,0.12777777777777777,598,B3
54218.0,0.02006781090018189,0.557506583166466,1.4876473740795015,0.0052381128038658745,0.05614371610904128,27.0,81.25,0.8878644492194915,0.2721280617168078,5930.0,22.0,0.22777777777777777,598,B6
54218.0,0.02006781090018189,0.22974707980333003,1.4876473740795015,0.0052381128038658745,0.03574458666863403,22.0,65.25,0.8711071451444728,0.33789729610041935,8100.0,25.0,0.2111111111111111,598,B7
54218.0,0.02006781090018189,1.7988709151287874,2.0417379446695296,0.02390350068243019,0.09642554133313659,34.0,81.25,0.878972443846335,0.2950495343969803,6175.0,14.0,0.125,598,B8
54218.0,0.02006781090018189,1.8567353246307055,2.0417379446695296,0.026393448670183332,0.11944372717547679,48.0,65.5,0.8833983080530006,0.28576761088658637,6075.0,11.0,0.13055555555555556,598,B9
54218.0,0.02006781090018189,1.7988709151287874,2.0417379446695296,0.02390350068243019,0.09642554133313659,34.0,81.25,0.8792395089058374,0.2948768295108375,6175.0,14.0,0.125,598,B10
54218.0,0.02006781090018189,1.7988709151287874,2.0417379446695296,0.02390350068243019,0.09642554133313659,34.0,81.25,0.8794423990313565,0.29306407134247703,6245.0,14.0,0.0,598,B11
54218.0,0.02006781090018189,0.557506583166466,1.4876473740795015,0.0052381128038658745,0.05614371610904128,27.0,65.5,0.878561785556133,0.3031928587020477,6655.0,22.0,0.11388888888888889,598,B12
54218.0,0.02006781090018189,1.9164610627353873,2.0417379446695296,0.025803238776789996,0.1504666346969641,68.0,82.0,0.8918545979996872,0.25919368955169664,5460.0,17.0,0.11666666666666667,598,B13
52027.0,0.02006781090018189,0.02006781090018189,0.02006781090018189,0.0,0.0,0.0,0.0,0.8983748031443166,0.279308094063016,9000.0,0.0,0.0,599,A1
52027.0,0.02006781090018189,0.12196915077508336,1.2302687708123812,0.003882599419532166,0.020239491033501835,16.0,23.0,0.9571413685277831,0.11121018972515524,3945.0,4.0,0.0,599,A2
52027.0,0.02006781090018189,0.11816803125447838,1.2302687708123812,0.003882599419532166,0.01875949026467027,13.0,23.0,0.9576079112522904,0.11024906303067308,3945.0,4.0,0.0,599,A3
52027.0,0.02006781090018189,0.12196915077508336,1.2302687708123812,0.003882599419532166,0.01875949026467027,13.0,23.0,0.9590146981043997,0.1073590550135802,3900.0,8.0,0.0,599,A4
52027.0,0.02006781090018189,0.02006781090018189,0.6741398498898495,0.0,0.012109097199531012,5.0,5.0,0.9411780538597678,0.15650658064611947,5295.0,6.0,0.0,599,A5
52027.0,0.02006781090018189,0.050263184440820056,1.4876473740795015,0.0018115593826282506,0.017985853499144677,12.0,5.0,0.9366609554444812,0.1743703347565801,6325.0,31.0,0.0,599,A6
52027.0,0.02006781090018189,0.11091748152624009,1.2302687708123812,0.003882599419532166,0.018413516058969383,11.0,23.0,0.954951276268083,0.11898001796858258,4315.0,9.0,0.0,599,B3
52027.0,0.02006781090018189,0.04027170343254591,1.1187936686591167,0.003267534164952813,0.012993253502988833,8.0,5.0,0.9522167920880114,0.12750900884426147,4595.0,15.0,0.0,599,B6
52027.0,0.02006781090018189,0.04027170343254591,0.8963961859499497,0.0004228573625233052,0.012877928767755203,7.0,5.0,0.9410559691342302,0.159583761564512,5730.0,26.0,0.0,599,B7
52027.0,0.02006781090018189,0.03126079367123956,0.6741398498898495,0.0,0.012109097199531012,5.0,5.0,0.9456366620810466,0.1453596690894284,5140.0,10.0,0.0,599,B8
52027.0,0.02006781090018189,0.024266100950824154,0.6741398498898495,0.0,0.012109097199531012,5.0,5.0,0.945343024787299,0.1467577135019867,5130.0,10.0,0.0,599,B9
52027.0,0.02006781090018189,0.04570881896148752,0.6741398498898495,0.0,0.012109097199531012,5.0,5.0,0.9451792629495329,0.1464994540916433,5140.0,10.0,0.0,599,B10
52027.0,0.02006781090018189,0.03126079367123956,0.6741398498898495,0.0,0.012109097199531012,5.0,5.0,0.9456366620810466,0.1453596690894284,5140.0,10.0,0.0,599,B11
52027.0,0.02006781090018189,0.04027170343254591,1.1187936686591167,0.003267534164952813,0.012993253502988833,8.0,5.0,0.9487716749643064,0.13763173950831206,4800.0,13.0,0.0,599,B12
52027.0,0.02006781090018189,0.06077850313707005,1.2302687708123812,0.003882599419532166,0.017567801333922772,11.0,23.0,0.9537873536844576,0.12308799588981406,4375.0,9.0,0.0,599,B13
60689.0,0.02006781090018189,0.02006781090018189,0.02006781090018189,0.0,0.0,0.0,0.0,0.7700205217511322,0.6673292266887635,21600.0,0.0,0.0,600,A1
60689.0,0.02006781090018189,1.2698429144338064,2.0417379446695296,0.047158463642505234,0.0746593287086622,45.0,19.0,0.9484997684263746,0.12937689866848373,4380.0,6.0,0.0,600,A2
60689.0,0.02006781090018189,1.191927939457827,2.0417379446695296,0.047158463642505234,0.07287976404290727,41.0,19.0,0.9491614463612389,0.1280148902389829,4380.0,6.0,0.0,600,A3
60689.0,0.02006781090018189,1.191927939457827,2.0417379446695296,0.047158463642505234,0.08106905699550165,53.0,108.0,0.9505442460037024,0.1239305999975512,4045.0,9.0,0.0,600,A4
60689.0,0.02006781090018189,1.742809826672464,2.0417379446695296,0.01657631531249485,0.06742572789138064,17.0,15.0,0.9398792410562412,0.15531527120858996,6270.0,8.0,0.0,600,A5
60689.0,0.02006781090018189,1.7988709151287874,2.0417379446695296,0.010397271334179175,0.07258316993194813,17.0,15.0,0.9272577135091095,0.18850898198162533,7210.0,25.0,0.0,600,A6
60689.0,0.02006781090018189,1.3963683610559376,2.0417379446695296,0.03232875809454761,0.06828255532304042,26.0,16.0,0.9409188905454355,0.1505660039995308,5380.0,12.0,0.0,600,B3
60689.0,0.02006781090018189,1.3963683610559376,2.0417379446695296,0.03688065382524016,0.0695801545584867,28.0,16.0,0.9411591981634044,0.15001563510716168,5510.0,19.0,0.0,600,B6
60689.0,0.02006781090018189,1.191927939457827,2.0417379446695296,0.03990838537461484,0.07671901003476742,37.0,108.0,0.9384855328614692,0.15765131874895555,6030.0,26.0,0.1527777777777778,600,B7
60689.0,0.02006781090018189,1.6884958594867534,2.0417379446695296,0.018438267231293975,0.07625764141771985,24.0,15.0,0.9344315210725529,0.16874762991624195,6280.0,10.0,0.0,600,B8
60689.0,0.02006781090018189,1.6884958594867534,2.0417379446695296,0.022491720081069057,0.07538433653545124,24.0,16.0,0.9337339903266462,0.16992240553846508,6520.0,8.0,0.0,600,B9
60689.0,0.02006781090018189,1.6884958594867534,2.0417379446695296,0.018438267231293975,0.07744401786155646,27.0,15.0,0.9338268690261295,0.17011696250442204,6280.0,10.0,0.0,600,B10
60689.0,0.02006781090018189,1.6884958594867534,2.0417379446695296,0.018438267231293975,0.07625764141771985,24.0,15.0,0.9344315210725529,0.16874762991624195,6280.0,10.0,0.0,600,B11
60689.0,0.02006781090018189,1.3963683610559376,2.0417379446695296,0.03688065382524016,0.0667789879549836,28.0,108.0,0.9390342602461297,0.1553857207226989,5540.0,13.0,0.05555555555555555,600,B12
60689.0,0.02006781090018189,1.3963683610559376,2.0417379446695296,0.03241526471024403,0.07874161709700275,35.0,108.0,0.9464661194513764,0.13514482955945953,4775.0,8.0,0.06666666666666667,600,B13
96370.0,0.02006781090018189,0.02006781090018189,0.02006781090018189,0.0,0.0,0.0,0.0,0.9821592138941132,0.08184855989108437,10800.0,0.0,0.0,601,A1
96370.0,0.02006781090018189,0.4911905467933634,1.8567353246307055,0.004181799315139566,0.04879111756770779,70.0,49.333333333333336,0.990129810907863,0.036954867916084405,4320.0,8.0,0.0,601,A2
96370.0,0.02006781090018189,0.43276287768448307,1.7988709151287874,0.004181799315139566,0.045387568745460204,59.0,49.333333333333336,0.9915367805912534,0.03394225556762844,4305.0,8.0,0.0,601,A3
96370.0,0.02006781090018189,0.3935500754557774,1.7988709151287874,0.004181799315139566,0.04323959738507834,62.0,49.333333333333336,0.9906418922352744,0.03697072227206551,4215.0,14.0,0.0,601,A4
96370.0,0.02006781090018189,0.02006781090018189,0.6327760017024558,0.0,0.01214070768911487,10.0,10.333333333333334,0.9877574246902322,0.05146323419463688,6165.0,9.0,0.0,601,A5
96370.0,0.02006781090018189,0.021379620895022326,0.6531305526474723,0.0,0.012472761232748781,12.0,9.666666666666666,0.9859210092744826,0.06136187571411036,7340.0,18.0,0.0,601,A6
96370.0,0.02006781090018189,0.02006781090018189,0.6531305526474723,0.0,0.01286707481581405,11.0,10.333333333333334,0.9910262513058704,0.040280704484997105,5550.0,7.0,0.0,601,B3
96370.0,0.02006781090018189,0.02006781090018189,0.7182076058301705,0.0,0.01509805956210439,12.0,10.333333333333334,0.9902142449876631,0.04325093177581284,5675.0,13.0,0.0,601,B6
96370.0,0.02006781090018189,0.02006781090018189,0.6531305526474723,0.0,0.01286707481581405,11.0,10.333333333333334,0.9883967333969288,0.0521004433288786,6585.0,23.0,0.0,601,B7
96370.0,0.02006781090018189,0.02006781090018189,0.6531305526474723,0.0,0.01286707481581405,11.0,10.333333333333334,0.9869797298150221,0.05202565759667042,6055.0,8.0,0.0,601,B8
96370.0,0.02006781090018189,0.02006781090018189,0.6531305526474723,0.0,0.01286707481581405,11.0,10.333333333333334,0.9887786478526132,0.046920837413478626,5905.0,8.0,0.0,601,B9
96370.0,0.02006781090018189,0.02006781090018189,0.6531305526474723,0.0,0.01286707481581405,11.0,10.333333333333334,0.9862755571487181,0.05379608601069261,6055.0,8.0,0.0,601,B10
96370.0,0.02006781090018189,0.02006781090018189,0.6531305526474723,0.0,0.01286707481581405,11.0,10.333333333333334,0.9869797298150221,0.05202565759667042,6055.0,8.0,0.0,601,B11
96370.0,0.02006781090018189,0.02006781090018189,0.6531305526474723,0.0,0.01286707481581405,11.0,10.333333333333334,0.9900485978133082,0.04422782234136053,5905.0,12.0,0.0,601,B12
96370.0,0.02006781090018189,0.024266100950824154,0.6531305526474723,0.0,0.013458545190411954,13.0,10.333333333333334,0.9904607565927914,0.040815594543731085,5360.0,9.0,0.0,601,B13
31454.0,0.02006781090018189,0.02006781090018189,0.02006781090018189,0.0,0.0,0.0,,0.7621602942453497,0.6289588755465418,12600.0,0.0,0.0,602,A1
31454.0,0.02006781090018189,0.06683439175686146,0.4911905467933634,0.0,0.009219813060342088,2.0,,0.9249881285252838,0.1786250762146379,4440.0,4.0,0.0,602,A2
31454.0,0.02006781090018189,0.06683439175686146,0.4911905467933634,0.0,0.009219813060342088,2.0,,0.925136866881134,0.1782701648599302,4440.0,4.0,0.0,602,A3
31454.0,0.02006781090018189,0.11091748152624009,0.4911905467933634,0.0,0.009219813060342088,2.0,,0.9274624882279393,0.17064380670925058,3945.0,5.0,0.0,602,A4
31454.0,0.02006781090018189,0.02006781090018189,0.06077850313707005,0.0,0.0,0.0,,0.9216997933592423,0.18851324239393355,5085.0,5.0,0.0,602,A5
31454.0,0.02006781090018189,0.02006781090018189,0.06077850313707005,0.0,0.0,0.0,,0.9223733363807517,0.18539031050700663,4720.0,9.0,0.0,602,A6
31454.0,0.02006781090018189,0.06475152482255576,0.4911905467933634,0.0,0.009219813060342088,2.0,,0.9237048828369181,0.18177882677030535,4560.0,5.0,0.0,602,B3
31454.0,0.02006781090018189,0.985711900900616,2.0417379446695296,0.0020347173650410123,0.08641190309658549,20.0,,0.926325705421549,0.17444714795425645,4125.0,6.0,0.0,602,B6
31454.0,0.02006781090018189,0.985711900900616,2.0417379446695296,0.0020347173650410123,0.08641190309658549,20.0,,0.9199672376346474,0.19133812445611337,4565.0,16.0,0.0,602,B7
31454.0,0.02006781090018189,0.0588843655355589,0.4610520952362225,0.0,0.008170661918992815,2.0,,0.9123752393369516,0.21285320069024882,5520.0,7.0,0.0,602,B8
31454.0,0.02006781090018189,0.06475152482255576,0.4911905467933634,0.0,0.009219813060342088,2.0,,0.9155023332976634,0.20469904428584032,5365.0,4.0,0.0,602,B9
31454.0,0.02006781090018189,0.0518800038928961,0.40620942890585726,0.0,0.007057925859986012,2.0,,0.911930974969226,0.21413538102756227,5520.0,7.0,0.0,602,B10
31454.0,0.02006781090018189,0.0588843655355589,0.4610520952362225,0.0,0.008170661918992815,2.0,,0.9123752393369516,0.21285320069024882,5520.0,7.0,0.0,602,B11
31454.0,0.02006781090018189,0.985711900900616,2.0417379446695296,0.0020347173650410123,0.08641190309658549,20.0,,0.9252156130597061,0.17774516504988336,4290.0,6.0,0.0,602,B12
31454.0,0.02006781090018189,0.985711900900616,2.0417379446695296,0.0020347173650410123,0.08641190309658549,20.0,,0.9255045648556565,0.17683552807270334,4220.0,6.0,0.0,602,B13
38421.0,0.02006781090018189,0.02006781090018189,0.02006781090018189,0.0,0.0,0.0,0.0,0.7920249521421,0.5154651170327617,9000.0,0.0,0.0,603,A1
38421.0,0.02006781090018189,0.02006781090018189,0.31531889793555934,0.0,0.0006506858228572915,2.0,3.0,0.9094266750676011,0.20412202497168014,4140.0,2.0,0.0,603,A2
38421.0,0.02006781090018189,0.02006781090018189,0.31531889793555934,0.0,0.0006506858228572915,2.0,3.0,0.9096358862821564,0.20372516359456386,4140.0,2.0,0.0,603,A3
38421.0,0.02006781090018189,0.43276287768448307,1.742809826672464,0.0030452096509721244,0.043700059863095705,24.0,4.0,0.9103677201417767,0.20215910367877277,3900.0,8.0,0.0,603,A4
38421.0,0.02006781090018189,0.02006781090018189,0.31531889793555934,0.0,0.0006506858228572915,2.0,3.0,0.8939948263284709,0.2447308728964573,4935.0,6.0,0.0,603,A5
38421.0,0.02006781090018189,0.04570881896148752,0.3054921113215514,0.0,0.0017958928710861248,3.0,2.0,0.892555359535342,0.2529220056178376,5800.0,19.0,0.0,603,A6
38421.0,0.02006781090018189,0.1673978978860472,0.5401321147646347,0.0,0.01126987845188829,8.0,3.0,0.9030833133223819,0.22031696276466164,4300.0,7.0,0.0,603,B3
38421.0,0.02006781090018189,0.21565026690607325,0.5069907082747045,0.0,0.01002056167200229,8.0,3.0,0.902179201914541,0.22370556550369994,4435.0,13.0,0.0,603,B6
38421.0,0.02006781090018189,0.024266100950824154,0.2225871044793004,0.0,0.0,0.0,0.0,0.8947318719977916,0.24695566071179623,5260.0,18.0,0.0,603,B7
38421.0,0.02006781090018189,0.02006781090018189,0.31531889793555934,0.0,0.0006506858228572915,2.0,3.0,0.8938663360559563,0.24448935530403873,4790.0,7.0,0.0,603,B8
38421.0,0.02006781090018189,0.06077850313707005,0.3812852456636189,0.0,0.0009630150178287915,3.0,3.0,0.897144861299437,0.23589591930695317,4645.0,7.0,0.0,603,B9
38421.0,0.02006781090018189,0.026683942737144424,0.31531889793555934,0.0,0.0006506858228572915,2.0,3.0,0.8935324183482046,0.24540947657778198,4790.0,7.0,0.0,603,B10
38421.0,0.02006781090018189,0.02006781090018189,0.31531889793555934,0.0,0.0006506858228572915,2.0,3.0,0.8938663360559563,0.24448935530403873,4790.0,7.0,0.0,603,B11
38421.0,0.02006781090018189,0.08341612282410431,0.3812852456636189,0.0,0.0009630150178287915,3.0,3.0,0.898829200038377,0.23136636945412942,4710.0,11.0,0.0,603,B12
38421.0,0.02006781090018189,0.1673978978860472,0.5401321147646347,0.0,0.011217823586059708,8.0,3.0,0.9049125802681407,0.21507060235142844,4165.0,4.0,0.0,603,B13
79601.0,0.02006781090018189,0.02006781090018189,0.02006781090018189,0.0,0.0,0.0,0.0,0.7089495351840732,1.0914959922849508,43200.0,0.0,0.0,604,A1
79601.0,0.02006781090018189,2.0417379446695296,2.0417379446695296,0.18449831032273464,0.08817414354091029,70.0,43.0,0.9317018939946762,0.15942478427222423,4575.0,5.0,0.0,604,A2
79601.0,0.02006781090018189,2.0417379446695296,2.0417379446695296,0.18447318501023857,0.08822439416590244,69.0,43.0,0.9327620774212225,0.1572440496240039,4575.0,5.0,0.0,604,A3
79601.0,0.02006781090018189,2.0417379446695296,2.0417379446695296,0.1853933995804073,0.10722855240512054,92.0,43.0,0.9338105245854451,0.1546704598930991,4290.0,13.0,0.0,604,A4
79601.0,0.02006781090018189,2.0417379446695296,2.1074146752966985,0.15922538661574603,0.0933970678760317,60.0,42.0,0.8916473052113407,0.2663915931585844,7845.0,17.0,0.0,604,A5
79601.0,0.02006781090018189,2.0417379446695296,3.388441561392024,0.15002952224218288,0.09747993115664376,70.0,41.0,0.8879661575871907,0.2767867364465528,8395.0,44.0,0.0,604,A6
79601.0,0.02006781090018189,2.0417379446695296,2.0417379446695296,0.1522719563824575,0.08974761623597693,57.0,16.0,0.9168710029091979,0.19962749456340334,5690.0,12.0,0.1111111111111111,604,B3
79601.0,0.02006781090018189,2.0417379446695296,2.0417379446695296,0.1736410346603686,0.0630770970213942,52.0,18.0,0.9088060065342789,0.226021428759852,6640.0,25.0,0.058333333333333334,604,B6
79601.0,0.02006781090018189,2.0417379446695296,2.0417379446695296,0.17125412997324155,0.07009962186404693,57.0,16.0,0.8901481903197351,0.28358430029821285,8850.0,39.0,0.058333333333333334,604,B7
79601.0,0.02006781090018189,2.0417379446695296,2.0417379446695296,0.10583723822565043,0.12243878845743143,51.0,16.0,0.9007387653508588,0.23802876585121074,6140.0,14.0,0.14722222222222223,604,B8
79601.0,0.02006781090018189,2.0417379446695296,2.0417379446695296,0.12789412193314154,0.11317068881044208,58.0,16.0,0.9008787820940724,0.23769971071162824,6160.0,16.0,0.2388888888888889,604,B9
79601.0,0.02006781090018189,2.0417379446695296,2.0417379446695296,0.1058623635381465,0.12443625080086934,52.0,16.0,0.8996535574387272,0.2410650098327941,6140.0,14.0,0.14722222222222223,604,B10
79601.0,0.02006781090018189,2.0417379446695296,2.0417379446695296,0.10583723822565043,0.12002675845780832,48.0,16.0,0.8874317489134854,0.2780402238360617,8230.0,14.0,0.0,604,B11
79601.0,0.02006781090018189,2.0417379446695296,2.0417379446695296,0.1736410346603686,0.0630770970213942,52.0,18.0,0.9004696041442672,0.24693196500288195,7025.0,16.0,0.06666666666666667,604,B12
79601.0,0.02006781090018189,2.0417379446695296,2.0417379446695296,0.15863494177208828,0.08593485006469768,57.0,18.0,0.918463125909511,0.19402328520836043,5580.0,14.0,0.075,604,B13
119610.0,0.02006781090018189,0.02006781090018189,0.02006781090018189,0.0,0.0,0.0,0.0,0.9975700801614424,0.039978742002624364,10800.0,0.0,0.0,605,A1
119610.0,0.02006781090018189,0.12196915077508336,0.8413951416451951,0.0,0.016787893988796924,18.0,19.0,0.9984460977819484,0.020879020825645675,5715.0,3.0,0.0,605,A2
119610.0,0.02006781090018189,0.12196915077508336,0.8413951416451951,0.0,0.016787893988796924,18.0,19.0,0.9985535215378929,0.020604762000785756,5715.0,3.0,0.0,605,A3
119610.0,0.02006781090018189,0.9549925860214359,1.9164610627353873,0.0037873087534487085,0.08289440682217206,130.0,61.5,0.9949276626205945,0.03029893583315054,5160.0,20.0,0.0,605,A4
119610.0,0.02006781090018189,0.02006781090018189,0.15712670380639343,0.0,0.002892734721177159,4.0,1.25,0.9965300264842244,0.0342861811758638,7875.0,9.0,0.0,605,A5
119610.0,0.02006781090018189,0.02006781090018189,0.050263184440820056,0.0,0.0,0.0,0.75,0.9895530616108522,0.05815339669358024,9860.0,33.0,0.0,605,A6
119610.0,0.02006781090018189,0.0220673406908459,0.8413951416451951,0.0,0.0145639996655798,13.0,2.5,0.995052390707601,0.03739776612008135,7565.0,18.0,0.0,605,B3
119610.0,0.02006781090018189,0.03330427623087463,0.8413951416451951,0.0,0.01490678036953432,15.0,3.0,0.9936904156178364,0.039429523638676744,6885.0,25.0,0.0,605,B6
119610.0,0.02006781090018189,0.022777182418573218,0.8413951416451951,0.0,0.01490678036953432,15.0,2.75,0.9929753330203194,0.0444663653186739,7785.0,29.0,0.0,605,B7
119610.0,0.02006781090018189,0.02350985767597148,0.4911905467933634,0.0,0.009037705877434996,11.0,2.25,0.9953706435341294,0.03621096555175141,7290.0,16.0,0.0,605,B8
119610.0,0.02006781090018189,0.025852348395621914,0.4911905467933634,0.0,0.009037705877434996,11.0,2.25,0.9945491364176068,0.03898109115023785,7515.0,19.0,0.0,605,B9
119610.0,0.02006781090018189,0.03330427623087463,0.4911905467933634,0.0,0.00925507900677201,13.0,2.25,0.9923438435865549,0.04320514051247935,7290.0,16.0,0.0,605,B10
119610.0,0.02006781090018189,0.02350985767597148,0.4911905467933634,0.0,0.009037705877434996,11.0,2.25,0.9953706435341294,0.03621096555175141,7290.0,16.0,0.0,605,B11
119610.0,0.02006781090018189,0.026683942737144424,0.43276287768448307,0.0,0.008168213360086949,9.0,2.25,0.9930927983708038,0.043434512211452066,7520.0,25.0,0.0,605,B12
119610.0,0.02006781090018189,0.05354883169202962,0.8413951416451951,0.0,0.016445113284842404,16.0,19.0,0.9978181262942033,0.023642597709437704,5890.0,8.0,0.0,605,B13
114501.0,0.02006781090018189,0.02006781090018189,0.02006781090018189,0.0,0.0,0.0,0.0,0.9385499880524371,0.21217972378088648,18000.0,0.0,0.0,606,A1
114501.0,0.02006781090018189,2.0417379446695296,2.0417379446695296,0.02692552903468092,0.1288285691828019,131.0,50.0,0.9723986070181764,0.08480644708916812,6615.0,12.0,0.0,606,A2
114501.0,0.02006781090018189,2.0417379446695296,2.0417379446695296,0.02692552903468092,0.12286355577680544,116.0,50.0,0.9750104089670307,0.07920167716701328,6585.0,11.0,0.0,606,A3
114501.0,0.02006781090018189,2.0417379446695296,2.0417379446695296,0.06213264512973686,0.16604003458485078,209.0,55.42857142857143,0.9712223845176203,0.08861963133834914,5655.0,35.0,0.0,606,A4
114501.0,0.02006781090018189,1.0174193661806046,1.9781080029332403,0.007620020785844665,0.08189884804499524,64.0,27.285714285714285,0.9619759311547417,0.12408513251355609,10260.0,19.0,0.0,606,A5
114501.0,0.02006781090018189,0.4610520952362225,2.0417379446695296,0.008360188993982585,0.046503960664099,36.0,14.428571428571429,0.9535724929891227,0.14955133390808156,11730.0,41.0,0.0,606,A6
114501.0,0.02006781090018189,1.8567353246307055,2.0417379446695296,0.017515130872219457,0.10945319254853669,91.0,35.857142857142854,0.9700645551212121,0.09810950117748908,8445.0,21.0,0.275,606,B3
114501.0,0.02006781090018189,1.742809826672464,2.0417379446695296,0.015279342538493114,0.11052741897450677,88.0,31.142857142857142,0.967945247012851,0.10329092342274382,8165.0,33.0,0.24444444444444444,606,B6
114501.0,0.02006781090018189,1.9164610627353873,2.0417379446695296,0.017161422170985405,0.11175448249360267,86.0,42.714285714285715,0.9724566273199715,0.08920070019186517,7215.0,21.0,0.6611111111111111,606,B7
114501.0,0.02006781090018189,1.9781080029332403,2.0417379446695296,0.027318538702718755,0.10550126199771181,101.0,37.57142857142857,0.9707027784214872,0.09721714280594701,8400.0,16.0,0.35555555555555557,606,B8
114501.0,0.02006781090018189,1.6884958594867534,2.0417379446695296,0.024637339411882866,0.1053091239377822,101.0,39.857142857142854,0.9693298184657589,0.10249237711843182,8810.0,19.0,0.35,606,B9
114501.0,0.02006781090018189,1.9781080029332403,2.0417379446695296,0.027318538702718755,0.10522178845599602,100.0,37.57142857142857,0.9699940950446974,0.09907559427204585,8400.0,16.0,0.35555555555555557,606,B10
114501.0,0.02006781090018189,0.985711900900616,2.0417379446695296,0.011877625522921197,0.06800813966690247,54.0,35.714285714285715,0.9645816503629595,0.11429560576389115,9270.0,14.0,0.0,606,B11
114501.0,0.02006781090018189,1.4412854420872234,2.0417379446695296,0.014397254172452642,0.07318276696273394,61.0,26.0,0.9632731146495103,0.1205458075168851,9635.0,32.0,0.09444444444444444,606,B12
114501.0,0.02006781090018189,1.742809826672464,2.0417379446695296,0.025362223910708203,0.12854036209290748,118.0,48.57142857142857,0.9736699374120131,0.0855140626985137,7045.0,25.0,0.06666666666666667,606,B13
88881.0,0.02006781090018189,0.02006781090018189,0.02006781090018189,0.0,0.0,0.0,0.0,0.7809363184148647,0.6988709098917701,43200.0,0.0,0.0,607,A1
88881.0,0.02006781090018189,0.9252306262333164,2.0417379446695296,0.04118990560412237,0.06611086733947638,46.0,36.25,0.9599909077943652,0.11097174268565456,5775.0,6.0,0.0,607,A2
88881.0,0.02006781090018189,0.9252306262333164,2.0417379446695296,0.04118990560412237,0.06611086733947638,46.0,36.25,0.9605462296818744,0.10977819663254912,5775.0,6.0,0.0,607,A3
88881.0,0.02006781090018189,1.3963683610559376,2.0417379446695296,0.05382477694895422,0.13802724991843027,127.0,86.5,0.9616744765232478,0.10713016666521327,5010.0,29.0,0.0,607,A4
88881.0,0.02006781090018189,0.03126079367123956,1.9781080029332403,0.03500185641475681,0.023773359885689856,15.0,2.25,0.9425900105156663,0.16421421838791628,8610.0,12.0,0.0,607,A5
88881.0,0.02006781090018189,0.7413102413009177,1.9164610627353873,0.03950225582520449,0.05265467310223782,43.0,35.0,0.9352704482212258,0.18578097257739912,9285.0,36.0,0.0,607,A6
88881.0,0.02006781090018189,0.47588279098881686,1.9781080029332403,0.03500185641475681,0.04702917383917823,32.0,33.5,0.9436761581607911,0.15699706471557248,8580.0,20.0,0.0,607,B3
88881.0,0.02006781090018189,1.1187936686591167,2.0417379446695296,0.04752421777432747,0.08429248095768499,69.0,69.0,0.952893420430424,0.13421514605216056,7340.0,31.0,0.0,607,B6
88881.0,0.02006781090018189,0.43276287768448307,1.8567353246307055,0.03950225582520449,0.04627535693792824,26.0,35.0,0.929838919686963,0.1956157702478366,11685.0,25.0,0.2916666666666667,607,B7
88881.0,0.02006781090018189,0.47588279098881686,1.7988709151287874,0.03950225582520449,0.04531902206320811,30.0,36.25,0.9490104069978399,0.14440008314856886,8065.0,10.0,0.0,607,B8
88881.0,0.02006781090018189,0.47588279098881686,1.7988709151287874,0.03950225582520449,0.04531902206320811,30.0,7.5,0.9536320604176116,0.13137015012158199,7325.0,13.0,0.0,607,B9
88881.0,0.02006781090018189,0.47588279098881686,1.7988709151287874,0.03950225582520449,0.04531902206320811,30.0,36.25,0.9494647944074621,0.14390934160128993,8065.0,10.0,0.0,607,B10
88881.0,0.02006781090018189,0.47588279098881686,1.7988709151287874,0.03950225582520449,0.04531902206320811,30.0,36.25,0.9490104069978399,0.14440008314856886,8065.0,10.0,0.0,607,B11
88881.0,0.02006781090018189,1.1547819846894583,2.0417379446695296,0.038523418953432115,0.08263858417434547,58.0,62.0,0.938777870933936,0.17259681048283673,9615.0,26.0,0.07222222222222222,607,B12
88881.0,0.02006781090018189,1.0839269140212038,2.0417379446695296,0.04251752343020443,0.07571922008078216,58.0,36.25,0.9565209332179054,0.12165268994008152,6335.0,19.0,0.07777777777777778,607,B13
91993.0,0.02006781090018189,0.02006781090018189,0.02006781090018189,0.0,0.0,0.0,0.0,0.7018709163438093,1.0266475237004937,52200.0,0.0,0.0,608,A1
91993.0,0.02006781090018189,2.0417379446695296,2.1752040340195222,0.1962921091822204,0.14727751024534474,144.0,41.0,0.9364587511771498,0.1624811802892311,5205.0,12.0,0.0,608,A2
91993.0,0.02006781090018189,2.0417379446695296,2.0417379446695296,0.1962921091822204,0.14372289195917082,133.0,41.0,0.9383703419709485,0.15879837538492528,5205.0,12.0,0.0,608,A3
91993.0,0.02006781090018189,2.0417379446695296,2.0417379446695296,0.19642255388996988,0.14927766243083712,140.0,55.5,0.9477703630278194,0.1350513938848428,4865.0,25.0,0.0,608,A4
91993.0,0.02006781090018189,2.0417379446695296,3.388441561392024,0.15152783363951605,0.11387279466915962,63.0,15.5,0.9047118234529712,0.25666412812231065,8715.0,17.0,0.0,608,A5
91993.0,0.02006781090018189,2.0417379446695296,3.388441561392024,0.1441468372593567,0.13036317980715925,74.0,10.5,0.8990353263931136,0.2792321225582969,10005.0,36.0,0.0,608,A6
91993.0,0.02006781090018189,2.0417379446695296,2.6302679918953813,0.1564412509647473,0.1318415531616536,84.0,11.25,0.9303079209281115,0.18411364391177554,6625.0,18.0,0.1,608,B3
91993.0,0.02006781090018189,2.0417379446695296,2.3919384495683134,0.16932810105116694,0.12110704075310078,91.0,7.0,0.9266373049810298,0.20214266841706685,8085.0,32.0,0.05555555555555555,608,B6
91993.0,0.02006781090018189,2.0417379446695296,2.3919384495683134,0.16838237691998303,0.10030110986705511,68.0,3.0,0.9134443046270704,0.24507378550021056,10145.0,39.0,0.041666666666666664,608,B7
91993.0,0.02006781090018189,2.0417379446695296,2.892344370499147,0.14785364103790505,0.1178622286478319,62.0,16.75,0.9333970477767186,0.17721567416741651,6810.0,13.0,0.18888888888888888,608,B8
91993.0,0.02006781090018189,2.0417379446695296,2.7148760106825023,0.14965812616177318,0.11472068526953137,62.0,4.0,0.9323318276151021,0.18057900332863275,6865.0,16.0,0.18611111111111112,608,B9
91993.0,0.02006781090018189,2.0417379446695296,3.4974378036641802,0.14683182416053395,0.12169947713412978,62.0,16.75,0.9329693200700022,0.1783139349928337,6810.0,13.0,0.18888888888888888,608,B10
91993.0,0.02006781090018189,2.0417379446695296,2.892344370499147,0.14785364103790505,0.11261182916091442,56.0,16.75,0.9102144665059619,0.24384690530775724,8645.0,13.0,0.0,608,B11
91993.0,0.02006781090018189,2.0417379446695296,2.3919384495683134,0.16932810105116694,0.11101931668713924,78.0,7.0,0.9215183075731898,0.21618041692669263,8590.0,28.0,0.058333333333333334,608,B12
91993.0,0.02006781090018189,2.0417379446695296,2.5482967479793466,0.16319176459078408,0.12776515604448166,86.0,24.0,0.9326398136792385,0.17863326449844805,6530.0,21.0,0.06388888888888888,608,B13
90762.0,0.02006781090018189,0.02006781090018189,0.02006781090018189,0.0,0.0,0.0,0.0,0.8133382905516462,0.5839003770858281,27000.0,0.0,0.0,609,A1
90762.0,0.02006781090018189,2.0417379446695296,2.0417379446695296,0.04004153720720125,0.1798191974614927,136.0,64.85714285714286,0.943525135484772,0.14598836500691043,5565.0,9.0,0.0,609,A2
90762.0,0.02006781090018189,2.0417379446695296,2.0417379446695296,0.03966417663779996,0.18024062933826931,135.0,64.85714285714286,0.9450171755198057,0.14304778539941676,5565.0,9.0,0.0,609,A3
90762.0,0.02006781090018189,2.0417379446695296,2.7148760106825023,0.02791917322227364,0.23328044776448292,188.0,95.71428571428571,0.9484367530816544,0.13546217489562037,5245.0,29.0,0.0,609,A4
90762.0,0.02006781090018189,0.36940264435828357,0.9549925860214359,0.0,0.036094400740397964,20.0,36.0,0.9169245277543245,0.22739017078724333,8985.0,15.0,0.0,609,A5
90762.0,0.02006781090018189,0.17834050825119682,0.6327760017024558,0.0,0.013717194420572487,16.0,51.285714285714285,0.9066431168396227,0.2648632580049449,10430.0,39.0,0.0,609,A6
90762.0,0.02006781090018189,1.8567353246307055,2.0417379446695296,0.028238690200744807,0.1210528635331967,75.0,43.42857142857143,0.9361706505240112,0.17095093401152853,6770.0,20.0,0.12222222222222222,609,B3
90762.0,0.02006781090018189,1.9164610627353873,2.0417379446695296,0.0319737335008043,0.12027059782728455,80.0,52.142857142857146,0.9265478608258572,0.20161672145508885,7620.0,30.0,0.05,609,B6
90762.0,0.02006781090018189,1.4412854420872234,2.0417379446695296,0.01684625724422115,0.09002666314096208,42.0,51.857142857142854,0.9016739819674922,0.281420772710838,11010.0,41.0,0.05,609,B7
90762.0,0.02006781090018189,1.584893192461114,2.0417379446695296,0.03681055948524713,0.07849099843546858,44.0,46.0,0.9297907025633072,0.18635066198803912,7020.0,15.0,0.1388888888888889,609,B8
90762.0,0.02006781090018189,1.584893192461114,2.0417379446695296,0.03681055948524713,0.06433309094114277,33.0,34.42857142857143,0.9285325785980101,0.19182044928565245,7810.0,19.0,0.030555555555555555,609,B9
90762.0,0.02006781090018189,1.584893192461114,2.0417379446695296,0.03681055948524713,0.07958176329300809,50.0,46.0,0.9296091106657088,0.18708993774410596,7020.0,15.0,0.1388888888888889,609,B10
90762.0,0.02006781090018189,1.584893192461114,2.0417379446695296,0.03681055948524713,0.07203455190498226,39.0,37.142857142857146,0.9245850130491984,0.20385851021263787,7740.0,15.0,0.0,609,B11
90762.0,0.02006781090018189,1.4412854420872234,2.0417379446695296,0.01684625724422115,0.09002666314096208,42.0,37.857142857142854,0.9247559944616985,0.2016039184632764,7905.0,32.0,0.044444444444444446,609,B12
90762.0,0.02006781090018189,1.742809826672464,2.0417379446695296,0.025396090875035807,0.10331416231462506,57.0,62.142857142857146,0.9374339041271406,0.16435738923959867,6385.0,20.0,0.041666666666666664,609,B13
56261.0,0.02006781090018189,0.02006781090018189,0.02006781090018189,0.0,0.0,0.0,0.0,0.5475444870922935,1.5171072037349156,39600.0,0.0,0.0,610,A1
56261.0,0.02006781090018189,2.0417379446695296,2.802205621666748,0.2415971987700183,0.2282131494285562,128.0,70.6,0.8963773639844635,0.23925262955571208,4560.0,8.0,0.0,610,A2
56261.0,0.02006781090018189,2.0417379446695296,2.6302679918953813,0.23797124117950266,0.26532589182559857,125.0,70.6,0.8958663990481066,0.24208298044203225,4695.0,8.0,0.0,610,A3
56261.0,0.026683942737144424,2.0417379446695296,2.1752040340195222,0.2432013295177832,0.2278354455128775,124.0,85.0,0.9095817459283847,0.2104292648416904,4295.0,14.0,0.0,610,A4
56261.0,0.02006781090018189,2.0417379446695296,2.468880104906209,0.14010593483940917,0.25935372638239634,82.0,34.2,0.8546840028141526,0.3575425466878545,7200.0,13.0,0.0,610,A5
56261.0,0.024266100950824154,2.0417379446695296,5.1138737255998015,0.12773057713158315,0.29808837382911785,95.0,58.2,0.8398930035573281,0.40063522094479087,8635.0,42.0,0.0,610,A6
56261.0,0.02006781090018189,2.0417379446695296,2.0417379446695296,0.1648744245569755,0.25003110502835,89.0,34.4,0.848333487990283,0.36554846997295665,7570.0,22.0,0.10555555555555556,610,B3
56261.0,0.02006781090018189,2.0417379446695296,2.0417379446695296,0.16642078882351896,0.25205737544657936,92.0,52.4,0.8744496232429927,0.30529587551434867,7355.0,23.0,0.46111111111111114,610,B6
56261.0,0.024266100950824154,2.0417379446695296,2.0417379446695296,0.1676649899575194,0.27660368639021704,106.0,74.4,0.8601272946021535,0.3496670707763633,8860.0,30.0,0.4166666666666667,610,B7
56261.0,0.02006781090018189,2.0417379446695296,2.0417379446695296,0.1462291818488829,0.24667176196654877,79.0,49.2,0.8397988117548766,0.38479754261224164,7670.0,21.0,0.12222222222222222,610,B8
56261.0,0.02006781090018189,2.0417379446695296,2.0417379446695296,0.14669575727413306,0.23333659195535095,75.0,49.2,0.835983478637186,0.39688978148307963,8155.0,21.0,0.12222222222222222,610,B9
56261.0,0.02006781090018189,2.0417379446695296,3.2828421431654635,0.14299425890048167,0.2510264659355504,85.0,49.2,0.8412501479765025,0.3826425956944848,7670.0,21.0,0.12222222222222222,610,B10
56261.0,0.02006781090018189,2.0417379446695296,2.0417379446695296,0.1462291818488829,0.24667176196654877,79.0,49.2,0.8196661404435286,0.44644830334293145,8985.0,21.0,0.0,610,B11
56261.0,0.0220673406908459,2.0417379446695296,2.0417379446695296,0.1723929542667212,0.2674854695081851,103.0,74.4,0.8571521699810066,0.34215768204394786,7805.0,29.0,0.2638888888888889,610,B12
56261.0,0.02006781090018189,2.0417379446695296,2.0417379446695296,0.1774230817084659,0.2456408524555198,95.0,40.4,0.8804537174343544,0.28316616737917427,5950.0,22.0,0.17777777777777778,610,B13
20372.0,0.02006781090018189,0.02006781090018189,0.02006781090018189,0.0,0.0,0.0,0.0,0.7984095994179362,0.48274899677730204,7200.0,0.0,0.0,611,A1
20372.0,0.02006781090018189,0.3812852456636189,0.9252306262333164,0.0,0.034802670331827996,11.0,3.0,0.9040061759177362,0.21810077383035187,3735.0,2.0,0.0,611,A2
20372.0,0.02006781090018189,0.3812852456636189,0.9252306262333164,0.0,0.034802670331827996,11.0,3.0,0.9044155935691914,0.21723837032085486,3735.0,2.0,0.0,611,A3
20372.0,0.02006781090018189,0.3812852456636189,0.9252306262333164,0.0,0.034802670331827996,11.0,3.0,0.9065321339756611,0.21176148526302038,3645.0,2.0,0.0,611,A4
20372.0,0.02006781090018189,0.3812852456636189,0.9252306262333164,0.0,0.034802670331827996,11.0,3.0,0.9017300847867419,0.2239735221987072,3870.0,2.0,0.0,611,A5
20372.0,0.02006781090018189,0.3812852456636189,0.9252306262333164,0.0,0.034802670331827996,11.0,3.0,0.8701614328481777,0.30262418963088344,5340.0,29.0,0.0,611,A6
20372.0,0.02006781090018189,0.3812852456636189,0.9252306262333164,0.0,0.034802670331827996,11.0,3.0,0.8976644740361237,0.23311284273214877,3990.0,6.0,0.0,611,B3
20372.0,0.02006781090018189,0.3812852456636189,0.9252306262333164,0.0,0.034802670331827996,11.0,3.0,0.8823859076700858,0.2697595308887751,4640.0,28.0,0.0,611,B6
20372.0,0.02006781090018189,0.3812852456636189,0.9252306262333164,0.0,0.034802670331827996,11.0,3.0,0.8730254643011962,0.2928083668993152,5025.0,30.0,0.0,611,B7
20372.0,0.02006781090018189,0.26076542044591006,0.9252306262333164,0.0,0.028715884547418025,8.0,3.0,0.8677565238169546,0.30640415121846015,5055.0,20.0,0.0,611,B8
20372.0,0.02006781090018189,0.3812852456636189,0.9252306262333164,0.0,0.034802670331827996,11.0,3.0,0.8781860877106288,0.2803864119937814,4705.0,19.0,0.0,611,B9
20372.0,0.02006781090018189,0.26076542044591006,0.9252306262333164,0.0,0.028715884547418025,8.0,3.0,0.8702098292709111,0.3026886452766252,5055.0,20.0,0.0,611,B10
20372.0,0.02006781090018189,0.26076542044591006,0.9252306262333164,0.0,0.028715884547418025,8.0,3.0,0.8677565238169546,0.30640415121846015,5055.0,20.0,0.0,611,B11
20372.0,0.02006781090018189,0.3812852456636189,0.9252306262333164,0.0,0.034802670331827996,11.0,3.0,0.8648142039866317,0.31161372493625905,5040.0,28.0,0.0,611,B12
20372.0,0.02006781090018189,0.3812852456636189,0.9252306262333164,0.0,0.034802670331827996,11.0,3.0,0.9025335709338439,0.22127923148966608,3805.0,3.0,0.0,611,B13
52111.0,0.02006781090018189,0.02006781090018189,0.02006781090018189,0.0,0.0,0.0,0.0,0.6178949041398154,1.1295269539548998,32400.0,0.0,0.0,612,A1
52111.0,0.02006781090018189,2.0417379446695296,3.081413635333949,0.23819826907946498,0.23152981136420334,127.0,32.333333333333336,0.9337513497454532,0.16518186451084982,4485.0,6.0,0.0,612,A2
52111.0,0.02006781090018189,2.0417379446695296,2.1752040340195222,0.23819826907946498,0.2253315039051256,122.0,32.333333333333336,0.9350075383964769,0.16244799338153143,4485.0,6.0,0.0,612,A3
52111.0,0.02006781090018189,2.0417379446695296,2.7148760106825023,0.23471531922242905,0.22094663314847154,116.0,32.333333333333336,0.942110675447022,0.14465542018584668,4065.0,10.0,0.0,612,A4
52111.0,0.02006781090018189,2.0417379446695296,3.726061338637685,0.22585442612884035,0.22852180921494503,113.0,29.0,0.9178711057492767,0.20294063348890254,6165.0,8.0,0.0,612,A5
52111.0,0.02006781090018189,2.0417379446695296,3.726061338637685,0.108360039147205,0.26405653316958033,98.0,27.666666666666668,0.905870025601077,0.23728757552132504,7895.0,35.0,0.0,612,A6
52111.0,0.02006781090018189,2.0417379446695296,2.0417379446695296,0.10297250100746483,0.19945884746022913,80.0,22.666666666666668,0.9221064584914852,0.19881800459806162,5750.0,16.0,0.11388888888888889,612,B3
52111.0,0.02006781090018189,2.0417379446695296,2.0417379446695296,0.09280190362879238,0.20533092821093435,80.0,18.0,0.9049224537003604,0.23736439354054198,7880.0,29.0,0.1,612,B6
52111.0,0.02006781090018189,2.0417379446695296,2.0417379446695296,0.052100324307727736,0.20398764176469458,72.0,18.0,0.9011281567562777,0.2483003637909752,8150.0,34.0,0.08888888888888889,612,B7
52111.0,0.02006781090018189,2.0417379446695296,2.0417379446695296,0.10766440866611655,0.17845560438295177,71.0,25.666666666666668,0.906021110723022,0.23817561054775593,6895.0,23.0,0.1527777777777778,612,B8
52111.0,0.02006781090018189,2.0417379446695296,2.0417379446695296,0.10898850530598146,0.1777839611598319,70.0,26.333333333333332,0.9084036653287555,0.23342736376402048,6925.0,23.0,0.14722222222222223,612,B9
52111.0,0.02006781090018189,2.0417379446695296,2.9853826189179604,0.10430619255051717,0.19309742664696514,84.0,25.666666666666668,0.905151053843359,0.24106312587201706,7210.0,24.0,0.1527777777777778,612,B10
52111.0,0.02006781090018189,2.0417379446695296,2.0417379446695296,0.10766440866611655,0.17605687858609506,69.0,25.666666666666668,0.9071411206276008,0.23630261351095838,6645.0,26.0,0.0,612,B11
52111.0,0.02006781090018189,2.0417379446695296,2.0417379446695296,0.09280190362879238,0.20533092821093435,80.0,18.0,0.910072187324666,0.22704671053988426,6575.0,27.0,0.07222222222222222,612,B12
52111.0,0.02006781090018189,2.0417379446695296,2.0417379446695296,0.14952697127285985,0.23653355337644644,98.0,27.666666666666668,0.9331545279061351,0.17009808180899105,5045.0,14.0,0.07777777777777778,612,B13
48787.0,0.02006781090018189,0.02006781090018189,0.02006781090018189,0.0,0.0,0.0,0.0,0.6050764370054593,1.2164977364740324,30600.0,0.0,0.0,613,A1
48787.0,0.02006781090018189,2.0417379446695296,2.1074146752966985,0.26020251296451924,0.2498308975751737,124.0,30.25,0.9083480561605749,0.21955792448995734,4710.0,9.0,0.0,613,A2
48787.0,0.02006781090018189,2.0417379446695296,2.1074146752966985,0.2598745567466743,0.25056879906532475,122.0,30.25,0.9100556666690209,0.21622281529549608,4710.0,9.0,0.0,613,A3
48787.0,0.02006781090018189,2.0417379446695296,2.3173946499684797,0.25498595937442353,0.25230081784081826,120.0,45.0,0.9201929925223966,0.18777496260537072,4030.0,9.0,0.0,613,A4
48787.0,0.02006781090018189,2.0417379446695296,2.3919384495683134,0.24345624859081313,0.2392543095496751,116.0,30.0,0.8952966630570965,0.256734319982979,5895.0,12.0,0.0,613,A5
48787.0,0.028428241752041873,2.0417379446695296,3.081413635333949,0.10818455736159223,0.29878861172033533,95.0,24.25,0.8697727348320319,0.3244002635822034,8915.0,36.0,0.0,613,A6
48787.0,0.02006781090018189,2.0417379446695296,2.0417379446695296,0.19685571976141186,0.23086068009920677,101.0,25.5,0.8881688924388736,0.27495975880992946,6105.0,15.0,0.12777777777777777,613,B3
48787.0,0.02006781090018189,2.0417379446695296,2.0417379446695296,0.1485795396314592,0.24523438620944105,94.0,25.0,0.8881802474484173,0.27485898958208344,6620.0,32.0,0.09444444444444444,613,B6
48787.0,0.02006781090018189,2.0417379446695296,2.1074146752966985,0.12748785537130794,0.22217496464222025,87.0,18.5,0.8603854680917538,0.36102896613406615,9920.0,43.0,0.1,613,B7
48787.0,0.02006781090018189,2.0417379446695296,2.1752040340195222,0.150065591243569,0.26967737307069506,90.0,23.5,0.8837442755672711,0.2844358599784786,6445.0,25.0,0.16111111111111112,613,B8
48787.0,0.02006781090018189,2.0417379446695296,2.0417379446695296,0.2044089614036526,0.2339455182733105,96.0,24.75,0.8772088291013148,0.30251817475347276,6775.0,26.0,0.09166666666666666,613,B9
48787.0,0.02006781090018189,2.0417379446695296,3.9696297343000686,0.1457201713571238,0.28004898846004056,93.0,23.5,0.8847202354029892,0.28377127111147504,6445.0,25.0,0.16111111111111112,613,B10
48787.0,0.02006781090018189,2.0417379446695296,2.1752040340195222,0.150065591243569,0.26967737307069506,90.0,23.5,0.8792653709817266,0.2951074778419607,6600.0,30.0,0.0,613,B11
48787.0,0.02006781090018189,2.0417379446695296,2.0417379446695296,0.1485795396314592,0.24523438620944105,94.0,40.0,0.885601367900703,0.2798641181164316,6515.0,29.0,0.14444444444444443,613,B12
48787.0,0.02006781090018189,2.0417379446695296,2.0417379446695296,0.20647406071289484,0.24641297886732122,104.0,40.75,0.9117287922489415,0.21103741800016088,4915.0,16.0,0.15,613,B13
46250.0,0.02006781090018189,0.02006781090018189,0.02006781090018189,0.0,0.0,0.0,0.0,0.5606522606751806,1.4178085522742037,39600.0,0.0,0.0,614,A1
46250.0,0.02006781090018189,2.0417379446695296,2.892344370499147,0.2325081081081081,0.2125081081081081,89.0,28.333333333333332,0.906301390412961,0.2286521348085913,4800.0,7.0,0.0,614,A2
46250.0,0.02006781090018189,2.0417379446695296,2.892344370499147,0.23071351351351352,0.22087567567567568,87.0,28.333333333333332,0.9073242454064259,0.22654851019631528,4800.0,7.0,0.0,614,A3
46250.0,0.02006781090018189,2.0417379446695296,2.892344370499147,0.23071351351351352,0.22087567567567568,87.0,28.333333333333332,0.9188814674677948,0.19399297613935507,4155.0,8.0,0.0,614,A4
46250.0,0.02006781090018189,2.0417379446695296,3.726061338637685,0.2011243243243243,0.21576216216216215,75.0,17.666666666666668,0.8890462580839277,0.28920505119748885,6735.0,10.0,0.0,614,A5
46250.0,0.02006781090018189,2.0417379446695296,3.1805336883295205,0.19275675675675677,0.22203243243243242,76.0,17.666666666666668,0.8780027252604942,0.30806158400988787,7200.0,36.0,0.0,614,A6
46250.0,0.02006781090018189,2.0417379446695296,2.6302679918953813,0.15183783783783783,0.2561189189189189,71.0,17.333333333333332,0.9066371925871034,0.22406378622795498,5505.0,12.0,0.10277777777777777,614,B3
46250.0,0.02006781090018189,2.0417379446695296,2.6302679918953813,0.15183783783783783,0.2561189189189189,71.0,17.333333333333332,0.900084935536911,0.24086236179109727,6235.0,25.0,0.06111111111111111,614,B6
46250.0,0.02006781090018189,2.0417379446695296,2.6302679918953813,0.13657297297297297,0.2544972972972973,66.0,9.666666666666666,0.8785968851738191,0.2998355334123844,8240.0,34.0,0.12777777777777777,614,B7
46250.0,0.02006781090018189,2.0417379446695296,2.1752040340195222,0.14634054054054055,0.24044864864864865,61.0,17.0,0.8977515794681696,0.24481775311733955,5515.0,16.0,0.19444444444444445,614,B8
46250.0,0.02006781090018189,2.0417379446695296,2.3173946499684797,0.15056216216216217,0.24316756756756758,65.0,17.333333333333332,0.8947996071997436,0.2535584976593894,5970.0,21.0,0.19166666666666668,614,B9
46250.0,0.02006781090018189,2.0417379446695296,2.1752040340195222,0.14635675675675675,0.2403027027027027,61.0,17.0,0.898471694232096,0.2439234225390232,5515.0,16.0,0.19444444444444445,614,B10
46250.0,0.02006781090018189,2.0417379446695296,2.1752040340195222,0.13174594594594594,0.24155135135135136,56.0,9.333333333333334,0.8776264408794976,0.30869967033272383,6725.0,17.0,0.0,614,B11
46250.0,0.02006781090018189,2.0417379446695296,2.6302679918953813,0.15183783783783783,0.2561189189189189,71.0,17.333333333333332,0.8916780060482496,0.26473422665035673,6750.0,24.0,0.06666666666666667,614,B12
46250.0,0.02006781090018189,2.0417379446695296,2.6302679918953813,0.15183783783783783,0.2561189189189189,71.0,17.333333333333332,0.9146659618700599,0.20360504557170914,4925.0,9.0,0.08055555555555556,614,B13
21030.0,0.02006781090018189,0.02006781090018189,0.02006781090018189,0.0,0.0,0.0,0.0,0.7764112215330954,0.5575312207010166,9000.0,0.0,0.0,615,A1
21030.0,0.02006781090018189,0.5754399373371569,1.0501467677660838,0.0,0.060770328102710415,15.0,2.5,0.9089825515044448,0.2087577393287373,3735.0,2.0,0.0,615,A2
21030.0,0.02006781090018189,0.5754399373371569,1.0501467677660838,0.0,0.060770328102710415,15.0,2.5,0.9093211161993382,0.20807528950101323,3735.0,2.0,0.0,615,A3
21030.0,0.02006781090018189,0.5754399373371569,1.0501467677660838,0.0,0.060770328102710415,15.0,2.5,0.9116601916701491,0.20227269640948087,3645.0,2.0,0.0,615,A4
21030.0,0.02006781090018189,0.5754399373371569,1.0501467677660838,0.0,0.060770328102710415,15.0,2.5,0.9070347957758997,0.2143005237862868,3870.0,2.0,0.0,615,A5
21030.0,0.02006781090018189,0.5754399373371569,1.0501467677660838,0.0,0.060770328102710415,15.0,2.5,0.8848497219117165,0.26887314135896384,5000.0,29.0,0.0,615,A6
21030.0,0.02006781090018189,0.5754399373371569,1.0501467677660838,0.0,0.060770328102710415,15.0,2.5,0.8995968449185473,0.23309492845959762,4235.0,9.0,0.0,615,B3
21030.0,0.02006781090018189,0.5754399373371569,1.0501467677660838,0.0,0.060770328102710415,15.0,2.5,0.8971056903650169,0.23817573505819187,4445.0,20.0,0.0,615,B6
21030.0,0.02006781090018189,0.5754399373371569,1.0501467677660838,0.0,0.060770328102710415,15.0,2.5,0.8814511574948622,0.2768666780365736,5150.0,31.0,0.0,615,B7
21030.0,0.02006781090018189,0.40620942890585726,1.0501467677660838,0.0,0.04079885877318117,10.0,1.5,0.8840879501460801,0.26936097747028576,4850.0,15.0,0.04722222222222222,615,B8
21030.0,0.02006781090018189,0.5754399373371569,1.0501467677660838,0.0,0.060770328102710415,15.0,2.5,0.8848735633817101,0.2688558640856215,4790.0,18.0,0.0,615,B9
21030.0,0.02006781090018189,0.41927599668460547,1.0501467677660838,0.0,0.04079885877318117,10.0,1.5,0.884791754588933,0.2683259420697216,4850.0,15.0,0.04722222222222222,615,B10
21030.0,0.02006781090018189,0.40620942890585726,1.0501467677660838,0.0,0.04079885877318117,10.0,1.5,0.8792473434356652,0.2823602720043167,5000.0,16.0,0.0,615,B11
21030.0,0.02006781090018189,0.5754399373371569,1.0501467677660838,0.0,0.060770328102710415,15.0,2.5,0.8858140129425118,0.2663364813251882,4770.0,20.0,0.0,615,B12
21030.0,0.02006781090018189,0.5754399373371569,1.0501467677660838,0.0,0.060770328102710415,15.0,2.5,0.908529392461575,0.2098562512714195,3810.0,3.0,0.0,615,B13
44102.0,0.02006781090018189,0.02006781090018189,0.02006781090018189,0.0,0.0,0.0,0.0,0.8120951957492758,0.49082285891504307,10800.0,0.0,0.0,616,A1
44102.0,0.02006781090018189,1.4412854420872234,2.0417379446695296,0.008321618067207836,0.1188834973470591,57.0,76.75,0.9294528609889933,0.16730503740394473,4020.0,3.0,0.0,616,A2
44102.0,0.02006781090018189,1.4412854420872234,2.0417379446695296,0.008321618067207836,0.1188834973470591,57.0,76.75,0.929769866177854,0.16669893386908036,4020.0,3.0,0.0,616,A3
44102.0,0.02006781090018189,1.5355006336570662,2.0417379446695296,0.01046437803274228,0.11599247199673485,57.0,63.0,0.9310487947188355,0.16398932216366655,4010.0,12.0,0.0,616,A4
44102.0,0.02006781090018189,0.6531305526474723,1.4876473740795015,2.2674708629994104e-05,0.06743458346560247,34.0,61.5,0.9215596982428246,0.19032341436114267,4980.0,8.0,0.0,616,A5
44102.0,0.02006781090018189,0.6327760017024558,1.4876473740795015,2.2674708629994104e-05,0.05850074826538479,27.0,61.5,0.8994337385010728,0.24753298677388055,6380.0,36.0,0.0,616,A6
44102.0,0.02006781090018189,1.4412854420872234,2.0417379446695296,0.008321618067207836,0.10450773207564283,48.0,64.75,0.918577834153808,0.19758930307709086,4910.0,10.0,0.027777777777777776,616,B3
44102.0,0.02006781090018189,0.8151734005153627,2.0417379446695296,0.005668677157498526,0.0734433812525509,38.0,62.75,0.9103177829143531,0.21644821497407898,5240.0,34.0,0.0,616,B6
44102.0,0.02006781090018189,0.41927599668460547,1.4876473740795015,2.2674708629994104e-05,0.04453312774930842,22.0,60.25,0.896709703696814,0.2510843792345676,6300.0,36.0,0.0,616,B7
44102.0,0.02006781090018189,0.5754399373371569,1.4876473740795015,2.2674708629994104e-05,0.05525826493129563,26.0,76.75,0.9042000465771645,0.23255754432142223,5235.0,13.0,0.044444444444444446,616,B8
44102.0,0.02006781090018189,0.6531305526474723,1.4876473740795015,2.2674708629994104e-05,0.06471361843000317,32.0,61.5,0.895977289793357,0.25348448742171653,5625.0,17.0,0.0,616,B9
44102.0,0.02006781090018189,0.5754399373371569,1.4876473740795015,2.2674708629994104e-05,0.05426057775157589,26.0,76.75,0.9049021992242992,0.23162082858381308,5235.0,13.0,0.044444444444444446,616,B10
44102.0,0.02006781090018189,0.5754399373371569,1.4876473740795015,2.2674708629994104e-05,0.05525826493129563,26.0,76.75,0.9014633059784981,0.23926332071705764,5390.0,14.0,0.0,616,B11
44102.0,0.02006781090018189,0.6531305526474723,1.4876473740795015,2.2674708629994104e-05,0.06743458346560247,34.0,62.75,0.897422301267907,0.24744548255501123,5765.0,30.0,0.0,616,B12
44102.0,0.02006781090018189,1.0501467677660838,2.0417379446695296,0.003015736247789216,0.10101582694662374,48.0,63.0,0.9233903177220759,0.18398292184280732,4550.0,11.0,0.0,616,B13
63828.0,0.02006781090018189,0.02006781090018189,0.02006781090018189,0.0,0.0,0.0,0.0,0.8422887607077857,0.4373044227200986,14400.0,0.0,0.0,617,A1
63828.0,0.02006781090018189,1.0839269140212038,2.0417379446695296,0.004402456602118193,0.07940088989158363,56.0,57.25,0.9402438311281023,0.1519097839928211,4965.0,8.0,0.0,617,A2
63828.0,0.02006781090018189,1.0501467677660838,2.0417379446695296,0.004402456602118193,0.07784984646236762,52.0,57.25,0.9414472688630604,0.14977037758220205,4965.0,8.0,0.0,617,A3
63828.0,0.02006781090018189,1.3963683610559376,2.0417379446695296,0.008836247414927619,0.11107977690041988,83.0,111.75,0.9493595313186375,0.130079588401783,4320.0,18.0,0.0,617,A4
63828.0,0.02006781090018189,0.2225871044793004,1.0174193661806046,0.0001410039481105471,0.025083035658331768,19.0,29.75,0.9247924795749898,0.19653005070879417,6705.0,16.0,0.0,617,A5
63828.0,0.02006781090018189,0.3935500754557774,1.4412854420872234,0.002679075014100395,0.03767938835620731,24.0,55.5,0.9083458765870048,0.24148533329131264,7805.0,33.0,0.0,617,A6
63828.0,0.02006781090018189,0.8151734005153627,2.0417379446695296,0.003180422385160118,0.05973867268283512,36.0,44.0,0.9323499284621367,0.17177312551257884,5630.0,11.0,0.041666666666666664,617,B3
63828.0,0.02006781090018189,0.7897688493998856,2.0417379446695296,0.005718493451149965,0.06752522403960644,43.0,55.75,0.9330882417128129,0.1721422890846381,5540.0,27.0,0.0,617,B6
63828.0,0.02006781090018189,0.4911905467933634,1.7988709151287874,0.0027417434354828603,0.048066679200350945,30.0,55.0,0.9224428099704571,0.20444643120599051,6680.0,38.0,0.0,617,B7
63828.0,0.02006781090018189,0.43276287768448307,1.9164610627353873,0.0014257065864510872,0.04690731340477533,28.0,57.25,0.9255567278507542,0.1911725184902291,6250.0,16.0,0.0,617,B8
63828.0,0.02006781090018189,0.15222991328804203,1.6358745652400533,0.00020367236949301248,0.028858808046625304,14.0,29.75,0.9257149246780422,0.19035761793845388,6190.0,15.0,0.0,617,B9
63828.0,0.02006781090018189,0.43276287768448307,1.9164610627353873,0.0014257065864510872,0.04690731340477533,28.0,57.25,0.9258726859953236,0.19136651743523703,6250.0,16.0,0.0,617,B10
63828.0,0.02006781090018189,0.43276287768448307,1.9164610627353873,0.0014257065864510872,0.04690731340477533,28.0,57.25,0.9255567278507542,0.1911725184902291,6250.0,16.0,0.0,617,B11
63828.0,0.02006781090018189,0.5754399373371569,1.9164610627353873,0.002882747383593407,0.057748950303941844,37.0,55.5,0.9210939421984756,0.20297722064991022,6330.0,27.0,0.0,617,B12
63828.0,0.02006781090018189,0.8151734005153627,2.0417379446695296,0.003180422385160118,0.06404712665287961,40.0,31.0,0.9392340208245125,0.15429772245488196,5135.0,13.0,0.0,617,B13
91433.0,0.02006781090018189,0.02006781090018189,0.02006781090018189,0.0,0.0,0.0,0.0,0.6912749347832052,1.0806289155021884,54000.0,0.0,0.0,618,A1
91433.0,0.02006781090018189,2.0417379446695296,2.892344370499147,0.1295374755285291,0.17737578336049348,123.0,49.0,0.9305593907315298,0.1799194996049495,5880.0,13.0,0.0,618,A2
91433.0,0.02006781090018189,2.0417379446695296,2.7148760106825023,0.1295374755285291,0.16932617326348254,109.0,49.0,0.9323255666632513,0.17650327817958567,5880.0,13.0,0.0,618,A3
91433.0,0.02006781090018189,2.0417379446695296,2.7148760106825023,0.1295374755285291,0.1705729878709,114.0,48.5,0.9484215886884363,0.13365383841411452,5255.0,20.0,0.0,618,A4
91433.0,0.02006781090018189,2.0417379446695296,3.9696297343000686,0.080468758544508,0.16985661632014698,65.0,38.75,0.8986641335051342,0.28148552545714994,10455.0,20.0,0.0,618,A5
91433.0,0.02006781090018189,2.0417379446695296,3.9696297343000686,0.06685223059508055,0.16371003904498377,47.0,9.0,0.9033029938701591,0.25232196825915093,11025.0,46.0,0.0,618,A6
91433.0,0.02006781090018189,2.0417379446695296,2.1752040340195222,0.08714304463377555,0.20248980127525074,100.0,39.0,0.9414035269017154,0.1506686224800854,6810.0,16.0,0.10277777777777777,618,B3
91433.0,0.02006781090018189,2.0417379446695296,2.1752040340195222,0.14161189067404548,0.1642295451314077,105.0,39.25,0.9381107006981928,0.1603042540964643,7780.0,33.0,0.06388888888888888,618,B6
91433.0,0.02006781090018189,2.0417379446695296,2.3173946499684797,0.13120536349020595,0.1429079216475452,74.0,4.0,0.9271843833608144,0.19186450593011856,9590.0,42.0,0.06666666666666667,618,B7
91433.0,0.02006781090018189,2.0417379446695296,2.1752040340195222,0.1019270941563768,0.14985289775026522,61.0,10.5,0.9381151954251654,0.158977365861597,6745.0,10.0,0.18888888888888888,618,B8
91433.0,0.02006781090018189,2.0417379446695296,2.1752040340195222,0.09694530421182725,0.1546050113197642,61.0,10.5,0.9372859728459842,0.1610998796833042,7205.0,9.0,0.18888888888888888,618,B9
91433.0,0.02006781090018189,2.0417379446695296,3.4974378036641802,0.10130368685266808,0.15381208097732765,63.0,10.5,0.9375263895807653,0.1603569880727187,6745.0,10.0,0.18888888888888888,618,B10
91433.0,0.02006781090018189,2.0417379446695296,2.1752040340195222,0.1019270941563768,0.14247044283792504,52.0,10.5,0.9142309296574215,0.23364531939187935,9035.0,11.0,0.0,618,B11
91433.0,0.02006781090018189,2.0417379446695296,2.3173946499684797,0.1093642339199195,0.18283879999562522,95.0,39.0,0.9299038857223529,0.18059608009372988,8285.0,20.0,0.06944444444444445,618,B12
91433.0,0.02006781090018189,2.0417379446695296,2.3173946499684797,0.10207474325462361,0.20708059453370228,113.0,39.0,0.940389208763043,0.1532047772265307,6420.0,23.0,0.08611111111111111,618,B13
66946.0,0.02006781090018189,0.02006781090018189,0.02006781090018189,0.0,0.0,0.0,0.0,0.8583047462396338,0.3899225014824977,12600.0,0.0,0.0,619,A1
66946.0,0.02006781090018189,1.4412854420872234,2.0417379446695296,0.010052878439339169,0.10129059241776954,73.0,47.0,0.9463909174263541,0.13318850989134792,4740.0,5.0,0.0,619,A2
66946.0,0.02006781090018189,1.4412854420872234,2.0417379446695296,0.010052878439339169,0.09955785259761599,67.0,47.0,0.9467803876511756,0.13237592075385787,4740.0,5.0,0.0,619,A3
66946.0,0.02006781090018189,1.6884958594867534,2.0417379446695296,0.016685089475099335,0.1336450273354644,102.0,66.5,0.9460645554487096,0.13550417412634247,4495.0,24.0,0.0,619,A4
66946.0,0.02006781090018189,0.3054921113215514,1.742809826672464,0.0028530457383562874,0.037926089684223105,24.0,46.333333333333336,0.9195245331904295,0.20563612971965828,6840.0,13.0,0.0,619,A5
66946.0,0.02006781090018189,0.22974707980333003,1.191927939457827,0.0,0.03095031816688077,20.0,61.333333333333336,0.9047331098034098,0.2478485231617757,8430.0,39.0,0.0,619,A6
66946.0,0.02006781090018189,0.5232991146814947,1.742809826672464,0.0028530457383562874,0.05213156872703373,31.0,46.333333333333336,0.926108536713428,0.18742458863114078,6235.0,13.0,0.0,619,B3
66946.0,0.02006781090018189,1.0174193661806046,2.0417379446695296,0.009798942431213216,0.08784692139933678,56.0,66.16666666666667,0.9315747819941161,0.1732205542365072,5895.0,30.0,0.0,619,B6
66946.0,0.02006781090018189,0.6531305526474723,1.742809826672464,0.0028530457383562874,0.05897290353419174,34.0,65.83333333333333,0.9156470600038679,0.21676249103236675,7635.0,42.0,0.0,619,B7
66946.0,0.02006781090018189,0.26915348039269155,1.3963683610559376,0.0,0.035297105129507365,21.0,41.833333333333336,0.9212595206396046,0.2007556571536832,6350.0,14.0,0.20277777777777778,619,B8
66946.0,0.02006781090018189,0.26915348039269155,1.3963683610559376,0.0,0.035297105129507365,21.0,41.166666666666664,0.9173631253153195,0.21087549540228223,6725.0,14.0,0.19722222222222222,619,B9
66946.0,0.02006781090018189,0.2778113596642536,1.3963683610559376,0.0,0.035297105129507365,21.0,41.833333333333336,0.9198553963188463,0.20385214480610367,6350.0,14.0,0.20277777777777778,619,B10
66946.0,0.02006781090018189,0.15222991328804203,1.3963683610559376,0.0,0.034475547456158696,19.0,41.833333333333336,0.9180438144739305,0.21156615769058848,6980.0,12.0,0.0,619,B11
66946.0,0.02006781090018189,0.6531305526474723,1.584893192461114,0.00031368565709676455,0.062229259403101006,37.0,61.666666666666664,0.91998438106316,0.20440491621557488,6705.0,24.0,0.0,619,B12
66946.0,0.02006781090018189,0.985711900900616,1.9164610627353873,0.0031667313954530517,0.08347025961222478,52.0,46.666666666666664,0.936363957972109,0.15992319823423384,5375.0,15.0,0.0,619,B13
643240.0,0.02006781090018189,0.02006781090018189,0.02006781090018189,0.0,0.0,0.0,0.8,0.8691101971099263,0.44080271336289406,72000.0,0.0,0.0,620,A1
643240.0,0.02006781090018189,2.0417379446695296,2.3919384495683134,0.10717694795099807,0.20496004601703874,353.0,88.0,0.9770342563000511,0.0784156974728352,29085.0,29.0,0.0,620,A2
643240.0,0.02006781090018189,2.0417379446695296,2.0417379446695296,0.10667402524718612,0.20513960574591134,321.0,88.0,0.980311973444416,0.07160999807780824,29235.0,28.0,0.0,620,A3
643240.0,0.02006781090018189,2.0417379446695296,2.9853826189179604,0.15448743859212735,0.2819577451651017,502.0,94.0,0.9792304531466561,0.07219124502900627,22905.0,62.0,0.0,620,A4
643240.0,0.02006781090018189,2.0417379446695296,2.3919384495683134,0.07570346993346184,0.08566709159878116,184.0,36.2,0.9763722943451959,0.08759206804407206,42180.0,28.0,0.0,620,A5
643240.0,0.02006781090018189,0.8413951416451951,2.0417379446695296,0.032437348423605496,0.05623872893476774,126.0,68.0,0.9701906259696537,0.10559596975458795,44060.0,53.0,0.0,620,A6
643240.0,0.02006781090018189,2.0417379446695296,2.1752040340195222,0.0642711118711523,0.12130658852061439,243.0,66.4,0.9740351665064065,0.08983386180773605,34405.0,39.0,0.15555555555555556,620,B3
643240.0,0.02006781090018189,2.0417379446695296,2.0417379446695296,0.0350697251414713,0.1705424880293514,240.0,80.2,0.9772124542479758,0.08368862423753315,32915.0,57.0,0.08333333333333333,620,B6
643240.0,0.02006781090018189,1.5355006336570662,2.0417379446695296,0.019248258814750327,0.10454068465891425,137.0,75.8,0.9741406076973117,0.09462784952355889,38400.0,59.0,0.08611111111111111,620,B7
643240.0,0.02006781090018189,2.0417379446695296,2.0417379446695296,0.04217127355263976,0.18384700889248182,239.0,79.8,0.973666147809681,0.09089403201265138,31950.0,45.0,0.1111111111111111,620,B8
643240.0,0.02006781090018189,2.0417379446695296,2.0417379446695296,0.05163780237547416,0.15223788943473665,247.0,83.0,0.9727722542227978,0.09409374134851754,33050.0,46.0,0.12777777777777777,620,B9
643240.0,0.02006781090018189,2.0417379446695296,2.7148760106825023,0.04147130153597413,0.18853149679746284,260.0,79.8,0.9736137258508628,0.0912071978040636,31950.0,45.0,0.1111111111111111,620,B10
643240.0,0.02006781090018189,2.0417379446695296,2.0417379446695296,0.03918949381257385,0.17583444748460916,230.0,79.8,0.9728201616049972,0.09437409668801362,32275.0,47.0,0.0,620,B11
643240.0,0.02006781090018189,2.0417379446695296,2.0417379446695296,0.0421230800323363,0.14981771966917481,229.0,58.8,0.9739070381128,0.09333094163598206,35590.0,43.0,0.06111111111111111,620,B12
643240.0,0.02006781090018189,2.0417379446695296,2.1752040340195222,0.06467104035818667,0.22003762203843044,312.0,83.6,0.9740559081885597,0.0921188159922989,30275.0,55.0,0.07777777777777778,620,B13
711831.0,0.02006781090018189,0.02006781090018189,0.26915348039269155,0.0,0.0,0.0,6.25,0.9385852147466105,0.22650321502569645,72000.0,0.0,0.0,621,A1
711831.0,0.02006781090018189,1.191927939457827,2.0417379446695296,0.018799406038792914,0.09405884261854289,108.0,27.0,0.9823882277307932,0.07223594882840378,37005.0,18.0,0.0,621,A2
711831.0,0.02006781090018189,1.191927939457827,2.0417379446695296,0.018698258434937505,0.09102862898637458,87.0,27.0,0.9836769034028024,0.06920076028318839,37005.0,18.0,0.0,621,A3
711831.0,0.02006781090018189,2.0417379446695296,2.3919384495683134,0.13867160885097726,0.2688773739834315,477.0,56.125,0.9815843058898811,0.06978574659803732,27755.0,84.0,0.0,621,A4
711831.0,0.02006781090018189,0.09772372209558107,2.0417379446695296,0.006588642528914869,0.03791911282312796,25.0,10.625,0.9789141771307138,0.08653433040058467,51105.0,18.0,0.0,621,A5
711831.0,0.02006781090018189,1.2302687708123812,2.0417379446695296,0.015356173024215018,0.11584069814323905,106.0,19.75,0.9735222083254103,0.09954412828365515,53435.0,53.0,0.0,621,A6
711831.0,0.02006781090018189,1.5355006336570662,2.0417379446695296,0.03645949670638115,0.07777829288131594,102.0,19.0,0.9879051891508512,0.05945541525891836,45180.0,20.0,0.1388888888888889,621,B3
711831.0,0.02006781090018189,2.0417379446695296,2.0417379446695296,0.07776986391432798,0.2109208505951553,271.0,20.125,0.9870195420645063,0.06041243264536521,41390.0,53.0,0.09166666666666666,621,B6
711831.0,0.02006781090018189,2.0417379446695296,2.0417379446695296,0.06580073079143786,0.17072170220178667,214.0,19.75,0.9795393222328921,0.08296643098361808,45010.0,50.0,0.30277777777777776,621,B7
711831.0,0.02006781090018189,2.0417379446695296,2.0417379446695296,0.04924904928276515,0.19970470518985545,211.0,20.375,0.9860918870120167,0.06347427471705316,40970.0,48.0,0.09166666666666666,621,B8
711831.0,0.02006781090018189,2.0417379446695296,2.0417379446695296,0.04171636245119979,0.18785919691612193,199.0,20.125,0.9856459597906557,0.06490060489090829,41000.0,49.0,0.11666666666666667,621,B9
711831.0,0.02006781090018189,2.0417379446695296,2.0417379446695296,0.04885815593869893,0.19987504056440364,215.0,20.375,0.9841453283917262,0.06849084111138588,40970.0,48.0,0.09166666666666666,621,B10
711831.0,0.02006781090018189,2.0417379446695296,2.0417379446695296,0.046305934976138996,0.19582597554756676,199.0,20.375,0.9795140126724389,0.08172459492883091,43085.0,51.0,0.0,621,B11
711831.0,0.02006781090018189,2.0417379446695296,2.0417379446695296,0.053415768630475494,0.19293624469853096,223.0,19.75,0.9852067663556199,0.06892643086678961,48250.0,37.0,0.1,621,B12
711831.0,0.02006781090018189,1.8567353246307055,2.0417379446695296,0.05928794896541455,0.1268952883479365,173.0,34.375,0.987767229470501,0.06222189659107076,39310.0,63.0,0.125,621,B13
50437.0,0.02006781090018189,0.02006781090018189,0.02006781090018189,0.0,0.0,0.0,0.0,0.5324621086773548,1.8006171754948093,50400.0,0.0,0.0,622,A1
50437.0,0.02006781090018189,2.0417379446695296,2.892344370499147,0.2926125661716597,0.19258679144279,60.0,39.0,0.8946673007564058,0.23560830104804015,4890.0,5.0,0.0,622,A2
50437.0,0.02006781090018189,2.0417379446695296,2.892344370499147,0.2926125661716597,0.1885421416817019,58.0,39.0,0.8956894026380423,0.23362312910256158,4890.0,5.0,0.0,622,A3
50437.0,0.02006781090018189,2.0417379446695296,2.9853826189179604,0.2926125661716597,0.1824751670400698,52.0,120.0,0.8979009739210807,0.2252379182309582,4260.0,7.0,0.0,622,A4
50437.0,0.02006781090018189,2.0417379446695296,3.388441561392024,0.24026012649443862,0.23179411939647482,51.0,18.0,0.8830843150852898,0.2668528908660926,6915.0,8.0,0.0,622,A5
50437.0,0.02006781090018189,2.0417379446695296,3.726061338637685,0.22173206178004243,0.24241132501933105,49.0,17.0,0.8756516284925455,0.287957565526162,6865.0,29.0,0.0,622,A6
50437.0,0.02006781090018189,2.0417379446695296,2.1752040340195222,0.2144853976247596,0.18353589626662967,43.0,120.0,0.8948990417335226,0.23369874488954742,5090.0,8.0,0.13055555555555556,622,B3
50437.0,0.02006781090018189,2.0417379446695296,2.0417379446695296,0.2606023355869699,0.12330233756964133,41.0,120.0,0.890166984862005,0.24723419949649142,6200.0,12.0,0.15555555555555556,622,B6
50437.0,0.02006781090018189,2.0417379446695296,2.0417379446695296,0.2626841406110593,0.1179689513650693,40.0,120.0,0.868331781366978,0.29916996516087635,7170.0,27.0,0.13055555555555556,622,B7
50437.0,0.02006781090018189,2.0417379446695296,2.3173946499684797,0.20587069016793227,0.1968891884925749,43.0,120.0,0.8969317695562501,0.23008078086158368,5070.0,8.0,0.16111111111111112,622,B8
50437.0,0.02006781090018189,2.0417379446695296,2.3173946499684797,0.20771953129646886,0.179159149037413,40.0,120.0,0.8949572162848459,0.23512271708125765,5375.0,9.0,0.16111111111111112,622,B9
50437.0,0.02006781090018189,2.3919384495683134,3.9696297343000686,0.19989293574161826,0.22824513749826517,46.0,120.0,0.8964308116254011,0.2309639754603481,5070.0,8.0,0.16111111111111112,622,B10
50437.0,0.02006781090018189,2.0417379446695296,2.3173946499684797,0.20587069016793227,0.1968891884925749,43.0,9.0,0.86466663997869,0.3506213449709523,8845.0,9.0,0.0,622,B11
50437.0,0.02006781090018189,2.0417379446695296,2.1752040340195222,0.2424906318773916,0.14085889327279577,41.0,120.0,0.8855124606616743,0.25921270203503866,6410.0,14.0,0.06666666666666667,622,B12
50437.0,0.02006781090018189,2.0417379446695296,2.1752040340195222,0.25504094216547374,0.19042567956064,49.0,120.0,0.8971671010762505,0.22858727284502917,5110.0,7.0,0.07222222222222222,622,B13
27999.0,0.02006781090018189,0.02006781090018189,0.02006781090018189,0.0,0.0,0.0,0.0,0.8530774003440288,0.3936893716382625,10800.0,0.0,0.0,623,A1
27999.0,0.02006781090018189,0.6958249547006052,1.8567353246307055,0.0022500803600128574,0.05568056002000071,16.0,2.5,0.9646979488838221,0.10506250526592362,3735.0,2.0,0.0,623,A2
27999.0,0.02006781090018189,0.6958249547006052,1.8567353246307055,0.0022500803600128574,0.05568056002000071,16.0,2.5,0.9648821752682588,0.10468920983050918,3735.0,2.0,0.0,623,A3
27999.0,0.02006781090018189,0.6958249547006052,1.8567353246307055,0.0022500803600128574,0.05568056002000071,16.0,2.5,0.9652791770850065,0.10323171014333322,3645.0,2.0,0.0,623,A4
27999.0,0.02006781090018189,0.6958249547006052,1.8567353246307055,0.0022500803600128574,0.05568056002000071,16.0,2.5,0.9636198205606075,0.10858519392346469,3900.0,2.0,0.0,623,A5
27999.0,0.02006781090018189,0.6958249547006052,1.8567353246307055,0.0022500803600128574,0.05568056002000071,16.0,2.5,0.9488469326864458,0.14895277787338826,4895.0,28.0,0.0,623,A6
27999.0,0.02006781090018189,0.6958249547006052,1.8567353246307055,0.0022500803600128574,0.05568056002000071,16.0,2.5,0.9595373338604791,0.11765045111250477,4155.0,7.0,0.0,623,B3
27999.0,0.02006781090018189,0.6958249547006052,1.8567353246307055,0.0022500803600128574,0.05568056002000071,16.0,2.5,0.9535502573628135,0.13312296372249527,4395.0,19.0,0.0,623,B6
27999.0,0.02006781090018189,0.6958249547006052,1.8567353246307055,0.0022500803600128574,0.05568056002000071,16.0,2.5,0.946819268914148,0.15105258328396926,4925.0,33.0,0.0,623,B7
27999.0,0.02006781090018189,0.25263877101318966,1.7988709151287874,0.0009286045930211793,0.036501303617986355,10.0,1.5,0.9478456517692434,0.14944670489522338,4760.0,17.0,0.04722222222222222,623,B8
27999.0,0.02006781090018189,0.5754399373371569,1.7988709151287874,0.0009286045930211793,0.05264473731204686,16.0,2.5,0.9457029636527927,0.155317462401932,4905.0,17.0,0.0,623,B9
27999.0,0.02006781090018189,0.22974707980333003,1.7988709151287874,0.0009286045930211793,0.04046573091896139,15.0,1.5,0.9489921922781953,0.14788766723434643,4760.0,17.0,0.04722222222222222,623,B10
27999.0,0.02006781090018189,0.25263877101318966,1.7988709151287874,0.0009286045930211793,0.036501303617986355,10.0,1.5,0.9460717091975624,0.15409250520919243,4900.0,18.0,0.0,623,B11
27999.0,0.02006781090018189,0.6958249547006052,1.8567353246307055,0.0022500803600128574,0.05568056002000071,16.0,2.5,0.9456133287751947,0.15212345401680946,4695.0,19.0,0.0,623,B12
27999.0,0.02006781090018189,0.6958249547006052,1.8567353246307055,0.0022500803600128574,0.05568056002000071,16.0,2.5,0.9635135342288899,0.1078227387323646,3900.0,5.0,0.0,623,B13
31405.0,0.02006781090018189,0.02006781090018189,0.02006781090018189,0.0,0.0,0.0,0.0,0.7686352135041263,0.6207018525795192,14400.0,0.0,0.0,624,A1
31405.0,0.02006781090018189,1.0839269140212038,2.0417379446695296,0.0035026269702276708,0.08638751791116064,28.0,4.0,0.9351393188633615,0.16245917578413666,4110.0,4.0,0.0,624,A2
31405.0,0.02006781090018189,1.0839269140212038,2.0417379446695296,0.0035026269702276708,0.08638751791116064,28.0,4.0,0.9353302097142667,0.16199997658268803,4110.0,4.0,0.0,624,A3
31405.0,0.02006781090018189,1.0839269140212038,2.0417379446695296,0.0035026269702276708,0.08638751791116064,28.0,4.0,0.9418189627978255,0.145566983624919,3820.0,4.0,0.0,624,A4
31405.0,0.02006781090018189,0.6741398498898495,1.584893192461114,0.0002228944435599427,0.07189937907976438,24.0,4.0,0.93054515281451,0.1767845518484281,4755.0,7.0,0.0,624,A5
31405.0,0.02006781090018189,0.6741398498898495,1.584893192461114,0.0002228944435599427,0.07017990765801624,23.0,4.0,0.9144703769052295,0.21938946897757383,5955.0,33.0,0.0,624,A6
31405.0,0.02006781090018189,1.0839269140212038,2.0417379446695296,0.0035026269702276708,0.08466804648941251,27.0,4.0,0.9273139124390232,0.18442684452200397,5035.0,16.0,0.05277777777777778,624,B3
31405.0,0.02006781090018189,1.0839269140212038,2.0417379446695296,0.0035026269702276708,0.08466804648941251,27.0,4.0,0.9245676317678896,0.1892955639397,4815.0,21.0,0.0,624,B6
31405.0,0.02006781090018189,1.0839269140212038,2.0417379446695296,0.0035026269702276708,0.08466804648941251,27.0,4.0,0.9123714240734853,0.22013436867973996,5460.0,28.0,0.0,624,B7
31405.0,0.02006781090018189,0.7897688493998856,2.0417379446695296,0.003279732526667728,0.0657857029135488,20.0,3.5,0.9147349920874053,0.2175203567823745,5310.0,18.0,0.06388888888888888,624,B8
31405.0,0.02006781090018189,0.7897688493998856,2.0417379446695296,0.003279732526667728,0.0657857029135488,20.0,3.5,0.9176285398137366,0.20962778372841034,5390.0,18.0,0.075,624,B9
31405.0,0.02006781090018189,0.7897688493998856,2.0417379446695296,0.003279732526667728,0.0657857029135488,20.0,3.5,0.91500726862848,0.2178735705335106,5310.0,18.0,0.06388888888888888,624,B10
31405.0,0.02006781090018189,0.7897688493998856,2.0417379446695296,0.003279732526667728,0.0657857029135488,20.0,3.5,0.9062727474047031,0.23819291270208984,5580.0,19.0,0.0,624,B11
31405.0,0.02006781090018189,1.0839269140212038,2.0417379446695296,0.0035026269702276708,0.08466804648941251,27.0,4.0,0.9118884749120896,0.2212647874314087,5540.0,21.0,0.0,624,B12
31405.0,0.02006781090018189,1.0839269140212038,2.0417379446695296,0.0035026269702276708,0.08638751791116064,28.0,4.0,0.939069673935722,0.153073264841662,4265.0,5.0,0.030555555555555555,624,B13
106035.0,0.02006781090018189,0.02006781090018189,0.02006781090018189,0.0,0.0,0.0,0.0,0.6640003581468538,0.9758825244632847,23400.0,0.0,0.0,625,A1
106035.0,0.02006781090018189,2.0417379446695296,3.9696297343000686,0.1986631772527939,0.2212453435186495,185.0,80.5,0.9009885774546214,0.2363979784798349,7395.0,11.0,0.0,625,A2
106035.0,0.02006781090018189,2.0417379446695296,3.609940135864167,0.19618050643655396,0.2159852878766445,166.0,80.5,0.9022681651722623,0.2329028636375639,7680.0,11.0,0.0,625,A3
106035.0,0.02006781090018189,2.0417379446695296,3.609940135864167,0.15979157825246382,0.19544961569293157,151.0,118.5,0.91685663394076,0.19422366995537207,6230.0,21.0,0.0,625,A4
106035.0,0.02006781090018189,2.0417379446695296,3.9696297343000686,0.11801763568632999,0.16010751167067477,101.0,47.5,0.8891274270029483,0.2701729801197638,11775.0,15.0,0.0,625,A5
106035.0,0.02006781090018189,2.0417379446695296,3.4974378036641802,0.09145093601169425,0.18585372754279247,104.0,46.5,0.8764735235494846,0.2931855886002005,11210.0,42.0,0.0,625,A6
106035.0,0.02006781090018189,1.6358745652400533,2.0417379446695296,0.048238789079077665,0.13465365209600605,81.0,46.5,0.9074215217419886,0.217916945912518,7315.0,16.0,0.08611111111111111,625,B3
106035.0,0.02006781090018189,1.8567353246307055,4.229119919212239,0.03634648936671853,0.09795822134200971,70.0,45.0,0.896663576499562,0.24084448968849131,8010.0,35.0,0.06388888888888888,625,B6
106035.0,0.02006781090018189,1.2698429144338064,3.1805336883295205,0.0332673173951997,0.0738671193473853,60.0,22.0,0.877388012208745,0.28893901915511455,10440.0,41.0,0.06666666666666667,625,B7
106035.0,0.02006781090018189,2.0417379446695296,2.1074146752966985,0.06595935304380629,0.14713066440326308,87.0,45.0,0.8886947168531646,0.261136487934063,7765.0,25.0,0.13333333333333333,625,B8
106035.0,0.02006781090018189,2.0417379446695296,2.1074146752966985,0.0742443532795775,0.17715376998160984,100.0,45.0,0.885983386355363,0.2680950626840971,8025.0,25.0,0.075,625,B9
106035.0,0.02006781090018189,2.0417379446695296,3.8459178204535354,0.06512472296883105,0.1519168199179516,93.0,45.0,0.8902676492742722,0.258472457987404,7765.0,25.0,0.13333333333333333,625,B10
106035.0,0.02006781090018189,2.0417379446695296,2.1074146752966985,0.06595935304380629,0.14713066440326308,87.0,45.0,0.8714558112037482,0.3065294928665071,8560.0,25.0,0.0,625,B11
106035.0,0.02006781090018189,1.2698429144338064,2.0417379446695296,0.013108879143678974,0.08898948460414015,57.0,24.0,0.8833074444935402,0.2733731735386299,8460.0,26.0,0.022222222222222223,625,B12
106035.0,0.02006781090018189,2.0417379446695296,2.2451739778971898,0.07633328617909181,0.14708351016173904,95.0,45.0,0.9204353309572053,0.18707827885925907,6605.0,15.0,0.075,625,B13
58951.0,0.02006781090018189,0.02006781090018189,0.02006781090018189,0.0,0.0,0.0,0.0,0.4942568253478181,2.0648045573052096,55800.0,0.0,0.0,626,A1
58951.0,0.02006781090018189,2.0417379446695296,4.097321098135414,0.2501314651150956,0.22945327475360894,118.0,15.0,0.871615982214036,0.2975305389668721,5175.0,7.0,0.0,626,A2
58951.0,0.02006781090018189,2.0417379446695296,4.097321098135414,0.2500466489118081,0.2221081915489135,110.0,15.0,0.8723664762443387,0.2957501789745459,5175.0,6.0,0.0,626,A3
58951.0,0.02006781090018189,2.0417379446695296,4.097321098135414,0.24466930162338213,0.21615409407813269,100.0,15.0,0.8836672059490186,0.25830819197432503,4535.0,11.0,0.0,626,A4
58951.0,0.02006781090018189,2.0417379446695296,5.1138737255998015,0.2043222337195298,0.2403351936353921,96.0,7.0,0.8477215858292938,0.38307825386697864,7725.0,11.0,0.0,626,A5
58951.0,0.02006781090018189,2.0417379446695296,3.388441561392024,0.159250903292565,0.24225203982968907,80.0,6.0,0.830093143247988,0.4118719846908478,9095.0,34.0,0.0,626,A6
58951.0,0.02006781090018189,2.0417379446695296,2.9853826189179604,0.08028277722176044,0.25250207799698055,69.0,4.5,0.8605906834945974,0.3139725008191936,6605.0,12.0,0.10277777777777777,626,B3
58951.0,0.02006781090018189,2.0417379446695296,2.6302679918953813,0.08910790317382233,0.20337229224271006,70.0,28.5,0.8600931983273895,0.31959274356098893,7245.0,18.0,0.08055555555555556,626,B6
58951.0,0.02006781090018189,2.0417379446695296,2.6302679918953813,0.09017658733524453,0.15779206459602044,65.0,28.0,0.8397208946084452,0.370352522765356,8540.0,31.0,0.075,626,B7
58951.0,0.02006781090018189,2.1074146752966985,2.6302679918953813,0.08543112076131024,0.248252786212278,60.0,4.5,0.8575801786735823,0.3254855844975801,6530.0,13.0,0.1388888888888889,626,B8
58951.0,0.02006781090018189,2.0417379446695296,2.6302679918953813,0.07069854625027565,0.2504325626367661,68.0,4.5,0.8675189350844734,0.29778819084402464,6280.0,14.0,0.11388888888888889,626,B9
58951.0,0.02006781090018189,2.3919384495683134,2.802205621666748,0.08311139760139777,0.24897796475038592,62.0,4.5,0.8564185388618646,0.33105240573139844,6665.0,13.0,0.1388888888888889,626,B10
58951.0,0.02006781090018189,2.1074146752966985,2.6302679918953813,0.08543112076131024,0.24314685077437193,56.0,4.5,0.8261613229703405,0.44712767008119675,9575.0,13.0,0.0,626,B11
58951.0,0.02006781090018189,2.0417379446695296,2.6302679918953813,0.08910790317382233,0.20337229224271006,70.0,28.5,0.8520127432942817,0.3385770481094569,7415.0,19.0,0.08888888888888889,626,B12
58951.0,0.02006781090018189,2.0417379446695296,2.802205621666748,0.12287323370256654,0.2493511560448508,77.0,5.5,0.8731272288060965,0.28942216856367436,5785.0,14.0,0.09166666666666666,626,B13
85846.0,0.02006781090018189,0.02006781090018189,0.02006781090018189,0.0,0.0,0.0,0.0,0.8476027192936306,0.43736100967520564,14400.0,0.0,0.0,627,A1
85846.0,0.02006781090018189,1.2698429144338064,2.0417379446695296,0.006523309181557673,0.09452973930060807,82.0,77.33333333333333,0.9241680104338774,0.1813414529665211,5565.0,9.0,0.0,627,A2
85846.0,0.02006781090018189,1.2698429144338064,2.0417379446695296,0.006523309181557673,0.09282901940684482,78.0,77.33333333333333,0.9247269149518808,0.18020515210118593,5565.0,9.0,0.0,627,A3
85846.0,0.02006781090018189,1.191927939457827,2.0417379446695296,0.00924329613493931,0.08570579875591175,88.0,113.83333333333333,0.9362777163903284,0.15196132752632602,5065.0,21.0,0.0,627,A4
85846.0,0.02006781090018189,0.12994213556374826,1.8567353246307055,0.003471332385900333,0.032488409477436336,35.0,41.5,0.900586233402049,0.2511599270126677,8070.0,17.0,0.0,627,A5
85846.0,0.02006781090018189,0.06077850313707005,0.6531305526474723,0.0007571698157165156,0.012510775108915967,12.0,41.0,0.8929452805718734,0.2751719001334447,9130.0,32.0,0.0,627,A6
85846.0,0.02006781090018189,0.557506583166466,1.7988709151287874,0.003203410758800643,0.05188360552617478,40.0,50.666666666666664,0.9051977428981687,0.2353818069511253,6980.0,17.0,0.058333333333333334,627,B3
85846.0,0.02006781090018189,0.8684603593990751,1.9164610627353873,0.001327959369102812,0.06935675511963284,54.0,80.83333333333333,0.9118752525000153,0.21777849675874292,6745.0,31.0,0.0,627,B6
85846.0,0.02006781090018189,0.3935500754557774,1.6358745652400533,0.0007571698157165156,0.042855811569554786,33.0,56.166666666666664,0.8994601921000125,0.25560016327726204,8645.0,39.0,0.0,627,B7
85846.0,0.02006781090018189,0.8151734005153627,1.9781080029332403,0.004158609603243017,0.061144374810707544,47.0,80.5,0.8978337103344951,0.2546384415174821,7285.0,18.0,0.09166666666666666,627,B8
85846.0,0.02006781090018189,0.8151734005153627,1.9781080029332403,0.004158609603243017,0.061144374810707544,47.0,80.5,0.8960963373074353,0.2600127007758142,7570.0,20.0,0.08888888888888889,627,B9
85846.0,0.02006781090018189,0.8413951416451951,2.0417379446695296,0.0034247373203177786,0.06236749528224961,50.0,80.5,0.8963999195673065,0.2582717040211382,7285.0,18.0,0.09166666666666666,627,B10
85846.0,0.02006781090018189,0.8151734005153627,1.9781080029332403,0.004158609603243017,0.057242038068168584,42.0,80.5,0.8902560036511862,0.27449181264388317,7680.0,19.0,0.0,627,B11
85846.0,0.02006781090018189,0.26076542044591006,1.6358745652400533,0.0007571698157165156,0.040130000232975326,28.0,41.5,0.9122122784139934,0.21737036365391274,7155.0,23.0,0.06111111111111111,627,B12
85846.0,0.02006781090018189,0.8413951416451951,2.0417379446695296,0.005591407869906577,0.06547771590988515,54.0,80.83333333333333,0.9168190905880034,0.2000998874511776,6000.0,15.0,0.03888888888888889,627,B13
55262.0,0.02006781090018189,0.02006781090018189,0.02006781090018189,0.0,0.0,0.0,0.0,0.8700186404149791,0.36268310631219997,10800.0,0.0,0.0,628,A1
55262.0,0.02006781090018189,1.191927939457827,2.0417379446695296,0.011694292642322029,0.09260884513770765,64.0,49.8,0.9421860910807378,0.14197094321600734,4260.0,8.0,0.0,628,A2
55262.0,0.02006781090018189,1.2302687708123812,2.0417379446695296,0.009794252831964098,0.09380315587564692,60.0,49.8,0.9426956344043035,0.14069034763735172,4275.0,8.0,0.0,628,A3
55262.0,0.02006781090018189,1.2302687708123812,2.0417379446695296,0.009794252831964098,0.09751275741015526,63.0,49.8,0.9473035692498796,0.12884951236986192,3940.0,8.0,0.0,628,A4
55262.0,0.02006781090018189,0.8413951416451951,1.7988709151287874,0.0023886214758785424,0.06487278781079223,46.0,22.2,0.9264709714109035,0.19132985828456395,5820.0,14.0,0.0,628,A5
55262.0,0.02006781090018189,0.21565026690607325,1.2302687708123812,0.0,0.023198581303608266,15.0,26.8,0.9103192122492186,0.23750802721900482,7325.0,36.0,0.0,628,A6
55262.0,0.02006781090018189,1.2302687708123812,2.0417379446695296,0.009794252831964098,0.08955068582389346,56.0,42.4,0.930650558682233,0.17478120574146158,5030.0,17.0,0.075,628,B3
55262.0,0.02006781090018189,0.6741398498898495,1.742809826672464,0.0004523904310376027,0.06304513046940032,36.0,27.0,0.9307897705843778,0.17663291139730652,5310.0,24.0,0.14722222222222223,628,B6
55262.0,0.02006781090018189,0.34673685045253166,1.584893192461114,0.0004523904310376027,0.04029893959682965,25.0,26.8,0.9194930904597519,0.20892001543056024,6545.0,36.0,0.0,628,B7
55262.0,0.02006781090018189,0.8413951416451951,2.0417379446695296,0.009794252831964098,0.06047102891679635,38.0,41.8,0.9190648498763108,0.20833319208209775,5795.0,18.0,0.06666666666666667,628,B8
55262.0,0.02006781090018189,0.985711900900616,2.0417379446695296,0.009794252831964098,0.0682159530961601,43.0,41.8,0.9178528056810529,0.21197919858587855,5995.0,19.0,0.075,628,B9
55262.0,0.02006781090018189,0.8963961859499497,2.0417379446695296,0.009794252831964098,0.06280536354095038,43.0,41.8,0.9186147568912691,0.20973115141580426,5795.0,18.0,0.06666666666666667,628,B10
55262.0,0.02006781090018189,0.2867477375581316,1.7988709151287874,0.002841011906916145,0.03135970467952662,19.0,41.4,0.9193401755041934,0.20882193964105084,5995.0,16.0,0.0,628,B11
55262.0,0.02006781090018189,0.6327760017024558,1.742809826672464,0.0004523904310376027,0.056349752090043795,31.0,27.0,0.9220796075884626,0.19924748863374328,5880.0,21.0,0.0,628,B12
55262.0,0.02006781090018189,1.0174193661806046,2.0417379446695296,0.00933733849661612,0.07629112229018131,46.0,42.2,0.9392856720487577,0.15220958422259245,4515.0,11.0,0.0,628,B13
74304.0,0.02006781090018189,0.02006781090018189,0.02006781090018189,0.0,0.0,0.0,0.0,0.8782834130706776,0.33291338792494557,10800.0,0.0,0.0,629,A1
74304.0,0.02006781090018189,0.9252306262333164,2.0417379446695296,0.002435938845822567,0.09578219207579673,85.0,66.8,0.9463402761819356,0.13492116778638016,4800.0,6.0,0.0,629,A2
74304.0,0.02006781090018189,0.8684603593990751,1.9164610627353873,0.0021667743324720067,0.08899924633936261,68.0,66.8,0.9470953346530012,0.1330019671078771,4800.0,6.0,0.0,629,A3
74304.0,0.02006781090018189,1.8567353246307055,2.0417379446695296,0.02060454349698536,0.14953434539190352,139.0,69.4,0.9497978293170395,0.1286131818772389,4605.0,19.0,0.0,629,A4
74304.0,0.02006781090018189,0.2867477375581316,0.8413951416451951,0.0,0.029648471145564168,25.0,6.0,0.9265042667559136,0.18995229203393077,6795.0,13.0,0.0,629,A5
74304.0,0.02006781090018189,0.40620942890585726,0.8684603593990751,0.0,0.04239341085271318,30.0,54.6,0.9188135893096939,0.21842215946695193,8665.0,44.0,0.0,629,A6
74304.0,0.02006781090018189,0.557506583166466,1.584893192461114,0.0021129414298018947,0.05416935831180017,40.0,41.8,0.9339438266347919,0.1715005778647748,6335.0,17.0,0.10555555555555556,629,B3
74304.0,0.02006781090018189,0.8963961859499497,2.0417379446695296,0.008142226528854437,0.086536391042205,65.0,60.2,0.9451092797988717,0.14244069799757228,5735.0,24.0,0.1111111111111111,629,B6
74304.0,0.02006781090018189,0.5401321147646347,2.0417379446695296,0.008088393626184324,0.05075096899224806,39.0,58.8,0.9281301419741435,0.18796964448985745,7450.0,40.0,0.0,629,B7
74304.0,0.02006781090018189,0.44668359215096304,1.584893192461114,0.0021129414298018947,0.04636358742463394,31.0,65.6,0.9307861787317916,0.17698964811988213,5930.0,10.0,0.12777777777777777,629,B8
74304.0,0.02006781090018189,0.44668359215096304,1.584893192461114,0.0021129414298018947,0.04601367355727821,31.0,65.6,0.9327831093731354,0.17191059986477,5855.0,9.0,0.15555555555555556,629,B9
74304.0,0.02006781090018189,0.44668359215096304,1.584893192461114,0.0021129414298018947,0.04636358742463394,31.0,65.6,0.9301824998477868,0.1787960229755783,5930.0,10.0,0.12777777777777777,629,B10
74304.0,0.02006781090018189,0.44668359215096304,1.584893192461114,0.0021129414298018947,0.04636358742463394,31.0,65.6,0.9237782992304375,0.1942303508514384,6220.0,11.0,0.0,629,B11
74304.0,0.02006781090018189,0.7413102413009177,1.0174193661806046,0.0021129414298018947,0.06832741171403962,48.0,55.6,0.9304373447081704,0.17953059827424722,6555.0,23.0,0.0,629,B12
74304.0,0.02006781090018189,0.7182076058301705,1.584893192461114,0.0021129414298018947,0.06389965546942292,46.0,58.2,0.9414366655764719,0.1511473828927947,5550.0,18.0,0.0,629,B13
32785.0,0.02006781090018189,0.02006781090018189,0.02006781090018189,0.0,0.0,0.0,,0.8130539592505167,0.4863225013178558,10800.0,0.0,0.0,630,A1
32785.0,0.02006781090018189,0.5401321147646347,0.8684603593990751,0.0,0.05319505871587616,19.0,,0.9261808549481945,0.17992854347531856,4275.0,4.0,0.0,630,A2
32785.0,0.02006781090018189,0.5401321147646347,0.8684603593990751,0.0,0.05319505871587616,19.0,,0.9263297586448412,0.17960132142766677,4275.0,4.0,0.0,630,A3
32785.0,0.02006781090018189,0.5401321147646347,0.8684603593990751,0.0,0.05319505871587616,19.0,,0.9365481937402655,0.15463929847032473,3900.0,5.0,0.0,630,A4
32785.0,0.02006781090018189,0.2225871044793004,0.6531305526474723,0.0,0.018301052310507854,9.0,,0.9179105544508952,0.2065778576774935,4920.0,4.0,0.0,630,A5
32785.0,0.02006781090018189,0.11816803125447838,0.6531305526474723,0.0,0.018301052310507854,9.0,,0.9087937244294196,0.23079172219308097,5760.0,31.0,0.0,630,A6
32785.0,0.02006781090018189,0.5232991146814947,0.8684603593990751,0.0,0.05209699557724569,18.0,,0.9252058382408528,0.18185537961470402,4330.0,6.0,0.05,630,B3
32785.0,0.02006781090018189,0.5401321147646347,0.8684603593990751,0.0,0.05319505871587616,19.0,,0.9247951312482742,0.18383584057429928,4570.0,23.0,0.0,630,B6
32785.0,0.02006781090018189,0.5401321147646347,0.8684603593990751,0.0,0.05319505871587616,19.0,,0.9094277596161885,0.22292437133459997,5425.0,34.0,0.0,630,B7
32785.0,0.02006781090018189,0.32546178349804583,0.6130557921498209,0.0,0.01348177520207412,4.0,,0.9139592505478107,0.21077793086116584,4885.0,14.0,0.06944444444444445,630,B8
32785.0,0.02006781090018189,0.3812852456636189,0.6327760017024558,0.0,0.03077626963550404,10.0,,0.9197053733405693,0.19780655842381678,4760.0,16.0,0.06944444444444445,630,B9
32785.0,0.02006781090018189,0.22974707980333003,0.6958249547006052,0.0,0.023577855726704285,15.0,,0.914437009953604,0.21014518465930976,4885.0,14.0,0.06944444444444445,630,B10
32785.0,0.02006781090018189,0.32546178349804583,0.6130557921498209,0.0,0.01348177520207412,4.0,,0.9066936723211322,0.22965743740454592,5170.0,14.0,0.0,630,B11
32785.0,0.02006781090018189,0.5401321147646347,0.8684603593990751,0.0,0.05319505871587616,19.0,,0.9121173574120857,0.21581708343078446,5020.0,22.0,0.0,630,B12
32785.0,0.02006781090018189,0.5401321147646347,0.8684603593990751,0.0,0.05319505871587616,19.0,,0.9312507738107239,0.16716170575773273,4095.0,5.0,0.0,630,B13
28418.0,0.02006781090018189,0.02006781090018189,0.02006781090018189,0.0,0.0,0.0,0.0,0.7631579483271179,0.6344032060792769,12600.0,0.0,0.0,631,A1
28418.0,0.02006781090018189,0.2778113596642536,2.0417379446695296,0.010697445281159828,0.028573439369413752,10.0,5.0,0.9212429846150818,0.18296812431448511,3735.0,2.0,0.0,631,A2
28418.0,0.02006781090018189,0.2778113596642536,2.0417379446695296,0.010697445281159828,0.028573439369413752,10.0,5.0,0.9213835480622272,0.18267321102251763,3735.0,2.0,0.0,631,A3
28418.0,0.02006781090018189,0.2778113596642536,2.0417379446695296,0.010697445281159828,0.028573439369413752,10.0,5.0,0.9224351558677515,0.17998629678862307,3645.0,2.0,0.0,631,A4
28418.0,0.02006781090018189,0.2778113596642536,2.0417379446695296,0.010697445281159828,0.028573439369413752,10.0,5.0,0.9198146598987667,0.18784121641049595,3885.0,3.0,0.0,631,A5
28418.0,0.02006781090018189,0.2778113596642536,2.0417379446695296,0.010697445281159828,0.028573439369413752,10.0,5.0,0.8971799513698127,0.2447719775128243,5020.0,33.0,0.0,631,A6
28418.0,0.02006781090018189,0.2778113596642536,2.0417379446695296,0.010697445281159828,0.028573439369413752,10.0,5.0,0.9133600851348594,0.20301748967652544,4220.0,9.0,0.0,631,B3
28418.0,0.02006781090018189,0.2778113596642536,2.0417379446695296,0.010697445281159828,0.028573439369413752,10.0,5.0,0.9118291898584344,0.20768220935884538,4320.0,19.0,0.0,631,B6
28418.0,0.02006781090018189,0.2778113596642536,2.0417379446695296,0.010697445281159828,0.028573439369413752,10.0,5.0,0.894027374113423,0.25412429904835565,5365.0,35.0,0.0,631,B7
28418.0,0.02006781090018189,0.26915348039269155,1.2302687708123812,0.0,0.03226828066718277,9.0,5.0,0.8965916357766067,0.24598483265811152,4990.0,14.0,0.0,631,B8
28418.0,0.02006781090018189,0.17834050825119682,2.0417379446695296,0.010697445281159828,0.023928496023646984,7.0,5.0,0.9083356564077705,0.2169485104551298,4460.0,12.0,0.0,631,B9
28418.0,0.02006781090018189,0.26915348039269155,1.2302687708123812,0.0,0.03226828066718277,9.0,5.0,0.8976841166972731,0.24422193812240442,4990.0,14.0,0.0,631,B10
28418.0,0.02006781090018189,0.26915348039269155,1.2302687708123812,0.0,0.03226828066718277,9.0,5.0,0.8965916357766067,0.24598483265811152,4990.0,14.0,0.0,631,B11
28418.0,0.02006781090018189,0.2778113596642536,2.0417379446695296,0.010697445281159828,0.028573439369413752,10.0,5.0,0.90458997112811,0.2250487020823594,4595.0,19.0,0.0,631,B12
28418.0,0.02006781090018189,0.2778113596642536,2.0417379446695296,0.010697445281159828,0.028573439369413752,10.0,5.0,0.9185371099279596,0.1905895803858995,3900.0,6.0,0.0,631,B13
23119.0,0.02006781090018189,0.02006781090018189,0.02006781090018189,0.0,0.0,0.0,0.0,0.7107426358203546,0.7369220397247859,10800.0,0.0,0.0,632,A1
23119.0,0.02006781090018189,0.8684603593990751,2.0417379446695296,0.0189022016523206,0.07824732903672305,21.0,37.0,0.8896096646149252,0.2391292509577876,3750.0,2.0,0.0,632,A2
23119.0,0.02006781090018189,0.8684603593990751,2.0417379446695296,0.0189022016523206,0.07824732903672305,21.0,37.0,0.8897054088102438,0.23891192918478762,3750.0,2.0,0.0,632,A3
23119.0,0.02006781090018189,0.8684603593990751,2.0417379446695296,0.0189022016523206,0.07824732903672305,21.0,37.0,0.8915865055750031,0.23438282538141456,3650.0,2.0,0.0,632,A4
23119.0,0.02006781090018189,0.7182076058301705,1.2302687708123812,0.0,0.06492495350144903,15.0,37.0,0.8840653322610263,0.2546716352188742,4215.0,2.0,0.0,632,A5
23119.0,0.02006781090018189,0.7182076058301705,1.2302687708123812,0.0,0.06492495350144903,15.0,37.0,0.8436029977526,0.3529322038568149,5845.0,36.0,0.0,632,A6
23119.0,0.02006781090018189,0.8684603593990751,2.0417379446695296,0.0189022016523206,0.07824732903672305,21.0,33.0,0.8768086115541005,0.2691653969073519,4220.0,6.0,0.10277777777777777,632,B3
23119.0,0.02006781090018189,0.8684603593990751,2.0417379446695296,0.0189022016523206,0.07824732903672305,21.0,33.0,0.8629561884839786,0.3022239514384243,4715.0,28.0,0.0,632,B6
23119.0,0.02006781090018189,0.8684603593990751,2.0417379446695296,0.0189022016523206,0.07824732903672305,21.0,33.0,0.8526111077427132,0.32747211432856776,5150.0,34.0,0.0,632,B7
23119.0,0.02006781090018189,0.8684603593990751,2.0417379446695296,0.0189022016523206,0.06124832388944158,16.0,1.0,0.8688079375674778,0.291032988340616,4625.0,10.0,0.1638888888888889,632,B8
23119.0,0.02006781090018189,0.3578903595427346,2.0417379446695296,0.0189022016523206,0.045244171460703315,12.0,1.0,0.8621699828458957,0.30808694177579204,4920.0,12.0,0.0,632,B9
23119.0,0.02006781090018189,0.8684603593990751,2.0417379446695296,0.0189022016523206,0.06124832388944158,16.0,1.0,0.8693471496036133,0.290202222365045,4625.0,10.0,0.1638888888888889,632,B10
23119.0,0.02006781090018189,0.8684603593990751,2.0417379446695296,0.0189022016523206,0.06124832388944158,16.0,1.0,0.8632179277242292,0.3063480748992852,4935.0,12.0,0.0,632,B11
23119.0,0.02006781090018189,0.8684603593990751,2.0417379446695296,0.0189022016523206,0.07824732903672305,21.0,33.0,0.8424112636123504,0.3524272920188288,5310.0,29.0,0.0,632,B12
23119.0,0.02006781090018189,0.8684603593990751,2.0417379446695296,0.0189022016523206,0.07824732903672305,21.0,37.0,0.8878899199539491,0.24394704633214898,3930.0,5.0,0.0,632,B13
40141.0,0.02006781090018189,0.02006781090018189,0.02006781090018189,0.0,0.0,0.0,0.0,0.8257864727344084,0.4627165382917459,10800.0,0.0,0.0,633,A1
40141.0,0.02006781090018189,0.8963961859499497,1.9781080029332403,0.0017936772875613463,0.07565830447671956,32.0,45.0,0.9311875064055396,0.16562571208540483,4035.0,4.0,0.0,633,A2
40141.0,0.02006781090018189,0.8963961859499497,1.9781080029332403,0.0017936772875613463,0.07558356792307118,32.0,45.0,0.9317263959710621,0.1644899933958234,4035.0,4.0,0.0,633,A3
40141.0,0.02006781090018189,1.3528511027866506,2.0417379446695296,0.006178221768266859,0.09018210806905658,46.0,83.66666666666667,0.9362854763920326,0.154063892173931,3870.0,8.0,0.0,633,A4
40141.0,0.02006781090018189,0.7413102413009177,1.9781080029332403,0.0017936772875613463,0.061956602974514836,28.0,5.333333333333333,0.9172965198311871,0.20313516491739786,4935.0,10.0,0.0,633,A5
40141.0,0.02006781090018189,0.40620942890585726,1.6884958594867534,0.0008968386437806731,0.04511596621907775,24.0,42.0,0.9057551084517633,0.2357135133532271,6190.0,33.0,0.0,633,A6
40141.0,0.02006781090018189,0.557506583166466,1.5355006336570662,0.0008968386437806731,0.05565382028350066,23.0,4.0,0.9203690059756107,0.19416188545159457,4700.0,9.0,0.027777777777777776,633,B3
40141.0,0.02006781090018189,0.8151734005153627,1.9781080029332403,0.005281383124486186,0.06678956677711069,29.0,50.333333333333336,0.919355457656117,0.19584588509552323,4920.0,25.0,0.0,633,B6
40141.0,0.02006781090018189,0.2959715725594465,1.5355006336570662,0.0008968386437806731,0.03809073017612914,17.0,40.666666666666664,0.9022532700130534,0.24249587772862222,6200.0,35.0,0.0,633,B7
40141.0,0.02006781090018189,0.40620942890585726,1.8567353246307055,0.004384544480705513,0.04561420991006701,20.0,50.333333333333336,0.9060988107985621,0.22880284587978733,5285.0,14.0,0.044444444444444446,633,B8
40141.0,0.02006781090018189,0.5401321147646347,1.5355006336570662,0.0008968386437806731,0.051717695124685485,21.0,3.6666666666666665,0.899242453619863,0.251047311513405,5775.0,16.0,0.0,633,B9
40141.0,0.02006781090018189,0.3935500754557774,1.8567353246307055,0.004384544480705513,0.04553947335641863,22.0,50.333333333333336,0.9072180361882433,0.2274122832402971,5285.0,14.0,0.044444444444444446,633,B10
40141.0,0.02006781090018189,0.40620942890585726,1.8567353246307055,0.004384544480705513,0.04561420991006701,20.0,50.333333333333336,0.9010701239049534,0.24319901371056743,5435.0,15.0,0.0,633,B11
40141.0,0.02006781090018189,0.8151734005153627,1.9781080029332403,0.005281383124486186,0.06285344161829551,27.0,50.0,0.9066845625414005,0.22757449891582898,5380.0,23.0,0.0,633,B12
40141.0,0.02006781090018189,0.8963961859499497,1.9781080029332403,0.0017936772875613463,0.07558356792307118,32.0,45.0,0.9260741135872304,0.17911981137347496,4355.0,11.0,0.0,633,B13
34699.0,0.02006781090018189,0.02006781090018189,0.02006781090018189,0.0,0.0,0.0,0.0,0.8809945780096786,0.3237123911206349,9000.0,0.0,0.0,634,A1
34699.0,0.02006781090018189,0.985711900900616,1.9781080029332403,0.00034583129196806827,0.08063632957722125,33.0,5.0,0.9555840203572595,0.11646551970179772,3735.0,2.0,0.0,634,A2
34699.0,0.02006781090018189,0.985711900900616,1.9781080029332403,0.00034583129196806827,0.08063632957722125,33.0,5.0,0.9556893731437275,0.11623381530769565,3735.0,2.0,0.0,634,A3
34699.0,0.02006781090018189,0.985711900900616,1.9781080029332403,0.00034583129196806827,0.08063632957722125,33.0,5.0,0.957127956181724,0.11300107377032804,3685.0,4.0,0.0,634,A4
34699.0,0.02006781090018189,0.985711900900616,1.9781080029332403,0.00034583129196806827,0.08063632957722125,33.0,5.0,0.9532419983815569,0.12207079088321349,3885.0,3.0,0.0,634,A5
34699.0,0.02006781090018189,0.8963961859499497,1.9781080029332403,0.00034583129196806827,0.07008847517219516,28.0,5.0,0.9370847723385025,0.16902732413136978,5555.0,35.0,0.0,634,A6
34699.0,0.02006781090018189,0.985711900900616,1.9781080029332403,0.00034583129196806827,0.08063632957722125,33.0,5.0,0.9495965751413026,0.13367642159949492,4245.0,9.0,0.03333333333333333,634,B3
34699.0,0.02006781090018189,0.8963961859499497,1.9781080029332403,0.00034583129196806827,0.07008847517219516,28.0,5.0,0.9426187266130727,0.15278392954017825,4880.0,24.0,0.0,634,B6
34699.0,0.02006781090018189,0.8963961859499497,1.9781080029332403,0.00034583129196806827,0.07008847517219516,28.0,5.0,0.9342003552388367,0.17437610723449146,5605.0,35.0,0.0,634,B7
34699.0,0.02006781090018189,0.7897688493998856,1.9781080029332403,0.00034583129196806827,0.07524712527738552,31.0,5.0,0.9411485753811587,0.1561204943683688,4785.0,17.0,0.05,634,B8
34699.0,0.02006781090018189,0.8963961859499497,1.9781080029332403,0.00034583129196806827,0.07008847517219516,28.0,5.0,0.9367880233955358,0.16755182731892718,5060.0,19.0,0.0,634,B9
34699.0,0.02006781090018189,0.8413951416451951,2.0417379446695296,0.00034583129196806827,0.06933917403959769,33.0,5.0,0.9414087848859031,0.15600170393901308,4785.0,17.0,0.05,634,B10
34699.0,0.02006781090018189,0.7897688493998856,1.9781080029332403,0.00034583129196806827,0.07524712527738552,31.0,5.0,0.935271390698661,0.17117463134529323,4955.0,18.0,0.0,634,B11
34699.0,0.02006781090018189,0.8963961859499497,1.9781080029332403,0.00034583129196806827,0.07008847517219516,28.0,5.0,0.9344144786469878,0.17329778114113972,5280.0,24.0,0.0,634,B12
34699.0,0.02006781090018189,0.985711900900616,1.9781080029332403,0.00034583129196806827,0.08063632957722125,33.0,5.0,0.9555772820294915,0.11696705543568113,3915.0,4.0,0.0,634,B13
46043.0,0.02006781090018189,0.02006781090018189,0.02006781090018189,0.0,0.0,0.0,0.0,0.9722789537333024,0.12485114620850707,9000.0,0.0,0.0,635,A1
46043.0,0.02006781090018189,1.3106900423660772,2.0417379446695296,0.004712985687292314,0.07866559520448277,38.0,7.666666666666667,0.9933009887964045,0.04126848573971131,3885.0,4.0,0.0,635,A2
46043.0,0.02006781090018189,1.3106900423660772,2.0417379446695296,0.004712985687292314,0.07866559520448277,38.0,7.666666666666667,0.9936099834298091,0.04056108853759151,3885.0,4.0,0.0,635,A3
46043.0,0.02006781090018189,1.3106900423660772,2.0417379446695296,0.004712985687292314,0.07866559520448277,38.0,7.666666666666667,0.99373610631037,0.0397913795167672,3745.0,6.0,0.0,635,A4
46043.0,0.02006781090018189,1.3106900423660772,2.0417379446695296,0.004712985687292314,0.07866559520448277,38.0,7.666666666666667,0.9917844365759135,0.04730015261869881,4200.0,6.0,0.0,635,A5
46043.0,0.02006781090018189,1.3106900423660772,2.0417379446695296,0.004712985687292314,0.07866559520448277,38.0,7.666666666666667,0.9814560433261789,0.08298219417080027,5890.0,41.0,0.0,635,A6
46043.0,0.02006781090018189,1.3106900423660772,2.0417379446695296,0.004712985687292314,0.07866559520448277,38.0,7.666666666666667,0.9905767956250122,0.05137473850463324,4580.0,11.0,0.030555555555555555,635,B3
46043.0,0.02006781090018189,1.3106900423660772,2.0417379446695296,0.004712985687292314,0.07866559520448277,38.0,7.666666666666667,0.9862222551379345,0.06424332365725022,4790.0,29.0,0.0,635,B6
46043.0,0.02006781090018189,1.3106900423660772,2.0417379446695296,0.004712985687292314,0.07866559520448277,38.0,7.666666666666667,0.9811074790181036,0.08125200686635442,5775.0,36.0,0.0,635,B7
46043.0,0.02006781090018189,0.34673685045253166,1.7988709151287874,0.0020632886649436396,0.04178702517212171,23.0,7.0,0.9878307146188786,0.06365047705377863,4955.0,17.0,0.06111111111111111,635,B8
46043.0,0.02006781090018189,0.2778113596642536,2.0417379446695296,0.003388137176117977,0.041982494624590055,21.0,7.666666666666667,0.9865492268272773,0.06653907672027534,4970.0,18.0,0.06111111111111111,635,B9
46043.0,0.02006781090018189,0.26076542044591006,1.9781080029332403,0.0020632886649436396,0.03025432747648937,28.0,7.0,0.9871607546367267,0.06484463656018598,4955.0,17.0,0.06111111111111111,635,B10
46043.0,0.02006781090018189,0.34673685045253166,1.7988709151287874,0.0020632886649436396,0.04178702517212171,23.0,7.0,0.9867957713783472,0.06714407384414885,5125.0,19.0,0.0,635,B11
46043.0,0.02006781090018189,1.3106900423660772,2.0417379446695296,0.004712985687292314,0.07866559520448277,38.0,7.666666666666667,0.9846255368991444,0.07230350677279658,5240.0,29.0,0.0,635,B12
46043.0,0.02006781090018189,1.3106900423660772,2.0417379446695296,0.004712985687292314,0.07866559520448277,38.0,7.666666666666667,0.9919070803304744,0.0467225319896322,4220.0,10.0,0.0,635,B13
38257.0,0.02006781090018189,0.02006781090018189,0.02006781090018189,0.0,0.0,0.0,0.0,0.9353929792791722,0.21261173239072642,10800.0,0.0,0.0,636,A1
38257.0,0.02006781090018189,1.1187936686591167,2.0417379446695296,0.005384635491544031,0.08233787280759076,36.0,4.5,0.9888086732993189,0.05689349454795656,3750.0,2.0,0.0,636,A2
38257.0,0.02006781090018189,1.1187936686591167,2.0417379446695296,0.005384635491544031,0.08233787280759076,36.0,4.5,0.9890228294433645,0.056404388754098485,3750.0,2.0,0.0,636,A3
38257.0,0.02006781090018189,1.1187936686591167,2.0417379446695296,0.005384635491544031,0.08233787280759076,36.0,4.5,0.9885330795560613,0.057431006643887755,3745.0,6.0,0.0,636,A4
38257.0,0.02006781090018189,0.8151734005153627,1.9781080029332403,0.0006273361737721201,0.06934678620905978,27.0,4.5,0.9859928141630616,0.06531513490653262,4230.0,3.0,0.0,636,A5
38257.0,0.02006781090018189,0.8151734005153627,1.9781080029332403,0.0006273361737721201,0.062681339362731,24.0,4.5,0.9760714547651788,0.10128935934528907,6080.0,34.0,0.0,636,A6
38257.0,0.02006781090018189,1.1187936686591167,2.0417379446695296,0.005384635491544031,0.08233787280759076,36.0,4.5,0.9824018891573815,0.0759565884603026,4765.0,12.0,0.044444444444444446,636,B3
38257.0,0.02006781090018189,1.1187936686591167,2.0417379446695296,0.005384635491544031,0.07567242596126199,33.0,4.5,0.9787157769656546,0.08678009880983072,4915.0,31.0,0.0,636,B6
38257.0,0.02006781090018189,1.1187936686591167,2.0417379446695296,0.005384635491544031,0.07567242596126199,33.0,4.5,0.9721012585704335,0.10561621855573171,5895.0,35.0,0.0,636,B7
38257.0,0.02006781090018189,0.34673685045253166,1.9781080029332403,0.004757299317771911,0.03175889379721358,14.0,1.5,0.9778063435391697,0.09203916166782251,5175.0,18.0,0.06944444444444445,636,B8
38257.0,0.02006781090018189,0.2867477375581316,1.9781080029332403,0.004757299317771911,0.03175889379721358,14.0,1.5,0.9747979543817389,0.10283213227600539,5585.0,19.0,0.075,636,B9
38257.0,0.02006781090018189,0.34673685045253166,1.9781080029332403,0.004757299317771911,0.03175889379721358,14.0,1.5,0.9786731995431588,0.09133533214587364,5175.0,18.0,0.06944444444444445,636,B10
38257.0,0.02006781090018189,0.34673685045253166,1.9781080029332403,0.004757299317771911,0.03175889379721358,14.0,1.5,0.9766717833725882,0.09557184012536643,5350.0,20.0,0.0,636,B11
38257.0,0.02006781090018189,1.1187936686591167,2.0417379446695296,0.005384635491544031,0.07567242596126199,33.0,4.5,0.9754837219679896,0.09893372080774362,5415.0,31.0,0.0,636,B12
38257.0,0.02006781090018189,1.1187936686591167,2.0417379446695296,0.005384635491544031,0.08233787280759076,36.0,4.5,0.9877272394508446,0.059511285732924205,4035.0,5.0,0.0,636,B13
34656.0,0.02006781090018189,0.02006781090018189,0.02006781090018189,0.0,0.0,0.0,0.0,0.9422275247248542,0.19249572228201556,9000.0,0.0,0.0,637,A1
34656.0,0.02006781090018189,1.0501467677660838,1.9781080029332403,0.0005771006463527239,0.08659395198522622,34.0,3.6666666666666665,0.9879240307361705,0.061220813537941975,3735.0,2.0,0.0,637,A2
34656.0,0.02006781090018189,1.0501467677660838,1.9781080029332403,0.0005771006463527239,0.08659395198522622,34.0,3.6666666666666665,0.9882064297037682,0.060590225127196785,3735.0,2.0,0.0,637,A3
34656.0,0.02006781090018189,1.0501467677660838,1.9781080029332403,0.0005771006463527239,0.08659395198522622,34.0,3.6666666666666665,0.9881329667039742,0.060224551262680885,3685.0,4.0,0.0,637,A4
34656.0,0.02006781090018189,1.0501467677660838,1.9781080029332403,0.0005771006463527239,0.08659395198522622,34.0,3.6666666666666665,0.9872028057642943,0.06282284651775466,3885.0,3.0,0.0,637,A5
34656.0,0.02006781090018189,1.0501467677660838,1.9781080029332403,0.0005771006463527239,0.07574445983379502,29.0,3.6666666666666665,0.970935729691213,0.11270953181644662,5760.0,32.0,0.0,637,A6
34656.0,0.02006781090018189,1.0501467677660838,1.9781080029332403,0.0005771006463527239,0.08659395198522622,34.0,3.6666666666666665,0.9810099423770501,0.08200901046739444,4495.0,13.0,0.030555555555555555,637,B3
34656.0,0.02006781090018189,1.0501467677660838,1.9781080029332403,0.0005771006463527239,0.08659395198522622,34.0,3.6666666666666665,0.9766420948762043,0.0933490362755666,4900.0,30.0,0.0,637,B6
34656.0,0.02006781090018189,1.0501467677660838,1.9781080029332403,0.0005771006463527239,0.07574445983379502,29.0,3.6666666666666665,0.9717213182201211,0.10823924234760035,5480.0,29.0,0.0,637,B7
34656.0,0.02006781090018189,0.22974707980333003,1.742809826672464,0.00020198522622345337,0.027123730378578025,11.0,1.6666666666666667,0.9757008761508619,0.09740820745523718,5050.0,17.0,0.06111111111111111,637,B8
34656.0,0.02006781090018189,0.22974707980333003,1.742809826672464,0.00020198522622345337,0.027123730378578025,11.0,1.6666666666666667,0.9717110570695547,0.10945679147935489,5560.0,18.0,0.0,637,B9
34656.0,0.02006781090018189,0.22974707980333003,1.742809826672464,0.00020198522622345337,0.027123730378578025,11.0,1.6666666666666667,0.9758952887584198,0.09749251880218607,5050.0,17.0,0.06111111111111111,637,B10
34656.0,0.02006781090018189,0.22974707980333003,1.742809826672464,0.00020198522622345337,0.027123730378578025,11.0,1.6666666666666667,0.9746793032789283,0.10022191820261753,5215.0,19.0,0.0,637,B11
34656.0,0.02006781090018189,1.0501467677660838,1.9781080029332403,0.0005771006463527239,0.08659395198522622,34.0,3.6666666666666665,0.9715111055034135,0.10897479088291967,5400.0,30.0,0.0,637,B12
34656.0,0.02006781090018189,1.0501467677660838,1.9781080029332403,0.0005771006463527239,0.08659395198522622,34.0,3.6666666666666665,0.9868863338067081,0.06385335584932553,3915.0,4.0,0.0,637,B13
34030.0,0.02006781090018189,0.02006781090018189,0.02006781090018189,0.0,0.0,0.0,0.0,0.9425814917708809,0.19382299762334806,9000.0,0.0,0.0,638,A1
34030.0,0.02006781090018189,0.33593093598651524,1.9781080029332403,0.002057008521892448,0.036996767558037026,15.0,3.0,0.9877680725276238,0.05898152968038136,3735.0,2.0,0.0,638,A2
34030.0,0.02006781090018189,0.33593093598651524,1.9781080029332403,0.002057008521892448,0.036996767558037026,15.0,3.0,0.9880407200102009,0.058373199469860505,3735.0,2.0,0.0,638,A3
34030.0,0.02006781090018189,0.33593093598651524,1.9781080029332403,0.002057008521892448,0.036996767558037026,15.0,3.0,0.9889398185447774,0.05533123452676814,3645.0,2.0,0.0,638,A4
34030.0,0.02006781090018189,0.33593093598651524,1.9781080029332403,0.002057008521892448,0.036996767558037026,15.0,3.0,0.986464773175221,0.06303028043842865,3900.0,2.0,0.0,638,A5
34030.0,0.02006781090018189,0.33593093598651524,1.9781080029332403,0.002057008521892448,0.036996767558037026,15.0,3.0,0.9761368371880157,0.09491380072442371,5310.0,27.0,0.0,638,A6
34030.0,0.02006781090018189,0.33593093598651524,1.9781080029332403,0.002057008521892448,0.036996767558037026,15.0,3.0,0.9813536447587345,0.07567672357739076,4385.0,8.0,0.030555555555555555,638,B3
34030.0,0.02006781090018189,0.33593093598651524,1.9781080029332403,0.002057008521892448,0.036996767558037026,15.0,3.0,0.9790197986591341,0.08599913102885072,4705.0,28.0,0.0,638,B6
34030.0,0.02006781090018189,0.33593093598651524,1.9781080029332403,0.002057008521892448,0.036996767558037026,15.0,3.0,0.9735012052563202,0.100501084675765,5280.0,31.0,0.0,638,B7
34030.0,0.02006781090018189,0.09772372209558107,1.9781080029332403,0.002057008521892448,0.023626212165736116,9.0,1.0,0.9765278589686557,0.09135892143177377,4910.0,16.0,0.05555555555555555,638,B8
34030.0,0.02006781090018189,0.18407720014689555,1.9781080029332403,0.002057008521892448,0.030002938583602704,12.0,1.0,0.9754748577994107,0.09608024293429065,4980.0,15.0,0.0,638,B9
34030.0,0.02006781090018189,0.10086720805993415,1.9781080029332403,0.002057008521892448,0.023626212165736116,9.0,1.0,0.9776763719550374,0.08990075261983066,4910.0,16.0,0.05555555555555555,638,B10
34030.0,0.02006781090018189,0.09772372209558107,1.9781080029332403,0.002057008521892448,0.023626212165736116,9.0,1.0,0.9747334625538705,0.09680050670227584,5070.0,17.0,0.0,638,B11
34030.0,0.02006781090018189,0.33593093598651524,1.9781080029332403,0.002057008521892448,0.036996767558037026,15.0,3.0,0.9741483129789854,0.10126145662943205,5130.0,28.0,0.0,638,B12
34030.0,0.02006781090018189,0.33593093598651524,1.9781080029332403,0.002057008521892448,0.036996767558037026,15.0,3.0,0.9860401488616527,0.06262677039737571,3985.0,6.0,0.0,638,B13
37309.0,0.02006781090018189,0.02006781090018189,0.02006781090018189,0.0,0.0,0.0,0.0,0.951256889619927,0.17556035448047735,9000.0,0.0,0.0,639,A1
37309.0,0.02006781090018189,0.6741398498898495,1.584893192461114,0.0,0.06942024712535849,32.0,7.5,0.9881294009123879,0.05782415588410142,3885.0,4.0,0.0,639,A2
37309.0,0.02006781090018189,0.6741398498898495,1.584893192461114,0.0,0.06893778980942936,31.0,7.5,0.9888006319085025,0.05631300686870118,3885.0,4.0,0.0,639,A3
37309.0,0.02006781090018189,0.6741398498898495,1.584893192461114,0.0,0.06858934841459165,30.0,7.5,0.9896755540824093,0.05259787495709795,3700.0,4.0,0.0,639,A4
37309.0,0.02006781090018189,0.5401321147646347,1.3528511027866506,0.0,0.05159612962019888,23.0,7.5,0.986285051678226,0.06376517218803446,4350.0,5.0,0.0,639,A5
37309.0,0.02006781090018189,0.5401321147646347,1.3528511027866506,0.0,0.05159612962019888,23.0,7.5,0.9763346973456408,0.09737232919996587,5885.0,30.0,0.0,639,A6
37309.0,0.02006781090018189,0.6741398498898495,1.584893192461114,0.0,0.06858934841459165,30.0,7.5,0.9810424520728024,0.0802649694903863,4720.0,17.0,0.0,639,B3
37309.0,0.02006781090018189,0.6741398498898495,1.584893192461114,0.0,0.06858934841459165,30.0,7.5,0.9769474896400647,0.08828071988472691,4855.0,30.0,0.0,639,B6
37309.0,0.02006781090018189,0.6741398498898495,1.584893192461114,0.0,0.06856254523037336,30.0,7.5,0.9725060845648585,0.10209177719585874,5580.0,31.0,0.0,639,B7
37309.0,0.02006781090018189,0.2959715725594465,1.3963683610559376,0.0,0.02417647216489319,11.0,7.5,0.9768127499067489,0.09325096589659868,5175.0,16.0,0.06388888888888888,639,B8
37309.0,0.02006781090018189,0.2959715725594465,1.3963683610559376,0.0,0.02417647216489319,11.0,7.5,0.9750707985170068,0.09848267742516574,5365.0,18.0,0.0,639,B9
37309.0,0.02006781090018189,0.2959715725594465,1.3963683610559376,0.0,0.02417647216489319,11.0,7.5,0.9774874285848194,0.09301229876780895,5175.0,16.0,0.06388888888888888,639,B10
37309.0,0.02006781090018189,0.2959715725594465,1.3963683610559376,0.0,0.02417647216489319,11.0,7.5,0.9758159285425297,0.09650931069483101,5345.0,18.0,0.0,639,B11
37309.0,0.02006781090018189,0.6741398498898495,1.584893192461114,0.0,0.06858934841459165,30.0,7.5,0.9734109144489798,0.10077886873614411,5330.0,30.0,0.0,639,B12
37309.0,0.02006781090018189,0.6741398498898495,1.584893192461114,0.0,0.06858934841459165,30.0,7.5,0.9879493631786497,0.05766344306687127,4005.0,7.0,0.0,639,B13
72145.0,0.02006781090018189,0.02006781090018189,0.02006781090018189,0.0,0.0,0.0,0.0,0.7503429820371057,0.7155913357832674,39600.0,0.0,0.0,640,A1
72145.0,0.02006781090018189,2.0417379446695296,2.0417379446695296,0.0927957585418255,0.13042137362256567,91.0,77.28571428571429,0.9693863743556869,0.09297261383786895,4980.0,5.0,0.0,640,A2
72145.0,0.02006781090018189,2.0417379446695296,2.0417379446695296,0.0927957585418255,0.1305322614179777,91.0,77.28571428571429,0.9706090092068154,0.09034276035112192,4980.0,5.0,0.0,640,A3
72145.0,0.02006781090018189,2.0417379446695296,2.0417379446695296,0.10226280407512649,0.18679395661515005,141.0,94.0,0.9722479617487656,0.08467178454102868,4370.0,18.0,0.0,640,A4
72145.0,0.02006781090018189,1.8567353246307055,2.9853826189179604,0.0451036107838381,0.10445630327812046,61.0,31.428571428571427,0.9536496881816527,0.13903848855312304,7785.0,9.0,0.0,640,A5
72145.0,0.02006781090018189,1.8567353246307055,2.3919384495683134,0.04052602397948576,0.1020895418947952,58.0,47.57142857142857,0.939422024819041,0.18299982974949816,9630.0,41.0,0.0,640,A6
72145.0,0.02006781090018189,1.9781080029332403,2.1074146752966985,0.03273615635179153,0.11877815510430383,63.0,76.0,0.958224668245488,0.1272022045049306,6710.0,17.0,0.09444444444444444,640,B3
72145.0,0.02006781090018189,2.0417379446695296,2.1074146752966985,0.04072354286506341,0.13343960080393652,78.0,93.42857142857143,0.9549814861236984,0.13541373345119503,7240.0,34.0,0.05,640,B6
72145.0,0.02006781090018189,2.0417379446695296,2.1074146752966985,0.04012752096472382,0.1262734770254349,72.0,81.28571428571429,0.9433734257948664,0.16742877050044747,9245.0,45.0,0.05555555555555555,640,B7
72145.0,0.02006781090018189,1.6884958594867534,2.0417379446695296,0.036132095086284566,0.10508351237091967,56.0,60.57142857142857,0.9592183582021431,0.12502267585994534,6540.0,18.0,0.11944444444444445,640,B8
72145.0,0.02006781090018189,1.6884958594867534,2.1074146752966985,0.03802065285189549,0.10453946912467947,56.0,59.714285714285715,0.9567698232869777,0.13243643012938128,7070.0,15.0,0.14444444444444443,640,B9
72145.0,0.02006781090018189,1.6884958594867534,2.0417379446695296,0.036170212765957444,0.10852449927229885,59.0,60.57142857142857,0.9588322754553638,0.12648334794185662,6540.0,18.0,0.11944444444444445,640,B10
72145.0,0.02006781090018189,1.6884958594867534,2.0417379446695296,0.036132095086284566,0.10508351237091967,56.0,60.57142857142857,0.9445696529700937,0.1635261610871106,7860.0,21.0,0.0,640,B11
72145.0,0.02006781090018189,2.0417379446695296,2.1074146752966985,0.04072354286506341,0.13044563032781203,77.0,81.42857142857143,0.9507805464744956,0.1495355093773144,7990.0,29.0,0.06111111111111111,640,B12
72145.0,0.02006781090018189,1.9781080029332403,2.1074146752966985,0.03641277981842123,0.12800609882874767,72.0,66.0,0.9681937615755596,0.09791942264972472,5550.0,13.0,0.07222222222222222,640,B13
132706.0,0.02006781090018189,0.02006781090018189,0.02006781090018189,0.0,0.0,0.0,0.0,0.9467950604977798,0.17182261391107115,14400.0,0.0,0.0,641,A1
132706.0,0.02006781090018189,0.6958249547006052,1.584893192461114,0.0010549636037556704,0.06286075987521288,62.0,65.25,0.97072545274809,0.08870523225189457,6915.0,6.0,0.0,641,A2
132706.0,0.02006781090018189,0.6958249547006052,1.584893192461114,0.0010549636037556704,0.06240109716214791,59.0,65.25,0.9717121672443977,0.08669977947270563,6915.0,6.0,0.0,641,A3
132706.0,0.02006781090018189,2.0417379446695296,2.0417379446695296,0.06276468283272799,0.31086574834596775,436.0,105.25,0.9616833902711827,0.11154849002562423,6505.0,55.0,0.0,641,A4
132706.0,0.02006781090018189,0.02006781090018189,0.47588279098881686,0.0,0.009554956068301357,8.0,15.75,0.9589823193000185,0.12797463129046116,10035.0,8.0,0.0,641,A5
132706.0,0.02006781090018189,0.13412199354053708,1.3963683610559376,0.0,0.034188356215996266,30.0,17.5,0.9423672223361215,0.1743074524007084,12240.0,44.0,0.0,641,A6
132706.0,0.02006781090018189,0.2778113596642536,1.2302687708123812,0.0010549636037556704,0.03395475713230751,32.0,46.125,0.9625405348638371,0.1178636587451216,8790.0,15.0,0.08611111111111111,641,B3
132706.0,0.02006781090018189,1.4876473740795015,2.0417379446695296,0.014144047744638524,0.1037029222491824,115.0,77.875,0.9543578315820115,0.1380444766063347,8535.0,49.0,0.0,641,B6
132706.0,0.02006781090018189,0.6130557921498209,1.9164610627353873,0.0032929935345801997,0.05650083643542869,57.0,59.5,0.9464603320481584,0.16845389557427193,10860.0,59.0,0.0,641,B7
132706.0,0.02006781090018189,0.19611011754760474,1.584893192461114,0.0010549636037556704,0.03358551987099302,31.0,46.5,0.9637624758659803,0.1144797236972579,8430.0,17.0,0.0,641,B8
132706.0,0.02006781090018189,0.2225871044793004,1.4412854420872234,0.0010549636037556704,0.033623197142555725,32.0,31.375,0.9646350910998522,0.11044066331555892,8470.0,15.0,0.17222222222222222,641,B9
132706.0,0.02006781090018189,0.21565026690607325,1.584893192461114,0.0010549636037556704,0.03482133437824966,43.0,46.5,0.9620807168005729,0.11880812958586127,8430.0,17.0,0.0,641,B10
132706.0,0.02006781090018189,0.19611011754760474,1.584893192461114,0.0010549636037556704,0.03358551987099302,31.0,46.5,0.9637624758659803,0.1144797236972579,8430.0,17.0,0.0,641,B11
132706.0,0.02006781090018189,0.31531889793555934,1.584893192461114,0.0010549636037556704,0.042085512335538706,40.0,32.25,0.9537972793477194,0.14271274100645776,9860.0,27.0,0.0,641,B12
132706.0,0.02006781090018189,0.07829787941891024,1.5355006336570662,0.0010549636037556704,0.02546230012207436,26.0,31.875,0.9650257604657174,0.10824636615998999,8270.0,20.0,0.027777777777777776,641,B13
200914.0,0.02006781090018189,0.02006781090018189,0.02006781090018189,0.0,0.0,0.0,0.0,0.8711290669802637,0.4465729519174415,28800.0,0.0,0.0,642,A1
200914.0,0.02006781090018189,0.2959715725594465,0.985711900900616,0.0007017928068725923,0.03502493604228675,31.0,5.0,0.9481667036644631,0.13386602608339362,10740.0,14.0,0.0,642,A2
200914.0,0.02006781090018189,0.32546178349804583,1.2698429144338064,0.0,0.03784703903162547,31.0,5.0,0.9492862218137974,0.1314676344710302,10740.0,14.0,0.0,642,A3
200914.0,0.02006781090018189,2.0417379446695296,2.0417379446695296,0.03180838567745403,0.20927984112605394,250.0,5.0,0.9516776739752852,0.12749693629326755,9480.0,51.0,0.0,642,A4
200914.0,0.02006781090018189,0.02006781090018189,0.03548133892335755,0.0,0.0,0.0,5.0,0.9404737093473651,0.16245064334452533,15000.0,13.0,0.0,642,A5
200914.0,0.02006781090018189,0.02006781090018189,0.06077850313707005,0.0,7.465880924176514e-05,1.0,0.0,0.9261723834708716,0.20196152536689596,17310.0,42.0,0.0,642,A6
200914.0,0.02006781090018189,0.4911905467933634,2.0417379446695296,0.0065401116895786255,0.04904586041789024,50.0,5.0,0.9443731874047954,0.1483668235214554,12410.0,17.0,0.0,642,B3
200914.0,0.02006781090018189,1.742809826672464,2.0417379446695296,0.020406741192749135,0.08363777536657475,80.0,5.0,0.9468424971829589,0.14492436140551476,11555.0,40.0,0.0,642,B6
200914.0,0.02006781090018189,2.0417379446695296,2.0417379446695296,0.03041351025812039,0.11854076868709995,130.0,5.0,0.9383262559938289,0.1678366016152809,13685.0,46.0,0.16666666666666666,642,B7
200914.0,0.02006781090018189,0.32546178349804583,1.0501467677660838,0.0,0.03857371810824532,28.0,5.0,0.9459766044628027,0.14244081859851251,11065.0,19.0,0.21388888888888888,642,B8
200914.0,0.02006781090018189,0.21565026690607325,0.9252306262333164,0.0,0.02861423295539385,18.0,0.0,0.9314605540906513,0.18240494877202415,12135.0,20.0,0.0,642,B9
200914.0,0.02006781090018189,0.36940264435828357,1.0501467677660838,0.0,0.04124650347910051,48.0,5.0,0.944860346109861,0.1452183538362823,11065.0,19.0,0.21388888888888888,642,B10
200914.0,0.02006781090018189,0.26915348039269155,1.0501467677660838,0.0,0.0357814786426033,22.0,5.0,0.9396405215515905,0.15844464266092034,11385.0,16.0,0.0,642,B11
200914.0,0.02006781090018189,1.0174193661806046,2.0417379446695296,0.016111371034372917,0.06682958877927869,67.0,5.0,0.9407597990448916,0.16108417625406626,12870.0,32.0,0.0,642,B12
200914.0,0.02006781090018189,0.985711900900616,2.0417379446695296,0.016111371034372917,0.05940352588669779,62.0,5.0,0.9494535377089769,0.1344886014052084,11145.0,23.0,0.0,642,B13
34789.0,0.02006781090018189,0.02006781090018189,0.02006781090018189,0.0,0.0,0.0,0.0,0.8517154689348992,0.38838593796036647,9000.0,0.0,0.0,643,A1
34789.0,0.02006781090018189,0.8684603593990751,2.0417379446695296,0.0046278996234441925,0.06568168099111789,24.0,120.0,0.940868976602913,0.1432646703920827,3735.0,2.0,0.0,643,A2
34789.0,0.02006781090018189,0.8684603593990751,2.0417379446695296,0.0046278996234441925,0.06568168099111789,24.0,120.0,0.9410014364487638,0.14299034238971817,3735.0,2.0,0.0,643,A3
34789.0,0.02006781090018189,1.191927939457827,2.0417379446695296,0.0046278996234441925,0.08508436574779385,32.0,120.0,0.942288467739233,0.14090147476599732,3790.0,6.0,0.0,643,A4
34789.0,0.02006781090018189,0.8684603593990751,2.0417379446695296,0.0046278996234441925,0.06568168099111789,24.0,120.0,0.9297024540050897,0.17103911060382276,4275.0,5.0,0.0,643,A5
34789.0,0.02006781090018189,0.8684603593990751,2.0417379446695296,0.0046278996234441925,0.06568168099111789,24.0,120.0,0.9114323855889224,0.21980232400781352,5765.0,32.0,0.0,643,A6
34789.0,0.02006781090018189,0.8684603593990751,2.0417379446695296,0.0046278996234441925,0.06568168099111789,24.0,120.0,0.9268283609694532,0.1792602719396247,4510.0,9.0,0.0,643,B3
34789.0,0.02006781090018189,0.8684603593990751,2.0417379446695296,0.0046278996234441925,0.06568168099111789,24.0,120.0,0.9201156950040519,0.19587884373611245,4895.0,28.0,0.0,643,B6
34789.0,0.02006781090018189,0.8684603593990751,2.0417379446695296,0.0046278996234441925,0.06568168099111789,24.0,120.0,0.9096823943844202,0.22315771396560213,5680.0,32.0,0.0,643,B7
34789.0,0.02006781090018189,0.8684603593990751,2.0417379446695296,0.0046278996234441925,0.06568168099111789,24.0,120.0,0.9231602477694113,0.18942044690720045,4700.0,16.0,0.07222222222222222,643,B8
34789.0,0.02006781090018189,0.18407720014689555,1.8567353246307055,0.0033343873063324614,0.03547098220701946,13.0,120.0,0.9152618167560571,0.20902705401534777,5110.0,14.0,0.0,643,B9
34789.0,0.02006781090018189,0.8684603593990751,2.0417379446695296,0.0046278996234441925,0.06568168099111789,24.0,120.0,0.9230231439551233,0.1902827106455033,4700.0,16.0,0.07222222222222222,643,B10
34789.0,0.02006781090018189,0.8684603593990751,2.0417379446695296,0.0046278996234441925,0.06568168099111789,24.0,120.0,0.9158079895707503,0.20786886192143342,5090.0,15.0,0.0,643,B11
34789.0,0.02006781090018189,0.8684603593990751,2.0417379446695296,0.0046278996234441925,0.06568168099111789,24.0,120.0,0.9117424002627201,0.21861679144927204,5325.0,28.0,0.0,643,B12
34789.0,0.02006781090018189,0.8684603593990751,2.0417379446695296,0.0046278996234441925,0.06568168099111789,24.0,120.0,0.931216874902189,0.16738678788285735,4225.0,8.0,0.0,643,B13
35169.0,0.02006781090018189,0.02006781090018189,0.02006781090018189,0.0,0.0,0.0,0.0,0.9417937982904693,0.18369923392473586,7200.0,0.0,0.0,644,A1
35169.0,0.02006781090018189,0.34673685045253166,0.9549925860214359,0.0,0.025761323893201397,18.0,3.0,0.9758117628938004,0.0793248393490869,3795.0,2.0,0.0,644,A2
35169.0,0.02006781090018189,0.32546178349804583,0.7897688493998856,0.0,0.0227473058659615,15.0,3.0,0.977373069963814,0.07550416785450641,3735.0,2.0,0.0,644,A3
35169.0,0.02006781090018189,0.33593093598651524,0.7897688493998856,0.0,0.0227473058659615,15.0,3.0,0.9780943638728183,0.07312092341964635,3645.0,2.0,0.0,644,A4
35169.0,0.02006781090018189,0.32546178349804583,0.7413102413009177,0.0,0.020387272882367996,10.0,3.0,0.9751944674569464,0.0819472136478111,3930.0,3.0,0.0,644,A5
35169.0,0.02006781090018189,0.3054921113215514,0.7413102413009177,0.0,0.02033040461770309,10.0,3.0,0.9596791371077135,0.12934152138327704,5740.0,29.0,0.0,644,A6
35169.0,0.02006781090018189,0.31531889793555934,0.7413102413009177,0.0,0.02033040461770309,10.0,3.0,0.970810199636221,0.09382041298682185,4295.0,11.0,0.0,644,B3
35169.0,0.02006781090018189,0.32546178349804583,0.7413102413009177,0.0,0.02033040461770309,10.0,3.0,0.9649536565399482,0.11024906420705995,4705.0,30.0,0.0,644,B6
35169.0,0.02006781090018189,0.31531889793555934,0.7413102413009177,0.0,0.02033040461770309,10.0,3.0,0.9624397840740787,0.11772373397058244,4985.0,33.0,0.0,644,B7
35169.0,0.02006781090018189,0.18407720014689555,0.41927599668460547,0.0,0.0,0.0,1.0,0.9611359639706195,0.12212526761620107,5215.0,23.0,0.0,644,B8
35169.0,0.02006781090018189,0.17834050825119682,0.41927599668460547,0.0,0.0,0.0,1.0,0.9629494154024896,0.11688639566568167,4970.0,18.0,0.0,644,B9
35169.0,0.02006781090018189,0.18407720014689555,0.41927599668460547,0.0,0.0,0.0,1.0,0.960761783617712,0.12373585912742571,5215.0,23.0,0.0,644,B10
35169.0,0.02006781090018189,0.18407720014689555,0.41927599668460547,0.0,0.0,0.0,1.0,0.9611359639706195,0.12212526761620107,5215.0,23.0,0.0,644,B11
35169.0,0.02006781090018189,0.32546178349804583,0.7413102413009177,0.0,0.02033040461770309,10.0,3.0,0.9610080925059316,0.12223277208711072,5130.0,30.0,0.0,644,B12
35169.0,0.02006781090018189,0.32546178349804583,0.7413102413009177,0.0,0.02033040461770309,10.0,3.0,0.9766461206290543,0.07766245975867318,3815.0,4.0,0.0,644,B13
33986.0,0.02006781090018189,0.02006781090018189,0.02006781090018189,0.0,0.0,0.0,0.0,0.9283568891509626,0.22264232320241217,9000.0,0.0,0.0,645,A1
33986.0,0.02006781090018189,0.47588279098881686,1.4876473740795015,0.0,0.0472253280762667,18.0,26.5,0.9818453127326425,0.06736747979973054,3735.0,2.0,0.0,645,A2
33986.0,0.02006781090018189,0.47588279098881686,1.4876473740795015,0.0,0.0472253280762667,18.0,26.5,0.9821791158620846,0.06660625187344708,3735.0,2.0,0.0,645,A3
33986.0,0.02006781090018189,0.47588279098881686,1.4876473740795015,0.0,0.0472253280762667,18.0,26.5,0.9830184175691526,0.06425147840218595,3645.0,2.0,0.0,645,A4
33986.0,0.02006781090018189,0.47588279098881686,1.4876473740795015,0.0,0.0472253280762667,18.0,26.5,0.9808247767514562,0.07059189517816998,3885.0,3.0,0.0,645,A5
33986.0,0.02006781090018189,0.47588279098881686,1.4876473740795015,0.0,0.0472253280762667,18.0,4.0,0.9635238115376111,0.12154388615716522,5875.0,33.0,0.0,645,A6
33986.0,0.02006781090018189,0.47588279098881686,1.4876473740795015,0.0,0.0472253280762667,18.0,4.0,0.9723675394112667,0.09482847327517296,4540.0,15.0,0.0,645,B3
33986.0,0.02006781090018189,0.47588279098881686,1.4876473740795015,0.0,0.0472253280762667,18.0,4.0,0.9684130386734182,0.10548221511420501,4815.0,31.0,0.0,645,B6
33986.0,0.02006781090018189,0.47588279098881686,1.4876473740795015,0.0,0.0472253280762667,18.0,4.0,0.9666748205521996,0.1098875122325257,5025.0,33.0,0.0,645,B7
33986.0,0.02006781090018189,0.31531889793555934,1.0501467677660838,0.0,0.015476961101630084,6.0,1.5,0.9663281248741021,0.11220658020173747,5170.0,26.0,0.05277777777777778,645,B8
33986.0,0.02006781090018189,0.2959715725594465,1.0501467677660838,0.0,0.015476961101630084,6.0,1.5,0.9612902798441763,0.12542270093830152,5520.0,26.0,0.0,645,B9
33986.0,0.02006781090018189,0.31531889793555934,1.0501467677660838,0.0,0.015476961101630084,6.0,1.5,0.9661907988335234,0.11377005648789625,5170.0,26.0,0.05277777777777778,645,B10
33986.0,0.02006781090018189,0.31531889793555934,1.0501467677660838,0.0,0.015476961101630084,6.0,1.5,0.9637923745972143,0.11891944792559553,5325.0,28.0,0.0,645,B11
33986.0,0.02006781090018189,0.47588279098881686,1.4876473740795015,0.0,0.0472253280762667,18.0,4.0,0.9639380188105489,0.12056462186516761,5250.0,29.0,0.0,645,B12
33986.0,0.02006781090018189,0.47588279098881686,1.4876473740795015,0.0,0.0472253280762667,18.0,26.5,0.9809255898362809,0.06982340424465801,3885.0,5.0,0.0,645,B13
36074.0,0.02006781090018189,0.02006781090018189,0.02006781090018189,0.0,0.0,0.0,0.0,0.8704809333325826,0.36062113414474856,14400.0,0.0,0.0,646,A1
36074.0,0.02006781090018189,1.7988709151287874,2.0417379446695296,0.020270832178300162,0.12032904585019681,53.0,14.5,0.9827938055346539,0.07050261082992636,3825.0,2.0,0.0,646,A2
36074.0,0.02006781090018189,1.742809826672464,2.0417379446695296,0.020270832178300162,0.1181113821588956,49.0,14.5,0.9837001492314099,0.06867176489205924,3825.0,2.0,0.0,646,A3
36074.0,0.02006781090018189,1.742809826672464,2.0417379446695296,0.020270832178300162,0.1181113821588956,49.0,14.5,0.9851207228162919,0.0645455035925116,3730.0,2.0,0.0,646,A4
36074.0,0.02006781090018189,0.44668359215096304,0.8413951416451951,0.0,0.04127626545434385,20.0,14.0,0.9781833585297887,0.08424184300829578,4515.0,2.0,0.0,646,A5
36074.0,0.02006781090018189,0.44668359215096304,0.8413951416451951,0.0,0.04127626545434385,20.0,14.0,0.9639889790198516,0.12645306420050642,6235.0,37.0,0.0,646,A6
36074.0,0.02006781090018189,0.557506583166466,2.0417379446695296,0.008926096357487387,0.055718800243943004,28.0,14.0,0.9769216515336184,0.08742688181307576,4535.0,12.0,0.07222222222222222,646,B3
36074.0,0.02006781090018189,0.557506583166466,2.0417379446695296,0.008926096357487387,0.055718800243943004,28.0,14.0,0.9691079443472143,0.10744575922561729,5030.0,29.0,0.05,646,B6
36074.0,0.02006781090018189,0.557506583166466,2.0417379446695296,0.008926096357487387,0.055718800243943004,28.0,14.0,0.9662840064013276,0.11370384687499364,5365.0,32.0,0.05277777777777778,646,B7
36074.0,0.02006781090018189,0.41927599668460547,2.0417379446695296,0.008926096357487387,0.039945667239563123,20.0,13.0,0.9706834744888023,0.10501603951945514,4990.0,20.0,0.09444444444444444,646,B8
36074.0,0.02006781090018189,0.41927599668460547,2.0417379446695296,0.008926096357487387,0.039945667239563123,20.0,13.0,0.9723907910140182,0.10122499758486798,4960.0,18.0,0.1361111111111111,646,B9
36074.0,0.02006781090018189,0.41927599668460547,2.0417379446695296,0.008926096357487387,0.039945667239563123,20.0,13.0,0.9730259359598795,0.10188482210252012,4990.0,20.0,0.09444444444444444,646,B10
36074.0,0.02006781090018189,0.41927599668460547,2.0417379446695296,0.008926096357487387,0.039945667239563123,20.0,13.0,0.9637033579513185,0.1238011807477657,5520.0,23.0,0.0,646,B11
36074.0,0.02006781090018189,0.557506583166466,2.0417379446695296,0.008926096357487387,0.055718800243943004,28.0,14.0,0.9654027610287366,0.1197473452286383,5405.0,29.0,0.058333333333333334,646,B12
36074.0,0.02006781090018189,0.557506583166466,2.0417379446695296,0.008926096357487387,0.055718800243943004,28.0,14.0,0.9833099309399093,0.0689410087064799,3990.0,2.0,0.06111111111111111,646,B13
51900.0,0.02006781090018189,0.02006781090018189,0.02006781090018189,0.0,0.0,0.0,0.0,0.9487703516103396,0.17846865295219502,10800.0,0.0,0.0,647,A1
51900.0,0.02006781090018189,0.6958249547006052,2.0417379446695296,0.0016666666666666668,0.064383429672447,53.0,41.666666666666664,0.9881355153508802,0.0600898513894974,4275.0,5.0,0.0,647,A2
51900.0,0.02006781090018189,0.6531305526474723,1.9164610627353873,0.0007899807321772639,0.060558766859344894,47.0,41.666666666666664,0.989716895286475,0.056611139609471804,4275.0,5.0,0.0,647,A3
51900.0,0.02006781090018189,0.8413951416451951,1.9164610627353873,0.0007899807321772639,0.0807514450867052,57.0,41.666666666666664,0.9890844739239499,0.05649742097439784,4085.0,14.0,0.0,647,A4
51900.0,0.02006781090018189,0.3054921113215514,1.0839269140212038,0.0,0.02905587668593449,25.0,2.6666666666666665,0.9845939624105128,0.07399725729194503,5205.0,9.0,0.0,647,A5
51900.0,0.02006781090018189,0.26076542044591006,1.2302687708123812,0.0,0.03211946050096339,25.0,41.666666666666664,0.9723198858299255,0.1101572995166685,7145.0,36.0,0.0,647,A6
51900.0,0.02006781090018189,0.25263877101318966,0.8684603593990751,0.0,0.02655105973025048,17.0,2.6666666666666665,0.9827178069990714,0.07792932086962417,5065.0,16.0,0.030555555555555555,647,B3
51900.0,0.02006781090018189,0.41927599668460547,1.584893192461114,0.0,0.04327552986512524,26.0,41.666666666666664,0.9793972141902318,0.08615277006396774,5200.0,33.0,0.0,647,B6
51900.0,0.02006781090018189,0.26076542044591006,1.2302687708123812,0.0,0.03144508670520231,19.0,41.666666666666664,0.97611894164886,0.09536355341197207,5955.0,36.0,0.0,647,B7
51900.0,0.02006781090018189,0.2225871044793004,0.8684603593990751,0.0,0.024007707129094412,15.0,2.0,0.9787322673869715,0.09007377509843856,5575.0,19.0,0.05555555555555555,647,B8
51900.0,0.02006781090018189,0.21565026690607325,0.8684603593990751,0.0,0.019865125240847784,12.0,2.0,0.9782825984765889,0.09278883808931651,5775.0,18.0,0.0,647,B9
51900.0,0.02006781090018189,0.2447653853410146,0.8684603593990751,0.0,0.02421965317919075,16.0,2.0,0.9794929084796733,0.08956755142898992,5575.0,19.0,0.05555555555555555,647,B10
51900.0,0.02006781090018189,0.2225871044793004,0.8684603593990751,0.0,0.024007707129094412,15.0,2.0,0.9773046017535901,0.09436584303185414,5735.0,21.0,0.0,647,B11
51900.0,0.02006781090018189,0.3578903595427346,1.584893192461114,0.0,0.03842003853564547,24.0,41.666666666666664,0.9772068879370119,0.09450305034502553,5650.0,30.0,0.0,647,B12
51900.0,0.02006781090018189,0.32546178349804583,0.8684603593990751,0.0,0.026589595375722544,17.0,41.666666666666664,0.9869181641702284,0.06379933213035596,4510.0,8.0,0.0,647,B13
83784.0,0.02006781090018189,0.02006781090018189,0.02006781090018189,0.0,0.0,0.0,0.0,0.9500364245162076,0.166920999070832,14400.0,0.0,0.0,648,A1
83784.0,0.02006781090018189,0.8413951416451951,2.0417379446695296,0.010276425093096534,0.06797240523250263,62.0,41.285714285714285,0.9901134425436872,0.05169355572124989,5145.0,8.0,0.0,648,A2
83784.0,0.02006781090018189,0.8151734005153627,2.0417379446695296,0.010276425093096534,0.06676692447245297,57.0,41.285714285714285,0.9909422980654563,0.05003003910507399,5145.0,8.0,0.0,648,A3
83784.0,0.02006781090018189,1.6358745652400533,2.0417379446695296,0.012758999331614628,0.11338680416308602,100.0,56.714285714285715,0.990134501839136,0.049016433408527446,4675.0,20.0,0.0,648,A4
83784.0,0.02006781090018189,0.10746078283213174,2.0417379446695296,0.009536427002769025,0.030256373531939273,33.0,5.0,0.9821068108720306,0.08030071727893588,7710.0,18.0,0.0,648,A5
83784.0,0.02006781090018189,0.08886893998466987,0.9252306262333164,0.0,0.025959610426811802,22.0,2.4285714285714284,0.9750266710434664,0.10143749218536068,9560.0,46.0,0.0,648,A6
83784.0,0.02006781090018189,0.6741398498898495,2.0417379446695296,0.00600353289410866,0.05965339444285305,44.0,20.714285714285715,0.9846032846720747,0.07174800256798028,6915.0,21.0,0.0,648,B3
83784.0,0.02006781090018189,0.7182076058301705,2.0417379446695296,0.003807409529265731,0.06423660842165568,52.0,39.42857142857143,0.9805371420200019,0.07655562435139546,6410.0,31.0,0.0,648,B6
83784.0,0.02006781090018189,0.3054921113215514,1.5355006336570662,0.0007399980903275089,0.03549603742958082,27.0,3.142857142857143,0.9782293151815841,0.08995373750734359,7870.0,37.0,0.0,648,B7
83784.0,0.02006781090018189,0.2959715725594465,1.8567353246307055,0.0007399980903275089,0.03503055475985868,26.0,39.0,0.9825363218580492,0.07846251328857129,7130.0,14.0,0.0,648,B8
83784.0,0.02006781090018189,0.32546178349804583,1.5355006336570662,0.0007399980903275089,0.030936694356917788,24.0,38.0,0.9783975032277948,0.09089597789048244,7915.0,14.0,0.0,648,B9
83784.0,0.02006781090018189,0.3054921113215514,1.8567353246307055,0.0007399980903275089,0.03536474744581304,28.0,39.0,0.9817276210452494,0.08085043616170509,7130.0,14.0,0.0,648,B10
83784.0,0.02006781090018189,0.2959715725594465,1.8567353246307055,0.0007399980903275089,0.03503055475985868,26.0,39.0,0.9825363218580492,0.07846251328857129,7130.0,14.0,0.0,648,B11
83784.0,0.02006781090018189,0.6327760017024558,1.8567353246307055,0.0007399980903275089,0.059999522581877206,44.0,39.42857142857143,0.9788345867166339,0.08647358950050495,7485.0,28.0,0.0,648,B12
83784.0,0.02006781090018189,0.8413951416451951,2.0417379446695296,0.013319965625895158,0.05872242910340877,49.0,26.714285714285715,0.9877493022187761,0.06098792007965908,6050.0,23.0,0.0,648,B13
76228.0,0.02006781090018189,0.02006781090018189,0.02006781090018189,0.0,0.0,0.0,0.0,0.9149163041756768,0.26049059618066567,14400.0,0.0,0.0,649,A1
76228.0,0.02006781090018189,1.6358745652400533,2.0417379446695296,0.0064641601511255704,0.1314379230728866,106.0,85.6,0.9717405613739044,0.09009395826241744,5115.0,10.0,0.0,649,A2
76228.0,0.02006781090018189,1.584893192461114,2.0417379446695296,0.00599517237760403,0.12763026709345648,97.0,85.6,0.9727533528911242,0.08780414575785586,5115.0,10.0,0.0,649,A3
76228.0,0.02006781090018189,1.584893192461114,2.0417379446695296,0.011675499816340452,0.14311014325444718,115.0,79.6,0.970099325261338,0.0924384721025691,4720.0,27.0,0.0,649,A4
76228.0,0.02006781090018189,0.2447653853410146,1.0839269140212038,0.0,0.030474366374560528,22.0,54.6,0.9548983062990622,0.14059754693922333,7740.0,15.0,0.0,649,A5
76228.0,0.02006781090018189,0.44668359215096304,1.8567353246307055,0.0058246313690507425,0.04691189589127355,42.0,71.6,0.9391679275001625,0.1857539558654526,9525.0,46.0,0.0,649,A6
76228.0,0.02006781090018189,0.4911905467933634,1.6884958594867534,0.00014430393031432019,0.049023980689510416,31.0,54.8,0.960877262408587,0.12470145555134514,6870.0,14.0,0.0,649,B3
76228.0,0.02006781090018189,1.0839269140212038,1.9164610627353873,0.00696594427244582,0.08304035262633153,62.0,78.2,0.957766010594514,0.12930638426869315,6505.0,34.0,0.0,649,B6
76228.0,0.02006781090018189,0.8684603593990751,1.742809826672464,0.0055884976649000365,0.07237498032219132,52.0,78.2,0.946979877627803,0.16074869938138225,7965.0,47.0,0.0,649,B7
76228.0,0.02006781090018189,0.6531305526474723,1.6884958594867534,0.0,0.05608175473579262,33.0,55.6,0.9579813004544909,0.13330610844374607,7220.0,18.0,0.0,649,B8
76228.0,0.02006781090018189,0.47588279098881686,1.3963683610559376,0.0,0.04654457679592801,28.0,55.6,0.9568414019576404,0.13763910245338973,7245.0,17.0,0.0,649,B9
76228.0,0.02006781090018189,0.6531305526474723,1.6884958594867534,0.0,0.05610799181403159,33.0,55.6,0.9569369769164657,0.13652069155328314,7220.0,18.0,0.0,649,B10
76228.0,0.02006781090018189,0.6531305526474723,1.6884958594867534,0.0,0.05608175473579262,33.0,55.6,0.9579813004544909,0.13330610844374607,7220.0,18.0,0.0,649,B11
76228.0,0.02006781090018189,0.32546178349804583,1.191927939457827,0.0,0.03378023823267041,21.0,54.8,0.9526098826462365,0.14639672154166375,7375.0,22.0,0.0,649,B12
76228.0,0.02006781090018189,1.1547819846894583,1.9164610627353873,0.0006165713386157317,0.09726084903185181,67.0,79.0,0.9646703126345417,0.11000864146036554,5800.0,21.0,0.0,649,B13
69244.0,0.02006781090018189,0.02006781090018189,0.02006781090018189,0.0,0.0,0.0,0.0,0.8175864487260397,0.5197490277596928,14400.0,0.0,0.0,650,A1
69244.0,0.02006781090018189,1.3963683610559376,2.0417379446695296,0.011437814106637398,0.11631332678643637,81.0,61.0,0.9131391204139786,0.19967522424053671,4935.0,9.0,0.0,650,A2
69244.0,0.02006781090018189,1.3963683610559376,2.0417379446695296,0.011437814106637398,0.11541794234879556,79.0,61.0,0.9138455352082067,0.1983018383843133,4935.0,9.0,0.0,650,A3
69244.0,0.02006781090018189,1.3963683610559376,2.0417379446695296,0.011437814106637398,0.13618508462827103,98.0,54.0,0.9262668289198469,0.1677570476131169,4450.0,21.0,0.0,650,A4
69244.0,0.02006781090018189,0.06898425842094826,0.5754399373371569,0.0,0.016001386401709894,9.0,19.428571428571427,0.8826955804587073,0.2844275898088786,6975.0,7.0,0.0,650,A5
69244.0,0.02006781090018189,0.44668359215096304,1.9781080029332403,0.004159205129686327,0.047296516665703885,35.0,36.42857142857143,0.8689986509043142,0.32871706778808324,8415.0,39.0,0.0,650,A6
69244.0,0.02006781090018189,0.5939501549952435,1.2698429144338064,0.00015885852925885276,0.0615504592455664,34.0,20.0,0.8868545061311964,0.267079204306557,6215.0,14.0,0.19166666666666668,650,B3
69244.0,0.02006781090018189,1.584893192461114,2.0417379446695296,0.011163422101553926,0.10488995436427705,70.0,54.0,0.9078784367469491,0.2143924404912048,5580.0,29.0,0.225,650,B6
69244.0,0.02006781090018189,1.2302687708123812,2.0417379446695296,0.008000693200854947,0.07912598925538675,51.0,53.57142857142857,0.8867667310101941,0.2735587194414113,7260.0,39.0,0.0,650,B7
69244.0,0.02006781090018189,0.47588279098881686,1.1547819846894583,0.0,0.04466813009069378,22.0,19.571428571428573,0.8961657748244423,0.24262287655837073,5920.0,10.0,0.20833333333333334,650,B8
69244.0,0.02006781090018189,0.5232991146814947,1.3528511027866506,5.7766737912310095e-05,0.05167234706256138,27.0,53.0,0.8904416990864714,0.2570193406127089,6335.0,14.0,0.20277777777777778,650,B9
69244.0,0.02006781090018189,0.47588279098881686,1.1547819846894583,0.0,0.04479810525099648,23.0,19.571428571428573,0.8952168863531236,0.24458966597211093,5920.0,10.0,0.20833333333333334,650,B10
69244.0,0.02006781090018189,0.44668359215096304,1.1547819846894583,0.0,0.04173646814164404,19.0,19.571428571428573,0.8888766932156957,0.2633354723526198,6380.0,6.0,0.0,650,B11
69244.0,0.02006781090018189,1.0839269140212038,2.0417379446695296,0.006686499913349893,0.07701750332158742,48.0,19.714285714285715,0.8797545109126255,0.28843275564606213,7025.0,29.0,0.0,650,B12
69244.0,0.02006781090018189,1.7988709151287874,2.0417379446695296,0.015726994396626424,0.13193922939171626,91.0,37.285714285714285,0.9112384385152523,0.20882429764031082,5295.0,24.0,0.041666666666666664,650,B13
80447.0,0.02006781090018189,0.02006781090018189,0.02006781090018189,0.0,0.0,0.0,0.0,0.9285198848158984,0.22043446012427087,16200.0,0.0,0.0,651,A1
80447.0,0.02006781090018189,0.7651560209006901,2.0417379446695296,0.004176662896068219,0.06884035451912439,53.0,59.125,0.9783941993274307,0.08529061104364391,6030.0,13.0,0.0,651,A2
80447.0,0.02006781090018189,0.7413102413009177,2.0417379446695296,0.004176662896068219,0.06834313274578294,51.0,59.125,0.9805813332118147,0.08084109652907036,6030.0,13.0,0.0,651,A3
80447.0,0.02006781090018189,1.742809826672464,2.0417379446695296,0.023058659738709956,0.14776188049274677,146.0,75.375,0.9813490574681057,0.07453520255222609,4955.0,33.0,0.0,651,A4
80447.0,0.02006781090018189,0.2867477375581316,1.2698429144338064,0.0009198602806816911,0.032568026153865275,23.0,48.25,0.971572443289131,0.10715005697917632,8070.0,18.0,0.0,651,A5
80447.0,0.02006781090018189,1.1187936686591167,2.0417379446695296,0.004313398883737119,0.07787736024960533,57.0,46.375,0.9667561868941689,0.12089053793483605,8905.0,37.0,0.0,651,A6
80447.0,0.02006781090018189,0.47588279098881686,2.0417379446695296,0.010789712481509565,0.04804405384911805,33.0,43.25,0.9744988015735249,0.09684892772207011,7355.0,18.0,0.058333333333333334,651,B3
80447.0,0.02006781090018189,1.4412854420872234,2.0417379446695296,0.019988315288326477,0.09163797282683009,73.0,55.125,0.9772080795241485,0.08904901810744402,6635.0,36.0,0.0,651,B6
80447.0,0.02006781090018189,1.4412854420872234,2.0417379446695296,0.019988315288326477,0.08963665518913073,75.0,61.375,0.9681256244120227,0.11140529248770488,8175.0,50.0,0.06666666666666667,651,B7
80447.0,0.02006781090018189,0.36940264435828357,1.5355006336570662,0.003256802615386528,0.03448232998122988,24.0,40.25,0.9784895222859091,0.08962494672687275,6950.0,15.0,0.125,651,B8
80447.0,0.02006781090018189,0.5069907082747045,2.0417379446695296,0.00796797891779681,0.04922495556080401,36.0,10.875,0.9749343424142631,0.09963125683206076,7380.0,15.0,0.12222222222222222,651,B9
80447.0,0.02006781090018189,0.36940264435828357,1.5355006336570662,0.003256802615386528,0.03448232998122988,24.0,40.25,0.9771354240520086,0.0926405202939007,6950.0,15.0,0.125,651,B10
80447.0,0.02006781090018189,0.2447653853410146,1.5355006336570662,0.003256802615386528,0.025047546832075777,17.0,40.0,0.9767448609171224,0.09625652365202285,7585.0,14.0,0.0,651,B11
80447.0,0.02006781090018189,0.557506583166466,2.0417379446695296,0.006476313597772446,0.05163648116151006,36.0,40.25,0.9727188908683109,0.10419196516440735,7725.0,31.0,0.0,651,B12
80447.0,0.02006781090018189,0.7413102413009177,2.0417379446695296,0.004176662896068219,0.071102713587828,49.0,43.25,0.9790521238134103,0.08387763273347368,6275.0,22.0,0.03333333333333333,651,B13
85652.0,0.02006781090018189,0.02006781090018189,0.02006781090018189,0.0,0.0,0.0,0.0,0.7337650439441983,0.6770083195602827,41400.0,0.0,0.0,652,A1
85652.0,0.02006781090018189,2.0417379446695296,2.1074146752966985,0.17554172698827814,0.11406038387895204,91.0,73.2,0.9825984439517184,0.07065640459502592,5325.0,9.0,0.0,652,A2
85652.0,0.02006781090018189,2.0417379446695296,2.3173946499684797,0.17554172698827814,0.11100149441927801,81.0,73.2,0.9842413513537908,0.06739652479380512,5325.0,9.0,0.0,652,A3
85652.0,0.02006781090018189,2.0417379446695296,2.468880104906209,0.176697566898613,0.13379138840891047,110.0,96.8,0.9857583340824522,0.06286094881283359,4725.0,21.0,0.0,652,A4
85652.0,0.02006781090018189,2.0417379446695296,3.388441561392024,0.12447461822257506,0.11828678839957035,54.0,72.6,0.9719345976235946,0.09917671525217586,7560.0,9.0,0.0,652,A5
85652.0,0.02006781090018189,2.0417379446695296,3.388441561392024,0.1195243543641713,0.14194064353430158,73.0,75.2,0.9582131788672416,0.13912231918843354,9285.0,42.0,0.0,652,A6
85652.0,0.02006781090018189,2.0417379446695296,2.7148760106825023,0.10439335917433334,0.15760869565217392,69.0,73.4,0.9792220050739203,0.08192697077048053,6665.0,17.0,0.09722222222222222,652,B3
85652.0,0.02006781090018189,2.0417379446695296,2.7148760106825023,0.12004389856629151,0.15300284873674871,80.0,96.8,0.9730975061377368,0.09561336817404895,7275.0,29.0,0.058333333333333334,652,B6
85652.0,0.02006781090018189,2.0417379446695296,2.7148760106825023,0.12004389856629151,0.14688506981740065,76.0,75.2,0.9645248488052623,0.12073492709139887,9360.0,45.0,0.058333333333333334,652,B7
85652.0,0.02006781090018189,2.0417379446695296,2.892344370499147,0.11142471862887031,0.12701688226778127,54.0,4.6,0.9723753910171904,0.1011685825536312,7350.0,20.0,0.07222222222222222,652,B8
85652.0,0.02006781090018189,2.0417379446695296,2.6302679918953813,0.11689744547704665,0.12579391024144213,59.0,28.6,0.9719501025477706,0.10350100724977898,7900.0,21.0,0.10277777777777777,652,B9
85652.0,0.02006781090018189,2.0417379446695296,3.4974378036641802,0.11159108952505488,0.1264769065520945,55.0,4.6,0.9734484809236892,0.09994459740042526,7350.0,20.0,0.07222222222222222,652,B10
85652.0,0.02006781090018189,2.0417379446695296,2.892344370499147,0.11142471862887031,0.1186107738289824,46.0,4.6,0.9581160412402228,0.1374217517964932,9560.0,19.0,0.0,652,B11
85652.0,0.02006781090018189,2.0417379446695296,2.7148760106825023,0.12004389856629151,0.15300284873674871,80.0,96.8,0.9695769139220801,0.10667926864593404,7730.0,27.0,0.06111111111111111,652,B12
85652.0,0.02006781090018189,2.0417379446695296,2.7148760106825023,0.11034184840984448,0.1579064119927147,74.0,73.4,0.9818078286648476,0.07359509819183817,6105.0,18.0,0.07222222222222222,652,B13
34738.0,0.02006781090018189,0.02006781090018189,0.02006781090018189,0.0,0.0,0.0,0.0,0.93514335624019,0.2080446504024764,9000.0,0.0,0.0,653,A1
34738.0,0.02006781090018189,0.6741398498898495,1.4876473740795015,0.0,0.06324486153491854,27.0,9.0,0.9832555590779986,0.0683183358301889,3735.0,2.0,0.0,653,A2
34738.0,0.02006781090018189,0.6741398498898495,1.4876473740795015,0.0,0.06324486153491854,27.0,9.0,0.9835050268495853,0.06778905030028513,3735.0,2.0,0.0,653,A3
34738.0,0.02006781090018189,0.6741398498898495,1.4876473740795015,0.0,0.06324486153491854,27.0,9.0,0.9839018484342444,0.0665952265841064,3685.0,4.0,0.0,653,A4
34738.0,0.02006781090018189,0.6741398498898495,1.4876473740795015,0.0,0.06333122229259025,27.0,9.0,0.9814159496513128,0.07425857736144245,4020.0,5.0,0.0,653,A5
34738.0,0.02006781090018189,0.6741398498898495,1.4876473740795015,0.0,0.06324486153491854,27.0,9.0,0.9664967156808474,0.11727989068874604,5625.0,32.0,0.0,653,A6
34738.0,0.02006781090018189,0.6741398498898495,1.4876473740795015,0.0,0.06324486153491854,27.0,9.0,0.9728963287643342,0.096368245515901,4645.0,21.0,0.030555555555555555,653,B3
34738.0,0.02006781090018189,0.6741398498898495,1.4876473740795015,0.0,0.06324486153491854,27.0,9.0,0.9697794368402193,0.1044552870397752,4775.0,31.0,0.0,653,B6
34738.0,0.02006781090018189,0.6741398498898495,1.4876473740795015,0.0,0.06324486153491854,27.0,9.0,0.9664214716410415,0.11302655701412652,5180.0,32.0,0.0,653,B7
34738.0,0.02006781090018189,0.31531889793555934,1.3528511027866506,0.0,0.02058264724509183,10.0,5.0,0.9677456252932379,0.11073795225312211,5000.0,24.0,0.058333333333333334,653,B8
34738.0,0.02006781090018189,0.31531889793555934,1.3528511027866506,0.0,0.02058264724509183,10.0,5.0,0.9662000982997665,0.11536930949817162,5215.0,23.0,0.0,653,B9
34738.0,0.02006781090018189,0.31531889793555934,1.3528511027866506,0.0,0.02058264724509183,10.0,5.0,0.9690538622555894,0.10921953721314584,5000.0,24.0,0.058333333333333334,653,B10
34738.0,0.02006781090018189,0.31531889793555934,1.3528511027866506,0.0,0.02058264724509183,10.0,5.0,0.9660307562436258,0.11533341064825216,5160.0,26.0,0.0,653,B11
34738.0,0.02006781090018189,0.6741398498898495,1.4876473740795015,0.0,0.06324486153491854,27.0,9.0,0.9667196290786454,0.11543822565838124,5225.0,31.0,0.0,653,B12
34738.0,0.02006781090018189,0.6741398498898495,1.4876473740795015,0.0,0.06324486153491854,27.0,9.0,0.9809903977929662,0.07425623915242618,4005.0,7.0,0.0,653,B13
55781.0,0.02006781090018189,0.02006781090018189,0.02006781090018189,0.0,0.0,0.0,,0.6319455290175994,0.9287709048603447,43200.0,0.0,0.0,654,A1
55781.0,0.02006781090018189,2.0417379446695296,2.0417379446695296,0.1141248812319607,0.2296839425610871,59.0,,0.9698102099407869,0.09616589890106436,5220.0,5.0,0.0,654,A2
55781.0,0.02006781090018189,2.0417379446695296,2.0417379446695296,0.1141248812319607,0.2296839425610871,59.0,,0.9705145337032444,0.09485721655313055,5220.0,5.0,0.0,654,A3
55781.0,0.02006781090018189,2.0417379446695296,2.0417379446695296,0.08454491672791811,0.2535451139276815,57.0,,0.9787452472161963,0.07447154873124895,4495.0,7.0,0.0,654,A4
55781.0,0.02006781090018189,2.0417379446695296,2.0417379446695296,0.05666804108925978,0.273049963249135,56.0,,0.9557492424278686,0.12898436245148845,7050.0,6.0,0.0,654,A5
55781.0,0.02006781090018189,2.0417379446695296,2.0417379446695296,0.03067352682813144,0.28163711658091467,51.0,,0.9483185658489619,0.15880307879854313,8660.0,36.0,0.0,654,A6
55781.0,0.02006781090018189,2.0417379446695296,2.0417379446695296,0.1467524784424804,0.19334540434915115,57.0,,0.9632322891705202,0.1154627734143803,6060.0,20.0,0.09444444444444444,654,B3
55781.0,0.02006781090018189,2.0417379446695296,2.468880104906209,0.18951793621484017,0.17748875064986286,67.0,,0.9632962270451784,0.11592600952243015,6210.0,27.0,0.20555555555555555,654,B6
55781.0,0.02006781090018189,2.0417379446695296,2.468880104906209,0.18951793621484017,0.17397500941180688,65.0,,0.9543054820905555,0.14133111537495505,7540.0,34.0,0.04722222222222222,654,B7
55781.0,0.02006781090018189,2.0417379446695296,2.0417379446695296,0.08454491672791811,0.24614115917606352,54.0,,0.9621816945978447,0.12059308352525343,6135.0,21.0,0.11944444444444445,654,B8
55781.0,0.02006781090018189,2.0417379446695296,2.0417379446695296,0.11383804521252756,0.21699144870117065,55.0,,0.9600564090747742,0.1263964209681339,6605.0,20.0,0.1361111111111111,654,B9
55781.0,0.02006781090018189,2.0417379446695296,2.0417379446695296,0.08454491672791811,0.2440436707839587,52.0,,0.9625768053566054,0.12073994650948235,6135.0,21.0,0.11944444444444445,654,B10
55781.0,0.02006781090018189,2.0417379446695296,2.0417379446695296,0.08454491672791811,0.24614115917606352,54.0,,0.9497712793849963,0.15243388291163332,7295.0,23.0,0.0,654,B11
55781.0,0.02006781090018189,2.0417379446695296,2.6302679918953813,0.17731844176332442,0.18872017353579176,68.0,,0.9541602712012605,0.14163129754529363,7155.0,31.0,0.05555555555555555,654,B12
55781.0,0.02006781090018189,2.0417379446695296,2.468880104906209,0.17174306663559277,0.19585521951919113,68.0,,0.973912597769589,0.08526038299195479,5175.0,9.0,0.058333333333333334,654,B13
35701.0,0.02006781090018189,0.02006781090018189,0.02006781090018189,0.0,0.0,0.0,,0.9333729992887844,0.21525197604153398,9000.0,0.0,0.0,655,A1
35701.0,0.02006781090018189,0.6741398498898495,1.6884958594867534,2.8010419876193944e-05,0.06865353911655135,31.0,,0.9793356080202738,0.0716895472385909,3735.0,2.0,0.0,655,A2
35701.0,0.02006781090018189,0.6741398498898495,1.6884958594867534,2.8010419876193944e-05,0.06865353911655135,31.0,,0.9798085974960506,0.07066085449782256,3735.0,2.0,0.0,655,A3
35701.0,0.02006781090018189,0.6741398498898495,1.6884958594867534,2.8010419876193944e-05,0.06865353911655135,31.0,,0.9807439185307117,0.06804608390266763,3645.0,2.0,0.0,655,A4
35701.0,0.02006781090018189,0.6741398498898495,1.6884958594867534,2.8010419876193944e-05,0.06865353911655135,31.0,,0.9781967873255458,0.07521345772493741,3885.0,3.0,0.0,655,A5
35701.0,0.02006781090018189,0.5939501549952435,1.6884958594867534,2.8010419876193944e-05,0.05744937116607378,26.0,,0.9606053328172016,0.12941078794825714,5875.0,30.0,0.0,655,A6
35701.0,0.02006781090018189,0.6741398498898495,1.6884958594867534,2.8010419876193944e-05,0.06655275762583682,30.0,,0.9664353918309156,0.10918865150683608,4820.0,23.0,0.041666666666666664,655,B3
35701.0,0.02006781090018189,0.6741398498898495,1.6884958594867534,2.8010419876193944e-05,0.06655275762583682,30.0,,0.9651393504892237,0.11445763126629022,5085.0,28.0,0.0,655,B6
35701.0,0.02006781090018189,0.5939501549952435,1.6884958594867534,2.8010419876193944e-05,0.05744937116607378,26.0,,0.9635747617151904,0.11910764171218631,5230.0,32.0,0.0,655,B7
35701.0,0.02006781090018189,0.6327760017024558,1.6884958594867534,2.8010419876193944e-05,0.0573653399064452,24.0,,0.9647344556962163,0.11520176423441537,5055.0,18.0,0.06944444444444445,655,B8
35701.0,0.02006781090018189,0.6327760017024558,1.6884958594867534,2.8010419876193944e-05,0.0573653399064452,24.0,,0.9589279737537642,0.1317753166732294,5615.0,26.0,0.0,655,B9
35701.0,0.02006781090018189,0.6327760017024558,1.6884958594867534,2.8010419876193944e-05,0.0573653399064452,24.0,,0.9653969301287919,0.1149851134062746,5055.0,18.0,0.06944444444444445,655,B10
35701.0,0.02006781090018189,0.6327760017024558,1.6884958594867534,2.8010419876193944e-05,0.0573653399064452,24.0,,0.962153524299524,0.1229626790240393,5280.0,22.0,0.0,655,B11
35701.0,0.02006781090018189,0.6741398498898495,1.6884958594867534,2.8010419876193944e-05,0.06655275762583682,30.0,,0.959605952642846,0.13192465291218014,5610.0,28.0,0.0,655,B12
35701.0,0.02006781090018189,0.6741398498898495,1.6884958594867534,2.8010419876193944e-05,0.06865353911655135,31.0,,0.9771663913867443,0.07698821396202019,3905.0,5.0,0.0,655,B13
48679.0,0.02006781090018189,0.02006781090018189,0.02006781090018189,0.0,0.0,0.0,0.0,0.8071926146531395,0.5141101845239755,27000.0,0.0,0.0,656,A1
48679.0,0.02006781090018189,2.0417379446695296,2.6302679918953813,0.09746502598656505,0.1251977238645001,55.0,14.0,0.9835747946922587,0.0635567153658828,4155.0,3.0,0.0,656,A2
48679.0,0.02006781090018189,2.0417379446695296,2.6302679918953813,0.09746502598656505,0.12532098029951314,55.0,14.0,0.9838112586726101,0.06308895741838776,4155.0,3.0,0.0,656,A3
48679.0,0.02006781090018189,2.0417379446695296,2.7148760106825023,0.09746502598656505,0.12476632634195443,54.0,13.666666666666666,0.9862327250532722,0.05585397311125737,3820.0,3.0,0.0,656,A4
48679.0,0.02006781090018189,2.0417379446695296,3.388441561392024,0.07958257154008916,0.13104213315803528,55.0,13.0,0.9793785635033582,0.0755788044857281,4740.0,4.0,0.0,656,A5
48679.0,0.02006781090018189,2.0417379446695296,2.7148760106825023,0.07313215144107316,0.12693358532426713,45.0,4.666666666666667,0.9675183533733098,0.11409380879861442,6730.0,37.0,0.0,656,A6
48679.0,0.02006781090018189,2.0417379446695296,2.1074146752966985,0.04817785903572382,0.14864212494093962,46.0,3.3333333333333335,0.9776654237777421,0.08215272427404413,5085.0,21.0,0.1,656,B3
48679.0,0.02006781090018189,2.0417379446695296,2.1752040340195222,0.06840732143223978,0.13486308264343969,48.0,4.666666666666667,0.9746053519453618,0.08979785611054449,5595.0,27.0,0.1361111111111111,656,B6
48679.0,0.02006781090018189,2.0417379446695296,2.1752040340195222,0.06840732143223978,0.12861808993611207,44.0,4.666666666666667,0.9666143640792892,0.1098532643775096,6880.0,33.0,0.05555555555555555,656,B7
48679.0,0.02006781090018189,2.0417379446695296,2.0417379446695296,0.044177160582592086,0.12435547155857762,31.0,2.0,0.9764688987931348,0.08748259834330359,5250.0,17.0,0.13055555555555556,656,B8
48679.0,0.02006781090018189,2.0417379446695296,2.0417379446695296,0.04544053904147579,0.12446845662400624,32.0,2.0,0.9756454809800605,0.08928913247184647,5595.0,16.0,0.1361111111111111,656,B9
48679.0,0.02006781090018189,2.0417379446695296,2.0417379446695296,0.044177160582592086,0.12439655703691531,31.0,2.0,0.9772516131338704,0.0869407577560848,5250.0,17.0,0.13055555555555556,656,B10
48679.0,0.02006781090018189,2.0417379446695296,2.0417379446695296,0.044177160582592086,0.12435547155857762,31.0,2.0,0.966322953007694,0.11589679220398907,6305.0,18.0,0.0,656,B11
48679.0,0.02006781090018189,2.0417379446695296,2.1752040340195222,0.06840732143223978,0.13486308264343969,48.0,4.666666666666667,0.9718129364146365,0.10019465426315069,6010.0,29.0,0.06111111111111111,656,B12
48679.0,0.02006781090018189,2.0417379446695296,2.3173946499684797,0.05397604716612913,0.14588426220752276,47.0,3.3333333333333335,0.9844304926248176,0.06140659202072325,4350.0,5.0,0.06388888888888888,656,B13
43769.0,0.02006781090018189,0.02006781090018189,0.02006781090018189,0.0,0.0,0.0,0.0,0.9497650679539948,0.18214569516148765,10800.0,0.0,0.0,657,A1
43769.0,0.02006781090018189,0.5401321147646347,1.9164610627353873,0.0008681943841531678,0.05647832941122712,30.0,2.6666666666666665,0.989236316546236,0.049006860714977736,3735.0,2.0,0.0,657,A2
43769.0,0.02006781090018189,0.5401321147646347,1.9164610627353873,0.0008681943841531678,0.05647832941122712,30.0,2.6666666666666665,0.9893210582947644,0.0487877658514419,3735.0,2.0,0.0,657,A3
43769.0,0.02006781090018189,0.5401321147646347,1.9164610627353873,0.0008681943841531678,0.05647832941122712,30.0,2.6666666666666665,0.9902605434522237,0.045871661051253225,3645.0,2.0,0.0,657,A4
43769.0,0.02006781090018189,0.5401321147646347,1.9164610627353873,0.0008681943841531678,0.0545363156572003,28.0,2.6666666666666665,0.9849278928586072,0.06435747608465753,4320.0,9.0,0.0,657,A5
43769.0,0.02006781090018189,0.5232991146814947,1.9164610627353873,0.0008681943841531678,0.05248006579999543,28.0,2.6666666666666665,0.9740124248206374,0.10070501174276249,6055.0,36.0,0.0,657,A6
43769.0,0.02006781090018189,0.5232991146814947,1.9164610627353873,0.0008681943841531678,0.052639996344444696,28.0,2.6666666666666665,0.9803095694654596,0.07824759480729152,4835.0,23.0,0.05277777777777778,657,B3
43769.0,0.02006781090018189,0.5232991146814947,1.9164610627353873,0.0008681943841531678,0.052639996344444696,28.0,2.6666666666666665,0.9792148754457267,0.08024818584455773,4890.0,28.0,0.0,657,B6
43769.0,0.02006781090018189,0.5232991146814947,1.9164610627353873,0.0008681943841531678,0.05248006579999543,28.0,2.6666666666666665,0.9765751427055875,0.0888658057989699,5385.0,34.0,0.0,657,B7
43769.0,0.02006781090018189,0.32546178349804583,1.584893192461114,0.0008681943841531678,0.022801526194338458,14.0,1.3333333333333333,0.9805108688827531,0.07923107598498973,5000.0,17.0,0.075,657,B8
43769.0,0.02006781090018189,0.34673685045253166,1.584893192461114,0.0008681943841531678,0.022961456738787727,14.0,1.3333333333333333,0.9809666528118411,0.07820879224263878,5005.0,16.0,0.10277777777777777,657,B9
43769.0,0.02006781090018189,0.32546178349804583,1.584893192461114,0.0008681943841531678,0.022801526194338458,14.0,1.3333333333333333,0.9793979041474833,0.08247876066163749,5000.0,17.0,0.075,657,B10
43769.0,0.02006781090018189,0.32546178349804583,1.584893192461114,0.0008681943841531678,0.022801526194338458,14.0,1.3333333333333333,0.9785165436356315,0.08598457858351678,5215.0,19.0,0.0,657,B11
43769.0,0.02006781090018189,0.5232991146814947,1.9164610627353873,0.0008681943841531678,0.052639996344444696,28.0,2.6666666666666665,0.9774647311669634,0.08887021106789587,5340.0,28.0,0.0,657,B12
43769.0,0.02006781090018189,0.5401321147646347,1.9164610627353873,0.0008681943841531678,0.05647832941122712,30.0,2.6666666666666665,0.9884350579304747,0.051596703040122614,3920.0,4.0,0.0,657,B13
70280.0,0.02006781090018189,0.02006781090018189,0.02006781090018189,0.0,0.0,0.0,0.0,0.6676279188052746,0.7639815847832794,52200.0,0.0,0.0,658,A1
70280.0,0.02006781090018189,2.0417379446695296,3.1805336883295205,0.21986340352874217,0.160885031303358,66.0,4.0,0.9901819912188344,0.05095650676524943,5205.0,6.0,0.0,658,A2
70280.0,0.02006781090018189,2.0417379446695296,3.2828421431654635,0.21986340352874217,0.160885031303358,66.0,4.0,0.9907225556695111,0.04989467825415242,5205.0,6.0,0.0,658,A3
70280.0,0.02006781090018189,2.0417379446695296,3.2828421431654635,0.21986340352874217,0.160885031303358,66.0,4.0,0.9953125421610163,0.037178698667258536,4295.0,7.0,0.0,658,A4
70280.0,0.02006781090018189,2.0417379446695296,3.726061338637685,0.20235486624928856,0.17729795105293114,65.0,4.0,0.9806641107181018,0.07054607982748287,7020.0,8.0,0.0,658,A5
70280.0,0.02006781090018189,2.0417379446695296,3.726061338637685,0.18903671030165053,0.17462293682413205,68.0,4.0,0.977004659606707,0.09526094988730303,8150.0,37.0,0.0,658,A6
70280.0,0.02006781090018189,2.0417379446695296,2.3173946499684797,0.17627347751849745,0.1626280591918042,56.0,4.0,0.9855765194954155,0.06752519141191408,6170.0,22.0,0.1,658,B3
70280.0,0.02006781090018189,2.0417379446695296,2.0417379446695296,0.22411781445645987,0.10954752418895845,55.0,4.0,0.9818159953656505,0.07699191720110492,6770.0,28.0,0.05555555555555555,658,B6
70280.0,0.02006781090018189,2.0417379446695296,2.0417379446695296,0.22888446215139444,0.10314456459874786,55.0,4.0,0.9790227067289001,0.08447545938725157,7960.0,30.0,0.05277777777777778,658,B7
70280.0,0.02006781090018189,2.0417379446695296,2.2451739778971898,0.18520204894706888,0.14938816163915766,52.0,4.0,0.9867037269550745,0.06602778681878411,5980.0,19.0,0.10833333333333334,658,B8
70280.0,0.02006781090018189,2.0417379446695296,2.3173946499684797,0.19122083096186682,0.1322851451337507,47.0,4.0,0.9847057212949601,0.07482144702860553,6890.0,22.0,0.0,658,B9
70280.0,0.02006781090018189,2.0417379446695296,3.4974378036641802,0.18395702902675015,0.15123079112122936,52.0,4.0,0.9865814421975249,0.06678648123031064,5980.0,19.0,0.10833333333333334,658,B10
70280.0,0.02006781090018189,2.0417379446695296,2.2451739778971898,0.18520204894706888,0.14938816163915766,52.0,4.0,0.9850676485685902,0.0725329241152618,6375.0,26.0,0.0,658,B11
70280.0,0.02006781090018189,2.0417379446695296,2.3173946499684797,0.19943084803642572,0.1329823562891292,55.0,4.0,0.9800897637172251,0.0838864923386963,7400.0,28.0,0.05555555555555555,658,B12
70280.0,0.02006781090018189,2.0417379446695296,2.3173946499684797,0.20223392145702904,0.15317302219692658,63.0,4.0,0.9918096047288668,0.04542238127453246,5380.0,9.0,0.06388888888888888,658,B13
58788.0,0.02006781090018189,0.02006781090018189,0.02006781090018189,0.0,0.0,0.0,0.0,0.9832305520533517,0.09246543936676828,9000.0,0.0,0.0,659,A1
58788.0,0.02006781090018189,1.2698429144338064,2.0417379446695296,0.002347417840375587,0.09287609716268626,64.0,45.0,0.9967122667978167,0.02830160243419477,3750.0,2.0,0.0,659,A2
58788.0,0.02006781090018189,1.2698429144338064,2.0417379446695296,0.002347417840375587,0.09287609716268626,64.0,45.0,0.9970189619291295,0.02774904769297423,3750.0,2.0,0.0,659,A3
58788.0,0.02006781090018189,1.2698429144338064,2.0417379446695296,0.002347417840375587,0.09287609716268626,64.0,45.0,0.9937514106008907,0.036958160837851625,3845.0,10.0,0.0,659,A4
58788.0,0.02006781090018189,0.1673978978860472,0.6958249547006052,0.0,0.015139144043001974,11.0,2.6666666666666665,0.9929076644222588,0.048390874260957936,5385.0,8.0,0.0,659,A5
58788.0,0.02006781090018189,0.26076542044591006,1.8567353246307055,0.0014118527590664762,0.02907055861740491,19.0,43.333333333333336,0.9834791017785793,0.07782239882818333,6745.0,38.0,0.0,659,A6
58788.0,0.02006781090018189,0.6958249547006052,1.9781080029332403,0.0009355650813091107,0.058056065863781724,40.0,44.333333333333336,0.9905714365816342,0.05302907274576035,5230.0,18.0,0.0,659,B3
58788.0,0.02006781090018189,1.2302687708123812,2.0417379446695296,0.002347417840375587,0.08454106280193237,58.0,45.0,0.9855058314113492,0.0648235224744922,5215.0,34.0,0.0,659,B6
58788.0,0.02006781090018189,1.0501467677660838,2.0417379446695296,0.0020412329046744235,0.07501530924678505,52.0,44.0,0.9848372971611106,0.0697339612668142,5990.0,41.0,0.0,659,B7
58788.0,0.02006781090018189,0.41927599668460547,1.5355006336570662,6.804109682248077e-05,0.04261073688507859,32.0,42.666666666666664,0.9888234314462387,0.05819875487635978,5240.0,19.0,0.06388888888888888,659,B8
58788.0,0.02006781090018189,0.2867477375581316,1.5355006336570662,6.804109682248077e-05,0.032268490168061506,23.0,42.666666666666664,0.9875708778389998,0.06386236168428944,5815.0,25.0,0.0,659,B9
58788.0,0.02006781090018189,0.41927599668460547,1.5355006336570662,6.804109682248077e-05,0.04252568551405048,32.0,42.666666666666664,0.987294679417437,0.06213602680240118,5240.0,19.0,0.06388888888888888,659,B10
58788.0,0.02006781090018189,0.40620942890585726,1.5355006336570662,6.804109682248077e-05,0.04261073688507859,32.0,42.666666666666664,0.9886397766315678,0.05975824922579523,5410.0,20.0,0.0,659,B11
58788.0,0.02006781090018189,1.1187936686591167,2.0417379446695296,0.002347417840375587,0.07593386405388855,52.0,45.0,0.9848510639279487,0.07035346759638658,5765.0,32.0,0.0,659,B12
58788.0,0.02006781090018189,0.8684603593990751,1.9781080029332403,0.0009355650813091107,0.07059263795332381,49.0,44.333333333333336,0.9943468860630522,0.03873191658631489,4380.0,10.0,0.0,659,B13
39866.0,0.02006781090018189,0.02006781090018189,0.02006781090018189,0.0,0.0,0.0,0.0,0.9691397984807701,0.13665041927368354,9000.0,0.0,0.0,660,A1
39866.0,0.02006781090018189,0.7897688493998856,1.584893192461114,0.0,0.07745948928911854,40.0,68.0,0.9938390492046033,0.04377936384539347,3735.0,2.0,0.0,660,A2
39866.0,0.02006781090018189,0.7897688493998856,1.584893192461114,0.0,0.07745948928911854,40.0,68.0,0.994084889489459,0.043214752245701545,3735.0,2.0,0.0,660,A3
39866.0,0.02006781090018189,0.7897688493998856,1.584893192461114,0.0,0.07745948928911854,40.0,68.0,0.994392016758008,0.04142045527478916,3645.0,2.0,0.0,660,A4
39866.0,0.02006781090018189,0.7897688493998856,1.584893192461114,0.0,0.07745948928911854,40.0,68.0,0.992707880124413,0.048575161244441396,4035.0,4.0,0.0,660,A5
39866.0,0.02006781090018189,0.5069907082747045,1.584893192461114,0.0,0.04949079416043747,26.0,68.0,0.9805978597107791,0.0897350129672369,6015.0,33.0,0.0,660,A6
39866.0,0.02006781090018189,0.7897688493998856,1.584893192461114,0.0,0.07745948928911854,40.0,68.0,0.9866480642336987,0.06619475740896119,4640.0,17.0,0.027777777777777776,660,B3
39866.0,0.02006781090018189,0.6741398498898495,1.584893192461114,0.0,0.06368835599257512,32.0,68.0,0.9820903014358987,0.07914750245806917,5075.0,26.0,0.0,660,B6
39866.0,0.02006781090018189,0.6741398498898495,1.584893192461114,0.0,0.06368835599257512,32.0,68.0,0.979934036070899,0.08756023465745638,5575.0,35.0,0.0,660,B7
39866.0,0.02006781090018189,0.4610520952362225,1.584893192461114,0.0,0.03762604725831536,19.0,60.5,0.9847321915478698,0.07388128543776212,5075.0,19.0,0.05555555555555555,660,B8
39866.0,0.02006781090018189,0.36940264435828357,1.584893192461114,0.0,0.03456579541463904,17.0,60.5,0.983612454697907,0.08050280482577024,5540.0,24.0,0.0,660,B9
39866.0,0.02006781090018189,0.4610520952362225,1.584893192461114,0.0,0.03762604725831536,19.0,60.5,0.9851458953234562,0.07427258926425262,5075.0,19.0,0.05555555555555555,660,B10
39866.0,0.02006781090018189,0.4610520952362225,1.584893192461114,0.0,0.03762604725831536,19.0,60.5,0.9840285500447122,0.07711836466885871,5230.0,21.0,0.0,660,B11
39866.0,0.02006781090018189,0.6741398498898495,1.584893192461114,0.0,0.06368835599257512,32.0,68.0,0.9799033374836055,0.0884186201277045,5550.0,26.0,0.0,660,B12
39866.0,0.02006781090018189,0.7897688493998856,1.584893192461114,0.0,0.07745948928911854,40.0,68.0,0.9928325094712449,0.046404960343928395,3900.0,5.0,0.0,660,B13
39033.0,0.02006781090018189,0.02006781090018189,0.02006781090018189,0.0,0.0,0.0,0.0,0.9541822361041976,0.17578933279911396,10800.0,0.0,0.0,661,A1
39033.0,0.02006781090018189,0.4911905467933634,1.6358745652400533,0.00023057412958266084,0.04806189634411908,23.0,2.5,0.9929242765733236,0.045458045861791245,3735.0,2.0,0.0,661,A2
39033.0,0.02006781090018189,0.4911905467933634,1.6358745652400533,0.00023057412958266084,0.04806189634411908,23.0,2.5,0.9931197375138843,0.04497665796572692,3735.0,2.0,0.0,661,A3
39033.0,0.02006781090018189,0.4911905467933634,1.6358745652400533,0.00023057412958266084,0.04806189634411908,23.0,2.5,0.9933919738215331,0.04301284607054829,3645.0,2.0,0.0,661,A4
39033.0,0.02006781090018189,0.4911905467933634,1.6358745652400533,0.00023057412958266084,0.04806189634411908,23.0,2.5,0.9928382973790582,0.046104958427780535,3885.0,3.0,0.0,661,A5
39033.0,0.02006781090018189,0.4911905467933634,1.6358745652400533,0.00023057412958266084,0.04806189634411908,23.0,2.5,0.9794579908623173,0.09058922452002272,5750.0,30.0,0.0,661,A6
39033.0,0.02006781090018189,0.4911905467933634,1.6358745652400533,0.00023057412958266084,0.04806189634411908,23.0,2.5,0.9870895838543176,0.06435275223937628,4525.0,15.0,0.027777777777777776,661,B3
39033.0,0.02006781090018189,0.4911905467933634,1.6358745652400533,0.00023057412958266084,0.04806189634411908,23.0,2.5,0.9831189286070432,0.07490312365542694,4825.0,26.0,0.0,661,B6
39033.0,0.02006781090018189,0.4911905467933634,1.6358745652400533,0.00023057412958266084,0.04806189634411908,23.0,2.5,0.9808671124509348,0.08249055470715885,5350.0,30.0,0.0,661,B7
39033.0,0.02006781090018189,0.32546178349804583,1.584893192461114,0.00023057412958266084,0.027233366638485385,13.0,1.5,0.9825894395226568,0.07941173180639222,5110.0,22.0,0.058333333333333334,661,B8
39033.0,0.02006781090018189,0.32546178349804583,1.584893192461114,0.00023057412958266084,0.027233366638485385,13.0,1.5,0.9818921347443461,0.08211140566597391,5325.0,22.0,0.0,661,B9
39033.0,0.02006781090018189,0.32546178349804583,1.584893192461114,0.00023057412958266084,0.027233366638485385,13.0,1.5,0.982907217790961,0.0799720561018667,5110.0,22.0,0.058333333333333334,661,B10
39033.0,0.02006781090018189,0.32546178349804583,1.584893192461114,0.00023057412958266084,0.027233366638485385,13.0,1.5,0.9818352156456023,0.08193311223486635,5265.0,24.0,0.0,661,B11
39033.0,0.02006781090018189,0.4911905467933634,1.6358745652400533,0.00023057412958266084,0.04806189634411908,23.0,2.5,0.9811997142681839,0.08311097047564346,5250.0,26.0,0.0,661,B12
39033.0,0.02006781090018189,0.4911905467933634,1.6358745652400533,0.00023057412958266084,0.04806189634411908,23.0,2.5,0.9922381845831554,0.047020348932576575,3915.0,4.0,0.0,661,B13
59160.0,0.02006781090018189,0.02006781090018189,0.02006781090018189,0.0,0.0,0.0,0.0,0.9528143709159523,0.17379999826618908,12600.0,0.0,0.0,662,A1
59160.0,0.02006781090018189,1.4876473740795015,2.0417379446695296,0.008768593644354294,0.11690753887762001,92.0,85.0,0.9876652905933652,0.06033088114152797,4770.0,10.0,0.0,662,A2
59160.0,0.02006781090018189,1.4412854420872234,2.0417379446695296,0.008485463150777552,0.1110209601081812,75.0,85.0,0.9899907157231876,0.055483533396448154,4770.0,10.0,0.0,662,A3
59160.0,0.02006781090018189,1.4412854420872234,2.0417379446695296,0.008485463150777552,0.10260311020960108,71.0,85.0,0.9912294287203248,0.04880560535460901,4200.0,15.0,0.0,662,A4
59160.0,0.02006781090018189,0.8151734005153627,1.8567353246307055,0.0024509803921568627,0.06315077755240027,41.0,62.0,0.9795631877489156,0.08606377964446228,6690.0,16.0,0.0,662,A5
59160.0,0.02006781090018189,0.47588279098881686,2.0417379446695296,0.00704868154158215,0.04907031778228533,33.0,75.8,0.9738995867463902,0.10541594131648971,7545.0,40.0,0.0,662,A6
59160.0,0.02006781090018189,1.0501467677660838,2.0417379446695296,0.00704868154158215,0.06688640973630831,39.0,29.6,0.9853379463622712,0.06991399008407446,5875.0,11.0,0.05,662,B3
59160.0,0.02006781090018189,1.3528511027866506,2.0417379446695296,0.008485463150777552,0.08003718728870858,48.0,75.8,0.9829816534637295,0.07473008413882781,5615.0,28.0,0.0,662,B6
59160.0,0.02006781090018189,1.3528511027866506,2.0417379446695296,0.008485463150777552,0.08003718728870858,48.0,75.8,0.9762483371372074,0.09486889696787917,6795.0,36.0,0.0,662,B7
59160.0,0.02006781090018189,0.3812852456636189,1.7988709151287874,0.002958079783637593,0.04389790398918188,25.0,52.4,0.9824730390687031,0.07917846976780761,5850.0,21.0,0.07222222222222222,662,B8
59160.0,0.02006781090018189,0.32546178349804583,1.4876473740795015,0.0014367816091954023,0.032623394185260314,19.0,61.0,0.9820352696273077,0.08143467759927676,6065.0,18.0,0.07777777777777778,662,B9
59160.0,0.02006781090018189,0.40620942890585726,1.7988709151287874,0.002958079783637593,0.045334685598377285,30.0,52.4,0.9818666081214494,0.08137911017306552,5850.0,21.0,0.07222222222222222,662,B10
59160.0,0.02006781090018189,0.3812852456636189,1.7988709151287874,0.002958079783637593,0.04389790398918188,25.0,52.4,0.9806307799707799,0.08541815308012832,6125.0,23.0,0.0,662,B11
59160.0,0.02006781090018189,1.3528511027866506,2.0417379446695296,0.008485463150777552,0.08003718728870858,48.0,75.8,0.9787523402507636,0.0883401718777602,6420.0,30.0,0.0,662,B12
59160.0,0.02006781090018189,1.0174193661806046,1.8567353246307055,0.0024509803921568627,0.07868492224475997,45.0,62.6,0.9890098884598219,0.05816883244477239,5000.0,14.0,0.0,662,B13
81860.0,0.02006781090018189,0.02006781090018189,0.02006781090018189,0.0,0.0,0.0,0.0,0.9582178586505574,0.14665027318154628,12600.0,0.0,0.0,663,A1
81860.0,0.02006781090018189,0.5232991146814947,1.3963683610559376,0.0004275592474957244,0.05152699731248473,41.0,62.0,0.9901270671495617,0.051634847069132975,5115.0,6.0,0.0,663,A2
81860.0,0.02006781090018189,0.5232991146814947,1.3963683610559376,0.0004275592474957244,0.05125824578548742,39.0,62.0,0.9907025256588726,0.05048345211539403,5115.0,6.0,0.0,663,A3
81860.0,0.02006781090018189,1.0501467677660838,2.0417379446695296,0.00956511116540435,0.08325189347666748,83.0,84.6,0.9870428054786837,0.06054812390512967,4820.0,26.0,0.0,663,A4
81860.0,0.02006781090018189,0.02006781090018189,0.40620942890585726,0.0,0.0038602492059613973,5.0,26.2,0.9841672914982537,0.07479485086942524,6870.0,11.0,0.0,663,A5
81860.0,0.02006781090018189,0.03330427623087463,0.7413102413009177,0.0018446127534815539,0.01357195211336428,21.0,26.4,0.9783379776263231,0.09336829691898442,8430.0,32.0,0.0,663,A6
81860.0,0.02006781090018189,0.32546178349804583,1.3963683610559376,0.0004275592474957244,0.03940874664060591,27.0,51.2,0.9852579913497778,0.06947837512602412,6395.0,19.0,0.0,663,B3
81860.0,0.02006781090018189,0.7651560209006901,1.9781080029332403,0.0027241632054727585,0.06271683361837282,49.0,56.4,0.9839281034181906,0.07223584736213091,6280.0,32.0,0.0,663,B6
81860.0,0.02006781090018189,0.050263184440820056,1.0501467677660838,0.0018446127534815539,0.016943562179330563,16.0,27.2,0.9802689680767336,0.08474620981823772,7690.0,36.0,0.0,663,B7
81860.0,0.02006781090018189,0.037800713730181124,0.6130557921498209,0.0,0.015111165404348889,12.0,2.4,0.9835384861827414,0.0737556007116742,6610.0,19.0,0.058333333333333334,663,B8
81860.0,0.02006781090018189,0.02006781090018189,0.5232991146814947,0.0,0.010603469337893965,9.0,2.0,0.9839823806025634,0.07442070541284043,6970.0,18.0,0.0,663,B9
81860.0,0.02006781090018189,0.050263184440820056,0.6130557921498209,0.0,0.015453212802345469,14.0,2.4,0.9835415453091345,0.07469436868945158,6610.0,19.0,0.058333333333333334,663,B10
81860.0,0.02006781090018189,0.03548133892335755,0.6130557921498209,0.0,0.015111165404348889,12.0,2.4,0.9835110844307989,0.07413031115258419,6715.0,20.0,0.0,663,B11
81860.0,0.02006781090018189,0.06683439175686146,1.0501467677660838,0.0018446127534815539,0.016943562179330563,16.0,31.4,0.9826634590547028,0.0787448535201933,6850.0,25.0,0.0,663,B12
81860.0,0.02006781090018189,0.2959715725594465,1.1187936686591167,0.0018446127534815539,0.03161495235768385,27.0,43.2,0.989501303349363,0.055135303878268385,5450.0,13.0,0.0,663,B13
37048.0,0.02006781090018189,0.02006781090018189,0.02006781090018189,0.0,0.0,0.0,0.0,0.9342225099553558,0.21451742868776125,10800.0,0.0,0.0,664,A1
37048.0,0.02006781090018189,0.5939501549952435,2.0417379446695296,0.00993305981429497,0.056116389548693586,24.0,4.5,0.989553687515252,0.05268959113400016,3735.0,2.0,0.0,664,A2
37048.0,0.02006781090018189,0.5939501549952435,2.0417379446695296,0.00993305981429497,0.056116389548693586,24.0,4.5,0.9900451542391562,0.0516683612505772,3735.0,2.0,0.0,664,A3
37048.0,0.02006781090018189,0.5939501549952435,2.0417379446695296,0.00993305981429497,0.056116389548693586,24.0,4.5,0.9896420742935086,0.05235440366195924,3700.0,4.0,0.0,664,A4
37048.0,0.02006781090018189,0.3812852456636189,2.0417379446695296,0.0086104513064133,0.03965126322608508,19.0,4.5,0.9865579342778844,0.06156120951569292,4185.0,3.0,0.0,664,A5
37048.0,0.02006781090018189,0.3812852456636189,2.0417379446695296,0.0086104513064133,0.03965126322608508,19.0,4.5,0.9734054853021118,0.10320103782936339,5985.0,33.0,0.0,664,A6
37048.0,0.02006781090018189,0.5939501549952435,2.0417379446695296,0.00993305981429497,0.056116389548693586,24.0,4.5,0.978562886236191,0.08361874110043982,4765.0,17.0,0.03333333333333333,664,B3
37048.0,0.02006781090018189,0.5939501549952435,2.0417379446695296,0.00993305981429497,0.056116389548693586,24.0,4.5,0.9751797412373574,0.09329038146117709,4985.0,30.0,0.0,664,B6
37048.0,0.02006781090018189,0.5939501549952435,2.0417379446695296,0.00993305981429497,0.056116389548693586,24.0,4.5,0.97362334160892,0.09747303324384665,5315.0,34.0,0.0,664,B7
37048.0,0.02006781090018189,0.3935500754557774,1.584893192461114,0.0013226085078816671,0.04359209673936515,16.0,3.0,0.9769194359221713,0.09027088417883601,5000.0,19.0,0.058333333333333334,664,B8
37048.0,0.02006781090018189,0.3935500754557774,1.584893192461114,0.0013226085078816671,0.04359209673936515,16.0,3.0,0.977723437350818,0.08832684525370098,4975.0,18.0,0.06388888888888888,664,B9
37048.0,0.02006781090018189,0.3935500754557774,1.584893192461114,0.0013226085078816671,0.04359209673936515,16.0,3.0,0.9783872080921722,0.08827779029433107,5000.0,19.0,0.058333333333333334,664,B10
37048.0,0.02006781090018189,0.3935500754557774,1.584893192461114,0.0013226085078816671,0.04359209673936515,16.0,3.0,0.9758074742076196,0.0939770407618573,5165.0,21.0,0.0,664,B11
37048.0,0.02006781090018189,0.5939501549952435,2.0417379446695296,0.00993305981429497,0.056116389548693586,24.0,4.5,0.9716327422092906,0.10621246719885129,5460.0,30.0,0.0,664,B12
37048.0,0.02006781090018189,0.5939501549952435,2.0417379446695296,0.00993305981429497,0.056116389548693586,24.0,4.5,0.9865015810638104,0.060649586599915886,4040.0,6.0,0.0,664,B13
36302.0,0.02006781090018189,0.02006781090018189,0.02006781090018189,0.0,0.0,0.0,,0.9611316440770133,0.1536735965780521,9000.0,0.0,0.0,665,A1
36302.0,0.02006781090018189,0.47588279098881686,1.584893192461114,0.0,0.048068976915872405,23.0,,0.9928549592926106,0.045800193340951076,3750.0,2.0,0.0,665,A2
36302.0,0.02006781090018189,0.47588279098881686,1.584893192461114,0.0,0.048068976915872405,23.0,,0.9931931788781215,0.04513534044183856,3750.0,2.0,0.0,665,A3
36302.0,0.02006781090018189,0.47588279098881686,1.584893192461114,0.0,0.048068976915872405,23.0,,0.9937080458557319,0.043313250521083056,3655.0,2.0,0.0,665,A4
36302.0,0.02006781090018189,0.2225871044793004,0.5754399373371569,0.0,0.020109084898903642,12.0,,0.9896800588605646,0.05385738735628285,4200.0,3.0,0.0,665,A5
36302.0,0.02006781090018189,0.22974707980333003,0.5754399373371569,0.0,0.020109084898903642,12.0,,0.9798176662992534,0.0883934218758667,5815.0,32.0,0.0,665,A6
36302.0,0.02006781090018189,0.47588279098881686,1.584893192461114,0.0,0.048068976915872405,23.0,,0.9862267829029262,0.06440862958810051,4385.0,13.0,0.03888888888888889,665,B3
36302.0,0.02006781090018189,0.47588279098881686,1.584893192461114,0.0,0.048068976915872405,23.0,,0.9820004284049663,0.07754285852176526,4775.0,31.0,0.0,665,B6
36302.0,0.02006781090018189,0.47588279098881686,1.584893192461114,0.0,0.048068976915872405,23.0,,0.9812634640573027,0.08047776074653903,5045.0,31.0,0.0,665,B7
36302.0,0.02006781090018189,0.25263877101318966,1.584893192461114,0.0,0.03137568178061815,14.0,,0.9815251400057756,0.07960601197214341,4875.0,22.0,0.06944444444444445,665,B8
36302.0,0.02006781090018189,0.25263877101318966,1.584893192461114,0.0,0.03137568178061815,14.0,,0.9812436866069877,0.08005636117394055,4945.0,22.0,0.06666666666666667,665,B9
36302.0,0.02006781090018189,0.25263877101318966,1.584893192461114,0.0,0.03137568178061815,14.0,,0.9823529651404708,0.07930668779456108,4875.0,22.0,0.06944444444444445,665,B10
36302.0,0.02006781090018189,0.25263877101318966,1.584893192461114,0.0,0.03137568178061815,14.0,,0.9794261200059269,0.0853276169918208,5110.0,26.0,0.0,665,B11
36302.0,0.02006781090018189,0.47588279098881686,1.584893192461114,0.0,0.048068976915872405,23.0,,0.9796018317417108,0.0878003305049718,5225.0,31.0,0.0,665,B12
36302.0,0.02006781090018189,0.47588279098881686,1.584893192461114,0.0,0.048068976915872405,23.0,,0.9910221764476357,0.05004806777458141,3910.0,5.0,0.0,665,B13
62471.0,0.02006781090018189,0.02006781090018189,0.02006781090018189,0.0,0.0,0.0,0.0,0.5714465559481767,0.9680218800607746,50400.0,0.0,0.0,666,A1
62471.0,0.02006781090018189,2.0417379446695296,3.388441561392024,0.2269372989066927,0.20521521986201596,91.0,34.0,0.9876096806941831,0.060277212417227034,4815.0,5.0,0.0,666,A2
62471.0,0.02006781090018189,2.0417379446695296,3.388441561392024,0.2269372989066927,0.20074914760448848,87.0,34.0,0.9883790288178145,0.05887952405067576,4800.0,5.0,0.0,666,A3
62471.0,0.02006781090018189,2.0417379446695296,3.388441561392024,0.2269372989066927,0.19865217460901857,85.0,34.0,0.9915248504806844,0.049549695533112774,4345.0,7.0,0.0,666,A4
62471.0,0.02006781090018189,2.1074146752966985,4.365158322401661,0.16114677210225545,0.2496518384530422,76.0,11.0,0.9697769926879798,0.09758087511221757,6945.0,7.0,0.0,666,A5
62471.0,0.02006781090018189,2.1752040340195222,4.365158322401661,0.14513934465592035,0.26005666629316004,74.0,9.0,0.967769194562069,0.11554992385962748,8635.0,40.0,0.0,666,A6
62471.0,0.02006781090018189,2.0417379446695296,2.0417379446695296,0.1399449344495846,0.27426325815178243,80.0,9.0,0.9822461465996043,0.07690211528115191,6040.0,17.0,0.1,666,B3
62471.0,0.02006781090018189,2.0417379446695296,2.3173946499684797,0.21113796801715995,0.1918170030894335,79.0,9.0,0.9741675671002894,0.09618723503400875,7250.0,31.0,0.06111111111111111,666,B6
62471.0,0.02006781090018189,2.0417379446695296,2.3173946499684797,0.2120663988090474,0.19084055001520706,79.0,10.0,0.9727142229715041,0.10025390099489098,8005.0,32.0,0.05555555555555555,666,B7
62471.0,0.02006781090018189,2.0417379446695296,2.6302679918953813,0.1619231323334027,0.23214771654047478,68.0,9.0,0.9809546430400999,0.08294167601684069,6150.0,23.0,0.12222222222222222,666,B8
62471.0,0.02006781090018189,2.0417379446695296,2.3919384495683134,0.16846616830209218,0.22160282371020154,67.0,9.0,0.9781440179873716,0.0895900288590011,6675.0,23.0,0.13055555555555556,666,B9
62471.0,0.02006781090018189,2.3173946499684797,4.365158322401661,0.15905780282050871,0.2375902418722287,68.0,9.0,0.9799573012855584,0.08531497005525918,6150.0,23.0,0.12222222222222222,666,B10
62471.0,0.02006781090018189,2.0417379446695296,2.6302679918953813,0.1619231323334027,0.23214771654047478,68.0,9.0,0.9535556904836289,0.14454708741648978,8745.0,25.0,0.0,666,B11
62471.0,0.02006781090018189,2.0417379446695296,2.3173946499684797,0.17654591730562982,0.22933841302364297,79.0,9.0,0.971863430257115,0.10487759446883255,7775.0,31.0,0.06111111111111111,666,B12
62471.0,0.02006781090018189,2.0417379446695296,2.3173946499684797,0.1639760849033952,0.24978389972947448,80.0,9.0,0.9886246280103808,0.05539109389529301,5315.0,8.0,0.07222222222222222,666,B13
51096.0,0.02006781090018189,0.02006781090018189,0.02006781090018189,0.0,0.0,0.0,0.0,0.9799702022013074,0.10608032394598502,9000.0,0.0,0.0,667,A1
51096.0,0.02006781090018189,1.0174193661806046,1.9164610627353873,0.0011546892124628151,0.10599655550336622,62.0,90.25,0.995757859005439,0.03299307756237032,3750.0,2.0,0.0,667,A2
51096.0,0.02006781090018189,1.0174193661806046,1.9164610627353873,0.0011546892124628151,0.10599655550336622,62.0,90.25,0.995939334218418,0.032524556420754254,3750.0,2.0,0.0,667,A3
51096.0,0.02006781090018189,1.0174193661806046,1.9164610627353873,0.0011546892124628151,0.10599655550336622,62.0,90.25,0.9945479530281063,0.03564772662436487,3770.0,6.0,0.0,667,A4
51096.0,0.02006781090018189,0.8684603593990751,1.3963683610559376,0.0011351182088617504,0.07335212149679035,43.0,32.5,0.9919037301955556,0.04853528120948423,4740.0,8.0,0.0,667,A5
51096.0,0.02006781090018189,0.6741398498898495,1.191927939457827,0.0,0.05847815875998121,36.0,61.25,0.9831887176152989,0.07964334503766515,6575.0,39.0,0.0,667,A6
51096.0,0.02006781090018189,0.985711900900616,1.9164610627353873,0.0011546892124628151,0.09180757789259433,53.0,61.25,0.9896046665907209,0.05715873968453364,5115.0,20.0,0.0,667,B3
51096.0,0.02006781090018189,1.0174193661806046,1.9164610627353873,0.0011546892124628151,0.10599655550336622,62.0,90.25,0.9848096880608088,0.06639244585856414,5365.0,30.0,0.0,667,B6
51096.0,0.02006781090018189,0.8963961859499497,1.9164610627353873,0.0008611241584468452,0.0878933771723814,52.0,90.25,0.9832519005145983,0.07442629537238381,5960.0,42.0,0.0,667,B7
51096.0,0.02006781090018189,0.5754399373371569,1.4412854420872234,1.9571003601064663e-05,0.053291842805699076,33.0,90.25,0.9874996956143648,0.06407136546619485,5620.0,22.0,0.05555555555555555,667,B8
51096.0,0.02006781090018189,0.5754399373371569,1.4412854420872234,1.9571003601064663e-05,0.053291842805699076,33.0,90.25,0.9855031233896623,0.07086943075170518,5995.0,26.0,0.0,667,B9
51096.0,0.02006781090018189,0.5754399373371569,1.4412854420872234,1.9571003601064663e-05,0.053291842805699076,33.0,90.25,0.9867710233447365,0.0665711577957288,5620.0,22.0,0.05555555555555555,667,B10
51096.0,0.02006781090018189,0.5754399373371569,1.4412854420872234,1.9571003601064663e-05,0.053291842805699076,33.0,90.25,0.9867459309876191,0.06727782041981108,5795.0,24.0,0.0,667,B11
51096.0,0.02006781090018189,1.0174193661806046,1.9164610627353873,0.0011546892124628151,0.10599655550336622,62.0,90.25,0.983235603746126,0.07555446059483178,5990.0,30.0,0.0,667,B12
51096.0,0.02006781090018189,1.0174193661806046,1.9164610627353873,0.0011546892124628151,0.09298183810865822,53.0,32.5,0.9943473014558474,0.038318201191339024,4145.0,8.0,0.0,667,B13
82627.0,0.02006781090018189,0.02006781090018189,0.02006781090018189,0.0,0.0,0.0,0.0,0.9919699116978431,0.07280689975324854,12600.0,0.0,0.0,668,A1
82627.0,0.02006781090018189,1.1187936686591167,2.0417379446695296,0.00468369903300374,0.08309632444600433,79.0,76.55555555555556,0.9974076046645587,0.022519831433956267,4170.0,4.0,0.0,668,A2
82627.0,0.02006781090018189,1.1187936686591167,2.0417379446695296,0.00468369903300374,0.08309632444600433,79.0,76.55555555555556,0.9976449524936959,0.021902627103894578,4170.0,4.0,0.0,668,A3
82627.0,0.02006781090018189,1.2302687708123812,2.0417379446695296,0.005591392644050976,0.10518353564815375,100.0,89.66666666666667,0.9930350474252388,0.034804013924400856,4140.0,16.0,0.0,668,A4
82627.0,0.02006781090018189,0.025852348395621914,0.5754399373371569,0.0,0.01202996599174604,9.0,34.333333333333336,0.9959352078673606,0.03770912049864554,6270.0,7.0,0.0,668,A5
82627.0,0.02006781090018189,0.06683439175686146,0.5754399373371569,0.0,0.01202996599174604,9.0,28.333333333333332,0.9884155251480479,0.06408944825375436,8135.0,42.0,0.0,668,A6
82627.0,0.02006781090018189,0.06683439175686146,1.8567353246307055,0.0037639028404758733,0.01919469422827889,17.0,37.22222222222222,0.993859139384205,0.044377823826521355,6470.0,17.0,0.030555555555555555,668,B3
82627.0,0.02006781090018189,1.0174193661806046,2.0417379446695296,0.004877340336693817,0.08103888559429727,79.0,72.11111111111111,0.9899537986739969,0.04870029589423207,5890.0,31.0,0.0,668,B6
82627.0,0.02006781090018189,0.5232991146814947,1.7988709151287874,0.0029167221368317864,0.05097607319641279,49.0,54.666666666666664,0.9893506513859879,0.055419625407328525,6720.0,40.0,0.0,668,B7
82627.0,0.02006781090018189,0.6130557921498209,1.9781080029332403,0.0038244157478790224,0.05866121243661273,57.0,67.88888888888889,0.9924491670383592,0.0439982684768802,5640.0,23.0,0.05277777777777778,668,B8
82627.0,0.02006781090018189,0.8684603593990751,2.0417379446695296,0.004877340336693817,0.07002553644692412,67.0,70.44444444444444,0.9910762301978113,0.04889334741580006,5950.0,28.0,0.06388888888888888,668,B9
82627.0,0.02006781090018189,0.6531305526474723,1.9781080029332403,0.0038244157478790224,0.060186137703172084,62.0,67.88888888888889,0.9896534567729728,0.05055218911643514,5640.0,23.0,0.05277777777777778,668,B10
82627.0,0.02006781090018189,0.6130557921498209,1.9781080029332403,0.0038244157478790224,0.05866121243661273,57.0,67.88888888888889,0.9923796384521844,0.04479444349967335,5830.0,25.0,0.0,668,B11
82627.0,0.02006781090018189,0.985711900900616,2.0417379446695296,0.004877340336693817,0.07953816549069917,78.0,72.11111111111111,0.9895436307993413,0.05322256396652693,6565.0,31.0,0.0,668,B12
82627.0,0.02006781090018189,0.5232991146814947,2.0417379446695296,0.004126980284894768,0.05202899778522759,49.0,50.666666666666664,0.9955835071431195,0.03353625907601404,5290.0,15.0,0.019444444444444445,668,B13
65595.0,0.02006781090018189,0.02006781090018189,0.02006781090018189,0.0,0.0,0.0,0.0,0.9877792117653864,0.08581645993316428,10800.0,0.0,0.0,669,A1
65595.0,0.02006781090018189,0.9549925860214359,1.9164610627353873,0.001570241634270905,0.10837716289351322,85.0,49.8,0.9975921884028546,0.0239218876148057,3855.0,2.0,0.0,669,A2
65595.0,0.02006781090018189,0.9549925860214359,1.9164610627353873,0.001570241634270905,0.10837716289351322,85.0,49.8,0.9977091116284651,0.023624084634270716,3855.0,2.0,0.0,669,A3
65595.0,0.02006781090018189,0.9549925860214359,1.9164610627353873,0.001570241634270905,0.11354523972863785,91.0,49.8,0.9963323903859471,0.026956623739666254,3770.0,6.0,0.0,669,A4
65595.0,0.02006781090018189,0.2778113596642536,1.0174193661806046,0.0,0.03666437990700511,29.0,2.8,0.9940407275736571,0.04324864814812912,5385.0,9.0,0.0,669,A5
65595.0,0.02006781090018189,0.4610520952362225,1.2302687708123812,1.5245064410397133e-05,0.04684808293315039,38.0,26.6,0.9868823645149,0.06939779882652064,7450.0,36.0,0.0,669,A6
65595.0,0.02006781090018189,0.6327760017024558,1.742809826672464,0.0011128897019589909,0.06133089412302767,48.0,26.6,0.9925190350096728,0.048109790277320486,5635.0,16.0,0.03888888888888889,669,B3
65595.0,0.02006781090018189,0.8151734005153627,1.742809826672464,0.001128134766369388,0.08628706456284778,69.0,26.6,0.9893715548629719,0.05318700493479876,5575.0,29.0,0.0,669,B6
65595.0,0.02006781090018189,0.7413102413009177,1.742809826672464,0.001128134766369388,0.07454836496684199,59.0,26.6,0.9873676076542868,0.06352690733007327,6370.0,40.0,0.0,669,B7
65595.0,0.02006781090018189,0.557506583166466,1.2302687708123812,0.0011128897019589909,0.05447061513834896,46.0,26.2,0.9911352943038869,0.05081134238994561,5535.0,22.0,0.058333333333333334,669,B8
65595.0,0.02006781090018189,0.5754399373371569,1.2302687708123812,0.0011128897019589909,0.056620169220214955,47.0,26.2,0.9913877335404817,0.05075069303611789,5695.0,20.0,0.1388888888888889,669,B9
65595.0,0.02006781090018189,0.557506583166466,1.2302687708123812,0.0011128897019589909,0.05447061513834896,46.0,26.2,0.9896089099311854,0.05491245101886456,5535.0,22.0,0.058333333333333334,669,B10
65595.0,0.02006781090018189,0.557506583166466,1.2302687708123812,0.0011128897019589909,0.05447061513834896,46.0,26.2,0.9910489153183795,0.051745974630329004,5645.0,22.0,0.0,669,B11
65595.0,0.02006781090018189,0.8151734005153627,1.742809826672464,0.001128134766369388,0.08628706456284778,69.0,26.6,0.9886822128046077,0.05933664557093545,6175.0,29.0,0.0,669,B12
65595.0,0.02006781090018189,0.8413951416451951,1.8567353246307055,0.0014482811189877277,0.09122646543181645,73.0,3.2,0.9951462417733372,0.034132758390921385,4425.0,11.0,0.0,669,B13
68131.0,0.02006781090018189,0.02006781090018189,0.02006781090018189,0.0,0.0,0.0,0.0,0.9759061935153358,0.10975480363294,10800.0,0.0,0.0,670,A1
68131.0,0.02006781090018189,0.8413951416451951,1.8567353246307055,0.0063260483480354025,0.07597129060192864,60.0,4.333333333333333,0.9942944494777862,0.03465473377399643,4305.0,6.0,0.0,670,A2
68131.0,0.02006781090018189,0.8413951416451951,1.8567353246307055,0.0063260483480354025,0.07597129060192864,60.0,4.333333333333333,0.994590058785408,0.03390866096064422,4305.0,6.0,0.0,670,A3
68131.0,0.02006781090018189,1.191927939457827,2.0417379446695296,0.013327266589364607,0.1112709339360937,86.0,24.666666666666668,0.9916192015472655,0.04173271778242573,4155.0,14.0,0.0,670,A4
68131.0,0.02006781090018189,0.13843630530808698,1.2302687708123812,0.0,0.03554916264255625,22.0,2.6666666666666665,0.9915344116971019,0.048200179549211394,5670.0,7.0,0.0,670,A5
68131.0,0.02006781090018189,0.9549925860214359,2.0417379446695296,0.004858287710440182,0.06990943916866038,47.0,8.0,0.9800301848468237,0.08533831221248657,7265.0,42.0,0.0,670,A6
68131.0,0.02006781090018189,0.6327760017024558,1.4876473740795015,0.0,0.05716927683433386,40.0,3.6666666666666665,0.987732531760883,0.0601578169558357,5845.0,20.0,0.041666666666666664,670,B3
68131.0,0.02006781090018189,1.191927939457827,2.0417379446695296,0.013327266589364607,0.10089386622829549,77.0,8.666666666666666,0.9847267259179621,0.06440957280491957,5520.0,33.0,0.0,670,B6
68131.0,0.02006781090018189,1.191927939457827,2.0417379446695296,0.013327266589364607,0.08887290660639063,65.0,8.666666666666666,0.9821377025254381,0.07471737418165564,6675.0,40.0,0.0,670,B7
68131.0,0.02006781090018189,0.7897688493998856,1.3528511027866506,0.0,0.06885265150959181,48.0,2.6666666666666665,0.9879851096080267,0.05807080832596384,5440.0,19.0,0.15833333333333333,670,B8
68131.0,0.02006781090018189,0.7182076058301705,1.3528511027866506,0.0,0.066034551085409,46.0,2.3333333333333335,0.9871969826649252,0.05965059591446788,5835.0,20.0,0.15833333333333333,670,B9
68131.0,0.02006781090018189,0.7897688493998856,1.3528511027866506,0.0,0.06885265150959181,48.0,2.6666666666666665,0.9865583819303032,0.061619962824671734,5440.0,19.0,0.15833333333333333,670,B10
68131.0,0.02006781090018189,0.6958249547006052,1.3528511027866506,0.0,0.06123497380047262,42.0,2.6666666666666665,0.9877979520636471,0.060273175446977405,5785.0,20.0,0.0,670,B11
68131.0,0.02006781090018189,1.191927939457827,2.0417379446695296,0.013327266589364607,0.10089386622829549,77.0,8.666666666666666,0.982378619687567,0.07449809998146353,6400.0,35.0,0.0,670,B12
68131.0,0.02006781090018189,0.6531305526474723,1.4876473740795015,0.0,0.06163126917262333,44.0,8.0,0.9931619834277441,0.04122958964039913,4900.0,13.0,0.0,670,B13
44259.0,0.02006781090018189,0.02006781090018189,0.02006781090018189,0.0,0.0,0.0,0.0,0.9356564550137253,0.20315606551225412,9000.0,0.0,0.0,671,A1
44259.0,0.02006781090018189,0.6130557921498209,1.6358745652400533,0.0,0.05488149302966628,36.0,36.0,0.9791368977806827,0.07188037712016367,3915.0,3.0,0.0,671,A2
44259.0,0.02006781090018189,0.5754399373371569,1.584893192461114,0.0,0.05284800831469306,32.0,36.0,0.9797782541515734,0.07061732250590402,3915.0,3.0,0.0,671,A3
44259.0,0.02006781090018189,0.557506583166466,1.584893192461114,0.0,0.052825414040082244,31.0,36.0,0.9805934746870876,0.0674813762599741,3740.0,4.0,0.0,671,A4
44259.0,0.02006781090018189,0.17834050825119682,1.3528511027866506,0.0,0.03228721841885266,20.0,36.0,0.9760131242052021,0.08352765989949067,4650.0,7.0,0.0,671,A5
44259.0,0.02006781090018189,0.10411181076233397,1.3528511027866506,0.0,0.029124019973338754,16.0,2.5,0.9617487921832011,0.12589922780992113,6255.0,33.0,0.0,671,A6
44259.0,0.02006781090018189,0.5401321147646347,1.584893192461114,0.0,0.05156013466187668,28.0,2.5,0.9729651372332042,0.09296021151807231,4780.0,14.0,0.0,671,B3
44259.0,0.02006781090018189,0.5401321147646347,1.584893192461114,0.0,0.05156013466187668,28.0,36.0,0.9675327037478355,0.10398348396890299,4900.0,25.0,0.0,671,B6
44259.0,0.02006781090018189,0.40620942890585726,1.584893192461114,0.0,0.04627307440294629,25.0,2.5,0.9625696705959056,0.12004941326585747,5680.0,34.0,0.0,671,B7
44259.0,0.02006781090018189,0.11448537209469502,1.3963683610559376,0.0,0.021261212408775616,12.0,35.5,0.9647022409164926,0.11415397385865121,5350.0,19.0,0.06944444444444445,671,B8
44259.0,0.02006781090018189,0.11448537209469502,1.3963683610559376,0.0,0.021261212408775616,12.0,35.5,0.963204743501119,0.11791086000638755,5480.0,21.0,0.06666666666666667,671,B9
44259.0,0.02006781090018189,0.11448537209469502,1.3963683610559376,0.0,0.021261212408775616,12.0,35.5,0.9649751686438387,0.11488939245230854,5350.0,19.0,0.06944444444444445,671,B10
44259.0,0.02006781090018189,0.11448537209469502,1.3963683610559376,0.0,0.021261212408775616,12.0,35.5,0.9635477478650288,0.11766846359696077,5530.0,21.0,0.0,671,B11
44259.0,0.02006781090018189,0.5401321147646347,1.584893192461114,0.0,0.05156013466187668,28.0,2.5,0.9662425569044911,0.10958738595831038,5260.0,22.0,0.0,671,B12
44259.0,0.02006781090018189,0.5401321147646347,1.584893192461114,0.0,0.05156013466187668,28.0,36.0,0.9795507921280839,0.0711129062336641,4020.0,7.0,0.0,671,B13
