arrived,p50,p95,p99,err_rate,late_rate,slo_viol_s,react_s,jain,cv,pod_s,scale_ev,fb_frac,window,config,setting
19321.0,0.02006781090018189,0.02006781090018189,0.02006781090018189,0.0,0.0,0.0,,0.9142812458746877,0.1959708377202078,3600.0,0.0,0.0,537,A3,p99=200
19321.0,0.02006781090018189,0.02006781090018189,0.02006781090018189,0.0,0.0,0.0,,0.9134953552610238,0.19805791356743752,3665.0,2.0,0.0,537,A6,p99=200
19321.0,0.02006781090018189,0.02006781090018189,0.02006781090018189,0.0,0.0,0.0,,0.9142812458746877,0.1959708377202078,3600.0,0.0,0.0,537,B6,p99=200
19321.0,0.02006781090018189,0.02006781090018189,0.02006781090018189,0.0,0.0,0.0,,0.908814192037409,0.21006526207708656,3875.0,4.0,0.0,537,B8,p99=200
19321.0,0.02006781090018189,0.02006781090018189,0.02006781090018189,0.0,0.0,0.0,,0.9142812458746877,0.1959708377202078,3600.0,0.0,0.0,537,B12,p99=200
20696.0,0.02006781090018189,0.02006781090018189,0.02006781090018189,0.0,0.0,0.0,,0.9070053399643971,0.20989944659624218,3600.0,0.0,0.0,538,A3,p99=200
20696.0,0.02006781090018189,0.02006781090018189,0.03548133892335755,0.0,0.0022226517201391575,3.0,,0.8993558689347255,0.22919684219416792,3925.0,6.0,0.0,538,A6,p99=200
20696.0,0.02006781090018189,0.02006781090018189,0.02006781090018189,0.0,0.0,0.0,,0.9070053399643971,0.20989944659624218,3600.0,0.0,0.0,538,B6,p99=200
20696.0,0.02006781090018189,0.02006781090018189,0.029342695039559687,0.0,0.0,0.0,,0.889936645908116,0.2505762935790055,4180.0,9.0,0.0,538,B8,p99=200
20696.0,0.02006781090018189,0.02006781090018189,0.02006781090018189,0.0,0.0,0.0,,0.9070053399643971,0.20989944659624218,3600.0,0.0,0.0,538,B12,p99=200
22821.0,0.02006781090018189,0.02006781090018189,0.02006781090018189,0.0,0.0,0.0,,0.9460962389010809,0.13912643385204157,3600.0,0.0,0.0,539,A3,p99=200
22821.0,0.02006781090018189,0.02006781090018189,0.03126079367123956,0.0,0.0,0.0,,0.9420575549007345,0.15154109846468272,4015.0,6.0,0.0,539,A6,p99=200
22821.0,0.02006781090018189,0.02006781090018189,0.022777182418573218,0.0,0.0,0.0,,0.9455473201949526,0.14128503407748685,3695.0,2.0,0.0,539,B6,p99=200
22821.0,0.02006781090018189,0.02006781090018189,0.0220673406908459,0.0,0.0,0.0,,0.941081364168719,0.1534401131442587,4010.0,4.0,0.0,539,B8,p99=200
22821.0,0.02006781090018189,0.02006781090018189,0.022777182418573218,0.0,0.0,0.0,,0.9455707150300802,0.14130516277529573,3720.0,2.0,0.0,539,B12,p99=200
49450.0,0.02006781090018189,0.23713737056616552,0.985711900900616,0.0,0.030273003033367038,18.0,111.0,0.9476734690333734,0.12571022224455763,4020.0,4.0,0.0,540,A3,p99=200
49450.0,0.02006781090018189,0.02006781090018189,0.04290421892388853,0.0,4.044489383215369e-05,0.0,3.0,0.9381694215654585,0.1570840918399838,5595.0,18.0,0.0,540,A6,p99=200
49450.0,0.02006781090018189,0.16218100973589297,0.6958249547006052,0.0,0.019474216380182003,12.0,109.0,0.9444108462915821,0.13739177946932818,4405.0,16.0,0.0,540,B6,p99=200
49450.0,0.02006781090018189,0.1673978978860472,0.985711900900616,0.0,0.024246713852376138,14.0,109.0,0.9447180908983986,0.13433449512326603,4330.0,7.0,0.0,540,B8,p99=200
49450.0,0.02006781090018189,0.05527134079444351,0.40620942890585726,0.0,0.009079878665318503,6.0,109.0,0.9445945413199229,0.13811216630030473,4635.0,12.0,0.0,540,B12,p99=200
30065.0,0.02006781090018189,0.06683439175686146,0.3935500754557774,0.0,0.0002660901380342591,0.0,,0.9128329484088306,0.19675814395338379,3735.0,2.0,0.0,541,A3,p99=200
30065.0,0.02006781090018189,0.036622669692491984,0.2778113596642536,0.0,0.00023282887077997672,0.0,,0.9016067007302827,0.2275655372332755,4625.0,14.0,0.0,541,A6,p99=200
30065.0,0.02006781090018189,0.03548133892335755,0.26915348039269155,0.0,0.00023282887077997672,0.0,,0.9085940298360878,0.20898277225506776,3985.0,10.0,0.0,541,B6,p99=200
30065.0,0.02006781090018189,0.03548133892335755,0.26915348039269155,0.0,0.00023282887077997672,0.0,,0.8960861673307746,0.24040310487160568,4685.0,8.0,0.0,541,B8,p99=200
30065.0,0.02006781090018189,0.03548133892335755,0.26915348039269155,0.0,0.00023282887077997672,0.0,,0.9038664795986241,0.2198153894656577,4120.0,10.0,0.0,541,B12,p99=200
30885.0,0.02006781090018189,0.02006781090018189,0.02006781090018189,0.0,0.0,0.0,,0.9352899540842219,0.15275214628941358,3600.0,0.0,0.0,542,A3,p99=200
30885.0,0.02006781090018189,0.02006781090018189,0.04027170343254591,0.0,0.0,0.0,,0.9279530672939486,0.17224113218330414,3985.0,8.0,0.0,542,A6,p99=200
30885.0,0.02006781090018189,0.02006781090018189,0.02006781090018189,0.0,0.0,0.0,,0.9352899540842219,0.15275214628941358,3600.0,0.0,0.0,542,B6,p99=200
30885.0,0.02006781090018189,0.02006781090018189,0.02006781090018189,0.0,0.0,0.0,,0.9225201072532491,0.1829559830175081,4085.0,9.0,0.0,542,B8,p99=200
30885.0,0.02006781090018189,0.02006781090018189,0.02006781090018189,0.0,0.0,0.0,,0.9352899540842219,0.15275214628941358,3600.0,0.0,0.0,542,B12,p99=200
40650.0,0.02006781090018189,0.05354883169202962,0.47588279098881686,0.0,0.0057810578105781055,3.0,,0.9390884283036124,0.14442462738574893,3840.0,2.0,0.0,543,A3,p99=200
40650.0,0.02006781090018189,0.04027170343254591,0.47588279098881686,0.0,0.0057810578105781055,3.0,,0.9189746491310313,0.19700511976798024,5210.0,21.0,0.0,543,A6,p99=200
40650.0,0.02006781090018189,0.0588843655355589,0.47588279098881686,0.0,0.0057810578105781055,3.0,,0.9306095135141812,0.1666677299152166,4290.0,14.0,0.0,543,B6,p99=200
40650.0,0.02006781090018189,0.03126079367123956,0.47588279098881686,0.0,0.0057810578105781055,3.0,,0.9202221179867633,0.19199364980112646,4885.0,12.0,0.0,543,B8,p99=200
40650.0,0.02006781090018189,0.03126079367123956,0.47588279098881686,0.0,0.0057810578105781055,3.0,,0.9281740834844041,0.17265463215413437,4480.0,13.0,0.0,543,B12,p99=200
18377.0,0.02006781090018189,0.02006781090018189,0.02006781090018189,0.0,0.0,0.0,,0.884646927498889,0.25052630217614186,3600.0,0.0,0.0,544,A3,p99=200
18377.0,0.02006781090018189,0.02006781090018189,0.028428241752041873,0.0,0.0,0.0,,0.86875479546024,0.28845776111595384,4075.0,10.0,0.0,544,A6,p99=200
18377.0,0.02006781090018189,0.02006781090018189,0.021379620895022326,0.0,0.0,0.0,,0.8814139814935573,0.2586299338372674,3700.0,2.0,0.0,544,B6,p99=200
18377.0,0.02006781090018189,0.02006781090018189,0.02006781090018189,0.0,0.0,0.0,,0.8805051262443334,0.26111642069946944,3825.0,3.0,0.0,544,B8,p99=200
18377.0,0.02006781090018189,0.02006781090018189,0.021379620895022326,0.0,0.0,0.0,,0.8798201226774762,0.2623183737809222,3725.0,2.0,0.0,544,B12,p99=200
20965.0,0.02006781090018189,0.02006781090018189,0.02006781090018189,0.0,0.0,0.0,,0.9038728034080654,0.21354014587779432,3600.0,0.0,0.0,545,A3,p99=200
20965.0,0.02006781090018189,0.02006781090018189,0.03126079367123956,0.0,0.0,0.0,,0.8835018003138432,0.262667166761571,4360.0,14.0,0.0,545,A6,p99=200
20965.0,0.02006781090018189,0.02006781090018189,0.02006781090018189,0.0,0.0,0.0,,0.8983998141567134,0.22606776371310577,3795.0,6.0,0.0,545,B6,p99=200
20965.0,0.02006781090018189,0.02006781090018189,0.02350985767597148,0.0,0.0,0.0,,0.8904180304921188,0.24601875816068894,4185.0,7.0,0.0,545,B8,p99=200
20965.0,0.02006781090018189,0.02006781090018189,0.02006781090018189,0.0,0.0,0.0,,0.8946896565467586,0.23461825660803792,3870.0,6.0,0.0,545,B12,p99=200
9060.0,0.02006781090018189,0.02006781090018189,0.02006781090018189,0.0,0.0,0.0,,0.8627602291761302,0.29456332925620143,3600.0,0.0,0.0,546,A3,p99=200
9060.0,0.02006781090018189,0.02006781090018189,0.02006781090018189,0.0,0.0,0.0,,0.8520816902717279,0.31894218848474715,3870.0,6.0,0.0,546,A6,p99=200
9060.0,0.02006781090018189,0.02006781090018189,0.02006781090018189,0.0,0.0,0.0,,0.8627602291761302,0.29456332925620143,3600.0,0.0,0.0,546,B6,p99=200
9060.0,0.02006781090018189,0.02006781090018189,0.02006781090018189,0.0,0.0,0.0,,0.8424005387165971,0.3453386220237544,4115.0,4.0,0.0,546,B8,p99=200
9060.0,0.02006781090018189,0.02006781090018189,0.02006781090018189,0.0,0.0,0.0,,0.8627602291761302,0.29456332925620143,3600.0,0.0,0.0,546,B12,p99=200
25795.0,0.02006781090018189,0.02006781090018189,0.029342695039559687,0.0,0.0,0.0,,0.8975768111540258,0.22576406158167034,3600.0,0.0,0.0,547,A3,p99=200
25795.0,0.02006781090018189,0.02350985767597148,0.05704925797046321,0.0,0.0018995929443690637,3.0,,0.8749287246376164,0.2828653830663616,4650.0,14.0,0.0,547,A6,p99=200
25795.0,0.02006781090018189,0.02006781090018189,0.03437557726853155,0.0,0.0,0.0,,0.8923002084980393,0.2393849968291112,3845.0,6.0,0.0,547,B6,p99=200
25795.0,0.02006781090018189,0.02006781090018189,0.036622669692491984,0.0,0.0,0.0,,0.8740107754221624,0.2834216360258723,4375.0,8.0,0.0,547,B8,p99=200
25795.0,0.02006781090018189,0.02006781090018189,0.036622669692491984,0.0,0.0,0.0,,0.888781756517331,0.24814741180175962,3960.0,6.0,0.0,547,B12,p99=200
25594.0,0.02006781090018189,0.02006781090018189,0.1428893958511103,0.0,0.0,0.0,,0.8913759395966325,0.2375685365491914,3600.0,0.0,0.0,548,A3,p99=200
25594.0,0.02006781090018189,0.02350985767597148,0.1428893958511103,0.0,0.0,0.0,,0.869910698845098,0.29129280882629704,4690.0,15.0,0.0,548,A6,p99=200
25594.0,0.02006781090018189,0.02006781090018189,0.1428893958511103,0.0,0.0,0.0,,0.883013850102691,0.2574023509208599,3925.0,10.0,0.0,548,B6,p99=200
25594.0,0.02006781090018189,0.02006781090018189,0.02006781090018189,0.0,0.0,0.0,,0.8757379009111865,0.27509163157915684,4110.0,3.0,0.0,548,B8,p99=200
25594.0,0.02006781090018189,0.02006781090018189,0.1428893958511103,0.0,0.0,0.0,,0.8772897772545686,0.2709285182255601,4215.0,12.0,0.0,548,B12,p99=200
34551.0,0.02006781090018189,0.02006781090018189,0.12196915077508336,0.0,0.0,0.0,,0.9262522833659181,0.16862657866184366,3600.0,0.0,0.0,549,A3,p99=200
34551.0,0.02006781090018189,0.02350985767597148,0.08081649291125372,0.0,0.0005788544470492895,2.0,,0.897478660823979,0.24214059986462044,5085.0,20.0,0.0,549,A6,p99=200
34551.0,0.02006781090018189,0.0220673406908459,0.12196915077508336,0.0,0.0,0.0,,0.9193523508464087,0.1867827042982175,4010.0,10.0,0.0,549,B6,p99=200
34551.0,0.02006781090018189,0.02006781090018189,0.11091748152624009,0.0,0.0,0.0,,0.9160793820019513,0.1937915248632161,4195.0,12.0,0.0,549,B8,p99=200
34551.0,0.02006781090018189,0.021379620895022326,0.12196915077508336,0.0,0.0,0.0,,0.914773798080911,0.19772487405965805,4165.0,10.0,0.0,549,B12,p99=200
24076.0,0.02006781090018189,0.02006781090018189,0.02006781090018189,0.0,0.0,0.0,,0.9119702735281983,0.19815963905218895,3600.0,0.0,0.0,550,A3,p99=200
24076.0,0.02006781090018189,0.02006781090018189,0.04027170343254591,0.0,0.0,0.0,,0.8953442218534257,0.24037198230474222,4425.0,13.0,0.0,550,A6,p99=200
24076.0,0.02006781090018189,0.02006781090018189,0.02006781090018189,0.0,0.0,0.0,,0.9083282718031493,0.20744246588601514,3790.0,4.0,0.0,550,B6,p99=200
24076.0,0.02006781090018189,0.02006781090018189,0.0220673406908459,0.0,0.0,0.0,,0.8980019403306372,0.23131774317761747,4180.0,9.0,0.0,550,B8,p99=200
24076.0,0.02006781090018189,0.02006781090018189,0.02006781090018189,0.0,0.0,0.0,,0.9041750512859313,0.217640531604276,3925.0,4.0,0.0,550,B12,p99=200
26363.0,0.02006781090018189,0.02006781090018189,0.0220673406908459,0.0,0.0,0.0,,0.9322794040558544,0.16284107141032272,3600.0,0.0,0.0,551,A3,p99=200
26363.0,0.02006781090018189,0.02006781090018189,0.0518800038928961,0.0,0.0,0.0,,0.9146714937982181,0.2078435119483958,4335.0,14.0,0.0,551,A6,p99=200
26363.0,0.02006781090018189,0.02006781090018189,0.03226636185911482,0.0,0.0,0.0,,0.9271525094061068,0.17632337420666688,3795.0,6.0,0.0,551,B6,p99=200
26363.0,0.02006781090018189,0.02006781090018189,0.02006781090018189,0.0,0.0,0.0,,0.922709321167512,0.18565493602767955,3990.0,7.0,0.0,551,B8,p99=200
26363.0,0.02006781090018189,0.02006781090018189,0.03330427623087463,0.0,0.0,0.0,,0.9239938368487979,0.1845115795942541,3955.0,8.0,0.0,551,B12,p99=200
34956.0,0.02006781090018189,0.02006781090018189,0.5939501549952435,0.0,0.012415608193157112,6.0,,0.9670554254696662,0.09559741857407396,3600.0,0.0,0.0,552,A3,p99=200
34956.0,0.02006781090018189,0.029342695039559687,0.6958249547006052,0.0,0.016048746996223825,13.0,,0.9560626335446373,0.12510253848001904,4340.0,15.0,0.0,552,A6,p99=200
34956.0,0.02006781090018189,0.02006781090018189,0.5939501549952435,0.0,0.012415608193157112,6.0,,0.963442045312727,0.10494643658664761,3810.0,5.0,0.0,552,B6,p99=200
34956.0,0.02006781090018189,0.02006781090018189,0.5939501549952435,0.0,0.012415608193157112,6.0,,0.961832648147239,0.10919203240201707,4030.0,6.0,0.0,552,B8,p99=200
34956.0,0.02006781090018189,0.02006781090018189,0.5939501549952435,0.0,0.012415608193157112,6.0,,0.9633289568846213,0.10562819135854316,3860.0,5.0,0.0,552,B12,p99=200
35542.0,0.02006781090018189,0.02006781090018189,0.03330427623087463,0.0,0.0,0.0,,0.9683105198873995,0.09331783198231033,3600.0,0.0,0.0,553,A3,p99=200
35542.0,0.02006781090018189,0.02006781090018189,0.05527134079444351,0.0,0.0,0.0,,0.9547376693429347,0.13114361720893444,4770.0,20.0,0.0,553,A6,p99=200
35542.0,0.02006781090018189,0.02006781090018189,0.03548133892335755,0.0,0.0,0.0,,0.9643682225130378,0.10357595893934046,3825.0,6.0,0.0,553,B6,p99=200
35542.0,0.02006781090018189,0.02006781090018189,0.04290421892388853,0.0,0.0,0.0,,0.96630369121796,0.10006618384332705,3940.0,4.0,0.0,553,B8,p99=200
35542.0,0.02006781090018189,0.02006781090018189,0.03548133892335755,0.0,0.0,0.0,,0.9640011357256086,0.104856411467514,3900.0,6.0,0.0,553,B12,p99=200
49040.0,0.02006781090018189,0.02006781090018189,0.1673978978860472,0.0,0.003833605220228385,3.0,,0.9750200229513684,0.07187363061796014,3735.0,2.0,0.0,554,A3,p99=200
49040.0,0.02006781090018189,0.02006781090018189,0.04570881896148752,0.0,0.0,0.0,,0.9604039343617887,0.11382949499747996,4915.0,19.0,0.0,554,A6,p99=200
49040.0,0.02006781090018189,0.02006781090018189,0.1673978978860472,0.0,0.003833605220228385,3.0,,0.9728633217952317,0.0788012699086189,3995.0,10.0,0.0,554,B6,p99=200
49040.0,0.02006781090018189,0.02006781090018189,0.029342695039559687,0.0,0.0,0.0,,0.9635161837245406,0.10446350015869846,4540.0,10.0,0.0,554,B8,p99=200
49040.0,0.02006781090018189,0.02006781090018189,0.02754228703338166,0.0,0.0,0.0,,0.9716735829040537,0.08256285997181068,4180.0,10.0,0.0,554,B12,p99=200
65993.0,0.02006781090018189,0.02006781090018189,0.2447653853410146,0.0,0.0008182686042459049,3.0,,0.9917166281144576,0.03320294999914855,3600.0,0.0,0.0,555,A3,p99=200
65993.0,0.02006781090018189,0.02006781090018189,0.05527134079444351,0.0,0.0003182155683178519,2.0,,0.9810631512544051,0.07048814681269623,5565.0,17.0,0.0,555,A6,p99=200
65993.0,0.02006781090018189,0.02006781090018189,0.22974707980333003,0.0,0.000333368690618702,2.0,,0.9889936341811462,0.04349329575788384,3980.0,9.0,0.0,555,B6,p99=200
65993.0,0.02006781090018189,0.02006781090018189,0.22974707980333003,0.0,0.000333368690618702,2.0,,0.9877577670679286,0.047681542845753946,4305.0,11.0,0.0,555,B8,p99=200
65993.0,0.02006781090018189,0.02006781090018189,0.08081649291125372,0.0,0.0,0.0,,0.9862624819195603,0.05307436254107896,4420.0,13.0,0.0,555,B12,p99=200
94768.0,0.02006781090018189,0.31531889793555934,2.0417379446695296,0.023425628904271485,0.041902329900388315,42.0,1.0,0.9974758535918368,0.023657752204125262,4635.0,7.0,0.0,556,A3,p99=200
94768.0,0.02006781090018189,0.08609937521846008,2.0417379446695296,0.008900683775113962,0.042266376836062804,26.0,0.0,0.9896301210240995,0.0546782867368043,7105.0,25.0,0.0,556,A6,p99=200
94768.0,0.02006781090018189,0.2867477375581316,2.0417379446695296,0.019170500590916763,0.041788894985649166,33.0,1.0,0.9938494334310352,0.035486025819574274,5260.0,19.0,0.04722222222222222,556,B6,p99=200
94768.0,0.02006781090018189,0.2447653853410146,1.742809826672464,0.0,0.04003461083910181,18.0,1.0,0.994360138552709,0.03541939381847628,5295.0,16.0,0.08611111111111111,556,B8,p99=200
94768.0,0.02006781090018189,0.2867477375581316,2.0417379446695296,0.019170500590916763,0.041788894985649166,33.0,1.0,0.9930289411718376,0.0402711752720914,5695.0,23.0,0.0,556,B12,p99=200
82378.0,0.02006781090018189,0.06683439175686146,0.5401321147646347,0.0,0.010633907111121901,13.0,,0.9968066315911842,0.025131255202440434,4275.0,5.0,0.0,557,A3,p99=200
82378.0,0.02006781090018189,0.02006781090018189,0.20892961308540398,0.0,0.0035810531938138823,4.0,,0.9884321320127124,0.058736736979768354,6490.0,22.0,0.0,557,A6,p99=200
82378.0,0.02006781090018189,0.029342695039559687,0.4911905467933634,0.0,0.009747748185195077,10.0,,0.9947036217575441,0.032899172122373734,4505.0,13.0,0.0,557,B6,p99=200
82378.0,0.02006781090018189,0.02006781090018189,0.23713737056616552,0.0,0.006166694991381194,6.0,,0.9935571366993425,0.040525937767983966,5530.0,12.0,0.0,557,B8,p99=200
82378.0,0.02006781090018189,0.022777182418573218,0.4911905467933634,0.0,0.009747748185195077,10.0,,0.9937057782730047,0.03833861520490235,5010.0,15.0,0.0,557,B12,p99=200
109880.0,0.02006781090018189,0.6741398498898495,1.8567353246307055,0.0005915544230069166,0.06510738987986894,75.0,11.5,0.994351476242382,0.03321464743577488,5520.0,13.0,0.0,558,A3,p99=200
109880.0,0.02006781090018189,0.02006781090018189,0.05527134079444351,0.0,0.0008554787040407718,4.0,0.0,0.9868676284155753,0.06314578737804194,8260.0,32.0,0.0,558,A6,p99=200
109880.0,0.02006781090018189,0.0588843655355589,1.0839269140212038,0.0005915544230069166,0.019821623589370223,23.0,3.5,0.9937516469714996,0.03725177042475413,5795.0,24.0,0.0,558,B6,p99=200
109880.0,0.02006781090018189,0.02006781090018189,0.34673685045253166,0.0,0.004859847105933746,7.0,3.5,0.996335401019447,0.030145237317525605,6095.0,8.0,0.0,558,B8,p99=200
109880.0,0.02006781090018189,0.02006781090018189,0.19611011754760474,0.0,0.0,0.0,2.0,0.9941221876469415,0.04082955127192586,6540.0,20.0,0.0,558,B12,p99=200
116089.0,0.02006781090018189,0.03437557726853155,0.8151734005153627,0.0,0.020932215799946592,34.0,,0.9978622539540798,0.02150534777028286,5205.0,5.0,0.0,559,A3,p99=200
116089.0,0.02006781090018189,0.02006781090018189,0.04027170343254591,0.0,0.00021535201440274273,2.0,,0.990345241599486,0.05207263084008098,8260.0,24.0,0.0,559,A6,p99=200
116089.0,0.02006781090018189,0.02006781090018189,0.5232991146814947,0.0,0.010181843240961675,13.0,,0.9971438197664708,0.024330736233051386,5615.0,8.0,0.0,559,B6,p99=200
116089.0,0.02006781090018189,0.02006781090018189,0.5232991146814947,0.0,0.01066423175322382,15.0,,0.995398695160045,0.03331046976561713,6345.0,15.0,0.0,559,B8,p99=200
116089.0,0.02006781090018189,0.02006781090018189,0.03330427623087463,0.0,0.0022655031915168535,3.0,,0.996489222138273,0.028383645725888147,5950.0,11.0,0.0,559,B12,p99=200
126412.0,0.02006781090018189,1.0501467677660838,2.0417379446695296,0.04135287789133943,0.057609245957662245,61.0,58.0,0.9963937672229564,0.028254467716114028,6210.0,8.0,0.0,560,A3,p99=200
126412.0,0.02006781090018189,0.6958249547006052,2.0417379446695296,0.02166329145967155,0.052633452520330345,40.0,5.0,0.9845592519867253,0.07159238032806617,10370.0,39.0,0.0,560,A6,p99=200
126412.0,0.02006781090018189,1.742809826672464,2.0417379446695296,0.0385268012530456,0.07615376704743221,76.0,58.0,0.9915248355353126,0.0463867424230508,6975.0,33.0,0.0,560,B6,p99=200
126412.0,0.02006781090018189,1.7988709151287874,2.0417379446695296,0.009925877290130683,0.07736013986013986,50.0,58.0,0.9971726142313131,0.031674504420068715,7950.0,7.0,0.0,560,B8,p99=200
126412.0,0.02006781090018189,1.584893192461114,2.0417379446695296,0.03407311014777078,0.06773684460336044,62.0,7.0,0.9931844960973414,0.04371957247199382,7690.0,26.0,0.0,560,B12,p99=200
96822.0,0.02006781090018189,0.8684603593990751,2.0417379446695296,0.00768678606101919,0.061625973435789384,54.0,10.8,0.9950547552033312,0.03160195280499422,5085.0,9.0,0.0,561,A3,p99=200
96822.0,0.02006781090018189,0.06273356959840379,0.8413951416451951,0.0,0.015822850178678398,19.0,7.4,0.9877037188431268,0.06368390341047908,8680.0,33.0,0.0,561,A6,p99=200
96822.0,0.02006781090018189,0.7897688493998856,1.9781080029332403,0.006795976121129496,0.06006899258433001,53.0,11.2,0.9916275586438777,0.043287330877072816,6100.0,25.0,0.0,561,B6,p99=200
96822.0,0.02006781090018189,0.03126079367123956,1.6358745652400533,0.003552911528371651,0.02259816983743364,18.0,1.6,0.9925671538128558,0.046480167312720054,7060.0,14.0,0.0,561,B8,p99=200
96822.0,0.02006781090018189,0.5754399373371569,1.9164610627353873,0.0035942244531201586,0.051796079403441365,44.0,5.8,0.9923850820528961,0.04420888662360169,6600.0,20.0,0.0,561,B12,p99=200
119430.0,0.02006781090018189,0.037800713730181124,2.0417379446695296,0.003893494096960563,0.020438750732646737,18.0,25.0,0.9958071898222643,0.029971654729198587,5970.0,7.0,0.0,562,A3,p99=200
119430.0,0.02006781090018189,0.030286563611439634,2.0417379446695296,0.009394624466214519,0.020874152223059533,27.0,8.5,0.9891676746355127,0.056876956350320425,9075.0,28.0,0.0,562,A6,p99=200
119430.0,0.02006781090018189,0.40620942890585726,2.0417379446695296,0.016829942225571465,0.04564179854307963,53.0,78.0,0.9931619828141114,0.037520223914718195,6290.0,22.0,0.0,562,B6,p99=200
119430.0,0.02006781090018189,0.08081649291125372,1.2698429144338064,0.0,0.02774847190823076,18.0,10.5,0.9951333534105006,0.03661107317335231,7195.0,13.0,0.0,562,B8,p99=200
119430.0,0.02006781090018189,0.06683439175686146,2.0417379446695296,0.009394624466214519,0.02820061960981328,24.0,11.0,0.9940737019238428,0.03797871170330694,6895.0,18.0,0.0,562,B12,p99=200
90408.0,0.02006781090018189,0.022777182418573218,0.26076542044591006,0.0,0.005762764357136537,11.0,,0.9973312508577495,0.023706063978839537,4500.0,4.0,0.0,563,A3,p99=200
90408.0,0.02006781090018189,0.022777182418573218,0.06683439175686146,0.0,5.530484027962127e-05,1.0,,0.9871298720328423,0.061621720674390555,7015.0,27.0,0.0,563,A6,p99=200
90408.0,0.02006781090018189,0.025852348395621914,0.25263877101318966,0.0,0.004866825944606672,6.0,,0.9932782643225657,0.0388574040150573,5080.0,19.0,0.0,563,B6,p99=200
90408.0,0.02006781090018189,0.02006781090018189,0.25263877101318966,0.0,0.004866825944606672,6.0,,0.9948255835037917,0.03561398223636771,5495.0,12.0,0.0,563,B8,p99=200
90408.0,0.02006781090018189,0.02006781090018189,0.11816803125447838,0.0,0.004866825944606672,6.0,,0.9936855917903884,0.04002690598266131,5585.0,15.0,0.0,563,B12,p99=200
63802.0,0.02006781090018189,1.0501467677660838,2.0417379446695296,0.0205322717156202,0.0863452556346196,47.0,43.0,0.9915527571808235,0.04171856745891846,4455.0,5.0,0.0,564,A3,p99=200
63802.0,0.02006781090018189,0.08886893998466987,1.9781080029332403,0.0017554308642362309,0.032444124008651765,17.0,37.0,0.9821238914531356,0.07205998915772464,6240.0,22.0,0.0,564,A6,p99=200
63802.0,0.02006781090018189,0.4911905467933634,2.0417379446695296,0.010003604902667627,0.048113695495439014,28.0,40.0,0.9910159493763644,0.043096815899386534,4265.0,8.0,0.0,564,B6,p99=200
63802.0,0.02006781090018189,0.5401321147646347,2.0417379446695296,0.011457321087113257,0.05081345412369518,27.0,40.0,0.989217299452229,0.050563343187755544,4835.0,12.0,0.0,564,B8,p99=200
63802.0,0.02006781090018189,0.4911905467933634,2.0417379446695296,0.010003604902667627,0.048113695495439014,28.0,40.0,0.9901512383225627,0.04663386476751502,4525.0,10.0,0.0,564,B12,p99=200
37112.0,0.02006781090018189,0.025852348395621914,0.11448537209469502,0.0,0.0,0.0,,0.9711660637918438,0.08839151949490998,3780.0,2.0,0.0,565,A3,p99=200
37112.0,0.02006781090018189,0.037800713730181124,0.11448537209469502,0.0,0.0008083638715240353,2.0,,0.9564655380478767,0.1286403331147186,5010.0,24.0,0.0,565,A6,p99=200
37112.0,0.02006781090018189,0.02006781090018189,0.09772372209558107,0.0,0.0,0.0,,0.9681338986821121,0.09670902520322859,3915.0,8.0,0.0,565,B6,p99=200
37112.0,0.02006781090018189,0.021379620895022326,0.09172759353897794,0.0,0.0,0.0,,0.9622486285705238,0.1118353338143595,4540.0,9.0,0.0,565,B8,p99=200
37112.0,0.02006781090018189,0.02006781090018189,0.09772372209558107,0.0,0.0,0.0,,0.9673354664911825,0.09938682449486398,4015.0,8.0,0.0,565,B12,p99=200
47584.0,0.02006781090018189,0.7897688493998856,2.0417379446695296,0.023353438130464022,0.05217615164761264,23.0,0.0,0.9774298328435882,0.07466615155461755,4020.0,4.0,0.0,566,A3,p99=200
47584.0,0.02006781090018189,0.41927599668460547,2.0417379446695296,0.006903581035642233,0.048367098184263616,17.0,0.0,0.9657352552124429,0.10986466375105071,5425.0,22.0,0.0,566,A6,p99=200
47584.0,0.02006781090018189,1.4876473740795015,2.0417379446695296,0.018288710490921317,0.07075382481506388,29.0,75.0,0.9727851900131267,0.08628749738484152,4340.0,11.0,0.11944444444444445,566,B6,p99=200
47584.0,0.02006781090018189,0.6327760017024558,1.191927939457827,0.0,0.057603396099529254,20.0,75.0,0.9748215644712932,0.08140362212900595,4245.0,6.0,0.14444444444444443,566,B8,p99=200
47584.0,0.02006781090018189,0.985711900900616,2.0417379446695296,0.017973478480161398,0.05495019334229993,21.0,75.0,0.969733320573154,0.09502078670824214,4740.0,11.0,0.06666666666666667,566,B12,p99=200
57564.0,0.02006781090018189,1.742809826672464,2.0417379446695296,0.01325046904315197,0.13573153359738727,71.0,60.0,0.9722135635029595,0.08820699573990008,4755.0,7.0,0.0,567,A3,p99=200
57564.0,0.02006781090018189,0.20892961308540398,1.8567353246307055,0.005923841289694949,0.038965325550691404,31.0,29.0,0.9663039479230491,0.10959821791855508,6360.0,15.0,0.0,567,A6,p99=200
57564.0,0.02006781090018189,0.23713737056616552,1.7988709151287874,0.005923841289694949,0.03199916614550761,20.0,93.5,0.9726994228103619,0.08749848487828477,4780.0,11.0,0.125,567,B6,p99=200
57564.0,0.02006781090018189,1.4412854420872234,2.0417379446695296,0.009016051698978528,0.13631783753734975,58.0,94.0,0.9711507312081531,0.08861322596299215,4475.0,11.0,0.14722222222222223,567,B8,p99=200
57564.0,0.02006781090018189,0.6130557921498209,1.9781080029332403,0.006149676881384199,0.05381835869640748,28.0,94.0,0.9725478258937554,0.08830843238799316,4830.0,9.0,0.08611111111111111,567,B12,p99=200
50089.0,0.02006781090018189,0.4610520952362225,2.0417379446695296,0.04048793148196211,0.0464173770688175,25.0,,0.9686497817825173,0.08854931887741688,3990.0,4.0,0.0,568,A3,p99=200
50089.0,0.02006781090018189,0.6958249547006052,2.468880104906209,0.02862904030825131,0.04985126474874723,20.0,,0.9534139970552736,0.12980546718473626,5170.0,19.0,0.0,568,A6,p99=200
50089.0,0.02006781090018189,0.6130557921498209,2.0417379446695296,0.04048793148196211,0.049651620116193174,27.0,,0.9617032086022997,0.1083697345291174,4465.0,12.0,0.05555555555555555,568,B6,p99=200
50089.0,0.02006781090018189,0.7897688493998856,1.9781080029332403,0.0007985785302162151,0.05671904010860668,13.0,,0.9602992532141063,0.11183644544782134,4565.0,9.0,0.058333333333333334,568,B8,p99=200
50089.0,0.02006781090018189,0.026683942737144424,2.0417379446695296,0.04048793148196211,0.03986903312104454,21.0,,0.9591381630180282,0.11598581884365233,4720.0,10.0,0.044444444444444446,568,B12,p99=200
30890.0,0.02006781090018189,0.02006781090018189,0.02006781090018189,0.0,0.0,0.0,,0.9476592238326106,0.13117655948571932,3600.0,0.0,0.0,569,A3,p99=200
30890.0,0.02006781090018189,0.02006781090018189,0.04570881896148752,0.0,0.0,0.0,,0.9410370355665887,0.14913261024608285,4065.0,8.0,0.0,569,A6,p99=200
30890.0,0.02006781090018189,0.02006781090018189,0.022777182418573218,0.0,0.0,0.0,,0.9471755828924837,0.13302414906044463,3675.0,2.0,0.0,569,B6,p99=200
30890.0,0.02006781090018189,0.02006781090018189,0.037800713730181124,0.0,0.0,0.0,,0.9441091235283344,0.14203532508243552,4075.0,6.0,0.0,569,B8,p99=200
30890.0,0.02006781090018189,0.02006781090018189,0.022777182418573218,0.0,0.0,0.0,,0.9471397048595531,0.13332183913782777,3700.0,2.0,0.0,569,B12,p99=200
31205.0,0.02006781090018189,1.3963683610559376,2.0417379446695296,0.011184105111360358,0.10921326710463067,38.0,32.0,0.91774219186811,0.19641026002088338,4275.0,6.0,0.0,570,A3,p99=200
31205.0,0.02006781090018189,0.9549925860214359,1.9781080029332403,0.0025957378625220315,0.09677936228168563,32.0,42.666666666666664,0.8866356619721905,0.2710883333385954,5560.0,28.0,0.0,570,A6,p99=200
31205.0,0.02006781090018189,1.6358745652400533,2.0417379446695296,0.009004967152699888,0.15510334882230412,53.0,67.0,0.9044449045383309,0.2268646225266376,4625.0,20.0,0.0,570,B6,p99=200
31205.0,0.02006781090018189,0.985711900900616,2.0417379446695296,0.007018106072744753,0.08303156545425412,29.0,32.0,0.8920346910096317,0.2563678813389661,5160.0,13.0,0.0,570,B8,p99=200
31205.0,0.02006781090018189,1.6358745652400533,2.0417379446695296,0.009004967152699888,0.15510334882230412,53.0,43.333333333333336,0.8907966446723216,0.25813897820562465,5030.0,20.0,0.0,570,B12,p99=200
22271.0,0.02006781090018189,1.8567353246307055,2.0417379446695296,0.10969422118450002,0.10004041129720265,28.0,8.0,0.9201730810869435,0.19356356188076876,3735.0,2.0,0.0,571,A3,p99=200
22271.0,0.02006781090018189,1.8567353246307055,2.0417379446695296,0.10969422118450002,0.08930896681783486,24.0,8.0,0.9069212649576013,0.2251098715982896,4335.0,11.0,0.0,571,A6,p99=200
22271.0,0.02006781090018189,1.8567353246307055,2.0417379446695296,0.10969422118450002,0.09555026716357595,26.0,8.0,0.9054227886780185,0.2267432242715947,4845.0,9.0,0.0,571,B6,p99=200
22271.0,0.02006781090018189,1.3963683610559376,2.0417379446695296,0.10295900498405999,0.07709577477437025,19.0,8.0,0.8942174949101324,0.2567532805715689,4845.0,10.0,0.0,571,B8,p99=200
22271.0,0.02006781090018189,1.8567353246307055,2.0417379446695296,0.10969422118450002,0.08481882268420816,22.0,38.0,0.9024114512291782,0.23606849850142414,4660.0,9.0,0.06666666666666667,571,B12,p99=200
7590.0,0.02006781090018189,0.17834050825119682,0.6130557921498209,0.0,0.02160737812911726,3.0,,0.8801198772417499,0.27076368584917554,3735.0,2.0,0.0,572,A3,p99=200
7590.0,0.02006781090018189,0.17834050825119682,0.6130557921498209,0.0,0.02160737812911726,3.0,,0.8797211081763044,0.2714542334630538,3785.0,3.0,0.0,572,A6,p99=200
7590.0,0.02006781090018189,0.17834050825119682,0.6130557921498209,0.0,0.02160737812911726,3.0,,0.8825603572920747,0.2649055608133753,3665.0,2.0,0.0,572,B6,p99=200
7590.0,0.02006781090018189,0.17834050825119682,0.6130557921498209,0.0,0.02160737812911726,3.0,,0.8688278206084727,0.29682631789645725,4050.0,2.0,0.0,572,B8,p99=200
7590.0,0.02006781090018189,0.17834050825119682,0.6130557921498209,0.0,0.02160737812911726,3.0,,0.8812035580274323,0.26794076445709675,3690.0,2.0,0.0,572,B12,p99=200
5902.0,0.02006781090018189,0.02006781090018189,0.05354883169202962,0.0,0.0,0.0,,0.8700254849433254,0.28803064564627673,3600.0,0.0,0.0,573,A3,p99=200
5902.0,0.02006781090018189,0.02006781090018189,0.05354883169202962,0.0,0.0,0.0,,0.8700254849433254,0.28803064564627673,3600.0,0.0,0.0,573,A6,p99=200
5902.0,0.02006781090018189,0.02006781090018189,0.05354883169202962,0.0,0.0,0.0,,0.8700254849433254,0.28803064564627673,3600.0,0.0,0.0,573,B6,p99=200
5902.0,0.02006781090018189,0.02006781090018189,0.05354883169202962,0.0,0.0,0.0,,0.8645436026099966,0.3005873485071288,3795.0,2.0,0.0,573,B8,p99=200
5902.0,0.02006781090018189,0.02006781090018189,0.05354883169202962,0.0,0.0,0.0,,0.8700254849433254,0.28803064564627673,3600.0,0.0,0.0,573,B12,p99=200
10246.0,0.02006781090018189,0.36940264435828357,1.4412854420872234,0.0,0.04362678118290064,5.0,23.0,0.8718778242919486,0.2814012626700169,3600.0,0.0,0.0,574,A3,p99=200
10246.0,0.02006781090018189,0.36940264435828357,1.4412854420872234,0.0,0.04362678118290064,5.0,23.0,0.85814507402073,0.3135973665082457,4000.0,9.0,0.0,574,A6,p99=200
10246.0,0.02006781090018189,0.36940264435828357,1.4412854420872234,0.0,0.04362678118290064,5.0,23.0,0.8629707031041985,0.30194636681566306,3860.0,8.0,0.0,574,B6,p99=200
10246.0,0.02006781090018189,0.36940264435828357,1.4412854420872234,0.0,0.04362678118290064,5.0,23.0,0.8431224789982418,0.34809867682719964,4355.0,6.0,0.0,574,B8,p99=200
10246.0,0.02006781090018189,0.36940264435828357,1.4412854420872234,0.0,0.04362678118290064,5.0,23.0,0.8584282874248872,0.3120577741726226,3960.0,8.0,0.0,574,B12,p99=200
13288.0,0.02006781090018189,1.9781080029332403,2.0417379446695296,0.037251655629139076,0.1873871161950632,28.0,22.0,0.8698136255987938,0.2834537360370635,3600.0,0.0,0.0,575,A3,p99=200
13288.0,0.02006781090018189,1.9781080029332403,2.0417379446695296,0.037251655629139076,0.1873871161950632,28.0,22.0,0.8472659710505104,0.3389424076077098,4495.0,11.0,0.0,575,A6,p99=200
13288.0,0.02006781090018189,1.9781080029332403,2.0417379446695296,0.037251655629139076,0.1873871161950632,28.0,22.0,0.8527896486766867,0.32554840843035393,4375.0,10.0,0.0,575,B6,p99=200
13288.0,0.02006781090018189,1.9781080029332403,2.0417379446695296,0.037251655629139076,0.1873871161950632,28.0,22.0,0.8497575229003123,0.3318825119233947,4235.0,10.0,0.0,575,B8,p99=200
13288.0,0.02006781090018189,1.9781080029332403,2.0417379446695296,0.037251655629139076,0.1873871161950632,28.0,22.0,0.8432807464344528,0.3489198409861017,4650.0,10.0,0.0,575,B12,p99=200
6543.0,0.02006781090018189,0.024266100950824154,0.15222991328804203,0.0,0.0,0.0,,0.8485930550464875,0.32411745791983526,3735.0,2.0,0.0,576,A3,p99=200
6543.0,0.02006781090018189,0.026683942737144424,0.15222991328804203,0.0,0.0,0.0,,0.8513224467683469,0.31830137686777304,3735.0,3.0,0.0,576,A6,p99=200
6543.0,0.02006781090018189,0.02350985767597148,0.15222991328804203,0.0,0.0,0.0,,0.8522308184592421,0.3159475664327242,3665.0,2.0,0.0,576,B6,p99=200
6543.0,0.02006781090018189,0.02504667035723587,0.15222991328804203,0.0,0.0,0.0,,0.8402243913183491,0.34612541275978753,4020.0,2.0,0.0,576,B8,p99=200
6543.0,0.02006781090018189,0.02350985767597148,0.15222991328804203,0.0,0.0,0.0,,0.8507818229099755,0.31939187358080195,3690.0,2.0,0.0,576,B12,p99=200
6233.0,0.02006781090018189,0.02006781090018189,0.02006781090018189,0.0,0.0,0.0,,0.8585313784544185,0.30482629518971444,3600.0,0.0,0.0,577,A3,p99=200
6233.0,0.02006781090018189,0.02006781090018189,0.02006781090018189,0.0,0.0,0.0,,0.8585313784544185,0.30482629518971444,3600.0,0.0,0.0,577,A6,p99=200
6233.0,0.02006781090018189,0.02006781090018189,0.02006781090018189,0.0,0.0,0.0,,0.8585313784544185,0.30482629518971444,3600.0,0.0,0.0,577,B6,p99=200
6233.0,0.02006781090018189,0.02006781090018189,0.02006781090018189,0.0,0.0,0.0,,0.8509667442575197,0.3236916270462343,3870.0,2.0,0.0,577,B8,p99=200
6233.0,0.02006781090018189,0.02006781090018189,0.02006781090018189,0.0,0.0,0.0,,0.8585313784544185,0.30482629518971444,3600.0,0.0,0.0,577,B12,p99=200
11068.0,0.02006781090018189,2.0417379446695296,3.4974378036641802,0.08217383447777377,0.3290115648717022,30.0,7.0,0.8346046241508287,0.36134539551776984,4110.0,3.0,0.0,578,A3,p99=200
11068.0,0.02006781090018189,2.1752040340195222,2.6302679918953813,0.015043368268883268,0.20712865919768703,20.0,5.0,0.8388223427131173,0.355423907417378,4230.0,5.0,0.0,578,A6,p99=200
11068.0,0.02006781090018189,2.0417379446695296,2.1074146752966985,0.05825352367184677,0.2872470184315143,24.0,7.0,0.8412515299658014,0.3476497394647586,4120.0,5.0,0.0,578,B6,p99=200
11068.0,0.02006781090018189,0.19611011754760474,0.2959715725594465,0.0,0.0,0.0,4.0,0.8413640896141553,0.3449080954311197,4020.0,4.0,0.0,578,B8,p99=200
11068.0,0.02006781090018189,2.0417379446695296,2.1074146752966985,0.05825352367184677,0.2872470184315143,24.0,7.0,0.8361608706251421,0.3621323463781415,4270.0,5.0,0.0,578,B12,p99=200
6790.0,0.02006781090018189,0.02006781090018189,0.02006781090018189,0.0,0.0,0.0,,0.867817492608006,0.28698902109479135,3600.0,0.0,0.0,579,A3,p99=200
6790.0,0.02006781090018189,0.02006781090018189,0.02006781090018189,0.0,0.0,0.0,,0.867817492608006,0.28698902109479135,3600.0,0.0,0.0,579,A6,p99=200
6790.0,0.02006781090018189,0.02006781090018189,0.02006781090018189,0.0,0.0,0.0,,0.867817492608006,0.28698902109479135,3600.0,0.0,0.0,579,B6,p99=200
6790.0,0.02006781090018189,0.02006781090018189,0.02006781090018189,0.0,0.0,0.0,,0.8634289562068125,0.2977604891783513,3795.0,2.0,0.0,579,B8,p99=200
6790.0,0.02006781090018189,0.02006781090018189,0.02006781090018189,0.0,0.0,0.0,,0.867817492608006,0.28698902109479135,3600.0,0.0,0.0,579,B12,p99=200
5737.0,0.02006781090018189,0.02006781090018189,0.0588843655355589,0.0,0.0,0.0,,0.856835159615089,0.30941246189046195,3600.0,0.0,0.0,580,A3,p99=200
5737.0,0.02006781090018189,0.02006781090018189,0.06077850313707005,0.0,0.0,0.0,,0.8529025902997401,0.3185426261405436,3730.0,2.0,0.0,580,A6,p99=200
5737.0,0.02006781090018189,0.02006781090018189,0.0588843655355589,0.0,0.0,0.0,,0.8542965330737743,0.31517448916086677,3665.0,2.0,0.0,580,B6,p99=200
5737.0,0.02006781090018189,0.02006781090018189,0.0588843655355589,0.0,0.0,0.0,,0.8524096796811375,0.32024002898222065,3815.0,3.0,0.0,580,B8,p99=200
5737.0,0.02006781090018189,0.02006781090018189,0.0588843655355589,0.0,0.0,0.0,,0.8525557923330336,0.31906949075142066,3690.0,2.0,0.0,580,B12,p99=200
7364.0,0.02006781090018189,0.02006781090018189,0.02006781090018189,0.0,0.0,0.0,,0.8845811578698236,0.2611019865542555,3600.0,0.0,0.0,581,A3,p99=200
7364.0,0.02006781090018189,0.02006781090018189,0.02006781090018189,0.0,0.0,0.0,,0.8845811578698236,0.2611019865542555,3600.0,0.0,0.0,581,A6,p99=200
7364.0,0.02006781090018189,0.02006781090018189,0.02006781090018189,0.0,0.0,0.0,,0.8845811578698236,0.2611019865542555,3600.0,0.0,0.0,581,B6,p99=200
7364.0,0.02006781090018189,0.02006781090018189,0.02006781090018189,0.0,0.0,0.0,,0.8790214369035981,0.27458035359587163,3795.0,2.0,0.0,581,B8,p99=200
7364.0,0.02006781090018189,0.02006781090018189,0.02006781090018189,0.0,0.0,0.0,,0.8845811578698236,0.2611019865542555,3600.0,0.0,0.0,581,B12,p99=200
12195.0,0.02006781090018189,0.7651560209006901,1.6884958594867534,0.0,0.07175071750717507,10.0,4.0,0.888922889718812,0.2506211817533768,3600.0,0.0,0.0,582,A3,p99=200
12195.0,0.02006781090018189,0.557506583166466,1.6884958594867534,0.0,0.05108651086510865,7.0,4.0,0.8763702877311801,0.280632465277632,4075.0,8.0,0.0,582,A6,p99=200
12195.0,0.02006781090018189,0.7651560209006901,1.6884958594867534,0.0,0.07175071750717507,10.0,4.0,0.8804329960123976,0.2704184473853128,3930.0,7.0,0.0,582,B6,p99=200
12195.0,0.02006781090018189,0.7651560209006901,1.6884958594867534,0.0,0.07175071750717507,10.0,4.0,0.8792004888929439,0.27417363094325997,3990.0,6.0,0.0,582,B8,p99=200
12195.0,0.02006781090018189,0.557506583166466,1.6884958594867534,0.0,0.05108651086510865,7.0,4.0,0.8740254922474515,0.2865085431820822,4055.0,6.0,0.0,582,B12,p99=200
5773.0,0.02006781090018189,0.02006781090018189,0.02006781090018189,0.0,0.0,0.0,,0.8607258836740725,0.30046345532974883,3600.0,0.0,0.0,583,A3,p99=200
5773.0,0.02006781090018189,0.02006781090018189,0.02006781090018189,0.0,0.0,0.0,,0.8582904978951507,0.30606467193975906,3665.0,2.0,0.0,583,A6,p99=200
5773.0,0.02006781090018189,0.02006781090018189,0.02006781090018189,0.0,0.0,0.0,,0.8607258836740725,0.30046345532974883,3600.0,0.0,0.0,583,B6,p99=200
5773.0,0.02006781090018189,0.02006781090018189,0.02006781090018189,0.0,0.0,0.0,,0.8568772759262542,0.31009952323291423,3795.0,2.0,0.0,583,B8,p99=200
5773.0,0.02006781090018189,0.02006781090018189,0.02006781090018189,0.0,0.0,0.0,,0.8607258836740725,0.30046345532974883,3600.0,0.0,0.0,583,B12,p99=200
5469.0,0.02006781090018189,0.02006781090018189,0.02006781090018189,0.0,0.0,0.0,,0.8492533195479662,0.32205427040508616,3600.0,0.0,0.0,584,A3,p99=200
5469.0,0.02006781090018189,0.02006781090018189,0.02006781090018189,0.0,0.0,0.0,,0.8471627991065659,0.32665946302383025,3675.0,2.0,0.0,584,A6,p99=200
5469.0,0.02006781090018189,0.02006781090018189,0.02006781090018189,0.0,0.0,0.0,,0.8492533195479662,0.32205427040508616,3600.0,0.0,0.0,584,B6,p99=200
5469.0,0.02006781090018189,0.02006781090018189,0.02006781090018189,0.0,0.0,0.0,,0.8432435931847516,0.33683919291099707,3795.0,2.0,0.0,584,B8,p99=200
5469.0,0.02006781090018189,0.02006781090018189,0.02006781090018189,0.0,0.0,0.0,,0.8492533195479662,0.32205427040508616,3600.0,0.0,0.0,584,B12,p99=200
63618.0,0.02006781090018189,2.0417379446695296,2.0417379446695296,0.055059102769656386,0.19375412619070073,95.0,24.333333333333332,0.9241862709799081,0.18162310955060904,5910.0,9.0,0.0,585,A3,p99=200
63618.0,0.02006781090018189,0.06077850313707005,0.7651560209006901,0.0,0.014539910088339778,15.0,4.0,0.9216194719886018,0.19197428310207115,7290.0,17.0,0.0,585,A6,p99=200
63618.0,0.02006781090018189,1.8567353246307055,2.0417379446695296,0.01601747932974944,0.09132635417649093,47.0,9.666666666666666,0.9261686166813146,0.17531263453587498,5735.0,15.0,0.0,585,B6,p99=200
63618.0,0.02006781090018189,0.8413951416451951,2.0417379446695296,0.010107202364110786,0.0732339903800811,29.0,16.0,0.9212119457997368,0.188090909139042,5855.0,6.0,0.0,585,B8,p99=200
63618.0,0.02006781090018189,1.8567353246307055,2.0417379446695296,0.01601747932974944,0.09132635417649093,47.0,9.666666666666666,0.9246817333949862,0.18137165497786745,6040.0,15.0,0.0,585,B12,p99=200
50955.0,0.02006781090018189,0.7651560209006901,2.0417379446695296,0.0068099303306839365,0.06953193994701207,34.0,58.75,0.923493365216503,0.18616992165034002,5130.0,6.0,0.0,586,A3,p99=200
50955.0,0.02006781090018189,0.025852348395621914,1.1187936686591167,0.0,0.023726817780394465,9.0,2.25,0.921977227472906,0.19456451879492173,6770.0,13.0,0.0,586,A6,p99=200
50955.0,0.02006781090018189,0.02006781090018189,2.0417379446695296,0.0068099303306839365,0.02672946717692081,15.0,20.5,0.9262111904716356,0.18066514206361428,5720.0,11.0,0.0,586,B6,p99=200
50955.0,0.02006781090018189,1.191927939457827,2.0417379446695296,0.007830438622313807,0.08576194681581788,37.0,59.0,0.9228238065294556,0.1887004075673033,5520.0,10.0,0.3888888888888889,586,B8,p99=200
50955.0,0.02006781090018189,0.02006781090018189,2.0417379446695296,0.0068099303306839365,0.02672946717692081,15.0,20.5,0.9254554262778227,0.18304602052914618,5900.0,9.0,0.0,586,B12,p99=200
41261.0,0.02006781090018189,1.9164610627353873,2.6302679918953813,0.009415670972589128,0.22882382879716923,93.0,19.0,0.889958921769192,0.25622911320721503,4950.0,10.0,0.0,587,A3,p99=200
41261.0,0.02006781090018189,0.03548133892335755,0.5939501549952435,0.0,0.012917767383243257,10.0,0.0,0.8683819500319929,0.31111327320244414,6520.0,19.0,0.0,587,A6,p99=200
41261.0,0.02006781090018189,0.25263877101318966,0.9252306262333164,0.0,0.036378177940428004,17.0,0.0,0.8795792824827888,0.27905448792975546,5270.0,19.0,0.0,587,B6,p99=200
41261.0,0.02006781090018189,0.6531305526474723,1.9781080029332403,0.0006058990329851434,0.061220038292818885,25.0,38.0,0.8657080177451267,0.31247439363063945,5505.0,6.0,0.0,587,B8,p99=200
41261.0,0.02006781090018189,0.02006781090018189,0.40620942890585726,0.0,0.007755507622209835,4.0,0.0,0.8731439324695817,0.29423573392002456,5450.0,10.0,0.0,587,B12,p99=200
60848.0,0.02006781090018189,1.3106900423660772,2.0417379446695296,0.010287930581120168,0.09178608992900342,68.0,108.0,0.9510382859314169,0.124689054798565,4575.0,6.0,0.0,588,A3,p99=200
60848.0,0.02006781090018189,1.0174193661806046,2.0417379446695296,0.010287930581120168,0.0633052853010781,49.0,31.0,0.9301161856883646,0.18220711440693588,6745.0,27.0,0.0,588,A6,p99=200
60848.0,0.02006781090018189,0.9252306262333164,2.0417379446695296,0.010287930581120168,0.06437352090454904,42.0,111.0,0.9407917732562848,0.1520097755406486,5355.0,19.0,0.0,588,B6,p99=200
60848.0,0.02006781090018189,0.9252306262333164,2.0417379446695296,0.010287930581120168,0.06051143833815409,39.0,111.0,0.9288805148877816,0.18361636024984118,6190.0,12.0,0.0,588,B8,p99=200
60848.0,0.02006781090018189,0.9252306262333164,2.0417379446695296,0.010287930581120168,0.06051143833815409,39.0,108.0,0.939546789723161,0.1557641394389892,5765.0,16.0,0.0,588,B12,p99=200
13877.0,0.02006781090018189,0.02006781090018189,0.02006781090018189,0.0,0.0,0.0,,0.901357080547995,0.22809592295181821,3600.0,0.0,0.0,589,A3,p99=200
13877.0,0.02006781090018189,0.02006781090018189,0.02006781090018189,0.0,0.0,0.0,,0.8995569322991095,0.2328990009236724,3695.0,2.0,0.0,589,A6,p99=200
13877.0,0.02006781090018189,0.02006781090018189,0.02006781090018189,0.0,0.0,0.0,,0.901357080547995,0.22809592295181821,3600.0,0.0,0.0,589,B6,p99=200
13877.0,0.02006781090018189,0.02006781090018189,0.024266100950824154,0.0,0.0,0.0,,0.8990414413636637,0.23453467466256112,3865.0,3.0,0.0,589,B8,p99=200
13877.0,0.02006781090018189,0.02006781090018189,0.02006781090018189,0.0,0.0,0.0,,0.901357080547995,0.22809592295181821,3600.0,0.0,0.0,589,B12,p99=200
33409.0,0.02006781090018189,1.8567353246307055,2.0417379446695296,0.048430063755275525,0.09317848483941453,35.0,44.0,0.9591433833308066,0.11766464423656342,3900.0,3.0,0.0,590,A3,p99=200
33409.0,0.02006781090018189,1.3106900423660772,2.0417379446695296,0.027956538657248047,0.059055943009368735,14.0,39.0,0.9508490578682695,0.14077089066169535,4560.0,11.0,0.0,590,A6,p99=200
33409.0,0.02006781090018189,1.8567353246307055,2.0417379446695296,0.048430063755275525,0.07174713400580682,26.0,31.0,0.9601613987814679,0.11482697771615386,4060.0,4.0,0.0,590,B6,p99=200
33409.0,0.02006781090018189,0.8684603593990751,2.0417379446695296,0.0031727977491095216,0.061929420216109435,9.0,7.0,0.9464514369706517,0.14863957089233576,4675.0,6.0,0.0,590,B8,p99=200
33409.0,0.02006781090018189,1.8567353246307055,2.0417379446695296,0.048430063755275525,0.07174713400580682,26.0,31.0,0.9564658895465491,0.12422239773706743,4210.0,4.0,0.0,590,B12,p99=200
18234.0,0.02006781090018189,0.02006781090018189,0.02006781090018189,0.0,0.0,0.0,,0.9344252178310744,0.16495689960635754,3600.0,0.0,0.0,591,A3,p99=200
18234.0,0.02006781090018189,0.02006781090018189,0.03330427623087463,0.0,0.0,0.0,,0.9260283649105436,0.1864735832402696,3975.0,8.0,0.0,591,A6,p99=200
18234.0,0.02006781090018189,0.02006781090018189,0.02006781090018189,0.0,0.0,0.0,,0.9329626610292155,0.1682004248756207,3665.0,2.0,0.0,591,B6,p99=200
18234.0,0.02006781090018189,0.02006781090018189,0.02006781090018189,0.0,0.0,0.0,,0.9232305091863443,0.19074205544511585,4125.0,2.0,0.0,591,B8,p99=200
18234.0,0.02006781090018189,0.02006781090018189,0.02006781090018189,0.0,0.0,0.0,,0.9322176743815063,0.1702212654055691,3690.0,2.0,0.0,591,B12,p99=200
38590.0,0.02006781090018189,2.0417379446695296,2.0417379446695296,0.20798134231666235,0.11847628919409173,47.0,5.0,0.9321648459868882,0.1655832398900879,3915.0,3.0,0.0,592,A3,p99=200
38590.0,0.02006781090018189,2.0417379446695296,2.0417379446695296,0.19740865509199274,0.10145115314848406,41.0,4.0,0.9245271087301659,0.19092449936710093,4595.0,9.0,0.0,592,A6,p99=200
38590.0,0.02006781090018189,2.0417379446695296,2.0417379446695296,0.19619072298522933,0.08903861103912931,34.0,0.0,0.9268955800026291,0.18901900945775096,4830.0,6.0,0.0,592,B6,p99=200
38590.0,0.02006781090018189,2.0417379446695296,2.1752040340195222,0.09789453226224411,0.18311090956206272,34.0,0.0,0.9291461822997457,0.17866192714353335,4430.0,5.0,0.06944444444444445,592,B8,p99=200
38590.0,0.02006781090018189,2.0417379446695296,2.0417379446695296,0.19619072298522933,0.08903861103912931,34.0,0.0,0.9267075118811229,0.19163039301915022,4885.0,4.0,0.05555555555555555,592,B12,p99=200
28701.0,0.02006781090018189,0.02006781090018189,0.02006781090018189,0.0,0.0,0.0,,0.9467497310239505,0.12991999915032673,3600.0,0.0,0.0,593,A3,p99=200
28701.0,0.02006781090018189,0.02006781090018189,0.02006781090018189,0.0,0.0,0.0,,0.9453971640758669,0.13359657974720304,3700.0,3.0,0.0,593,A6,p99=200
28701.0,0.02006781090018189,0.02006781090018189,0.02006781090018189,0.0,0.0,0.0,,0.9467497310239505,0.12991999915032673,3600.0,0.0,0.0,593,B6,p99=200
28701.0,0.02006781090018189,0.02006781090018189,0.02006781090018189,0.0,0.0,0.0,,0.945587885132751,0.1335703359365299,3810.0,3.0,0.0,593,B8,p99=200
28701.0,0.02006781090018189,0.02006781090018189,0.02006781090018189,0.0,0.0,0.0,,0.9467497310239505,0.12991999915032673,3600.0,0.0,0.0,593,B12,p99=200
50486.0,0.02006781090018189,0.02006781090018189,0.02006781090018189,0.0,0.0,0.0,,0.9966792922847079,0.02675253975068041,3600.0,0.0,0.0,594,A3,p99=200
50486.0,0.02006781090018189,0.02006781090018189,0.03126079367123956,0.0,0.0,0.0,,0.9906670142098553,0.047467963901812266,4365.0,12.0,0.0,594,A6,p99=200
50486.0,0.02006781090018189,0.02006781090018189,0.02006781090018189,0.0,0.0,0.0,,0.9962364535205993,0.028407561000345975,3665.0,2.0,0.0,594,B6,p99=200
50486.0,0.02006781090018189,0.02006781090018189,0.021379620895022326,0.0,0.0,0.0,,0.9909576102913542,0.042793643894760786,4160.0,10.0,0.0,594,B8,p99=200
50486.0,0.02006781090018189,0.02006781090018189,0.02006781090018189,0.0,0.0,0.0,,0.9962164894491882,0.02869884645761914,3690.0,2.0,0.0,594,B12,p99=200
35554.0,0.02006781090018189,0.02006781090018189,0.02006781090018189,0.0,0.0,0.0,,0.9557269018554048,0.10862436685060797,3600.0,0.0,0.0,595,A3,p99=200
35554.0,0.02006781090018189,0.02006781090018189,0.0220673406908459,0.0,0.0,0.0,,0.9539719827695612,0.11478262192039729,3815.0,4.0,0.0,595,A6,p99=200
35554.0,0.02006781090018189,0.02006781090018189,0.02006781090018189,0.0,0.0,0.0,,0.9557269018554048,0.10862436685060797,3600.0,0.0,0.0,595,B6,p99=200
35554.0,0.02006781090018189,0.02006781090018189,0.02006781090018189,0.0,0.0,0.0,,0.952395873955224,0.11842103174787458,4000.0,7.0,0.0,595,B8,p99=200
35554.0,0.02006781090018189,0.02006781090018189,0.02006781090018189,0.0,0.0,0.0,,0.9557269018554048,0.10862436685060797,3600.0,0.0,0.0,595,B12,p99=200
32700.0,0.02006781090018189,0.02006781090018189,0.02006781090018189,0.0,0.0,0.0,,0.9589119765904454,0.10483704574323553,3600.0,0.0,0.0,596,A3,p99=200
32700.0,0.02006781090018189,0.02006781090018189,0.02006781090018189,0.0,0.0,0.0,,0.9576273776829136,0.10797115751386577,3665.0,2.0,0.0,596,A6,p99=200
32700.0,0.02006781090018189,0.02006781090018189,0.02006781090018189,0.0,0.0,0.0,,0.9589119765904454,0.10483704574323553,3600.0,0.0,0.0,596,B6,p99=200
32700.0,0.02006781090018189,0.02006781090018189,0.02006781090018189,0.0,0.0,0.0,,0.9577479073770157,0.10848739007869779,3800.0,3.0,0.0,596,B8,p99=200
32700.0,0.02006781090018189,0.02006781090018189,0.02006781090018189,0.0,0.0,0.0,,0.9589119765904454,0.10483704574323553,3600.0,0.0,0.0,596,B12,p99=200
42496.0,0.02006781090018189,1.2302687708123812,2.0417379446695296,0.012330572289156627,0.09412650602409639,42.0,64.0,0.9504522584417444,0.12132291740298608,3945.0,3.0,0.0,597,A3,p99=200
42496.0,0.02006781090018189,0.03548133892335755,0.4911905467933634,0.0,0.009695030120481929,11.0,0.0,0.9452413494406403,0.13887879258948208,4740.0,11.0,0.0,597,A6,p99=200
42496.0,0.02006781090018189,0.08341612282410431,0.6327760017024558,0.0,0.01738987198795181,6.0,18.0,0.949535231913445,0.12403450275035025,4065.0,4.0,0.08888888888888889,597,B6,p99=200
42496.0,0.02006781090018189,0.8684603593990751,2.0417379446695296,0.012330572289156627,0.06379423945783133,29.0,19.0,0.9473954654960318,0.13073054674940457,4390.0,7.0,0.0,597,B8,p99=200
42496.0,0.02006781090018189,0.08341612282410431,0.6327760017024558,0.0,0.01738987198795181,6.0,18.0,0.9486152507532939,0.12788857661032346,4200.0,8.0,0.0,597,B12,p99=200
27424.0,0.02006781090018189,1.4412854420872234,2.0417379446695296,0.012507292882147025,0.07956534422403734,25.0,84.0,0.9200926038287438,0.18424207231905598,3735.0,2.0,0.0,598,A3,p99=200
27424.0,0.02006781090018189,0.02006781090018189,0.03548133892335755,0.0,0.0,0.0,19.0,0.9008062850877003,0.23252703480709822,4565.0,9.0,0.0,598,A6,p99=200
27424.0,0.02006781090018189,0.15222991328804203,0.41927599668460547,0.0,0.0,0.0,20.0,0.9108490213822598,0.20752903552519317,4140.0,4.0,0.10277777777777777,598,B6,p99=200
27424.0,0.02006781090018189,1.4412854420872234,2.0417379446695296,0.012507292882147025,0.06906359393232206,21.0,20.0,0.9094769922915525,0.2099111826980687,4300.0,9.0,0.0,598,B8,p99=200
27424.0,0.02006781090018189,0.15222991328804203,0.41927599668460547,0.0,0.0,0.0,20.0,0.9143704085413895,0.199331841221796,4005.0,4.0,0.05555555555555555,598,B12,p99=200
26390.0,0.02006781090018189,0.02006781090018189,0.02006781090018189,0.0,0.0,0.0,,0.9491046585131725,0.1305904049539364,3600.0,0.0,0.0,599,A3,p99=200
26390.0,0.02006781090018189,0.02006781090018189,0.02006781090018189,0.0,0.0,0.0,,0.9480428398654933,0.13353637683236633,3670.0,2.0,0.0,599,A6,p99=200
26390.0,0.02006781090018189,0.02006781090018189,0.02006781090018189,0.0,0.0,0.0,,0.9491046585131725,0.1305904049539364,3600.0,0.0,0.0,599,B6,p99=200
26390.0,0.02006781090018189,0.02006781090018189,0.028428241752041873,0.0,0.0,0.0,,0.9456198538063947,0.14071122601221644,3940.0,7.0,0.0,599,B8,p99=200
26390.0,0.02006781090018189,0.02006781090018189,0.02006781090018189,0.0,0.0,0.0,,0.9491046585131725,0.1305904049539364,3600.0,0.0,0.0,599,B12,p99=200
30479.0,0.02006781090018189,1.2698429144338064,2.0417379446695296,0.03133304898454674,0.058007152465632074,19.0,14.0,0.9349492000679825,0.15719584090834543,3735.0,2.0,0.0,600,A3,p99=200
30479.0,0.02006781090018189,1.6884958594867534,3.1805336883295205,0.017372617211850783,0.06668525870271334,18.0,13.0,0.9272412316196057,0.17700755518024153,4295.0,9.0,0.0,600,A6,p99=200
30479.0,0.02006781090018189,1.2698429144338064,2.0417379446695296,0.03133304898454674,0.058007152465632074,19.0,14.0,0.9350011144143445,0.15722962322396797,3895.0,4.0,0.0,600,B6,p99=200
30479.0,0.02006781090018189,1.191927939457827,2.0417379446695296,0.005380753961744152,0.0666360444896486,14.0,13.0,0.9278785790199482,0.17652561677356787,4350.0,4.0,0.0,600,B8,p99=200
30479.0,0.02006781090018189,1.2698429144338064,2.0417379446695296,0.03133304898454674,0.058007152465632074,19.0,14.0,0.9348880361928018,0.15799705102671813,3995.0,4.0,0.0,600,B12,p99=200
48685.0,0.02006781090018189,0.02006781090018189,0.02006781090018189,0.0,0.0,0.0,,0.9941272090262747,0.03238263909456962,3600.0,0.0,0.0,601,A3,p99=200
48685.0,0.02006781090018189,0.02006781090018189,0.03548133892335755,0.0,0.0,0.0,,0.9898815175422753,0.0470966807634311,4085.0,10.0,0.0,601,A6,p99=200
48685.0,0.02006781090018189,0.02006781090018189,0.02006781090018189,0.0,0.0,0.0,,0.993637614785978,0.034260108288280834,3665.0,2.0,0.0,601,B6,p99=200
48685.0,0.02006781090018189,0.02006781090018189,0.02006781090018189,0.0,0.0,0.0,,0.9871213183474573,0.052661753996971816,4305.0,10.0,0.0,601,B8,p99=200
48685.0,0.02006781090018189,0.02006781090018189,0.02006781090018189,0.0,0.0,0.0,,0.9936129996626686,0.0346164942524225,3690.0,2.0,0.0,601,B12,p99=200
16011.0,0.02006781090018189,0.06898425842094826,0.5069907082747045,0.0,0.00943101617637874,3.0,,0.908778135312255,0.21142292390294257,3765.0,2.0,0.0,602,A3,p99=200
16011.0,0.02006781090018189,0.02006781090018189,0.02006781090018189,0.0,0.0,0.0,,0.9087662824847194,0.21191533107558297,3875.0,3.0,0.0,602,A6,p99=200
16011.0,0.02006781090018189,0.06683439175686146,0.5069907082747045,0.0,0.00943101617637874,3.0,,0.9086723469484481,0.2115881017230219,3755.0,3.0,0.0,602,B6,p99=200
16011.0,0.02006781090018189,0.04290421892388853,0.40620942890585726,0.0,0.00480919367934545,2.0,,0.9085569934704449,0.21308906455207907,4095.0,2.0,0.0,602,B8,p99=200
16011.0,0.02006781090018189,0.06683439175686146,0.5069907082747045,0.0,0.00943101617637874,3.0,,0.9086540763710628,0.21184685767886868,3805.0,3.0,0.0,602,B12,p99=200
19533.0,0.02006781090018189,0.02006781090018189,0.02006781090018189,0.0,0.0,0.0,,0.8982103115336137,0.22575290735067208,3600.0,0.0,0.0,603,A3,p99=200
19533.0,0.02006781090018189,0.02006781090018189,0.029342695039559687,0.0,0.0,0.0,,0.8952106319902775,0.2340172768124639,3865.0,5.0,0.0,603,A6,p99=200
19533.0,0.02006781090018189,0.02006781090018189,0.02006781090018189,0.0,0.0,0.0,,0.8975980484119986,0.22769761504300323,3665.0,2.0,0.0,603,B6,p99=200
19533.0,0.02006781090018189,0.02006781090018189,0.02006781090018189,0.0,0.0,0.0,,0.8917692507375626,0.2418686610669066,3860.0,4.0,0.0,603,B8,p99=200
19533.0,0.02006781090018189,0.02006781090018189,0.02006781090018189,0.0,0.0,0.0,,0.8972574954842645,0.22849536891735936,3690.0,2.0,0.0,603,B12,p99=200
39428.0,0.02006781090018189,2.0417379446695296,2.0417379446695296,0.12318656792127422,0.10086740387541848,43.0,42.0,0.9228938644547048,0.17811602862389023,4125.0,3.0,0.0,604,A3,p99=200
39428.0,0.02006781090018189,2.0417379446695296,2.0417379446695296,0.12318656792127422,0.08942883230191742,36.0,16.0,0.92260210819092,0.18356763415139987,4630.0,10.0,0.0,604,A6,p99=200
39428.0,0.02006781090018189,2.0417379446695296,2.0417379446695296,0.12252713807446484,0.08656284873693822,35.0,16.0,0.9221885739024125,0.18713639895569062,4405.0,9.0,0.0,604,B6,p99=200
39428.0,0.02006781090018189,2.0417379446695296,2.0417379446695296,0.017817287207060974,0.16570711169727098,27.0,9.0,0.9102231914409507,0.21594138564966808,4995.0,10.0,0.0,604,B8,p99=200
39428.0,0.02006781090018189,2.0417379446695296,2.0417379446695296,0.12252713807446484,0.08656284873693822,35.0,16.0,0.9212493087407112,0.19070458361313727,4630.0,9.0,0.0,604,B12,p99=200
59658.0,0.02006781090018189,0.02006781090018189,0.02006781090018189,0.0,0.0,0.0,,0.9980127686831366,0.022371549590951504,3735.0,2.0,0.0,605,A3,p99=200
59658.0,0.02006781090018189,0.02006781090018189,0.050263184440820056,0.0,0.0,0.0,,0.9897783079535346,0.05501703382742802,5400.0,26.0,0.0,605,A6,p99=200
59658.0,0.02006781090018189,0.02006781090018189,0.02350985767597148,0.0,0.0,0.0,,0.9961270107377028,0.029523415057919895,3990.0,12.0,0.0,605,B6,p99=200
59658.0,0.02006781090018189,0.02006781090018189,0.026683942737144424,0.0,0.0,0.0,,0.9936507223689,0.04066020031122816,4780.0,14.0,0.0,605,B8,p99=200
59658.0,0.02006781090018189,0.02006781090018189,0.02350985767597148,0.0,0.0,0.0,,0.995946222960656,0.03135199591889439,4140.0,12.0,0.0,605,B12,p99=200
57716.0,0.02006781090018189,1.0839269140212038,1.9781080029332403,0.005371127590269596,0.09084136114768868,60.0,45.5,0.9799771250796823,0.062461450269462454,3870.0,4.0,0.0,606,A3,p99=200
57716.0,0.02006781090018189,0.41927599668460547,1.8567353246307055,0.004591447778778848,0.042882389631991126,32.0,27.0,0.9638355670835604,0.11404130811898575,6115.0,25.0,0.0,606,A6,p99=200
57716.0,0.02006781090018189,0.6741398498898495,1.9781080029332403,0.004816688613209509,0.06388176588814194,43.0,27.25,0.97281362381368,0.08424585475009673,4745.0,20.0,0.0,606,B6,p99=200
57716.0,0.02006781090018189,0.23713737056616552,1.8567353246307055,0.004591447778778848,0.038013722364682236,25.0,27.0,0.969080261448091,0.10024934401158411,5625.0,17.0,0.0,606,B8,p99=200
57716.0,0.02006781090018189,0.5754399373371569,1.9781080029332403,0.004816688613209509,0.056154272645366966,38.0,27.25,0.9713636644514316,0.09022154790847164,5060.0,17.0,0.0,606,B12,p99=200
44503.0,0.02006781090018189,0.07120327999992027,1.9781080029332403,0.03509875738714244,0.028357638810866684,13.0,5.5,0.9693870474745329,0.08712190545562801,3855.0,2.0,0.0,607,A3,p99=200
44503.0,0.02006781090018189,0.07120327999992027,1.9781080029332403,0.03509875738714244,0.028357638810866684,13.0,5.5,0.9537299876556425,0.1283753226007872,4955.0,21.0,0.0,607,A6,p99=200
44503.0,0.02006781090018189,0.07829787941891024,2.0417379446695296,0.03894119497561962,0.035750398849515766,18.0,5.5,0.9633978394420221,0.10134438945392654,4405.0,10.0,0.0,607,B6,p99=200
44503.0,0.02006781090018189,0.025852348395621914,2.0417379446695296,0.026110599285441433,0.024964609127474554,8.0,3.0,0.9580464808399528,0.11851858946392001,5120.0,14.0,0.0,607,B8,p99=200
44503.0,0.02006781090018189,0.07829787941891024,2.0417379446695296,0.03894119497561962,0.035750398849515766,18.0,5.5,0.9609194175862402,0.1081443102745824,4495.0,10.0,0.06111111111111111,607,B12,p99=200
46083.0,0.02006781090018189,2.0417379446695296,2.0417379446695296,0.15812772605950134,0.08699520430527527,41.0,8.0,0.9440174034707663,0.13703141802524446,3765.0,2.0,0.0,608,A3,p99=200
46083.0,0.02006781090018189,2.0417379446695296,2.7148760106825023,0.13402990256710717,0.10959572944469761,39.0,8.0,0.9193306727578099,0.20296607679889783,5170.0,18.0,0.0,608,A6,p99=200
46083.0,0.02006781090018189,2.0417379446695296,2.0417379446695296,0.1536358310005859,0.08193910986697915,38.0,7.0,0.9330048746856333,0.1682442541598586,4840.0,11.0,0.0,608,B6,p99=200
46083.0,0.02006781090018189,2.0417379446695296,2.0417379446695296,0.05931145975739427,0.17815137903348308,38.0,5.0,0.9373335513529456,0.15665093017319848,4525.0,10.0,0.07222222222222222,608,B8,p99=200
46083.0,0.02006781090018189,2.0417379446695296,2.0417379446695296,0.1536358310005859,0.08193910986697915,38.0,7.0,0.930781952914062,0.17614700694124583,5035.0,10.0,0.04722222222222222,608,B12,p99=200
45280.0,0.02006781090018189,0.9252306262333164,2.0417379446695296,0.0346952296819788,0.05205388692579505,25.0,21.0,0.9584296247976037,0.10853853400355508,3825.0,3.0,0.0,609,A3,p99=200
45280.0,0.02006781090018189,0.5069907082747045,1.6884958594867534,0.0,0.05053003533568905,15.0,13.0,0.9375904791569067,0.1658559436733372,5290.0,22.0,0.0,609,A6,p99=200
45280.0,0.02006781090018189,1.1547819846894583,2.0417379446695296,0.014200530035335689,0.06384717314487633,22.0,19.0,0.9472510310914039,0.13752330678339938,4365.0,16.0,0.0,609,B6,p99=200
45280.0,0.02006781090018189,0.9252306262333164,2.0417379446695296,0.0346952296819788,0.05205388692579505,25.0,21.0,0.944339860284491,0.14498745355878673,4850.0,14.0,0.0,609,B8,p99=200
45280.0,0.02006781090018189,1.1547819846894583,2.0417379446695296,0.014200530035335689,0.06384717314487633,22.0,19.0,0.940885392143199,0.153547951595466,4620.0,16.0,0.0,609,B12,p99=200
28365.0,0.02006781090018189,2.0417379446695296,2.0417379446695296,0.15286444561960164,0.19012867971091132,58.0,38.75,0.8883296513881928,0.25247455666719404,3915.0,3.0,0.0,610,A3,p99=200
28365.0,0.02006781090018189,2.0417379446695296,2.0417379446695296,0.09755861096421646,0.2353164110699806,54.0,30.0,0.8546504666875232,0.3408899724976274,5605.0,28.0,0.0,610,A6,p99=200
28365.0,0.02006781090018189,2.0417379446695296,2.0417379446695296,0.0966331746871144,0.2371584699453552,54.0,30.0,0.8787881500530742,0.27742748123598027,4935.0,16.0,0.04722222222222222,610,B6,p99=200
28365.0,0.02006781090018189,1.9164610627353873,2.0417379446695296,0.016710735060814386,0.19069275515600212,36.0,29.5,0.8559735867356586,0.33821621478439057,5550.0,15.0,0.0,610,B8,p99=200
28365.0,0.02006781090018189,2.0417379446695296,2.0417379446695296,0.0966331746871144,0.2340560549973559,52.0,9.75,0.8647564493308709,0.31545116342892515,5440.0,18.0,0.0,610,B12,p99=200
10588.0,0.02006781090018189,0.02006781090018189,0.02006781090018189,0.0,0.0,0.0,,0.8886656616592737,0.25119922174800247,3600.0,0.0,0.0,611,A3,p99=200
10588.0,0.02006781090018189,0.02006781090018189,0.02006781090018189,0.0,0.0,0.0,,0.8872005339294871,0.25466351487469446,3665.0,2.0,0.0,611,A6,p99=200
10588.0,0.02006781090018189,0.02006781090018189,0.02006781090018189,0.0,0.0,0.0,,0.8886656616592737,0.25119922174800247,3600.0,0.0,0.0,611,B6,p99=200
10588.0,0.02006781090018189,0.02006781090018189,0.02006781090018189,0.0,0.0,0.0,,0.8790563485358784,0.273976693491543,3885.0,2.0,0.0,611,B8,p99=200
10588.0,0.02006781090018189,0.02006781090018189,0.02006781090018189,0.0,0.0,0.0,,0.8886656616592737,0.25119922174800247,3600.0,0.0,0.0,611,B12,p99=200
26662.0,0.02006781090018189,2.0417379446695296,3.081413635333949,0.10372440177030981,0.23304703323081538,59.0,72.0,0.915682598689587,0.20347067392999194,3990.0,3.0,0.0,612,A3,p99=200
26662.0,0.02006781090018189,2.0417379446695296,3.726061338637685,0.06604905858525242,0.19870977421048683,49.0,69.0,0.9043216208292435,0.23218209452433025,5190.0,13.0,0.0,612,A6,p99=200
26662.0,0.02006781090018189,2.0417379446695296,2.0417379446695296,0.057272522691471005,0.15711499512414673,37.0,43.0,0.9055494388928979,0.22746798923025946,4745.0,9.0,0.075,612,B6,p99=200
26662.0,0.02006781090018189,2.0417379446695296,2.0417379446695296,0.07152501687795364,0.15820268546995725,40.0,69.0,0.9012381919734015,0.23922102138747744,4605.0,7.0,0.058333333333333334,612,B8,p99=200
26662.0,0.02006781090018189,2.0417379446695296,2.0417379446695296,0.057272522691471005,0.15711499512414673,37.0,43.0,0.9083517295127463,0.22097059115526022,4670.0,11.0,0.0,612,B12,p99=200
24587.0,0.02006781090018189,2.0417379446695296,2.0417379446695296,0.09897506812543214,0.2523081303127669,63.0,46.5,0.8896383023768857,0.25819482177148184,4275.0,5.0,0.0,613,A3,p99=200
24587.0,0.02006781090018189,2.0417379446695296,2.0417379446695296,0.07544637410013422,0.2236954488144141,56.0,38.5,0.8827843258674044,0.27944648008777195,5325.0,15.0,0.0,613,A6,p99=200
24587.0,0.02006781090018189,2.0417379446695296,2.0417379446695296,0.07182657501931915,0.2053117501118477,52.0,37.5,0.8902094839758091,0.2555994953536983,4435.0,10.0,0.06666666666666667,613,B6,p99=200
24587.0,0.02006781090018189,2.0417379446695296,2.0417379446695296,0.0777240004880628,0.25017285557408386,59.0,38.5,0.8787836603273911,0.2804374491904164,4730.0,8.0,0.05,613,B8,p99=200
24587.0,0.02006781090018189,2.0417379446695296,2.0417379446695296,0.07182657501931915,0.2053117501118477,52.0,37.5,0.8821043249074091,0.27695541503212745,4785.0,9.0,0.0,613,B12,p99=200
23231.0,0.02006781090018189,2.0417379446695296,2.0417379446695296,0.16620033575825405,0.1594851706771125,41.0,48.0,0.9046327504130083,0.222649378127583,3915.0,3.0,0.0,614,A3,p99=200
23231.0,0.02006781090018189,2.0417379446695296,2.9853826189179604,0.10405277431018897,0.20729843743274073,36.0,15.0,0.8911851063127726,0.26262586481997124,4885.0,12.0,0.0,614,A6,p99=200
23231.0,0.02006781090018189,2.0417379446695296,2.0417379446695296,0.16551160087813696,0.15238259222590503,36.0,16.0,0.9017555929592612,0.23038842528258255,4480.0,8.0,0.0,614,B6,p99=200
23231.0,0.02006781090018189,1.9164610627353873,2.1074146752966985,0.011611639619473979,0.163111790280229,17.0,11.0,0.8876350767361539,0.26859322371558725,4905.0,5.0,0.0,614,B8,p99=200
23231.0,0.02006781090018189,2.0417379446695296,2.0417379446695296,0.16551160087813696,0.15238259222590503,36.0,16.0,0.8951333034946152,0.25398465865874614,4855.0,7.0,0.0,614,B12,p99=200
10962.0,0.02006781090018189,0.02006781090018189,0.02006781090018189,0.0,0.0,0.0,,0.8945470719010061,0.2380401567902686,3600.0,0.0,0.0,615,A3,p99=200
10962.0,0.02006781090018189,0.02006781090018189,0.02006781090018189,0.0,0.0,0.0,,0.8895000113008567,0.2502357254801717,3795.0,6.0,0.0,615,A6,p99=200
10962.0,0.02006781090018189,0.02006781090018189,0.02006781090018189,0.0,0.0,0.0,,0.8945470719010061,0.2380401567902686,3600.0,0.0,0.0,615,B6,p99=200
10962.0,0.02006781090018189,0.02006781090018189,0.02006781090018189,0.0,0.0,0.0,,0.8799493399434396,0.27305950036183957,4095.0,2.0,0.0,615,B8,p99=200
10962.0,0.02006781090018189,0.02006781090018189,0.02006781090018189,0.0,0.0,0.0,,0.8945470719010061,0.2380401567902686,3600.0,0.0,0.0,615,B12,p99=200
22089.0,0.02006781090018189,0.02006781090018189,0.1428893958511103,0.0,0.0,0.0,,0.9151460868291154,0.1960510256958832,3600.0,0.0,0.0,616,A3,p99=200
22089.0,0.02006781090018189,0.02006781090018189,0.1428893958511103,0.0,0.0,0.0,,0.9074262801649203,0.21668988598169694,4050.0,8.0,0.0,616,A6,p99=200
22089.0,0.02006781090018189,0.02006781090018189,0.1428893958511103,0.0,0.0,0.0,,0.9135703658241614,0.20069085233351672,3735.0,4.0,0.0,616,B6,p99=200
22089.0,0.02006781090018189,0.02006781090018189,0.1428893958511103,0.0,0.0,0.0,,0.9009389883095295,0.23248035510159526,4150.0,3.0,0.0,616,B8,p99=200
22089.0,0.02006781090018189,0.02006781090018189,0.1428893958511103,0.0,0.0,0.0,,0.9123534766759621,0.20401521727354457,3785.0,4.0,0.0,616,B12,p99=200
32161.0,0.02006781090018189,0.02006781090018189,0.4911905467933634,0.0,0.00967009732284444,4.0,,0.943761887491131,0.13782633882364248,3735.0,2.0,0.0,617,A3,p99=200
32161.0,0.02006781090018189,0.024266100950824154,0.4911905467933634,0.0,0.00967009732284444,4.0,,0.9321985317232783,0.16702549598333793,4305.0,17.0,0.0,617,A6,p99=200
32161.0,0.02006781090018189,0.02006781090018189,0.4911905467933634,0.0,0.00967009732284444,4.0,,0.9424862896975528,0.14066722667965426,3730.0,4.0,0.0,617,B6,p99=200
32161.0,0.02006781090018189,0.02006781090018189,0.34673685045253166,0.0,0.005596840894250801,3.0,,0.9377568270167376,0.15516763842182696,4345.0,8.0,0.0,617,B8,p99=200
32161.0,0.02006781090018189,0.02006781090018189,0.4911905467933634,0.0,0.00967009732284444,4.0,,0.9419351381754355,0.14324593484531817,3865.0,6.0,0.0,617,B12,p99=200
45837.0,0.02006781090018189,2.0417379446695296,2.7148760106825023,0.12477910858040447,0.11808146257390317,51.0,31.0,0.9373628302181368,0.15425606158852992,4200.0,4.0,0.0,618,A3,p99=200
45837.0,0.02006781090018189,2.0417379446695296,3.4974378036641802,0.058773479939786634,0.1593036193468159,35.0,5.0,0.9316753002345782,0.173038809842747,5815.0,18.0,0.0,618,A6,p99=200
45837.0,0.02006781090018189,2.0417379446695296,2.1074146752966985,0.08545498178327551,0.15284595414185048,46.0,6.0,0.9431429595696492,0.14096519044995887,4955.0,8.0,0.04722222222222222,618,B6,p99=200
45837.0,0.02006781090018189,2.0417379446695296,2.0417379446695296,0.04572725091083622,0.1884067456421668,45.0,5.0,0.9453084745324397,0.1349663245919769,4360.0,4.0,0.09722222222222222,618,B8,p99=200
45837.0,0.02006781090018189,2.0417379446695296,2.1074146752966985,0.08545498178327551,0.15284595414185048,46.0,6.0,0.9421858079629326,0.14376124996105388,5005.0,8.0,0.05555555555555555,618,B12,p99=200
33695.0,0.02006781090018189,0.02006781090018189,0.43276287768448307,0.0,0.006499480635109066,3.0,,0.9435242525018315,0.13785093062308307,3735.0,2.0,0.0,619,A3,p99=200
33695.0,0.02006781090018189,0.04027170343254591,0.43276287768448307,0.0,0.006499480635109066,3.0,,0.9244853449736852,0.1854947393528216,4815.0,22.0,0.0,619,A6,p99=200
33695.0,0.02006781090018189,0.02006781090018189,0.43276287768448307,0.0,0.006499480635109066,3.0,,0.9403112905900312,0.14614670788166848,3925.0,10.0,0.0,619,B6,p99=200
33695.0,0.02006781090018189,0.02006781090018189,0.43276287768448307,0.0,0.006499480635109066,3.0,,0.9308885335626648,0.16957706881094117,4590.0,11.0,0.0,619,B8,p99=200
33695.0,0.02006781090018189,0.02006781090018189,0.43276287768448307,0.0,0.006499480635109066,3.0,,0.9371218844435502,0.15323310633433027,4050.0,10.0,0.0,619,B12,p99=200
321454.0,0.02006781090018189,2.0417379446695296,2.0417379446695296,0.0637913978360823,0.1415847990692292,209.0,62.8,0.9759705763474611,0.07864841367215447,15825.0,21.0,0.0,620,A3,p99=200
321454.0,0.02006781090018189,0.7413102413009177,2.0417379446695296,0.02486514400194118,0.05549472086208291,107.0,32.4,0.9672499215970559,0.1090270037563174,27705.0,50.0,0.0,620,A6,p99=200
321454.0,0.02006781090018189,2.0417379446695296,2.0417379446695296,0.03338347010769815,0.18073736833263856,253.0,75.0,0.9757142542902985,0.08284317831547118,17590.0,51.0,0.08611111111111111,620,B6,p99=200
321454.0,0.02006781090018189,2.0417379446695296,2.0417379446695296,0.03258164465211197,0.16227360679910657,195.0,57.4,0.9647747694040458,0.10824604152101606,17020.0,36.0,0.05,620,B8,p99=200
321454.0,0.02006781090018189,2.0417379446695296,2.0417379446695296,0.037475813024569614,0.15806382872821617,238.0,76.4,0.9743450529369891,0.08776548232737337,18655.0,44.0,0.06111111111111111,620,B12,p99=200
355901.0,0.02006781090018189,1.1547819846894583,2.0417379446695296,0.016091553550004075,0.09225318276711782,84.0,26.0,0.984401706441446,0.06429435360178286,18630.0,13.0,0.0,621,A3,p99=200
355901.0,0.02006781090018189,0.9549925860214359,2.0417379446695296,0.012787263873942472,0.09607166037746452,82.0,19.5,0.9665757449187987,0.1192203015438839,39060.0,65.0,0.0,621,A6,p99=200
355901.0,0.02006781090018189,2.0417379446695296,2.0417379446695296,0.06395317799050859,0.21522558239510425,257.0,19.75,0.9867223190347285,0.060839673929918896,22145.0,47.0,0.07777777777777778,621,B6,p99=200
355901.0,0.02006781090018189,2.0417379446695296,2.0417379446695296,0.032983891587829196,0.19069909890671843,177.0,20.0,0.9854764819506912,0.0670780071955277,21990.0,39.0,0.08333333333333333,621,B8,p99=200
355901.0,0.02006781090018189,2.0417379446695296,2.0417379446695296,0.03693161862428035,0.1788615373376304,190.0,19.75,0.9851571128609132,0.06921118305658712,26575.0,34.0,0.08333333333333333,621,B12,p99=200
25463.0,0.02006781090018189,2.0417379446695296,2.0417379446695296,0.2619487098927856,0.20527824686800455,57.0,39.0,0.8923193778634189,0.24168429177645254,4065.0,4.0,0.0,622,A3,p99=200
25463.0,0.02006781090018189,2.0417379446695296,3.726061338637685,0.19151317598083495,0.22552330832973333,47.0,13.0,0.8908059091529441,0.24851559288858868,4715.0,6.0,0.0,622,A6,p99=200
25463.0,0.02006781090018189,2.0417379446695296,2.0417379446695296,0.22075167890664887,0.15379177630287083,40.0,7.0,0.8913683062874159,0.24698285561739566,4685.0,6.0,0.0,622,B6,p99=200
25463.0,0.02006781090018189,2.0417379446695296,2.0417379446695296,0.07002317087538781,0.1997015277068688,26.0,6.0,0.8943673908309515,0.2369123522569227,4205.0,3.0,0.11666666666666667,622,B8,p99=200
25463.0,0.02006781090018189,2.0417379446695296,2.0417379446695296,0.22075167890664887,0.15379177630287083,40.0,7.0,0.8918389226570783,0.24496790211924344,4650.0,3.0,0.05,622,B12,p99=200
14029.0,0.02006781090018189,0.02006781090018189,0.08886893998466987,0.0,0.0,0.0,,0.926413604292601,0.1830117705920591,3600.0,0.0,0.0,623,A3,p99=200
14029.0,0.02006781090018189,0.02006781090018189,0.08886893998466987,0.0,0.0,0.0,,0.9239707460101069,0.18937356802374686,3735.0,4.0,0.0,623,A6,p99=200
14029.0,0.02006781090018189,0.02006781090018189,0.08886893998466987,0.0,0.0,0.0,,0.926413604292601,0.1830117705920591,3600.0,0.0,0.0,623,B6,p99=200
14029.0,0.02006781090018189,0.02006781090018189,0.08886893998466987,0.0,0.0,0.0,,0.9146227289670653,0.21037154351746729,4080.0,2.0,0.0,623,B8,p99=200
14029.0,0.02006781090018189,0.02006781090018189,0.08886893998466987,0.0,0.0,0.0,,0.926413604292601,0.1830117705920591,3600.0,0.0,0.0,623,B12,p99=200
16001.0,0.02006781090018189,0.028428241752041873,0.7413102413009177,0.0,0.02431098056371477,5.0,,0.9162722188090578,0.20222954258277578,3735.0,2.0,0.0,624,A3,p99=200
16001.0,0.02006781090018189,0.03548133892335755,0.7413102413009177,0.0,0.02431098056371477,5.0,,0.9139530169822426,0.20920482711270513,3925.0,7.0,0.0,624,A6,p99=200
16001.0,0.02006781090018189,0.025852348395621914,0.7413102413009177,0.0,0.02431098056371477,5.0,,0.917251953773771,0.2009414582278001,3730.0,2.0,0.0,624,B6,p99=200
16001.0,0.02006781090018189,0.028428241752041873,0.7413102413009177,0.0,0.02431098056371477,5.0,,0.9089089835061012,0.22021489188198112,4140.0,3.0,0.0,624,B8,p99=200
16001.0,0.02006781090018189,0.025852348395621914,0.7413102413009177,0.0,0.02431098056371477,5.0,,0.9166451995292256,0.20250836096575067,3780.0,2.0,0.0,624,B12,p99=200
53993.0,0.02006781090018189,2.0417379446695296,2.468880104906209,0.08852999462893338,0.19671068471838943,100.0,51.0,0.8847112143565382,0.26274557485241945,5280.0,7.0,0.0,625,A3,p99=200
53993.0,0.02006781090018189,1.7988709151287874,3.388441561392024,0.018159761450558407,0.14200914933417294,56.0,30.5,0.8878053297783759,0.25594169177806025,6445.0,13.0,0.0,625,A6,p99=200
53993.0,0.02006781090018189,1.0839269140212038,2.0417379446695296,0.01252014149982405,0.07458374233696961,35.0,20.0,0.8955727146500451,0.23507319369411447,4925.0,6.0,0.0,625,B6,p99=200
53993.0,0.02006781090018189,1.742809826672464,2.0417379446695296,0.019224714314818588,0.10645824458726132,47.0,30.5,0.8680315638412064,0.30226943731149847,5610.0,11.0,0.05,625,B8,p99=200
53993.0,0.02006781090018189,1.0839269140212038,2.0417379446695296,0.01252014149982405,0.07458374233696961,35.0,20.0,0.8893179675512473,0.2506684537801416,5155.0,7.0,0.0,625,B12,p99=200
30220.0,0.02006781090018189,2.0417379446695296,2.0417379446695296,0.18429020516214428,0.20578259430840504,65.0,13.0,0.8621691976244757,0.30310508306257744,4185.0,4.0,0.0,626,A3,p99=200
30220.0,0.02006781090018189,2.0417379446695296,3.4974378036641802,0.08732627399073462,0.20651886168100594,35.0,10.0,0.8584279913050457,0.32634035334524913,5495.0,16.0,0.0,626,A6,p99=200
30220.0,0.02006781090018189,2.0417379446695296,2.0417379446695296,0.07941760423560557,0.12303110522832561,38.0,56.0,0.8719227562867189,0.2793915200403961,4755.0,6.0,0.06388888888888888,626,B6,p99=200
30220.0,0.02006781090018189,1.9781080029332403,2.5482967479793466,0.025537723362011912,0.19550794176042355,23.0,8.0,0.8725450031403515,0.2807016927159345,4605.0,4.0,0.08888888888888889,626,B8,p99=200
30220.0,0.02006781090018189,2.0417379446695296,2.0417379446695296,0.07941760423560557,0.12303110522832561,38.0,56.0,0.8719227562867189,0.2793915200403961,4755.0,6.0,0.06388888888888888,626,B12,p99=200
43283.0,0.02006781090018189,0.03330427623087463,0.7651560209006901,0.0,0.013238453896448952,8.0,4.0,0.9448534876473695,0.12946675682250738,3765.0,2.0,0.0,627,A3,p99=200
43283.0,0.02006781090018189,0.022777182418573218,0.11448537209469502,0.0,0.0,0.0,1.0,0.927363531381904,0.17895441406921078,5260.0,20.0,0.0,627,A6,p99=200
43283.0,0.02006781090018189,0.02006781090018189,0.7651560209006901,0.0,0.013238453896448952,8.0,4.0,0.9418647412774718,0.13959707314772588,4110.0,10.0,0.0,627,B6,p99=200
43283.0,0.02006781090018189,0.02006781090018189,0.21565026690607325,0.0,0.0017096781646373865,2.0,1.0,0.9279601352887548,0.17287967701132137,4730.0,15.0,0.0,627,B8,p99=200
43283.0,0.02006781090018189,0.02006781090018189,0.7651560209006901,0.0,0.013238453896448952,8.0,4.0,0.9324843357250732,0.16195939584476007,4430.0,12.0,0.0,627,B12,p99=200
27756.0,0.02006781090018189,0.02006781090018189,0.3578903595427346,0.0,0.00432338953739732,2.0,,0.9438364887483246,0.13980018990472257,3600.0,0.0,0.0,628,A3,p99=200
27756.0,0.02006781090018189,0.025852348395621914,0.26076542044591006,0.0,0.00432338953739732,2.0,,0.9309837331657794,0.1728292980438433,4255.0,13.0,0.0,628,A6,p99=200
27756.0,0.02006781090018189,0.02006781090018189,0.26076542044591006,0.0,0.00432338953739732,2.0,,0.9425544624108643,0.14369640617924573,3710.0,2.0,0.0,628,B6,p99=200
27756.0,0.02006781090018189,0.02006781090018189,0.25263877101318966,0.0,0.0,0.0,,0.9304877116411004,0.17541447488184583,4280.0,8.0,0.0,628,B8,p99=200
27756.0,0.02006781090018189,0.02006781090018189,0.26076542044591006,0.0,0.00432338953739732,2.0,,0.9417502572749669,0.14570254309336608,3735.0,2.0,0.0,628,B12,p99=200
37310.0,0.02006781090018189,0.02006781090018189,0.14748572927641243,0.0,0.0,0.0,,0.9441491869661822,0.13757069053671223,3735.0,2.0,0.0,629,A3,p99=200
37310.0,0.02006781090018189,0.03548133892335755,0.17834050825119682,0.0,0.0017957652103993567,4.0,,0.9328315262809573,0.172965554276388,5115.0,23.0,0.0,629,A6,p99=200
37310.0,0.02006781090018189,0.02006781090018189,0.14748572927641243,0.0,0.0,0.0,,0.9429748471791425,0.14284198016700972,4000.0,10.0,0.0,629,B6,p99=200
37310.0,0.02006781090018189,0.02006781090018189,0.12196915077508336,0.0,0.0,0.0,,0.9364689774464942,0.15832392753723826,4360.0,6.0,0.0,629,B8,p99=200
37310.0,0.02006781090018189,0.02006781090018189,0.14748572927641243,0.0,0.0,0.0,,0.9386171597069044,0.15364295620754073,4125.0,10.0,0.0,629,B12,p99=200
16663.0,0.02006781090018189,0.02006781090018189,0.030286563611439634,0.0,0.0,0.0,,0.9087901609345681,0.21509221021607872,3765.0,2.0,0.0,630,A3,p99=200
16663.0,0.02006781090018189,0.02006781090018189,0.037800713730181124,0.0,0.0,0.0,,0.9056495396094083,0.22579036379230533,4010.0,5.0,0.0,630,A6,p99=200
16663.0,0.02006781090018189,0.02006781090018189,0.024266100950824154,0.0,0.0,0.0,,0.9124088545611878,0.2073532106320264,3695.0,2.0,0.0,630,B6,p99=200
16663.0,0.02006781090018189,0.02006781090018189,0.04027170343254591,0.0,0.0,0.0,,0.8981680490354483,0.24144481104756216,4175.0,4.0,0.0,630,B8,p99=200
16663.0,0.02006781090018189,0.02006781090018189,0.024266100950824154,0.0,0.0,0.0,,0.9111958418913001,0.20995967197970566,3720.0,2.0,0.0,630,B12,p99=200
14471.0,0.02006781090018189,0.02006781090018189,0.17278259805078636,0.0,0.0,0.0,,0.9110103161032753,0.2074562418679716,3600.0,0.0,0.0,631,A3,p99=200
14471.0,0.02006781090018189,0.02006781090018189,0.17278259805078636,0.0,0.0,0.0,,0.9082163957743582,0.21499113413263457,3740.0,2.0,0.0,631,A6,p99=200
14471.0,0.02006781090018189,0.02006781090018189,0.17278259805078636,0.0,0.0,0.0,,0.9090562818986433,0.21211351669075368,3665.0,2.0,0.0,631,B6,p99=200
14471.0,0.02006781090018189,0.02006781090018189,0.17278259805078636,0.0,0.0,0.0,,0.905631785670535,0.220189426282859,3825.0,2.0,0.0,631,B8,p99=200
14471.0,0.02006781090018189,0.02006781090018189,0.17278259805078636,0.0,0.0,0.0,,0.9085803103563201,0.2134339140945247,3690.0,2.0,0.0,631,B12,p99=200
12013.0,0.02006781090018189,0.02006781090018189,0.050263184440820056,0.0,0.0,0.0,,0.8873812582935235,0.24672140163761525,3600.0,0.0,0.0,632,A3,p99=200
12013.0,0.02006781090018189,0.02006781090018189,0.0518800038928961,0.0,0.0,0.0,,0.8789557491632821,0.26608502077605595,3900.0,7.0,0.0,632,A6,p99=200
12013.0,0.02006781090018189,0.02006781090018189,0.050263184440820056,0.0,0.0,0.0,,0.8873812582935235,0.24672140163761525,3600.0,0.0,0.0,632,B6,p99=200
12013.0,0.02006781090018189,0.02006781090018189,0.050263184440820056,0.0,0.0,0.0,,0.8802588258694523,0.2659193411520172,4010.0,4.0,0.0,632,B8,p99=200
12013.0,0.02006781090018189,0.02006781090018189,0.050263184440820056,0.0,0.0,0.0,,0.8862669658808002,0.24977082748046434,3685.0,2.0,0.0,632,B12,p99=200
20481.0,0.02006781090018189,0.02006781090018189,0.02006781090018189,0.0,0.0,0.0,,0.9270817570854807,0.1739837365040913,3600.0,0.0,0.0,633,A3,p99=200
20481.0,0.02006781090018189,0.02006781090018189,0.03330427623087463,0.0,0.0,0.0,,0.9193677890896369,0.19372056547858493,3925.0,8.0,0.0,633,A6,p99=200
20481.0,0.02006781090018189,0.02006781090018189,0.02006781090018189,0.0,0.0,0.0,,0.9270817570854807,0.1739837365040913,3600.0,0.0,0.0,633,B6,p99=200
20481.0,0.02006781090018189,0.02006781090018189,0.02006781090018189,0.0,0.0,0.0,,0.9085902946166834,0.22102371570701748,4200.0,4.0,0.0,633,B8,p99=200
20481.0,0.02006781090018189,0.02006781090018189,0.02006781090018189,0.0,0.0,0.0,,0.9270817570854807,0.1739837365040913,3600.0,0.0,0.0,633,B12,p99=200
17556.0,0.02006781090018189,0.02006781090018189,0.02006781090018189,0.0,0.0,0.0,,0.9411172310598573,0.15346311005938457,3600.0,0.0,0.0,634,A3,p99=200
17556.0,0.02006781090018189,0.02006781090018189,0.025852348395621914,0.0,0.0,0.0,,0.9371187119835205,0.1636588856681875,3795.0,6.0,0.0,634,A6,p99=200
17556.0,0.02006781090018189,0.02006781090018189,0.02006781090018189,0.0,0.0,0.0,,0.940375192997122,0.15540331434925136,3665.0,2.0,0.0,634,B6,p99=200
17556.0,0.02006781090018189,0.02006781090018189,0.0220673406908459,0.0,0.0,0.0,,0.9283794626876487,0.18459329573936462,4190.0,4.0,0.0,634,B8,p99=200
17556.0,0.02006781090018189,0.02006781090018189,0.02006781090018189,0.0,0.0,0.0,,0.939409273752676,0.1574475618582599,3690.0,2.0,0.0,634,B12,p99=200
23077.0,0.02006781090018189,0.02006781090018189,0.026683942737144424,0.0,0.0,0.0,,0.9795625638194793,0.08101938307663385,3735.0,2.0,0.0,635,A3,p99=200
23077.0,0.02006781090018189,0.02006781090018189,0.03548133892335755,0.0,0.0,0.0,,0.9777301961757658,0.08629285110150502,3880.0,7.0,0.0,635,A6,p99=200
23077.0,0.02006781090018189,0.02006781090018189,0.022777182418573218,0.0,0.0,0.0,,0.9806607057599608,0.07800908995072749,3665.0,2.0,0.0,635,B6,p99=200
23077.0,0.02006781090018189,0.02006781090018189,0.030286563611439634,0.0,0.0,0.0,,0.9729084922882313,0.09885742866893599,4240.0,6.0,0.0,635,B8,p99=200
23077.0,0.02006781090018189,0.02006781090018189,0.022777182418573218,0.0,0.0,0.0,,0.9800161336966866,0.07958598847715662,3690.0,2.0,0.0,635,B12,p99=200
19309.0,0.02006781090018189,0.02006781090018189,0.21565026690607325,0.0,0.0,0.0,,0.96174361753769,0.1198984392003488,3735.0,2.0,0.0,636,A3,p99=200
19309.0,0.02006781090018189,0.02006781090018189,0.21565026690607325,0.0,0.0,0.0,,0.9602559157556168,0.12437127406033947,3890.0,6.0,0.0,636,A6,p99=200
19309.0,0.02006781090018189,0.02006781090018189,0.21565026690607325,0.0,0.0,0.0,,0.9611562172179638,0.12019115363750063,3730.0,4.0,0.0,636,B6,p99=200
19309.0,0.02006781090018189,0.02006781090018189,0.21565026690607325,0.0,0.0,0.0,,0.9506598350298024,0.14620213898112683,4325.0,8.0,0.0,636,B8,p99=200
19309.0,0.02006781090018189,0.02006781090018189,0.21565026690607325,0.0,0.0,0.0,,0.9602589843758622,0.1226899930483409,3780.0,4.0,0.0,636,B12,p99=200
17201.0,0.02006781090018189,0.02006781090018189,0.02006781090018189,0.0,0.0,0.0,,0.9603820650806524,0.12198767189183671,3600.0,0.0,0.0,637,A3,p99=200
17201.0,0.02006781090018189,0.02006781090018189,0.03330427623087463,0.0,0.0,0.0,,0.9569725751521646,0.1310521523503099,3795.0,6.0,0.0,637,A6,p99=200
17201.0,0.02006781090018189,0.02006781090018189,0.021379620895022326,0.0,0.0,0.0,,0.9592525760358872,0.12465051014607695,3665.0,2.0,0.0,637,B6,p99=200
17201.0,0.02006781090018189,0.02006781090018189,0.026683942737144424,0.0,0.0,0.0,,0.9487425544586918,0.1494768885093359,4175.0,4.0,0.0,637,B8,p99=200
17201.0,0.02006781090018189,0.02006781090018189,0.021379620895022326,0.0,0.0,0.0,,0.9584601739053056,0.12706151345775038,3690.0,2.0,0.0,637,B12,p99=200
17134.0,0.02006781090018189,0.02006781090018189,0.02006781090018189,0.0,0.0,0.0,,0.9617927704122543,0.12058380487940983,3600.0,0.0,0.0,638,A3,p99=200
17134.0,0.02006781090018189,0.02006781090018189,0.028428241752041873,0.0,0.0,0.0,,0.9577499084721234,0.13063475612175002,3865.0,7.0,0.0,638,A6,p99=200
17134.0,0.02006781090018189,0.02006781090018189,0.02006781090018189,0.0,0.0,0.0,,0.9604615071509591,0.12360556982142068,3665.0,2.0,0.0,638,B6,p99=200
17134.0,0.02006781090018189,0.02006781090018189,0.02350985767597148,0.0,0.0,0.0,,0.9480355103625612,0.15410175045631688,4245.0,6.0,0.0,638,B8,p99=200
17134.0,0.02006781090018189,0.02006781090018189,0.02006781090018189,0.0,0.0,0.0,,0.9599583604842286,0.12494863105258266,3690.0,2.0,0.0,638,B12,p99=200
18648.0,0.02006781090018189,0.02006781090018189,0.02006781090018189,0.0,0.0,0.0,,0.9688535832422784,0.10711273835822738,3600.0,0.0,0.0,639,A3,p99=200
18648.0,0.02006781090018189,0.02006781090018189,0.021379620895022326,0.0,0.0,0.0,,0.9653247002466832,0.11709028709694112,3820.0,6.0,0.0,639,A6,p99=200
18648.0,0.02006781090018189,0.02006781090018189,0.02006781090018189,0.0,0.0,0.0,,0.9688535832422784,0.10711273835822738,3600.0,0.0,0.0,639,B6,p99=200
18648.0,0.02006781090018189,0.02006781090018189,0.020713333609993473,0.0,0.0,0.0,,0.9544481721702296,0.14284218586120284,4305.0,8.0,0.0,639,B8,p99=200
18648.0,0.02006781090018189,0.02006781090018189,0.02006781090018189,0.0,0.0,0.0,,0.9688535832422784,0.10711273835822738,3600.0,0.0,0.0,639,B12,p99=200
35877.0,0.02006781090018189,0.985711900900616,2.6302679918953813,0.03697354851297489,0.05751595729854782,19.0,8.0,0.9625851933834022,0.11033686203876289,3990.0,3.0,0.0,640,A3,p99=200
35877.0,0.02006781090018189,1.3963683610559376,2.468880104906209,0.020890821417621316,0.06741087604872202,16.0,7.0,0.9447229560190359,0.1574503669983256,5605.0,22.0,0.0,640,A6,p99=200
35877.0,0.02006781090018189,1.1547819846894583,2.0417379446695296,0.03165677174791649,0.059906067954399754,17.0,6.0,0.9579695302681217,0.12178552048257514,4490.0,10.0,0.041666666666666664,640,B6,p99=200
35877.0,0.02006781090018189,1.1547819846894583,2.0417379446695296,0.0026758090141316164,0.06957103436742203,13.0,0.0,0.9598187424207459,0.11760705379061154,4355.0,7.0,0.058333333333333334,640,B8,p99=200
35877.0,0.02006781090018189,1.1547819846894583,2.0417379446695296,0.03165677174791649,0.059906067954399754,17.0,6.0,0.9571069579991722,0.12481188813528742,4640.0,9.0,0.05277777777777778,640,B12,p99=200
66536.0,0.02006781090018189,0.2225871044793004,1.0174193661806046,0.0,0.0299687387279067,24.0,1.0,0.9812782947812888,0.058288463749801483,3735.0,2.0,0.0,641,A3,p99=200
66536.0,0.02006781090018189,0.026683942737144424,0.7182076058301705,0.0,0.013271011181916556,10.0,0.0,0.9475487778614858,0.14958156896179053,6675.0,34.0,0.0,641,A6,p99=200
66536.0,0.02006781090018189,0.2024184057376061,0.985711900900616,0.0,0.02730852470842852,22.0,1.0,0.9633853950383906,0.10671296104581154,4850.0,27.0,0.0,641,B6,p99=200
66536.0,0.02006781090018189,0.08081649291125372,0.7413102413009177,0.0,0.016878081038836118,13.0,1.0,0.9666677155565736,0.0999040814647161,5120.0,14.0,0.0,641,B8,p99=200
66536.0,0.02006781090018189,0.17278259805078636,0.985711900900616,0.0,0.026226403751352653,20.0,1.0,0.959864434792063,0.11634197252498552,5285.0,23.0,0.0,641,B12,p99=200
100383.0,0.02006781090018189,0.2867477375581316,1.3106900423660772,0.0,0.03685883067850134,21.0,,0.9576324568868073,0.10620484177415351,5985.0,7.0,0.0,642,A3,p99=200
100383.0,0.02006781090018189,0.02006781090018189,0.04570881896148752,0.0,0.0,0.0,,0.9423728927176315,0.15268718833361838,9110.0,28.0,0.0,642,A6,p99=200
100383.0,0.02006781090018189,0.6327760017024558,2.0417379446695296,0.0038128966059990236,0.057422571550959825,39.0,,0.9511368055839774,0.12758396977175204,6585.0,26.0,0.0,642,B6,p99=200
100383.0,0.02006781090018189,0.02006781090018189,0.11448537209469502,0.0,9.961846129324686e-06,0.0,,0.9541458107026647,0.11854758885859183,6950.0,7.0,0.0,642,B8,p99=200
100383.0,0.02006781090018189,0.1673978978860472,1.1187936686591167,0.0,0.03069244792444936,16.0,,0.9519520839723398,0.1254414586059578,7230.0,17.0,0.0,642,B12,p99=200
17797.0,0.02006781090018189,0.02006781090018189,0.02006781090018189,0.0,0.0,0.0,,0.9269106364870585,0.17725593813024462,3600.0,0.0,0.0,643,A3,p99=200
17797.0,0.02006781090018189,0.02006781090018189,0.03548133892335755,0.0,0.0,0.0,,0.9219441130841444,0.19086787617250175,3875.0,8.0,0.0,643,A6,p99=200
17797.0,0.02006781090018189,0.02006781090018189,0.02006781090018189,0.0,0.0,0.0,,0.9269106364870585,0.17725593813024462,3600.0,0.0,0.0,643,B6,p99=200
17797.0,0.02006781090018189,0.02006781090018189,0.02006781090018189,0.0,0.0,0.0,,0.9174468675348076,0.20282281375622901,4130.0,3.0,0.0,643,B8,p99=200
17797.0,0.02006781090018189,0.02006781090018189,0.02006781090018189,0.0,0.0,0.0,,0.9269106364870585,0.17725593813024462,3600.0,0.0,0.0,643,B12,p99=200
17871.0,0.02006781090018189,0.02006781090018189,0.02006781090018189,0.0,0.0,0.0,,0.9545316338815228,0.12926812791729952,3600.0,0.0,0.0,644,A3,p99=200
17871.0,0.02006781090018189,0.02006781090018189,0.02006781090018189,0.0,0.0,0.0,,0.9534036423686032,0.13214294295497322,3665.0,2.0,0.0,644,A6,p99=200
17871.0,0.02006781090018189,0.02006781090018189,0.02006781090018189,0.0,0.0,0.0,,0.9545316338815228,0.12926812791729952,3600.0,0.0,0.0,644,B6,p99=200
17871.0,0.02006781090018189,0.02006781090018189,0.02006781090018189,0.0,0.0,0.0,,0.9511157152322759,0.13816195942796217,3875.0,4.0,0.0,644,B8,p99=200
17871.0,0.02006781090018189,0.02006781090018189,0.02006781090018189,0.0,0.0,0.0,,0.9545316338815228,0.12926812791729952,3600.0,0.0,0.0,644,B12,p99=200
17299.0,0.02006781090018189,0.02006781090018189,0.02006781090018189,0.0,0.0,0.0,,0.9558658714951334,0.12916216143592119,3600.0,0.0,0.0,645,A3,p99=200
17299.0,0.02006781090018189,0.02006781090018189,0.02006781090018189,0.0,0.0,0.0,,0.9538454934816343,0.1343370137448694,3730.0,4.0,0.0,645,A6,p99=200
17299.0,0.02006781090018189,0.02006781090018189,0.02006781090018189,0.0,0.0,0.0,,0.9548429838724438,0.13168865550385114,3665.0,2.0,0.0,645,B6,p99=200
17299.0,0.02006781090018189,0.02006781090018189,0.02006781090018189,0.0,0.0,0.0,,0.9449369216626823,0.15616054641593274,4145.0,4.0,0.0,645,B8,p99=200
17299.0,0.02006781090018189,0.02006781090018189,0.02006781090018189,0.0,0.0,0.0,,0.9541683148982901,0.13351065230802311,3690.0,2.0,0.0,645,B12,p99=200
18166.0,0.02006781090018189,0.3578903595427346,0.985711900900616,0.0,0.03638665639106022,7.0,,0.9581430291681385,0.12634081716328943,3600.0,0.0,0.0,646,A3,p99=200
18166.0,0.02006781090018189,0.02006781090018189,0.04290421892388853,0.0,0.0,0.0,,0.9516875679932519,0.14278248367087937,3900.0,5.0,0.0,646,A6,p99=200
18166.0,0.02006781090018189,0.02006781090018189,0.0390166519947627,0.0,0.0,0.0,,0.9548346127175787,0.13502456944612876,3750.0,2.0,0.0,646,B6,p99=200
18166.0,0.02006781090018189,0.02006781090018189,0.04027170343254591,0.0,0.0,0.0,,0.9452430828628975,0.157484126272496,4240.0,4.0,0.0,646,B8,p99=200
18166.0,0.02006781090018189,0.02006781090018189,0.0390166519947627,0.0,0.0,0.0,,0.9540620786507935,0.13708288938668362,3775.0,2.0,0.0,646,B12,p99=200
25951.0,0.02006781090018189,0.02006781090018189,0.02006781090018189,0.0,0.0,0.0,,0.97395934949311,0.09360003859032558,3600.0,0.0,0.0,647,A3,p99=200
25951.0,0.02006781090018189,0.02006781090018189,0.04290421892388853,0.0,0.0,0.0,,0.9677839434551272,0.1108416343534377,4045.0,10.0,0.0,647,A6,p99=200
25951.0,0.02006781090018189,0.02006781090018189,0.02006781090018189,0.0,0.0,0.0,,0.972514720685038,0.09700498707960135,3665.0,2.0,0.0,647,B6,p99=200
25951.0,0.02006781090018189,0.02006781090018189,0.0220673406908459,0.0,0.0,0.0,,0.9645497867532408,0.11521509177218513,4080.0,2.0,0.0,647,B8,p99=200
25951.0,0.02006781090018189,0.02006781090018189,0.02006781090018189,0.0,0.0,0.0,,0.9719919175198435,0.09818071577678451,3690.0,2.0,0.0,647,B12,p99=200
41960.0,0.02006781090018189,0.03548133892335755,0.5069907082747045,0.0,0.009747378455672069,5.0,,0.9835316995144676,0.06407721307509476,3735.0,2.0,0.0,648,A3,p99=200
41960.0,0.02006781090018189,0.0220673406908459,0.33593093598651524,0.0,0.003527168732125834,2.0,,0.974202848850912,0.09092014131603632,4830.0,20.0,0.0,648,A6,p99=200
41960.0,0.02006781090018189,0.037800713730181124,0.5069907082747045,0.0,0.009747378455672069,5.0,,0.9794022039166015,0.0747939287326678,4055.0,10.0,0.0,648,B6,p99=200
41960.0,0.02006781090018189,0.02006781090018189,0.2778113596642536,0.0,0.006220209723546234,3.0,,0.9739287814370294,0.09177910219150738,4730.0,15.0,0.0,648,B8,p99=200
41960.0,0.02006781090018189,0.037800713730181124,0.5069907082747045,0.0,0.009747378455672069,5.0,,0.9760729845929944,0.08356198407378256,4400.0,14.0,0.0,648,B12,p99=200
37851.0,0.02006781090018189,0.036622669692491984,0.2959715725594465,0.0,0.00451771419513355,3.0,,0.9691703782708038,0.09137543690082651,3735.0,2.0,0.0,649,A3,p99=200
37851.0,0.02006781090018189,0.04156712619977309,0.3054921113215514,0.0,0.00451771419513355,3.0,,0.9483488515774975,0.1467537715687283,4835.0,22.0,0.0,649,A6,p99=200
37851.0,0.02006781090018189,0.03548133892335755,0.2959715725594465,0.0,0.00451771419513355,3.0,,0.9592948478987008,0.11575251915226147,4080.0,14.0,0.0,649,B6,p99=200
37851.0,0.02006781090018189,0.02006781090018189,0.13843630530808698,0.0,0.0,0.0,,0.9568455975141028,0.12484177041713697,4590.0,11.0,0.0,649,B8,p99=200
37851.0,0.02006781090018189,0.03548133892335755,0.2959715725594465,0.0,0.00451771419513355,3.0,,0.9559129370635069,0.12471527975808669,4255.0,14.0,0.0,649,B12,p99=200
34892.0,0.02006781090018189,0.03548133892335755,0.985711900900616,0.0,0.02358706866903588,11.0,,0.9312902995395104,0.15729914821826096,3765.0,2.0,0.0,650,A3,p99=200
34892.0,0.02006781090018189,0.02006781090018189,0.06683439175686146,0.0,0.0010317551301157859,1.0,,0.9137585429867905,0.20170683097985678,4655.0,18.0,0.0,650,A6,p99=200
34892.0,0.02006781090018189,0.04027170343254591,0.985711900900616,0.0,0.02358706866903588,11.0,,0.9250005358606401,0.17136114438623817,4015.0,11.0,0.0,650,B6,p99=200
34892.0,0.02006781090018189,0.04027170343254591,0.985711900900616,0.0,0.02358706866903588,11.0,,0.9274291724411814,0.16775028625225819,4155.0,7.0,0.04722222222222222,650,B8,p99=200
34892.0,0.02006781090018189,0.04027170343254591,0.985711900900616,0.0,0.02358706866903588,11.0,,0.9201188915874923,0.18303448311001622,4165.0,11.0,0.0,650,B12,p99=200
40145.0,0.02006781090018189,0.024266100950824154,1.1547819846894583,0.0,0.015095279611408644,6.0,,0.9787114914184503,0.07645032547957023,3735.0,2.0,0.0,651,A3,p99=200
40145.0,0.02006781090018189,0.02754228703338166,0.2867477375581316,0.0,0.0,0.0,,0.9614998547341383,0.12333316325316367,5190.0,27.0,0.0,651,A6,p99=200
40145.0,0.02006781090018189,0.029342695039559687,1.1547819846894583,0.0,0.015095279611408644,6.0,,0.974720531280681,0.08665174930770846,3990.0,10.0,0.0,651,B6,p99=200
40145.0,0.02006781090018189,0.02006781090018189,1.1547819846894583,0.0,0.015095279611408644,6.0,,0.969914309723541,0.1009850970071379,4520.0,11.0,0.06111111111111111,651,B8,p99=200
40145.0,0.02006781090018189,0.029342695039559687,1.1547819846894583,0.0,0.015095279611408644,6.0,,0.9709747059133732,0.09595501431192356,4140.0,10.0,0.0,651,B12,p99=200
42541.0,0.02006781090018189,2.0417379446695296,2.892344370499147,0.1132907077877812,0.11037587268752498,42.0,,0.9616120070642384,0.11383893973995518,4185.0,3.0,0.0,652,A3,p99=200
42541.0,0.02006781090018189,2.0417379446695296,3.726061338637685,0.08572906137608424,0.13467008297877342,38.0,,0.9456087380247424,0.15797078225435068,5475.0,20.0,0.0,652,A6,p99=200
42541.0,0.02006781090018189,2.0417379446695296,2.1074146752966985,0.10118473942784607,0.11728685268329377,39.0,,0.9619904605835103,0.11344400149174681,4545.0,10.0,0.0,652,B6,p99=200
42541.0,0.02006781090018189,2.0417379446695296,2.0417379446695296,0.03618274135539832,0.17441409463811383,35.0,,0.9629569048914339,0.11145021582757784,4340.0,8.0,0.07777777777777778,652,B8,p99=200
42541.0,0.02006781090018189,2.0417379446695296,2.1074146752966985,0.10118473942784607,0.11728685268329377,39.0,,0.9630292001645535,0.11171949330753231,4595.0,6.0,0.05277777777777778,652,B12,p99=200
17383.0,0.02006781090018189,0.02006781090018189,0.02006781090018189,0.0,0.0,0.0,,0.962618276867552,0.11678018952415814,3600.0,0.0,0.0,653,A3,p99=200
17383.0,0.02006781090018189,0.02006781090018189,0.02006781090018189,0.0,0.0,0.0,,0.9591930122658459,0.125888244271573,3795.0,6.0,0.0,653,A6,p99=200
17383.0,0.02006781090018189,0.02006781090018189,0.02006781090018189,0.0,0.0,0.0,,0.962618276867552,0.11678018952415814,3600.0,0.0,0.0,653,B6,p99=200
17383.0,0.02006781090018189,0.02006781090018189,0.02006781090018189,0.0,0.0,0.0,,0.9514706457531438,0.14317031953413087,4110.0,3.0,0.0,653,B8,p99=200
17383.0,0.02006781090018189,0.02006781090018189,0.02006781090018189,0.0,0.0,0.0,,0.962618276867552,0.11678018952415814,3600.0,0.0,0.0,653,B12,p99=200
27861.0,0.02006781090018189,2.0417379446695296,2.0417379446695296,0.11105129033415886,0.20020817630379384,38.0,,0.9509373887059807,0.14464393990576613,4260.0,4.0,0.0,654,A3,p99=200
27861.0,0.02006781090018189,1.9164610627353873,2.0417379446695296,0.015218405656652669,0.1630235813502746,19.0,,0.9470171037921779,0.15362300859663444,4790.0,7.0,0.0,654,A6,p99=200
27861.0,0.02006781090018189,2.0417379446695296,2.0417379446695296,0.11105129033415886,0.19285022073866695,37.0,,0.9528453865523291,0.14003151026846936,4395.0,6.0,0.0,654,B6,p99=200
27861.0,0.02006781090018189,2.0417379446695296,2.0417379446695296,0.03147769283227451,0.18362585693262984,25.0,,0.940435892377631,0.16894379456091246,4840.0,7.0,0.0,654,B8,p99=200
27861.0,0.02006781090018189,2.0417379446695296,2.0417379446695296,0.11105129033415886,0.19285022073866695,37.0,,0.9477928334301335,0.1509575798964191,4620.0,6.0,0.0,654,B12,p99=200
17748.0,0.02006781090018189,0.02006781090018189,0.02006781090018189,0.0,0.0,0.0,,0.9614938601892172,0.11878834350499523,3600.0,0.0,0.0,655,A3,p99=200
17748.0,0.02006781090018189,0.02006781090018189,0.02006781090018189,0.0,0.0,0.0,,0.9580507431200699,0.127660903470474,3795.0,6.0,0.0,655,A6,p99=200
17748.0,0.02006781090018189,0.02006781090018189,0.02006781090018189,0.0,0.0,0.0,,0.9614938601892172,0.11878834350499523,3600.0,0.0,0.0,655,B6,p99=200
17748.0,0.02006781090018189,0.02006781090018189,0.02006781090018189,0.0,0.0,0.0,,0.9523515746860617,0.14198607579331582,4120.0,3.0,0.0,655,B8,p99=200
17748.0,0.02006781090018189,0.02006781090018189,0.02006781090018189,0.0,0.0,0.0,,0.9614938601892172,0.11878834350499523,3600.0,0.0,0.0,655,B12,p99=200
24420.0,0.02006781090018189,2.0417379446695296,2.0417379446695296,0.06064701064701065,0.09475839475839476,24.0,33.0,0.968955712930955,0.10402272814187402,3765.0,2.0,0.0,656,A3,p99=200
24420.0,0.02006781090018189,2.0417379446695296,2.1752040340195222,0.02800982800982801,0.1160933660933661,23.0,4.0,0.9641803785179193,0.11577937353094701,4190.0,8.0,0.0,656,A6,p99=200
24420.0,0.02006781090018189,2.0417379446695296,2.0417379446695296,0.06064701064701065,0.09475839475839476,24.0,8.0,0.9667477310699821,0.10852076359599036,4005.0,6.0,0.0,656,B6,p99=200
24420.0,0.02006781090018189,0.04027170343254591,0.2778113596642536,0.0,0.0,0.0,0.0,0.9609588461994031,0.12434822049611213,4395.0,6.0,0.0,656,B8,p99=200
24420.0,0.02006781090018189,2.0417379446695296,2.0417379446695296,0.06064701064701065,0.09475839475839476,24.0,8.0,0.9654145492783126,0.11266797899472361,4130.0,6.0,0.0,656,B12,p99=200
22041.0,0.02006781090018189,0.02006781090018189,0.02006781090018189,0.0,0.0,0.0,,0.9774008017443361,0.08322297027813233,3600.0,0.0,0.0,657,A3,p99=200
22041.0,0.02006781090018189,0.02006781090018189,0.03126079367123956,0.0,0.0,0.0,,0.9738487735425665,0.0932190719978365,3860.0,8.0,0.0,657,A6,p99=200
22041.0,0.02006781090018189,0.02006781090018189,0.02006781090018189,0.0,0.0,0.0,,0.9760308011516436,0.0865328623008688,3665.0,2.0,0.0,657,B6,p99=200
22041.0,0.02006781090018189,0.02006781090018189,0.02006781090018189,0.0,0.0,0.0,,0.9685328028466048,0.10573558942346267,4130.0,3.0,0.0,657,B8,p99=200
22041.0,0.02006781090018189,0.02006781090018189,0.02006781090018189,0.0,0.0,0.0,,0.9756167729061248,0.08763929694887544,3690.0,2.0,0.0,657,B12,p99=200
35010.0,0.02006781090018189,2.0417379446695296,2.0417379446695296,0.21273921736646673,0.13787489288774635,49.0,,0.9810597304621794,0.07938842572692072,3900.0,3.0,0.0,658,A3,p99=200
35010.0,0.02006781090018189,2.0417379446695296,3.1805336883295205,0.16845187089403027,0.1652813481862325,46.0,,0.9731432775512447,0.0962405584025153,4780.0,11.0,0.0,658,A6,p99=200
35010.0,0.02006781090018189,2.0417379446695296,2.0417379446695296,0.1596543844615824,0.14637246500999715,40.0,,0.9784108101973054,0.08564515378897918,4580.0,6.0,0.0,658,B6,p99=200
35010.0,0.02006781090018189,2.0417379446695296,2.0417379446695296,0.07013710368466153,0.23714652956298202,39.0,,0.9713944804081917,0.10170315721834117,4945.0,7.0,0.0,658,B8,p99=200
35010.0,0.02006781090018189,2.0417379446695296,2.0417379446695296,0.1596543844615824,0.14637246500999715,40.0,,0.9772460198220837,0.08766088588273974,4690.0,6.0,0.04722222222222222,658,B12,p99=200
29444.0,0.02006781090018189,0.02006781090018189,0.02006781090018189,0.0,0.0,0.0,,0.9877210966320147,0.06050847576540139,3600.0,0.0,0.0,659,A3,p99=200
29444.0,0.02006781090018189,0.02006781090018189,0.04027170343254591,0.0,0.0,0.0,,0.9833600815865101,0.07413219784022324,4030.0,11.0,0.0,659,A6,p99=200
29444.0,0.02006781090018189,0.02006781090018189,0.022777182418573218,0.0,0.0,0.0,,0.9861881169462441,0.0653490399375487,3730.0,4.0,0.0,659,B6,p99=200
29444.0,0.02006781090018189,0.02006781090018189,0.022777182418573218,0.0,0.0,0.0,,0.9817876625036489,0.07869507669841502,4335.0,8.0,0.0,659,B8,p99=200
29444.0,0.02006781090018189,0.02006781090018189,0.022777182418573218,0.0,0.0,0.0,,0.985851320710943,0.06673945091801187,3780.0,4.0,0.0,659,B12,p99=200
19888.0,0.02006781090018189,0.02006781090018189,0.02006781090018189,0.0,0.0,0.0,,0.9764220700288426,0.09098724105348945,3600.0,0.0,0.0,660,A3,p99=200
19888.0,0.02006781090018189,0.02006781090018189,0.022777182418573218,0.0,0.0,0.0,,0.971317968318441,0.10531657599714214,3940.0,10.0,0.0,660,A6,p99=200
19888.0,0.02006781090018189,0.02006781090018189,0.02006781090018189,0.0,0.0,0.0,,0.9764220700288426,0.09098724105348945,3600.0,0.0,0.0,660,B6,p99=200
19888.0,0.02006781090018189,0.02006781090018189,0.02006781090018189,0.0,0.0,0.0,,0.9671278323226733,0.114107279082296,4210.0,6.0,0.0,660,B8,p99=200
19888.0,0.02006781090018189,0.02006781090018189,0.02006781090018189,0.0,0.0,0.0,,0.9764220700288426,0.09098724105348945,3600.0,0.0,0.0,660,B12,p99=200
19475.0,0.02006781090018189,0.02006781090018189,0.02006781090018189,0.0,0.0,0.0,,0.9754351409247126,0.0914790790394453,3600.0,0.0,0.0,661,A3,p99=200
19475.0,0.02006781090018189,0.02006781090018189,0.02006781090018189,0.0,0.0,0.0,,0.97233600396644,0.1005103958479327,3795.0,6.0,0.0,661,A6,p99=200
19475.0,0.02006781090018189,0.02006781090018189,0.02006781090018189,0.0,0.0,0.0,,0.9754351409247126,0.0914790790394453,3600.0,0.0,0.0,661,B6,p99=200
19475.0,0.02006781090018189,0.02006781090018189,0.02006781090018189,0.0,0.0,0.0,,0.9664420480759612,0.11474547152607215,4145.0,4.0,0.0,661,B8,p99=200
19475.0,0.02006781090018189,0.02006781090018189,0.02006781090018189,0.0,0.0,0.0,,0.9754351409247126,0.0914790790394453,3600.0,0.0,0.0,661,B12,p99=200
29535.0,0.02006781090018189,0.02006781090018189,0.11816803125447838,0.0,0.0,0.0,,0.9797158286176376,0.08058414557329205,3735.0,2.0,0.0,662,A3,p99=200
29535.0,0.02006781090018189,0.021379620895022326,0.11816803125447838,0.0,0.0,0.0,,0.9737815931640473,0.09835922572918077,4435.0,15.0,0.0,662,A6,p99=200
29535.0,0.02006781090018189,0.02006781090018189,0.11816803125447838,0.0,0.0,0.0,,0.9781251087630026,0.08517047556746675,3860.0,8.0,0.0,662,B6,p99=200
29535.0,0.02006781090018189,0.02006781090018189,0.07349368100487516,0.0,0.0,0.0,,0.9704307195353608,0.10253979136132758,4350.0,6.0,0.0,662,B8,p99=200
29535.0,0.02006781090018189,0.02006781090018189,0.11816803125447838,0.0,0.0,0.0,,0.9770784818550281,0.08894722256303289,3960.0,8.0,0.0,662,B12,p99=200
40859.0,0.02006781090018189,0.02006781090018189,0.34673685045253166,0.0,0.0,0.0,,0.9836208602032065,0.06245492764602073,3600.0,0.0,0.0,663,A3,p99=200
40859.0,0.02006781090018189,0.024266100950824154,0.3578903595427346,0.0,0.0002202697080202648,1.0,,0.9714641562625339,0.10030499033991125,4950.0,20.0,0.0,663,A6,p99=200
40859.0,0.02006781090018189,0.02006781090018189,0.34673685045253166,0.0,0.0,0.0,,0.9816172418956373,0.06885780327258989,3800.0,6.0,0.0,663,B6,p99=200
40859.0,0.02006781090018189,0.02006781090018189,0.037800713730181124,0.0,0.0,0.0,,0.9779925152652678,0.07833660815331121,4265.0,9.0,0.0,663,B8,p99=200
40859.0,0.02006781090018189,0.02006781090018189,0.34673685045253166,0.0,0.0,0.0,,0.9811506706878969,0.07094022595783758,3875.0,6.0,0.0,663,B12,p99=200
18770.0,0.02006781090018189,0.02006781090018189,0.2447653853410146,0.0,0.0,0.0,,0.9659995879664071,0.10866047961835686,3600.0,0.0,0.0,664,A3,p99=200
18770.0,0.02006781090018189,0.02006781090018189,0.2447653853410146,0.0,0.0,0.0,,0.9626754066387775,0.11764706531377422,3890.0,6.0,0.0,664,A6,p99=200
18770.0,0.02006781090018189,0.02006781090018189,0.2447653853410146,0.0,0.0,0.0,,0.963916497759456,0.11363781410832306,3730.0,4.0,0.0,664,B6,p99=200
18770.0,0.02006781090018189,0.02006781090018189,0.2447653853410146,0.0,0.0,0.0,,0.9541891065068385,0.13726366793796912,4195.0,5.0,0.0,664,B8,p99=200
18770.0,0.02006781090018189,0.02006781090018189,0.2447653853410146,0.0,0.0,0.0,,0.962631134217015,0.11736094810258783,3780.0,4.0,0.0,664,B12,p99=200
18106.0,0.02006781090018189,0.02006781090018189,0.02006781090018189,0.0,0.0,0.0,,0.9753645597896411,0.0922409747273714,3600.0,0.0,0.0,665,A3,p99=200
18106.0,0.02006781090018189,0.02006781090018189,0.02006781090018189,0.0,0.0,0.0,,0.9737004079180809,0.09688403488676237,3735.0,4.0,0.0,665,A6,p99=200
18106.0,0.02006781090018189,0.02006781090018189,0.02006781090018189,0.0,0.0,0.0,,0.9753645597896411,0.0922409747273714,3600.0,0.0,0.0,665,B6,p99=200
18106.0,0.02006781090018189,0.02006781090018189,0.02006781090018189,0.0,0.0,0.0,,0.9644345921766304,0.11756470432557437,4110.0,2.0,0.0,665,B8,p99=200
18106.0,0.02006781090018189,0.02006781090018189,0.02006781090018189,0.0,0.0,0.0,,0.9753645597896411,0.0922409747273714,3600.0,0.0,0.0,665,B12,p99=200
31150.0,0.02006781090018189,2.0417379446695296,3.388441561392024,0.18996789727126806,0.1931139646869984,53.0,12.0,0.965270119083661,0.11751889166837638,4155.0,4.0,0.0,666,A3,p99=200
31150.0,0.02006781090018189,2.1752040340195222,4.365158322401661,0.14382022471910114,0.22632423756019263,46.0,9.0,0.9566791479461043,0.1370647693991151,5205.0,13.0,0.0,666,A6,p99=200
31150.0,0.02006781090018189,2.0417379446695296,2.0417379446695296,0.12626003210272874,0.2368218298555377,46.0,8.0,0.9651627468177392,0.11734878170294087,4775.0,5.0,0.05,666,B6,p99=200
31150.0,0.02006781090018189,2.0417379446695296,2.1074146752966985,0.06609951845906901,0.2601284109149278,42.0,8.0,0.967482986404024,0.11195766254598041,4355.0,5.0,0.08333333333333333,666,B8,p99=200
31150.0,0.02006781090018189,2.0417379446695296,2.0417379446695296,0.12626003210272874,0.2368218298555377,46.0,8.0,0.9651627468177392,0.11734878170294087,4775.0,5.0,0.05,666,B12,p99=200
25217.0,0.02006781090018189,0.02006781090018189,0.02006781090018189,0.0,0.0,0.0,,0.9867464849914258,0.06621151457114288,3600.0,0.0,0.0,667,A3,p99=200
25217.0,0.02006781090018189,0.02006781090018189,0.029342695039559687,0.0,0.0,0.0,,0.9809757783830336,0.08408272331098869,4075.0,14.0,0.0,667,A6,p99=200
25217.0,0.02006781090018189,0.02006781090018189,0.02006781090018189,0.0,0.0,0.0,,0.9867464849914258,0.06621151457114288,3600.0,0.0,0.0,667,B6,p99=200
25217.0,0.02006781090018189,0.02006781090018189,0.021379620895022326,0.0,0.0,0.0,,0.9789983091282304,0.08757271695191667,4305.0,8.0,0.0,667,B8,p99=200
25217.0,0.02006781090018189,0.02006781090018189,0.02006781090018189,0.0,0.0,0.0,,0.9867464849914258,0.06621151457114288,3600.0,0.0,0.0,667,B12,p99=200
41292.0,0.02006781090018189,0.02006781090018189,0.02006781090018189,0.0,0.0,0.0,,0.9962974466130954,0.033228899545950916,3735.0,2.0,0.0,668,A3,p99=200
41292.0,0.02006781090018189,0.02006781090018189,0.050263184440820056,0.0,0.0,0.0,,0.9890246691677705,0.05783024791081426,4520.0,20.0,0.0,668,A6,p99=200
41292.0,0.02006781090018189,0.02006781090018189,0.026683942737144424,0.0,0.0,0.0,,0.995175680497821,0.037678589307674634,3860.0,8.0,0.0,668,B6,p99=200
41292.0,0.02006781090018189,0.02006781090018189,0.030286563611439634,0.0,0.0,0.0,,0.9921639357531488,0.04897802153108077,4560.0,13.0,0.0,668,B8,p99=200
41292.0,0.02006781090018189,0.02006781090018189,0.026683942737144424,0.0,0.0,0.0,,0.9949947714767147,0.039145536040222285,3960.0,8.0,0.0,668,B12,p99=200
33139.0,0.02006781090018189,0.02006781090018189,0.02006781090018189,0.0,0.0,0.0,,0.9934347809276884,0.04504136483584945,3735.0,2.0,0.0,669,A3,p99=200
33139.0,0.02006781090018189,0.02006781090018189,0.037800713730181124,0.0,0.0,0.0,,0.9878785031549899,0.06281738145330007,4415.0,16.0,0.0,669,A6,p99=200
33139.0,0.02006781090018189,0.02006781090018189,0.02006781090018189,0.0,0.0,0.0,,0.9935538845432491,0.044663907083495144,3700.0,2.0,0.0,669,B6,p99=200
33139.0,0.02006781090018189,0.02006781090018189,0.024266100950824154,0.0,0.0,0.0,,0.9868661453845471,0.06467387315054483,4500.0,11.0,0.0,669,B8,p99=200
33139.0,0.02006781090018189,0.02006781090018189,0.02006781090018189,0.0,0.0,0.0,,0.993559750644812,0.04485343992626568,3725.0,2.0,0.0,669,B12,p99=200
33842.0,0.02006781090018189,0.02006781090018189,0.10746078283213174,0.0,0.0,0.0,,0.986215136602956,0.06000178053330262,3735.0,2.0,0.0,670,A3,p99=200
33842.0,0.02006781090018189,0.02006781090018189,0.10746078283213174,0.0,0.0,0.0,,0.9809608398527826,0.07584214422221819,4235.0,14.0,0.0,670,A6,p99=200
33842.0,0.02006781090018189,0.02006781090018189,0.10746078283213174,0.0,0.0,0.0,,0.9850882992179201,0.06294560231407346,3800.0,6.0,0.0,670,B6,p99=200
33842.0,0.02006781090018189,0.02006781090018189,0.04290421892388853,0.0,0.0,0.0,,0.9815159467494985,0.07665654085547575,4530.0,11.0,0.0,670,B8,p99=200
33842.0,0.02006781090018189,0.02006781090018189,0.10746078283213174,0.0,0.0,0.0,,0.9848977397048648,0.06429174570312067,3875.0,6.0,0.0,670,B12,p99=200
22126.0,0.02006781090018189,0.02006781090018189,0.02006781090018189,0.0,0.0,0.0,,0.9634528828521108,0.10825233825125098,3600.0,0.0,0.0,671,A3,p99=200
22126.0,0.02006781090018189,0.02006781090018189,0.0220673406908459,0.0,0.0,0.0,,0.9608151797776658,0.11608655395346214,3795.0,6.0,0.0,671,A6,p99=200
22126.0,0.02006781090018189,0.02006781090018189,0.02006781090018189,0.0,0.0,0.0,,0.9634528828521108,0.10825233825125098,3600.0,0.0,0.0,671,B6,p99=200
22126.0,0.02006781090018189,0.02006781090018189,0.02006781090018189,0.0,0.0,0.0,,0.9601386757241388,0.11791776227595403,3960.0,2.0,0.0,671,B8,p99=200
22126.0,0.02006781090018189,0.02006781090018189,0.02006781090018189,0.0,0.0,0.0,,0.9634528828521108,0.10825233825125098,3600.0,0.0,0.0,671,B12,p99=200
38173.0,0.02006781090018189,0.3578903595427346,0.8151734005153627,0.0,0.03012600529169832,17.0,,0.9186699643216123,0.18341387439268664,3735.0,2.0,0.0,537,A3,p99=400 (осн.)
38173.0,0.02006781090018189,0.23713737056616552,0.5754399373371569,0.0,0.018782909386215386,15.0,,0.8898942842828923,0.26435907987811463,5580.0,25.0,0.0,537,A6,p99=400 (осн.)
38173.0,0.02006781090018189,0.1673978978860472,0.5069907082747045,0.0,0.009535535587981033,6.0,,0.9077986952839698,0.21263786342000435,4350.0,13.0,0.0,537,B6,p99=400 (осн.)
38173.0,0.02006781090018189,0.07349368100487516,0.5069907082747045,0.0,0.009535535587981033,6.0,,0.8925426426199323,0.25175476930287155,4910.0,11.0,0.0,537,B8,p99=400 (осн.)
38173.0,0.02006781090018189,0.1673978978860472,0.5069907082747045,0.0,0.009535535587981033,6.0,,0.9002630324508646,0.23088776590392243,4625.0,13.0,0.0,537,B12,p99=400 (осн.)
40776.0,0.02006781090018189,1.5355006336570662,2.0417379446695296,0.007847753580537572,0.12703551108495192,62.0,46.0,0.9095191791692815,0.20973343429240407,4290.0,7.0,0.0,538,A3,p99=400 (осн.)
40776.0,0.02006781090018189,1.1547819846894583,2.1752040340195222,0.0019128899352560329,0.09279968608985678,45.0,8.0,0.8823390968460547,0.2900900308068817,6590.0,29.0,0.0,538,A6,p99=400 (осн.)
40776.0,0.02006781090018189,1.2698429144338064,1.9781080029332403,0.004635079458505003,0.09836668628605062,44.0,48.25,0.9003947987070572,0.23465857063682766,4940.0,23.0,0.05,538,B6,p99=400 (осн.)
40776.0,0.02006781090018189,0.08081649291125372,0.5939501549952435,0.0,0.011330194231901118,5.0,21.25,0.8816005369395529,0.28437790466355317,6010.0,9.0,0.0,538,B8,p99=400 (осн.)
40776.0,0.02006781090018189,1.2698429144338064,1.9781080029332403,0.004635079458505003,0.09834216205611143,44.0,10.0,0.8903494823967342,0.2612069528443187,5410.0,20.0,0.0,538,B12,p99=400 (осн.)
45368.0,0.02006781090018189,0.3935500754557774,1.584893192461114,0.0017413154646446834,0.03246781872685593,19.0,18.5,0.9506301927519792,0.12927188508427068,4470.0,7.0,0.0,539,A3,p99=400 (осн.)
45368.0,0.02006781090018189,0.03126079367123956,0.44668359215096304,0.0,0.008640451419502733,11.0,0.0,0.9454467070151665,0.14531283087708322,5550.0,14.0,0.0,539,A6,p99=400 (осн.)
45368.0,0.02006781090018189,0.026683942737144424,1.584893192461114,0.0017413154646446834,0.025392347028742726,14.0,40.0,0.9526039422192647,0.12340869639403695,4405.0,8.0,0.09722222222222222,539,B6,p99=400 (осн.)
45368.0,0.02006781090018189,0.26076542044591006,1.584893192461114,0.0017413154646446834,0.025392347028742726,14.0,17.0,0.9407238196628067,0.15424128959174596,5030.0,7.0,0.0,539,B8,p99=400 (осн.)
45368.0,0.02006781090018189,0.024266100950824154,1.584893192461114,0.0017413154646446834,0.025392347028742726,14.0,0.5,0.9505987092290646,0.1297249187618894,4735.0,9.0,0.0,539,B12,p99=400 (осн.)
98639.0,0.02006781090018189,0.8413951416451951,2.0417379446695296,0.004430296333093401,0.0641835379515202,56.0,18.333333333333332,0.9387346563157856,0.15028781876409322,6480.0,9.0,0.0,540,A3,p99=400 (осн.)
98639.0,0.02006781090018189,0.04290421892388853,0.3935500754557774,0.0,0.004410020377335537,10.0,8.0,0.9167238190147201,0.21229899784389292,9570.0,34.0,0.0,540,A6,p99=400 (осн.)
98639.0,0.02006781090018189,1.3963683610559376,2.0417379446695296,0.008688247042244954,0.09277263557010919,64.0,48.833333333333336,0.9311301400070746,0.17065523914727246,7115.0,31.0,0.0,540,B6,p99=400 (осн.)
98639.0,0.02006781090018189,0.3578903595427346,2.0417379446695296,0.004876367359766421,0.041981366396658525,30.0,32.0,0.9256740106130447,0.1822818604227188,7050.0,10.0,0.0,540,B8,p99=400 (осн.)
98639.0,0.02006781090018189,0.15712670380639343,0.557506583166466,0.0,0.01425399689777877,11.0,34.0,0.9262543684229865,0.18507251873781835,7775.0,26.0,0.0,540,B12,p99=400 (осн.)
59220.0,0.02006781090018189,1.5355006336570662,2.0417379446695296,0.014775413711583925,0.11234380276933469,76.0,89.33333333333333,0.9081735591552799,0.21435512298859313,4875.0,5.0,0.0,541,A3,p99=400 (осн.)
59220.0,0.02006781090018189,0.44668359215096304,1.4876473740795015,0.00030395136778115504,0.0477710233029382,31.0,60.0,0.8860951233719578,0.286817642777549,8020.0,32.0,0.0,541,A6,p99=400 (осн.)
59220.0,0.02006781090018189,1.191927939457827,2.0417379446695296,0.007463694697737251,0.07522796352583587,46.0,86.66666666666667,0.9081312557507266,0.2169905523283024,5330.0,19.0,0.18333333333333332,541,B6,p99=400 (осн.)
59220.0,0.02006781090018189,1.2302687708123812,2.0417379446695296,0.014775413711583925,0.08086795001688618,55.0,89.33333333333333,0.9011623864855047,0.23268871418012882,5370.0,13.0,0.25555555555555554,541,B8,p99=400 (осн.)
59220.0,0.02006781090018189,0.9252306262333164,2.0417379446695296,0.004424181019925701,0.07325227963525836,43.0,70.66666666666667,0.8973808763369638,0.2487491147971772,6160.0,21.0,0.0,541,B12,p99=400 (осн.)
61339.0,0.02006781090018189,0.43276287768448307,1.584893192461114,0.0005542966138998028,0.04625116157746295,37.0,56.5,0.928099515834455,0.16740479825488824,4470.0,9.0,0.0,542,A3,p99=400 (осн.)
61339.0,0.02006781090018189,0.10411181076233397,0.9252306262333164,0.0005542966138998028,0.020541580397463278,21.0,3.0,0.8985087093138592,0.25347687507281824,7110.0,31.0,0.0,542,A6,p99=400 (осн.)
61339.0,0.02006781090018189,0.32546178349804583,1.2698429144338064,0.0005542966138998028,0.033437128091426335,29.0,7.5,0.9240003322538718,0.18121850081596447,4945.0,20.0,0.0,542,B6,p99=400 (осн.)
61339.0,0.02006781090018189,0.022777182418573218,0.5069907082747045,0.0,0.00996103620861116,9.0,56.5,0.9053738302527077,0.2259328978350494,5760.0,9.0,0.0,542,B8,p99=400 (осн.)
61339.0,0.02006781090018189,0.1428893958511103,0.6531305526474723,0.0,0.01749294902101436,16.0,3.0,0.9191922167694341,0.19387417811686805,5255.0,16.0,0.0,542,B12,p99=400 (осн.)
80395.0,0.02006781090018189,2.0417379446695296,2.0417379446695296,0.026472417438895453,0.2504726662105852,206.0,36.0,0.9184617967085229,0.20236861494613087,6135.0,19.0,0.0,543,A3,p99=400 (осн.)
80395.0,0.02006781090018189,1.1547819846894583,2.0417379446695296,0.014615336774675042,0.07159649231917407,57.0,6.5,0.8932461803426817,0.27803250353206116,9180.0,41.0,0.0,543,A6,p99=400 (осн.)
80395.0,0.02006781090018189,1.9164610627353873,2.0417379446695296,0.02760121898127993,0.13825486659618136,122.0,15.5,0.9245394238547131,0.18904964197632013,6520.0,30.0,0.4,543,B6,p99=400 (осн.)
80395.0,0.02006781090018189,1.9164610627353873,2.0417379446695296,0.0254493438646682,0.14493438646682008,129.0,25.0,0.9158019004568487,0.21216292345104174,6590.0,20.0,0.34444444444444444,543,B8,p99=400 (осн.)
80395.0,0.02006781090018189,1.4876473740795015,2.0417379446695296,0.025474221033646372,0.0837987437029666,73.0,9.875,0.9028082332330513,0.2454211399584858,7850.0,29.0,0.0,543,B12,p99=400 (осн.)
36133.0,0.02006781090018189,2.0417379446695296,2.0417379446695296,0.016882074557883375,0.1669664849306728,72.0,21.666666666666668,0.8765272764801398,0.280076912919176,4605.0,8.0,0.0,544,A3,p99=400 (осн.)
36133.0,0.02006781090018189,1.6884958594867534,2.0417379446695296,0.012813771344754104,0.09905072925026984,39.0,17.333333333333332,0.8516789940712851,0.34840646016524984,6015.0,28.0,0.0,544,A6,p99=400 (осн.)
36133.0,0.02006781090018189,1.6358745652400533,2.0417379446695296,0.012813771344754104,0.10406000055351064,42.0,7.666666666666667,0.8724201859882487,0.2862354635384912,4905.0,18.0,0.0,544,B6,p99=400 (осн.)
36133.0,0.02006781090018189,1.6358745652400533,2.0417379446695296,0.012813771344754104,0.10619101652229264,41.0,18.0,0.842410257258147,0.3622370651400387,5775.0,10.0,0.0,544,B8,p99=400 (осн.)
36133.0,0.02006781090018189,1.6358745652400533,2.0417379446695296,0.012813771344754104,0.10295297927102648,40.0,7.666666666666667,0.8613761339533132,0.3149091201859927,5230.0,17.0,0.0,544,B12,p99=400 (осн.)
41231.0,0.02006781090018189,1.4876473740795015,2.0417379446695296,0.003638039339332056,0.15008124954524507,74.0,5.25,0.884733294218075,0.263845664330831,4740.0,11.0,0.0,545,A3,p99=400 (осн.)
41231.0,0.02006781090018189,0.8963961859499497,1.9164610627353873,0.00014552157357328223,0.0950255875433533,51.0,1.25,0.8600745729102562,0.3443396754324029,7155.0,32.0,0.0,545,A6,p99=400 (осн.)
41231.0,0.02006781090018189,0.8151734005153627,1.6358745652400533,0.0,0.08309281851034415,40.0,2.25,0.8875719649374002,0.2631417356217232,5155.0,26.0,0.06111111111111111,545,B6,p99=400 (осн.)
41231.0,0.02006781090018189,0.7182076058301705,1.742809826672464,0.0,0.08285028255438869,41.0,3.25,0.8758420426795036,0.2908797234136935,5485.0,15.0,0.06388888888888888,545,B8,p99=400 (осн.)
41231.0,0.02006781090018189,0.8151734005153627,1.6358745652400533,0.0,0.08304431131915306,40.0,2.25,0.8738434885668959,0.2986227229716604,5630.0,24.0,0.0,545,B12,p99=400 (осн.)
17066.0,0.02006781090018189,1.3528511027866506,1.7988709151287874,0.0,0.14168522207898746,27.0,120.0,0.8650531225080312,0.2922879413354612,3885.0,4.0,0.0,546,A3,p99=400 (осн.)
17066.0,0.02006781090018189,1.0839269140212038,1.742809826672464,0.0,0.10541427399507794,20.0,120.0,0.8518772994084626,0.3272018968978327,4620.0,12.0,0.0,546,A6,p99=400 (осн.)
17066.0,0.02006781090018189,1.0839269140212038,1.742809826672464,0.0,0.10541427399507794,20.0,120.0,0.8588230010029693,0.30870435353483167,4320.0,9.0,0.0,546,B6,p99=400 (осн.)
17066.0,0.02006781090018189,1.0839269140212038,1.742809826672464,0.0,0.10541427399507794,20.0,120.0,0.8488830740803499,0.3362590531560301,4525.0,7.0,0.0,546,B8,p99=400 (осн.)
17066.0,0.02006781090018189,1.0839269140212038,1.742809826672464,0.0,0.10541427399507794,20.0,120.0,0.8510991699165809,0.32716137160641795,4495.0,9.0,0.0,546,B12,p99=400 (осн.)
50593.0,0.02006781090018189,2.0417379446695296,2.0417379446695296,0.025537129642440655,0.175063743996205,87.0,88.4,0.8726069043530144,0.29305395394845074,5265.0,12.0,0.0,547,A3,p99=400 (осн.)
50593.0,0.02006781090018189,1.9164610627353873,2.0417379446695296,0.013183642005811081,0.1377858597039116,73.0,19.0,0.8596444622416753,0.33279677337369445,7375.0,30.0,0.0,547,A6,p99=400 (осн.)
50593.0,0.02006781090018189,1.742809826672464,2.0417379446695296,0.013183642005811081,0.13122368707133397,71.0,40.4,0.8876952717307613,0.2543018214222272,5185.0,18.0,0.24166666666666667,547,B6,p99=400 (осн.)
50593.0,0.02006781090018189,1.1187936686591167,2.0417379446695296,0.005316941078805368,0.09420275532188248,48.0,38.4,0.8565345516269839,0.3377244854181697,6195.0,11.0,0.0,547,B8,p99=400 (осн.)
50593.0,0.02006781090018189,1.742809826672464,2.0417379446695296,0.013183642005811081,0.12250706619492815,67.0,29.2,0.8705517088172964,0.2998068101318321,6000.0,20.0,0.0,547,B12,p99=400 (осн.)
50688.0,0.02006781090018189,1.4412854420872234,2.0417379446695296,0.010594223484848484,0.12186316287878787,74.0,70.4,0.8798470282072375,0.2713040077399445,4905.0,9.0,0.0,548,A3,p99=400 (осн.)
50688.0,0.02006781090018189,0.8684603593990751,2.0417379446695296,0.007773042929292929,0.06295375631313131,41.0,13.0,0.8571677017104545,0.34459149356272717,7515.0,33.0,0.0,548,A6,p99=400 (осн.)
50688.0,0.02006781090018189,1.1547819846894583,2.0417379446695296,0.010219381313131314,0.08791035353535354,51.0,28.4,0.8741697624759559,0.2907590084564853,5740.0,21.0,0.25277777777777777,548,B6,p99=400 (осн.)
50688.0,0.02006781090018189,1.3963683610559376,2.0417379446695296,0.005958017676767677,0.09923453282828283,55.0,23.8,0.8560125369791963,0.33432143911456935,6110.0,20.0,0.10833333333333334,548,B8,p99=400 (осн.)
50688.0,0.02006781090018189,1.1547819846894583,2.0417379446695296,0.010219381313131314,0.07603377525252525,43.0,18.8,0.8635354439838785,0.31992557575208785,6265.0,23.0,0.0,548,B12,p99=400 (осн.)
68049.0,0.02006781090018189,1.5355006336570662,2.0417379446695296,0.017031844700142545,0.15778336198915488,131.0,43.42857142857143,0.9052755671812496,0.22438770949294856,5235.0,10.0,0.0,549,A3,p99=400 (осн.)
68049.0,0.02006781090018189,0.6531305526474723,1.2698429144338064,0.0,0.06701053652515099,67.0,9.142857142857142,0.8647745338414264,0.3433488590028152,9250.0,43.0,0.0,549,A6,p99=400 (осн.)
68049.0,0.02006781090018189,1.5355006336570662,2.0417379446695296,0.010077297241693485,0.17555364516745287,119.0,34.142857142857146,0.9038936690012096,0.23011788310880218,5735.0,21.0,0.4361111111111111,549,B6,p99=400 (осн.)
68049.0,0.02006781090018189,0.2225871044793004,1.3106900423660772,0.0,0.02930241443665594,14.0,29.142857142857142,0.8797242497111069,0.28791813346303274,6335.0,13.0,0.09444444444444444,549,B8,p99=400 (осн.)
68049.0,0.02006781090018189,1.3106900423660772,2.0417379446695296,0.01006627577187027,0.13042072624138487,94.0,18.0,0.8886254066292362,0.2706408016437712,6500.0,24.0,0.044444444444444446,549,B12,p99=400 (осн.)
47349.0,0.02006781090018189,2.0417379446695296,2.0417379446695296,0.016526220194724283,0.2527297303005343,126.0,32.166666666666664,0.8899802261367906,0.25439455094028157,4935.0,14.0,0.0,550,A3,p99=400 (осн.)
47349.0,0.02006781090018189,1.7988709151287874,2.0417379446695296,0.008880863376206466,0.12191387357705548,66.0,14.833333333333334,0.8656376710332011,0.32837772166996615,7580.0,33.0,0.0,550,A6,p99=400 (осн.)
47349.0,0.02006781090018189,1.9164610627353873,2.0417379446695296,0.010876681661703521,0.12980210775306764,67.0,34.166666666666664,0.9004666309897015,0.2295248625257943,5010.0,22.0,0.13055555555555556,550,B6,p99=400 (осн.)
47349.0,0.02006781090018189,1.742809826672464,2.0417379446695296,0.008828063950664216,0.1020296099178441,52.0,33.833333333333336,0.865227027566138,0.31699504419288455,6065.0,12.0,0.1111111111111111,550,B8,p99=400 (осн.)
47349.0,0.02006781090018189,1.8567353246307055,2.0417379446695296,0.01001077108281062,0.11691904792075862,60.0,19.0,0.8862541835668478,0.26679727565613864,5700.0,18.0,0.0,550,B12,p99=400 (осн.)
52148.0,0.02006781090018189,1.0174193661806046,1.9164610627353873,0.004142057221753471,0.1008667638260336,64.0,58.857142857142854,0.9307156442056461,0.17305346713873077,4620.0,5.0,0.0,551,A3,p99=400 (осн.)
52148.0,0.02006781090018189,0.7413102413009177,1.5355006336570662,0.0,0.0635690726394109,45.0,36.714285714285715,0.9036689612978598,0.2514018404686269,7660.0,37.0,0.0,551,A6,p99=400 (осн.)
52148.0,0.02006781090018189,1.1187936686591167,1.6884958594867534,7.670476336580502e-05,0.09753010661962108,58.0,37.285714285714285,0.9198977855873522,0.2026728251936722,5825.0,25.0,0.2111111111111111,551,B6,p99=400 (осн.)
52148.0,0.02006781090018189,0.6531305526474723,1.584893192461114,7.670476336580502e-05,0.06657973460151875,38.0,27.571428571428573,0.9153644176627788,0.21562241960053055,5915.0,13.0,0.0,551,B8,p99=400 (осн.)
52148.0,0.02006781090018189,0.9252306262333164,1.6358745652400533,0.0003835238168290251,0.07745263480862162,46.0,36.57142857142857,0.9149497605311747,0.21617212010525477,6170.0,21.0,0.0,551,B12,p99=400 (осн.)
69472.0,0.02006781090018189,1.584893192461114,2.0417379446695296,0.021836135421464762,0.12432346844771995,101.0,21.25,0.9623320492532248,0.11027805315998049,4920.0,11.0,0.0,552,A3,p99=400 (осн.)
69472.0,0.02006781090018189,0.43276287768448307,1.7988709151287874,0.003922443574389682,0.04386659373560571,34.0,3.25,0.9482666853309814,0.15518280159848644,7625.0,29.0,0.0,552,A6,p99=400 (осн.)
69472.0,0.02006781090018189,1.4412854420872234,2.0417379446695296,0.006606978350990327,0.10171004145555043,72.0,19.75,0.9569463305983889,0.12691227816964948,6000.0,30.0,0.2361111111111111,552,B6,p99=400 (осн.)
69472.0,0.02006781090018189,0.8963961859499497,2.0417379446695296,0.00332508060801474,0.06773952095808383,44.0,25.5,0.9608321170132984,0.11815362763432363,5705.0,10.0,0.16944444444444445,552,B8,p99=400 (осн.)
69472.0,0.02006781090018189,0.8151734005153627,2.0417379446695296,0.004922846614463381,0.06242802855826808,42.0,13.25,0.9561631296379063,0.13118791898260507,6350.0,20.0,0.0,552,B12,p99=400 (осн.)
70621.0,0.02006781090018189,1.1547819846894583,2.0417379446695296,0.005069313660242704,0.12183344897410119,97.0,49.25,0.9720587746612407,0.08751425487778369,4770.0,9.0,0.0,553,A3,p99=400 (осн.)
70621.0,0.02006781090018189,0.5754399373371569,1.9781080029332403,0.0034692230356409568,0.05346851503093981,44.0,18.25,0.9526281276325373,0.14546410737406698,7755.0,32.0,0.0,553,A6,p99=400 (осн.)
70621.0,0.02006781090018189,1.191927939457827,2.0417379446695296,0.004587870463459877,0.09948882060576882,77.0,36.0,0.9704769865714661,0.09518087322069635,5385.0,23.0,0.2388888888888889,553,B6,p99=400 (осн.)
70621.0,0.02006781090018189,0.12994213556374826,0.985711900900616,0.0006938446071281914,0.02531824811316747,19.0,28.75,0.9647310898390163,0.11199016987457949,6185.0,10.0,0.07777777777777778,553,B8,p99=400 (осн.)
70621.0,0.02006781090018189,0.9549925860214359,2.0417379446695296,0.004587870463459877,0.07551578142478867,57.0,26.25,0.9623676046255276,0.11757124106062669,6340.0,27.0,0.0,553,B12,p99=400 (осн.)
98321.0,0.02006781090018189,1.3963683610559376,2.0417379446695296,0.009418130409576795,0.08773303770303394,96.0,57.25,0.9687013779323982,0.09190818764394085,5760.0,13.0,0.0,554,A3,p99=400 (осн.)
98321.0,0.02006781090018189,0.021379620895022326,0.43276287768448307,0.0016883473520407644,0.009682570356281974,11.0,1.25,0.9547600320272281,0.1357308117438623,8810.0,31.0,0.0,554,A6,p99=400 (осн.)
98321.0,0.02006781090018189,1.742809826672464,2.0417379446695296,0.01598844600848242,0.10508436651376614,118.0,84.75,0.9645770918527337,0.10369674836977076,6375.0,26.0,0.48055555555555557,554,B6,p99=400 (осн.)
98321.0,0.02006781090018189,0.23713737056616552,1.8567353246307055,0.002959693249661822,0.03684868949664873,37.0,41.75,0.970684081472036,0.08752825619101307,6235.0,8.0,0.23055555555555557,554,B8,p99=400 (осн.)
98321.0,0.02006781090018189,0.17278259805078636,1.1547819846894583,0.0016883473520407644,0.022884226157179038,23.0,36.5,0.9621722889676957,0.11294402924799266,7040.0,23.0,0.0,554,B12,p99=400 (осн.)
131648.0,0.02006781090018189,0.8963961859499497,2.0417379446695296,0.0019825595527467187,0.07434978123480797,110.0,25.5,0.9879457435277542,0.05052577362482893,6720.0,16.0,0.0,555,A3,p99=400 (осн.)
131648.0,0.02006781090018189,0.024266100950824154,0.11091748152624009,0.0,0.0024231283422459894,16.0,1.5,0.9765355016051286,0.09252758380600057,10575.0,31.0,0.0,555,A6,p99=400 (осн.)
131648.0,0.02006781090018189,0.08609937521846008,0.7651560209006901,0.0,0.017569579484686435,22.0,2.0,0.9866798572385993,0.05762472452705317,7345.0,25.0,0.0,555,B6,p99=400 (осн.)
131648.0,0.02006781090018189,0.022777182418573218,0.47588279098881686,0.0,0.00749726543509966,8.0,24.0,0.987995989800561,0.05314768761639867,7495.0,10.0,0.0,555,B8,p99=400 (осн.)
131648.0,0.02006781090018189,0.02006781090018189,0.17278259805078636,0.0,0.0030460014584346136,6.0,2.0,0.9866787914414015,0.059897852378195685,7905.0,21.0,0.0,555,B12,p99=400 (осн.)
189090.0,0.02006781090018189,0.36940264435828357,2.0417379446695296,0.02235972288328309,0.042567031572267176,44.0,1.0,0.9984233476320532,0.02254662703565679,8460.0,5.0,0.0,556,A3,p99=400 (осн.)
189090.0,0.02006781090018189,0.09467820160680859,2.3919384495683134,0.007398593262467608,0.04264107038976149,28.0,0.0,0.9889003005087986,0.05814731773167101,13320.0,33.0,0.0,556,A6,p99=400 (осн.)
189090.0,0.02006781090018189,0.23713737056616552,2.0417379446695296,0.03481939817018351,0.040509810143318,54.0,1.0,0.9936892004202053,0.04015860323817359,9585.0,27.0,0.05,556,B6,p99=400 (осн.)
189090.0,0.02006781090018189,0.34673685045253166,2.0417379446695296,0.018229414564493097,0.04173145063197419,33.0,1.0,0.9956567631801747,0.034529711954886466,9130.0,20.0,0.06944444444444445,556,B8,p99=400 (осн.)
189090.0,0.02006781090018189,0.6327760017024558,2.0417379446695296,0.02212570733513142,0.05077079697498545,50.0,1.0,0.994246400369512,0.04020073280397681,10200.0,24.0,0.041666666666666664,556,B12,p99=400 (осн.)
163952.0,0.02006781090018189,0.15712670380639343,0.8963961859499497,0.0,0.014534741875670928,24.0,53.0,0.9960738491858417,0.031249179521821477,7545.0,11.0,0.0,557,A3,p99=400 (осн.)
163952.0,0.02006781090018189,0.02006781090018189,0.06273356959840379,0.0,0.00027447057675417195,2.0,2.0,0.9865048091789089,0.06683311527916928,12220.0,40.0,0.0,557,A6,p99=400 (осн.)
163952.0,0.02006781090018189,0.9252306262333164,2.0417379446695296,0.00542231872743242,0.06522030838294135,82.0,25.0,0.9915271189672449,0.04924511537314482,8805.0,37.0,0.10555555555555556,557,B6,p99=400 (осн.)
163952.0,0.02006781090018189,0.03330427623087463,0.3935500754557774,0.0,0.00603225334244169,6.0,25.0,0.9954635827764853,0.03634048253535923,9050.0,17.0,0.0,557,B8,p99=400 (осн.)
163952.0,0.02006781090018189,0.08609937521846008,1.7988709151287874,0.0030130769981457986,0.029356153020396212,33.0,25.0,0.9939351742975625,0.04242446835543785,9445.0,23.0,0.0,557,B12,p99=400 (осн.)
218887.0,0.02006781090018189,0.6958249547006052,1.6358745652400533,0.0,0.06416552833197038,79.0,37.666666666666664,0.994923240967646,0.03328180156153324,10140.0,14.0,0.0,558,A3,p99=400 (осн.)
218887.0,0.02006781090018189,0.02006781090018189,0.05527134079444351,0.0,0.0015989985700384215,15.0,1.3333333333333333,0.9873922799133802,0.06400636910646061,16165.0,38.0,0.0,558,A6,p99=400 (осн.)
218887.0,0.02006781090018189,0.4610520952362225,1.5355006336570662,0.0010233590848245898,0.04708822360396003,55.0,7.666666666666667,0.9925497124038988,0.04425432296804935,10905.0,38.0,0.0,558,B6,p99=400 (осн.)
218887.0,0.02006781090018189,0.09172759353897794,0.6531305526474723,0.0,0.01395240466542097,13.0,8.0,0.995756691212416,0.03423145910993431,10575.0,17.0,0.0,558,B8,p99=400 (осн.)
218887.0,0.02006781090018189,0.02754228703338166,0.5401321147646347,0.0010233590848245898,0.010768113227373028,17.0,2.6666666666666665,0.9937681266701033,0.04391967243049368,12025.0,28.0,0.0,558,B12,p99=400 (осн.)
231995.0,0.02006781090018189,0.09172759353897794,0.9252306262333164,0.0,0.021289251923532836,36.0,,0.9968672374876137,0.026840781410519567,9870.0,11.0,0.0,559,A3,p99=400 (осн.)
231995.0,0.02006781090018189,0.02006781090018189,0.04027170343254591,0.0,0.00015948619582318584,2.0,,0.992243087200583,0.04761993663808632,15110.0,26.0,0.0,559,A6,p99=400 (осн.)
231995.0,0.02006781090018189,0.08609937521846008,1.0174193661806046,9.914006767387229e-05,0.028379921981077177,44.0,,0.9965196041845308,0.02892627904174395,10335.0,17.0,0.0,559,B6,p99=400 (осн.)
231995.0,0.02006781090018189,0.024266100950824154,0.7897688493998856,0.0,0.014362378499536628,19.0,,0.9960218269639235,0.03306757827858716,10635.0,21.0,0.0,559,B8,p99=400 (осн.)
231995.0,0.02006781090018189,0.02006781090018189,0.04570881896148752,9.914006767387229e-05,0.007801892282161253,13.0,,0.9965440862224654,0.02998027251626049,10950.0,15.0,0.0,559,B12,p99=400 (осн.)
252949.0,0.02006781090018189,1.1547819846894583,2.0417379446695296,0.04420456297514519,0.07523453344350046,83.0,58.0,0.9952207408636969,0.03173855720007403,11040.0,11.0,0.0,560,A3,p99=400 (осн.)
252949.0,0.02006781090018189,1.1547819846894583,2.0417379446695296,0.025358866807142944,0.0598915196343927,57.0,5.0,0.9835048554662781,0.07656479871192746,19870.0,44.0,0.0,560,A6,p99=400 (осн.)
252949.0,0.02006781090018189,1.2302687708123812,2.0417379446695296,0.05993302997837509,0.07944289165009548,122.0,58.0,0.9919018932235235,0.04850314557699894,12635.0,43.0,0.10555555555555556,560,B6,p99=400 (осн.)
252949.0,0.02006781090018189,1.6358745652400533,2.0417379446695296,0.04058822134106085,0.07337546303800371,77.0,58.0,0.9957244337486787,0.035659947132534585,12735.0,20.0,0.0,560,B8,p99=400 (осн.)
252949.0,0.02006781090018189,1.3106900423660772,2.0417379446695296,0.04621880299981419,0.06552308963466943,76.0,7.0,0.9923141443173313,0.05022890774283883,15030.0,35.0,0.0,560,B12,p99=400 (осн.)
194055.0,0.02006781090018189,0.985711900900616,2.0417379446695296,0.012437195640411224,0.07117827420061323,83.0,34.4,0.9956562073419054,0.03258211729966096,9315.0,11.0,0.0,561,A3,p99=400 (осн.)
194055.0,0.02006781090018189,0.11448537209469502,1.742809826672464,0.002138568962407565,0.02838370565045992,33.0,11.2,0.9860357589713193,0.07027387569250038,16510.0,42.0,0.0,561,A6,p99=400 (осн.)
194055.0,0.02006781090018189,1.0501467677660838,2.0417379446695296,0.01255829532864394,0.08040503980830177,87.0,30.2,0.9909313979005052,0.048948691559073436,11265.0,37.0,0.0,561,B6,p99=400 (осн.)
194055.0,0.02006781090018189,0.7897688493998856,2.0417379446695296,0.00784313725490196,0.06128674860220041,59.0,25.8,0.9939561609343628,0.04265567766709263,11650.0,18.0,0.0,561,B8,p99=400 (осн.)
194055.0,0.02006781090018189,0.7897688493998856,1.9781080029332403,0.006034371698745201,0.062487439128082245,62.0,7.0,0.9919191800314264,0.050504796692408906,12780.0,28.0,0.0,561,B12,p99=400 (осн.)
239011.0,0.02006781090018189,0.2225871044793004,2.0417379446695296,0.0075184824129433375,0.036630113258385597,36.0,43.5,0.9939507230712366,0.03532517579635576,10515.0,10.0,0.0,562,A3,p99=400 (осн.)
239011.0,0.02006781090018189,0.04027170343254591,2.0417379446695296,0.012919907451958278,0.02076055076962985,33.0,20.5,0.9861939275585417,0.06589814040315636,16825.0,39.0,0.0,562,A6,p99=400 (осн.)
239011.0,0.02006781090018189,0.2959715725594465,2.0417379446695296,0.026107585006547817,0.042554526779102216,69.0,78.0,0.9903518511951218,0.04956724583868747,12145.0,42.0,0.0,562,B6,p99=400 (осн.)
239011.0,0.02006781090018189,0.15712670380639343,1.9164610627353873,0.00438891933844049,0.028421286049596043,21.0,11.0,0.9941445877123035,0.03884559818608936,11680.0,21.0,0.0,562,B8,p99=400 (осн.)
239011.0,0.02006781090018189,0.25263877101318966,2.0417379446695296,0.013087263766102815,0.04044583722088105,52.0,20.5,0.9915459376269746,0.048600195341174095,13465.0,34.0,0.0,562,B12,p99=400 (осн.)
179871.0,0.02006781090018189,0.07585775750291836,0.7897688493998856,0.0,0.015600068938294668,33.0,15.0,0.9960666940178021,0.030322718098839224,8370.0,11.0,0.0,563,A3,p99=400 (осн.)
179871.0,0.02006781090018189,0.021379620895022326,0.06077850313707005,0.0,0.00035025101322614543,4.0,6.0,0.9853340646533288,0.06982602125939749,13130.0,40.0,0.0,563,A6,p99=400 (осн.)
179871.0,0.02006781090018189,0.8963961859499497,2.0417379446695296,0.006121053421618827,0.062472549771780884,97.0,19.5,0.9922488211488891,0.04653892831293209,9230.0,38.0,0.0,563,B6,p99=400 (осн.)
179871.0,0.02006781090018189,0.02006781090018189,0.4911905467933634,0.0,0.009128764503449694,13.0,15.0,0.9962655913998467,0.034042678217765486,9175.0,13.0,0.0,563,B8,p99=400 (осн.)
179871.0,0.02006781090018189,0.029342695039559687,1.3106900423660772,0.0010062767205386081,0.025785146021315274,37.0,6.0,0.9945796184366881,0.0402242208472389,9995.0,25.0,0.0,563,B12,p99=400 (осн.)
127781.0,0.02006781090018189,2.0417379446695296,2.0417379446695296,0.03903553736470993,0.1164727150358817,104.0,40.8,0.989545108807098,0.04878553482485252,7200.0,13.0,0.0,564,A3,p99=400 (осн.)
127781.0,0.02006781090018189,0.2447653853410146,2.0417379446695296,0.004216198026310641,0.03675233407157558,24.0,17.2,0.9777418790718468,0.08844737221119466,11455.0,41.0,0.0,564,A6,p99=400 (осн.)
127781.0,0.02006781090018189,0.8151734005153627,2.0417379446695296,0.010819292383061644,0.07713588092126372,63.0,37.4,0.9866106002282945,0.06050985055575195,7635.0,31.0,0.0,564,B6,p99=400 (осн.)
127781.0,0.02006781090018189,1.4876473740795015,2.0417379446695296,0.016283719801848475,0.11048004006855479,73.0,18.4,0.9907342289010287,0.048239045062557134,7745.0,12.0,0.0,564,B8,p99=400 (осн.)
127781.0,0.02006781090018189,1.0839269140212038,2.0417379446695296,0.015037446881774285,0.0947284807600504,91.0,24.4,0.9886089139044538,0.05465059924081479,7645.0,19.0,0.06666666666666667,564,B12,p99=400 (осн.)
74606.0,0.02006781090018189,2.0417379446695296,2.0417379446695296,0.03313406428437391,0.12508377342304908,104.0,45.375,0.9662820520970726,0.10084485425808554,5370.0,10.0,0.0,565,A3,p99=400 (осн.)
74606.0,0.02006781090018189,0.9549925860214359,2.0417379446695296,0.011272551805484813,0.08109267351151382,57.0,15.125,0.9500353757952965,0.15352272920163917,8280.0,35.0,0.0,565,A6,p99=400 (осн.)
74606.0,0.02006781090018189,1.191927939457827,2.0417379446695296,0.015427713588719406,0.09244564780312575,72.0,39.0,0.9643979276234822,0.10914543238281037,5950.0,32.0,0.0,565,B6,p99=400 (осн.)
74606.0,0.02006781090018189,0.9252306262333164,2.0417379446695296,0.012881001528027236,0.08471168538723427,61.0,25.75,0.9621310545560192,0.1176775438759641,6560.0,13.0,0.14444444444444443,565,B8,p99=400 (осн.)
74606.0,0.02006781090018189,1.0839269140212038,2.0417379446695296,0.015427713588719406,0.08526123904243627,66.0,18.5,0.9598997049574051,0.12448434236242027,6705.0,27.0,0.0,565,B12,p99=400 (осн.)
95003.0,0.02006781090018189,1.8567353246307055,2.0417379446695296,0.040203993558098165,0.09773901876782838,83.0,37.0,0.9838291491390717,0.06285503059644014,6015.0,8.0,0.0,566,A3,p99=400 (осн.)
95003.0,0.02006781090018189,0.8684603593990751,2.0417379446695296,0.01300485247834279,0.06391903413576414,41.0,20.833333333333332,0.9663888825111809,0.11584217775892094,9715.0,39.0,0.0,566,A6,p99=400 (осн.)
95003.0,0.02006781090018189,1.8567353246307055,2.0417379446695296,0.04945106996621159,0.12778543835457828,109.0,35.5,0.9769528389305581,0.08144059828198075,6990.0,29.0,0.1527777777777778,566,B6,p99=400 (осн.)
95003.0,0.02006781090018189,1.7988709151287874,2.0417379446695296,0.02676757576076545,0.10556508741829206,70.0,43.666666666666664,0.979737473168569,0.07577626815239097,6650.0,16.0,0.15555555555555556,566,B8,p99=400 (осн.)
95003.0,0.02006781090018189,1.7988709151287874,2.0417379446695296,0.034388387735124155,0.11502794648590045,87.0,35.0,0.9761715565330992,0.08672901883951109,7785.0,26.0,0.09166666666666666,566,B12,p99=400 (осн.)
114937.0,0.02006781090018189,2.0417379446695296,2.2451739778971898,0.08365234867797142,0.17434986122832508,157.0,50.6,0.9784155505098986,0.07363352606100722,6420.0,15.0,0.0,567,A3,p99=400 (осн.)
114937.0,0.02006781090018189,0.7413102413009177,2.0417379446695296,0.01615667713617025,0.054786535232344676,46.0,18.0,0.9618981233299342,0.12664259990029242,10900.0,34.0,0.0,567,A6,p99=400 (осн.)
114937.0,0.02006781090018189,0.5232991146814947,2.0417379446695296,0.02794574419029555,0.04968808999712886,46.0,68.4,0.9742825666036692,0.08726285737575595,7770.0,27.0,0.2388888888888889,567,B6,p99=400 (осн.)
114937.0,0.02006781090018189,1.8567353246307055,2.0417379446695296,0.01951503867336019,0.16172337889452482,80.0,44.2,0.9710715701073969,0.09481428318605697,7310.0,17.0,0.175,567,B8,p99=400 (осн.)
114937.0,0.02006781090018189,0.5232991146814947,2.0417379446695296,0.0153127365426277,0.05081044398235555,39.0,43.4,0.9737844186617645,0.08970903130058762,8110.0,18.0,0.1111111111111111,567,B12,p99=400 (осн.)
99807.0,0.02006781090018189,1.742809826672464,2.0417379446695296,0.06349755027202501,0.10476720069734588,96.0,53.0,0.9719462082790808,0.08566918751440236,5760.0,11.0,0.0,568,A3,p99=400 (осн.)
99807.0,0.02006781090018189,1.5355006336570662,2.7148760106825023,0.05271423848026691,0.0624279860130051,49.0,8.5,0.9563587593811501,0.13373815339048578,9170.0,26.0,0.0,568,A6,p99=400 (осн.)
99807.0,0.02006781090018189,1.6884958594867534,2.1752040340195222,0.04929513961946557,0.10184656386826575,85.0,57.5,0.9618446097852782,0.1156529076308583,7110.0,34.0,0.18333333333333332,568,B6,p99=400 (осн.)
99807.0,0.02006781090018189,1.5355006336570662,2.1074146752966985,0.033943010009317987,0.07129008987345577,44.0,48.0,0.9628579793847736,0.11235856072766806,7070.0,14.0,0.16944444444444445,568,B8,p99=400 (осн.)
99807.0,0.02006781090018189,1.1187936686591167,2.1752040340195222,0.045267366016411674,0.06330217319426493,48.0,4.75,0.9612885618602266,0.1177225822090859,7760.0,17.0,0.06388888888888888,568,B12,p99=400 (осн.)
61524.0,0.02006781090018189,1.5355006336570662,2.0417379446695296,0.017082764449645668,0.1013588193225408,72.0,49.0,0.9430340071468529,0.14849693612475423,4740.0,10.0,0.0,569,A3,p99=400 (осн.)
61524.0,0.02006781090018189,0.5401321147646347,1.3528511027866506,0.0,0.05297119823158442,36.0,13.5,0.9172818119852446,0.22074031146608455,7445.0,40.0,0.0,569,A6,p99=400 (осн.)
61524.0,0.02006781090018189,1.6358745652400533,2.0417379446695296,0.017082764449645668,0.09623886613354138,64.0,49.0,0.9449850448673577,0.14419765781933144,5105.0,23.0,0.0,569,B6,p99=400 (осн.)
61524.0,0.02006781090018189,1.5355006336570662,2.0417379446695296,0.017082764449645668,0.08890839347246603,60.0,49.0,0.9340696930238483,0.17307440579696584,5880.0,11.0,0.0,569,B8,p99=400 (осн.)
61524.0,0.02006781090018189,1.3528511027866506,2.0417379446695296,0.0017716663415902737,0.102496586697874,58.0,13.5,0.9392065167391597,0.1596269760037301,5625.0,20.0,0.0,569,B12,p99=400 (осн.)
62302.0,0.02006781090018189,2.0417379446695296,2.0417379446695296,0.1023362010850374,0.21335189881544733,130.0,68.875,0.9243032032217459,0.18867213935580507,5325.0,10.0,0.0,570,A3,p99=400 (осн.)
62302.0,0.02006781090018189,1.6884958594867534,2.0417379446695296,0.03439295688741934,0.1652154023947867,89.0,53.25,0.8733207164496997,0.3238011871786692,9565.0,40.0,0.0,570,A6,p99=400 (осн.)
62302.0,0.02006781090018189,2.0417379446695296,2.0417379446695296,0.05879426021636545,0.21838785271740876,108.0,68.75,0.8982865634565781,0.25627285008822015,6945.0,26.0,0.21944444444444444,570,B6,p99=400 (осн.)
62302.0,0.02006781090018189,1.742809826672464,2.0417379446695296,0.039196173477576965,0.13543706462071844,65.0,48.375,0.8803366900211425,0.30221886148391053,7210.0,20.0,0.2777777777777778,570,B8,p99=400 (осн.)
62302.0,0.02006781090018189,1.8567353246307055,2.0417379446695296,0.04595358094443196,0.12267663959423454,64.0,24.875,0.8806343216506534,0.3043180172691974,8150.0,21.0,0.16666666666666666,570,B12,p99=400 (осн.)
44926.0,0.02006781090018189,1.9781080029332403,2.0417379446695296,0.1675199216489338,0.11276321061300806,57.0,36.333333333333336,0.9336471863885017,0.1682107929035275,4455.0,7.0,0.0,571,A3,p99=400 (осн.)
44926.0,0.02006781090018189,1.9781080029332403,2.0417379446695296,0.16560566264523885,0.08258024306637582,39.0,36.666666666666664,0.9204934964121749,0.20822510076143602,6175.0,27.0,0.0,571,A6,p99=400 (осн.)
44926.0,0.02006781090018189,2.0417379446695296,2.0417379446695296,0.17484307527934825,0.10710946890442061,50.0,34.666666666666664,0.9164077035615615,0.21547366570724075,8660.0,16.0,0.25833333333333336,571,B6,p99=400 (осн.)
44926.0,0.02006781090018189,1.742809826672464,2.0417379446695296,0.15808217958420515,0.08970306726617104,41.0,33.0,0.9152148251623748,0.21852123112320113,6330.0,9.0,0.16944444444444445,571,B8,p99=400 (осн.)
44926.0,0.02006781090018189,1.7988709151287874,2.0417379446695296,0.16631794506521835,0.09259671459733784,43.0,34.666666666666664,0.9083681576910276,0.237056222150042,9280.0,14.0,0.2111111111111111,571,B12,p99=400 (осн.)
14262.0,0.02006781090018189,0.8413951416451951,1.742809826672464,0.0,0.05847707193941944,6.0,,0.9066016817328799,0.2205025773608423,4065.0,4.0,0.0,572,A3,p99=400 (осн.)
14262.0,0.02006781090018189,0.21565026690607325,0.5939501549952435,0.0,0.02250736222128734,3.0,,0.9070103533202598,0.2193960524798636,4210.0,6.0,0.0,572,A6,p99=400 (осн.)
14262.0,0.02006781090018189,0.8413951416451951,1.742809826672464,0.0,0.05847707193941944,6.0,,0.9137427457266322,0.20284313248476338,3695.0,1.0,0.0,572,B6,p99=400 (осн.)
14262.0,0.02006781090018189,0.8413951416451951,1.742809826672464,0.0,0.05847707193941944,6.0,,0.9063562083508769,0.22054538629606857,4130.0,3.0,0.04722222222222222,572,B8,p99=400 (осн.)
14262.0,0.02006781090018189,0.8413951416451951,1.742809826672464,0.0,0.05847707193941944,6.0,,0.9092464100372841,0.21299188514114417,3975.0,3.0,0.0,572,B12,p99=400 (осн.)
10944.0,0.02006781090018189,0.04027170343254591,0.985711900900616,0.0,0.019462719298245616,2.0,2.0,0.8999598816376081,0.22593749400676608,3600.0,0.0,0.0,573,A3,p99=400 (осн.)
10944.0,0.02006781090018189,0.04570881896148752,0.985711900900616,0.0,0.019462719298245616,2.0,2.0,0.8988895175847449,0.22878935961021296,3665.0,2.0,0.0,573,A6,p99=400 (осн.)
10944.0,0.02006781090018189,0.04027170343254591,0.985711900900616,0.0,0.019462719298245616,2.0,2.0,0.8999598816376081,0.22593749400676608,3600.0,0.0,0.0,573,B6,p99=400 (осн.)
10944.0,0.02006781090018189,0.04027170343254591,0.985711900900616,0.0,0.019462719298245616,2.0,2.0,0.8933102805087969,0.24399449241057644,3900.0,2.0,0.0,573,B8,p99=400 (осн.)
10944.0,0.02006781090018189,0.04027170343254591,0.985711900900616,0.0,0.019462719298245616,2.0,2.0,0.8999598816376081,0.22593749400676608,3600.0,0.0,0.0,573,B12,p99=400 (осн.)
19768.0,0.02006781090018189,2.0417379446695296,2.0417379446695296,0.05023269931201942,0.21524686361796844,49.0,20.333333333333332,0.8994335916401355,0.22772174510832274,3735.0,2.0,0.0,574,A3,p99=400 (осн.)
19768.0,0.02006781090018189,1.9164610627353873,2.0417379446695296,0.02525546337515176,0.1638380210441117,30.0,19.0,0.8766521161519498,0.285446900126687,4735.0,11.0,0.0,574,A6,p99=400 (осн.)
19768.0,0.02006781090018189,1.9164610627353873,2.0417379446695296,0.04198704977741805,0.17346216106839335,35.0,19.333333333333332,0.881605557557469,0.27218017111805487,4705.0,10.0,0.06666666666666667,574,B6,p99=400 (осн.)
19768.0,0.02006781090018189,1.8567353246307055,2.0417379446695296,0.03159146094698503,0.1804684338324565,34.0,19.333333333333332,0.8719978108557586,0.2958542460449857,4955.0,10.0,0.030555555555555555,574,B8,p99=400 (осн.)
19768.0,0.02006781090018189,1.9164610627353873,2.0417379446695296,0.04198704977741805,0.17346216106839335,35.0,19.333333333333332,0.8854135987541807,0.2620348593687308,4615.0,10.0,0.041666666666666664,574,B12,p99=400 (осн.)
25518.0,0.02006781090018189,2.0417379446695296,2.0417379446695296,0.1761501685085038,0.2503330982051885,69.0,21.6,0.881538726063739,0.26898734330018864,4185.0,7.0,0.0,575,A3,p99=400 (осн.)
25518.0,0.02006781090018189,2.0417379446695296,2.0417379446695296,0.1761501685085038,0.24516027901873189,69.0,19.8,0.8765695422208873,0.28736976608538956,5025.0,13.0,0.0,575,A6,p99=400 (осн.)
25518.0,0.02006781090018189,2.0417379446695296,2.0417379446695296,0.17415157927737285,0.2320322909318912,63.0,18.0,0.8673717259651285,0.31556861603693415,6225.0,10.0,0.13055555555555556,575,B6,p99=400 (осн.)
25518.0,0.02006781090018189,2.0417379446695296,2.0417379446695296,0.1761501685085038,0.2296026334352222,62.0,17.0,0.8691536764042912,0.30028474469185323,5140.0,21.0,0.04722222222222222,575,B8,p99=400 (осн.)
25518.0,0.02006781090018189,2.0417379446695296,2.0417379446695296,0.17415157927737285,0.2320322909318912,63.0,18.0,0.8822137227926267,0.2727113006352966,5325.0,9.0,0.17777777777777778,575,B12,p99=400 (осн.)
11918.0,0.02006781090018189,1.7988709151287874,2.0417379446695296,0.023577781506964254,0.1266152038932707,14.0,1.0,0.8722621532928078,0.2795250939974841,3735.0,2.0,0.0,576,A3,p99=400 (осн.)
11918.0,0.02006781090018189,1.7988709151287874,2.0417379446695296,0.023577781506964254,0.1266152038932707,14.0,1.0,0.8668268543407843,0.2925235386456174,4000.0,8.0,0.0,576,A6,p99=400 (осн.)
11918.0,0.02006781090018189,1.7988709151287874,2.0417379446695296,0.023577781506964254,0.1266152038932707,14.0,1.0,0.8717056624003087,0.28107556711729836,3925.0,4.0,0.0,576,B6,p99=400 (осн.)
11918.0,0.02006781090018189,1.7988709151287874,2.0417379446695296,0.023577781506964254,0.1266152038932707,14.0,1.0,0.865551958242418,0.29837233746709146,4130.0,3.0,0.030555555555555555,576,B8,p99=400 (осн.)
11918.0,0.02006781090018189,1.7988709151287874,2.0417379446695296,0.023577781506964254,0.1266152038932707,14.0,1.0,0.8666342655171121,0.29367243590680386,4050.0,4.0,0.0,576,B12,p99=400 (осн.)
11577.0,0.02006781090018189,1.1187936686591167,1.6358745652400533,0.0,0.09501597996026605,13.0,2.0,0.8718432291731008,0.28033999256053505,3735.0,2.0,0.0,577,A3,p99=400 (осн.)
11577.0,0.02006781090018189,1.1187936686591167,1.6358745652400533,0.0,0.09501597996026605,13.0,2.0,0.8666949044168004,0.2929582250189094,4055.0,10.0,0.0,577,A6,p99=400 (осн.)
11577.0,0.02006781090018189,1.1187936686591167,1.6358745652400533,0.0,0.09501597996026605,13.0,2.0,0.8703198485794744,0.28324138883873173,3795.0,6.0,0.0,577,B6,p99=400 (осн.)
11577.0,0.02006781090018189,1.1187936686591167,1.6358745652400533,0.0,0.09501597996026605,13.0,2.0,0.8644437972825276,0.29973512455226436,4100.0,4.0,0.0,577,B8,p99=400 (осн.)
11577.0,0.02006781090018189,1.1187936686591167,1.6358745652400533,0.0,0.09501597996026605,13.0,2.0,0.8681540920802662,0.28831607136714754,3870.0,6.0,0.0,577,B12,p99=400 (осн.)
20841.0,0.02006781090018189,2.0417379446695296,4.097321098135414,0.29310013914879324,0.24665323161076724,40.0,8.0,0.8635361023338737,0.3031142122830717,4110.0,3.0,0.0,578,A3,p99=400 (осн.)
20841.0,0.02006781090018189,2.468880104906209,3.726061338637685,0.2217743870255746,0.3128448730867041,40.0,8.0,0.8625256188386852,0.31171468349282105,4705.0,4.0,0.0,578,A6,p99=400 (осн.)
20841.0,0.06077850313707005,2.0417379446695296,2.3173946499684797,0.07777937718919438,0.3783887529389185,36.0,7.0,0.8631064759356397,0.31303590539435255,4890.0,5.0,0.03888888888888889,578,B6,p99=400 (осн.)
20841.0,0.029342695039559687,2.0417379446695296,2.0417379446695296,0.12777697807206947,0.3819394462837676,38.0,7.0,0.8657486151456045,0.30010018178818326,4335.0,4.0,0.041666666666666664,578,B8,p99=400 (осн.)
20841.0,0.06077850313707005,2.0417379446695296,2.3173946499684797,0.07777937718919438,0.3783887529389185,36.0,7.0,0.8627939759356398,0.31493357434350955,4935.0,4.0,0.05,578,B12,p99=400 (осн.)
12694.0,0.02006781090018189,0.047179137813158536,0.18407720014689555,0.0,0.0,0.0,,0.8878455580278758,0.24666969997673618,3600.0,0.0,0.0,579,A3,p99=400 (осн.)
12694.0,0.02006781090018189,0.050263184440820056,0.18407720014689555,0.0,0.0,0.0,,0.8841683248551752,0.25681863042029446,3805.0,6.0,0.0,579,A6,p99=400 (осн.)
12694.0,0.02006781090018189,0.047179137813158536,0.18407720014689555,0.0,0.0,0.0,,0.8878455580278758,0.24666969997673618,3600.0,0.0,0.0,579,B6,p99=400 (осн.)
12694.0,0.02006781090018189,0.047179137813158536,0.18407720014689555,0.0,0.0,0.0,,0.8699893605311554,0.2922064335654041,4200.0,6.0,0.0,579,B8,p99=400 (осн.)
12694.0,0.02006781090018189,0.047179137813158536,0.18407720014689555,0.0,0.0,0.0,,0.8878455580278758,0.24666969997673618,3600.0,0.0,0.0,579,B12,p99=400 (осн.)
10350.0,0.02006781090018189,0.985711900900616,2.0417379446695296,0.009468599033816425,0.07004830917874397,8.0,,0.8677558594564662,0.28912131639775995,3750.0,2.0,0.0,580,A3,p99=400 (осн.)
10350.0,0.02006781090018189,0.3054921113215514,0.7413102413009177,0.0,0.0327536231884058,4.0,,0.8677396591844931,0.2906461285504557,3915.0,3.0,0.0,580,A6,p99=400 (осн.)
10350.0,0.02006781090018189,0.985711900900616,2.0417379446695296,0.009468599033816425,0.07004830917874397,8.0,,0.8699028132011772,0.2844734611748686,3810.0,3.0,0.0,580,B6,p99=400 (осн.)
10350.0,0.02006781090018189,0.985711900900616,2.0417379446695296,0.009468599033816425,0.07004830917874397,8.0,,0.8606057111073027,0.3090067762290034,4080.0,2.0,0.0,580,B8,p99=400 (осн.)
10350.0,0.02006781090018189,0.985711900900616,2.0417379446695296,0.009468599033816425,0.07004830917874397,8.0,,0.8657917020900661,0.29420829664293763,3885.0,3.0,0.0,580,B12,p99=400 (осн.)
13783.0,0.02006781090018189,0.02006781090018189,0.04869675251658631,0.0,0.0,0.0,,0.9118117700345998,0.20665992245424836,3600.0,0.0,0.0,581,A3,p99=400 (осн.)
13783.0,0.02006781090018189,0.02006781090018189,0.04869675251658631,0.0,0.0,0.0,,0.9068952551453329,0.2196301042389071,3860.0,6.0,0.0,581,A6,p99=400 (осн.)
13783.0,0.02006781090018189,0.02006781090018189,0.04869675251658631,0.0,0.0,0.0,,0.9104072012763518,0.21013002327243405,3665.0,2.0,0.0,581,B6,p99=400 (осн.)
13783.0,0.02006781090018189,0.02006781090018189,0.04869675251658631,0.0,0.0,0.0,,0.9039664521769437,0.2259587420898003,4020.0,2.0,0.0,581,B8,p99=400 (осн.)
13783.0,0.02006781090018189,0.02006781090018189,0.04869675251658631,0.0,0.0,0.0,,0.910151758881617,0.21067858658583805,3690.0,2.0,0.0,581,B12,p99=400 (осн.)
23473.0,0.02006781090018189,2.0417379446695296,2.0417379446695296,0.07434073190474162,0.10974310910407703,28.0,43.5,0.9128632579476395,0.19884782318281014,3600.0,0.0,0.0,582,A3,p99=400 (осн.)
23473.0,0.02006781090018189,1.4412854420872234,2.0417379446695296,0.03787330123972223,0.0894644911174541,20.0,6.5,0.8842922165468706,0.27357463057276055,5155.0,17.0,0.0,582,A6,p99=400 (осн.)
23473.0,0.02006781090018189,2.0417379446695296,2.0417379446695296,0.07434073190474162,0.10931708771780344,27.0,43.5,0.9020603824928395,0.2256815718793672,4265.0,12.0,0.13333333333333333,582,B6,p99=400 (осн.)
23473.0,0.02006781090018189,1.584893192461114,2.0417379446695296,0.02398500404720317,0.12729519021854896,23.0,43.0,0.878673173642441,0.2852502070155089,5005.0,12.0,0.0,582,B8,p99=400 (осн.)
23473.0,0.02006781090018189,1.6884958594867534,2.0417379446695296,0.031909001831891964,0.0934264900097985,21.0,20.5,0.88687073069359,0.26340618061822113,4790.0,11.0,0.12777777777777777,582,B12,p99=400 (осн.)
10597.0,0.02006781090018189,0.13412199354053708,0.9549925860214359,0.0,0.032273284891950554,4.0,,0.8773134432126226,0.2689053483199824,3600.0,0.0,0.0,583,A3,p99=400 (осн.)
10597.0,0.02006781090018189,0.13412199354053708,0.9549925860214359,0.0,0.032273284891950554,4.0,,0.873965216821887,0.2772070838976263,3800.0,5.0,0.0,583,A6,p99=400 (осн.)
10597.0,0.02006781090018189,0.13412199354053708,0.9549925860214359,0.0,0.032273284891950554,4.0,,0.8753881517083678,0.273617855109778,3730.0,2.0,0.0,583,B6,p99=400 (осн.)
10597.0,0.02006781090018189,0.13412199354053708,0.9549925860214359,0.0,0.032273284891950554,4.0,,0.8698208638486733,0.2868662876366176,3915.0,2.0,0.0,583,B8,p99=400 (осн.)
10597.0,0.02006781090018189,0.13412199354053708,0.9549925860214359,0.0,0.032273284891950554,4.0,,0.8729044767684024,0.27976286049101745,3780.0,2.0,0.0,583,B12,p99=400 (осн.)
9728.0,0.02006781090018189,0.43276287768448307,0.8963961859499497,0.0,0.04286595394736842,5.0,,0.8696178452215809,0.2837298910246287,3600.0,0.0,0.0,584,A3,p99=400 (осн.)
9728.0,0.02006781090018189,0.02006781090018189,0.3812852456636189,0.0,0.0,0.0,,0.8609224429721348,0.30539210268560724,3970.0,4.0,0.0,584,A6,p99=400 (осн.)
9728.0,0.02006781090018189,0.43276287768448307,0.8963961859499497,0.0,0.04286595394736842,5.0,,0.8637044984174,0.2975991244951429,3805.0,5.0,0.0,584,B6,p99=400 (осн.)
9728.0,0.02006781090018189,0.43276287768448307,0.8963961859499497,0.0,0.04286595394736842,5.0,,0.8625155506844208,0.3010048843120949,3860.0,3.0,0.0,584,B8,p99=400 (осн.)
9728.0,0.02006781090018189,0.43276287768448307,0.8963961859499497,0.0,0.04286595394736842,5.0,,0.8592349634163634,0.30803949938395,3880.0,5.0,0.0,584,B12,p99=400 (осн.)
126130.0,0.02006781090018189,2.0417379446695296,2.892344370499147,0.08484103702529136,0.2245143899151669,150.0,34.25,0.9204788036919366,0.1953624037833488,8670.0,13.0,0.0,585,A3,p99=400 (осн.)
126130.0,0.02006781090018189,0.04570881896148752,0.6958249547006052,0.0,0.016712915246174583,43.0,18.5,0.9008937346708106,0.2554336341768038,12985.0,39.0,0.0,585,A6,p99=400 (осн.)
126130.0,0.02006781090018189,2.0417379446695296,2.0417379446695296,0.03493023071434234,0.14516966621739474,122.0,28.0,0.9261496514873372,0.18116177854059604,8545.0,27.0,0.05,585,B6,p99=400 (осн.)
126130.0,0.02006781090018189,2.0417379446695296,2.0417379446695296,0.04179418060730992,0.21921430270355982,170.0,29.0,0.9051781527702347,0.23421456310028446,8260.0,24.0,0.09444444444444444,585,B8,p99=400 (осн.)
126130.0,0.02006781090018189,2.0417379446695296,2.0417379446695296,0.040036073892016175,0.15944065646555142,148.0,28.0,0.9204428327464989,0.19836913073913642,8770.0,22.0,0.09444444444444444,585,B12,p99=400 (осн.)
102083.0,0.02006781090018189,0.8413951416451951,2.0417379446695296,0.006729817893282917,0.07033492354260748,31.0,63.25,0.9333368446298907,0.16867223596294845,7965.0,9.0,0.0,586,A3,p99=400 (осн.)
102083.0,0.02006781090018189,0.03548133892335755,1.1187936686591167,0.0,0.02363762820450026,9.0,20.0,0.9283806707282143,0.18621160982678048,11105.0,19.0,0.0,586,A6,p99=400 (осн.)
102083.0,0.02006781090018189,0.03548133892335755,2.0417379446695296,0.012587796205048832,0.02193313284288275,16.0,39.0,0.9335254345709022,0.16993959129758557,8940.0,16.0,0.0,586,B6,p99=400 (осн.)
102083.0,0.02006781090018189,1.0501467677660838,2.0417379446695296,0.012813103063193675,0.08192353281153571,36.0,71.25,0.9320787487289162,0.16903691562469608,7975.0,16.0,0.4222222222222222,586,B8,p99=400 (осн.)
102083.0,0.02006781090018189,2.0417379446695296,3.1805336883295205,0.05606467286423793,0.13501513474329713,96.0,68.0,0.9304365284955712,0.1745422935417074,8485.0,18.0,0.17777777777777778,586,B12,p99=400 (осн.)
82967.0,0.02006781090018189,2.0417379446695296,3.388441561392024,0.09499560066050357,0.3108042956838261,175.0,71.75,0.8845398408447218,0.2838256733911621,7425.0,12.0,0.0,587,A3,p99=400 (осн.)
82967.0,0.02006781090018189,0.41927599668460547,1.1547819846894583,0.0,0.04286041438162161,37.0,14.0,0.8611821010426877,0.35675638158816586,11535.0,27.0,0.0,587,A6,p99=400 (осн.)
82967.0,0.02006781090018189,1.6884958594867534,2.0417379446695296,0.01471669458941507,0.16220907107645208,90.0,65.875,0.8878919393706585,0.2714612068027704,7050.0,14.0,0.5333333333333333,587,B6,p99=400 (осн.)
82967.0,0.02006781090018189,2.0417379446695296,2.0417379446695296,0.05463316740390758,0.3119583689900804,157.0,71.375,0.884119485588389,0.28102374666480057,7015.0,16.0,0.5333333333333333,587,B8,p99=400 (осн.)
82967.0,0.02006781090018189,1.9781080029332403,2.0417379446695296,0.025986235491219402,0.1834343775235937,104.0,66.25,0.8912857257876834,0.2631586159932761,6925.0,13.0,0.525,587,B12,p99=400 (осн.)
121686.0,0.02006781090018189,2.0417379446695296,2.0417379446695296,0.03180316552438243,0.2046578899791266,158.0,68.83333333333333,0.9303113572474627,0.18263534579781973,8655.0,15.0,0.0,588,A3,p99=400 (осн.)
121686.0,0.02006781090018189,1.3528511027866506,2.0417379446695296,0.01883741761583091,0.0652725046430978,53.0,6.833333333333333,0.9167275859338322,0.2346552711764036,12720.0,38.0,0.0,588,A6,p99=400 (осн.)
121686.0,0.02006781090018189,1.9164610627353873,2.0417379446695296,0.033220748483802576,0.10442861134395083,88.0,59.166666666666664,0.9372876877084199,0.16269300833749714,7980.0,23.0,0.36944444444444446,588,B6,p99=400 (осн.)
121686.0,0.02006781090018189,1.6884958594867534,2.0417379446695296,0.01369919300494716,0.10157290074453923,77.0,69.5,0.9310095531525102,0.18171981382591718,8305.0,14.0,0.4527777777777778,588,B8,p99=400 (осн.)
121686.0,0.02006781090018189,2.0417379446695296,2.0417379446695296,0.03238663445260753,0.11293821803658596,111.0,66.16666666666667,0.9282388175934135,0.19147130695430367,9165.0,22.0,0.2611111111111111,588,B12,p99=400 (осн.)
27056.0,0.02006781090018189,0.13412199354053708,0.7182076058301705,0.0,0.016410408042578355,6.0,1.0,0.9182633446006776,0.19647235679129998,4095.0,5.0,0.0,589,A3,p99=400 (осн.)
27056.0,0.02006781090018189,0.08341612282410431,0.7182076058301705,0.0,0.016410408042578355,6.0,1.0,0.9116900680753315,0.21571141572994335,4590.0,15.0,0.0,589,A6,p99=400 (осн.)
27056.0,0.02006781090018189,0.13412199354053708,0.7182076058301705,0.0,0.016410408042578355,6.0,1.0,0.9261960501319799,0.17804666123347623,3940.0,7.0,0.0,589,B6,p99=400 (осн.)
27056.0,0.02006781090018189,0.13412199354053708,0.7182076058301705,0.0,0.016410408042578355,6.0,1.0,0.904720932197067,0.23200942228490024,4615.0,8.0,0.0,589,B8,p99=400 (осн.)
27056.0,0.02006781090018189,0.13412199354053708,0.7182076058301705,0.0,0.016410408042578355,6.0,1.0,0.9208052262966209,0.1913001565606477,4155.0,9.0,0.0,589,B12,p99=400 (осн.)
66245.0,0.02006781090018189,2.0417379446695296,2.0417379446695296,0.07154124839610537,0.1487168842931542,88.0,28.666666666666668,0.9752626646144272,0.08058820871283937,4860.0,5.0,0.0,590,A3,p99=400 (осн.)
66245.0,0.02006781090018189,1.191927939457827,2.0417379446695296,0.03745188316099328,0.0669484489395426,26.0,15.0,0.9654335807966158,0.10748183893493884,6775.0,21.0,0.0,590,A6,p99=400 (осн.)
66245.0,0.02006781090018189,1.5355006336570662,2.0417379446695296,0.047686617857951544,0.11138953883311949,55.0,12.333333333333334,0.9754440733312431,0.07984331846485247,5590.0,12.0,0.058333333333333334,590,B6,p99=400 (осн.)
66245.0,0.02006781090018189,1.3963683610559376,2.0417379446695296,0.03761793342893803,0.07934183711978263,35.0,11.666666666666666,0.9721954007787529,0.0874913516338481,5505.0,11.0,0.06666666666666667,590,B8,p99=400 (осн.)
66245.0,0.02006781090018189,1.5355006336570662,2.0417379446695296,0.047686617857951544,0.09876971846931844,46.0,12.333333333333334,0.9739966080344767,0.08498887973465998,5805.0,12.0,0.06666666666666667,590,B12,p99=400 (осн.)
35932.0,0.02006781090018189,0.6958249547006052,1.8567353246307055,0.005092953356339753,0.06492819770677948,27.0,5.0,0.9459494684914985,0.13964700443911077,3975.0,4.0,0.0,591,A3,p99=400 (осн.)
35932.0,0.02006781090018189,0.3054921113215514,1.8567353246307055,0.005092953356339753,0.04124457308248915,17.0,5.0,0.9296922463987588,0.18494902201291646,5495.0,23.0,0.0,591,A6,p99=400 (осн.)
35932.0,0.02006781090018189,0.33593093598651524,1.8567353246307055,0.005092953356339753,0.04102193031281309,16.0,5.0,0.939274612252236,0.1590539695881467,4535.0,17.0,0.0,591,B6,p99=400 (осн.)
35932.0,0.02006781090018189,0.2959715725594465,1.8567353246307055,0.005092953356339753,0.04102193031281309,16.0,5.0,0.9332573068021529,0.17433299058864077,4905.0,9.0,0.05,591,B8,p99=400 (осн.)
35932.0,0.02006781090018189,0.2959715725594465,1.8567353246307055,0.005092953356339753,0.04102193031281309,16.0,5.0,0.9344041671346689,0.17149951201634994,4790.0,15.0,0.0,591,B12,p99=400 (осн.)
77080.0,0.02006781090018189,2.0417379446695296,2.0417379446695296,0.2737383238194084,0.08853463933575506,70.0,8.0,0.9547192809221102,0.11716052922672099,4320.0,7.0,0.0,592,A3,p99=400 (осн.)
77080.0,0.02006781090018189,2.0417379446695296,2.3173946499684797,0.2345550077841204,0.09525817332641412,59.0,5.0,0.9265355604365585,0.19712963028457506,7010.0,29.0,0.0,592,A6,p99=400 (осн.)
77080.0,0.02006781090018189,2.0417379446695296,2.0417379446695296,0.24396730669434355,0.05917228853139595,45.0,0.0,0.9375957715626423,0.1715268646203552,7000.0,20.0,0.05,592,B6,p99=400 (осн.)
77080.0,0.02006781090018189,2.0417379446695296,3.081413635333949,0.1921964193046186,0.10808899844317592,43.0,0.0,0.9397396831152673,0.16097864410813284,6120.0,13.0,0.08055555555555556,592,B8,p99=400 (осн.)
77080.0,0.02006781090018189,2.0417379446695296,2.0417379446695296,0.24396730669434355,0.049519979242345614,37.0,0.0,0.9354901702035815,0.18049277500895133,7365.0,16.0,0.06388888888888888,592,B12,p99=400 (осн.)
57231.0,0.02006781090018189,0.15712670380639343,0.6327760017024558,0.0,0.013122258915622652,12.0,,0.9440831467320566,0.13197085125224872,3975.0,5.0,0.0,593,A3,p99=400 (осн.)
57231.0,0.02006781090018189,0.026683942737144424,0.09172759353897794,0.0,0.0005940836260068844,5.0,,0.9098285203322664,0.22522235006568087,6590.0,27.0,0.0,593,A6,p99=400 (осн.)
57231.0,0.02006781090018189,0.047179137813158536,0.41927599668460547,0.0,0.00747846446855725,6.0,,0.9330149494096402,0.1629055600976362,4695.0,17.0,0.0,593,B6,p99=400 (осн.)
57231.0,0.02006781090018189,0.024266100950824154,0.5939501549952435,0.0,0.011427373276720658,8.0,,0.9200033810821318,0.19572714831470236,5405.0,12.0,0.0,593,B8,p99=400 (осн.)
57231.0,0.02006781090018189,0.03548133892335755,0.41927599668460547,0.0,0.00747846446855725,6.0,,0.9260305010504261,0.17975639524534695,5015.0,14.0,0.0,593,B12,p99=400 (осн.)
100353.0,0.02006781090018189,0.06273356959840379,1.0174193661806046,0.0021723316692076966,0.017856964913854096,27.0,44.0,0.994316351026605,0.03142513640803192,4905.0,7.0,0.0,594,A3,p99=400 (осн.)
100353.0,0.02006781090018189,0.021379620895022326,0.06683439175686146,0.0,0.000647713571094038,4.0,5.0,0.9842310019840202,0.0685207534122987,7675.0,31.0,0.0,594,A6,p99=400 (осн.)
100353.0,0.02006781090018189,0.09467820160680859,0.9549925860214359,0.0021723316692076966,0.016900341793469054,21.0,5.0,0.9886426785521644,0.05013824767780267,5575.0,31.0,0.0,594,B6,p99=400 (осн.)
100353.0,0.02006781090018189,0.02006781090018189,0.47588279098881686,0.0,0.009616055324703795,9.0,5.0,0.9918928583979505,0.04231078024847524,6050.0,10.0,0.0,594,B8,p99=400 (осн.)
100353.0,0.02006781090018189,0.03126079367123956,0.47588279098881686,0.0,0.009616055324703795,9.0,5.0,0.9899006095178263,0.0489178147682192,6190.0,22.0,0.0,594,B12,p99=400 (осн.)
70773.0,0.02006781090018189,0.1428893958511103,0.6958249547006052,0.0,0.015924151865824538,13.0,,0.9550942102901568,0.10678945377951087,4080.0,6.0,0.0,595,A3,p99=400 (осн.)
70773.0,0.02006781090018189,0.0220673406908459,0.14748572927641243,0.0,0.000480409195597191,3.0,,0.9320251817304396,0.17708301059072848,6760.0,28.0,0.0,595,A6,p99=400 (осн.)
70773.0,0.02006781090018189,0.03226636185911482,0.6958249547006052,0.0,0.015924151865824538,13.0,,0.9493877614755515,0.12585610707479108,5035.0,20.0,0.0,595,B6,p99=400 (осн.)
70773.0,0.02006781090018189,0.02006781090018189,0.14748572927641243,0.0,0.001780339960154296,2.0,,0.9452822627478147,0.1360837559501699,5335.0,12.0,0.0,595,B8,p99=400 (осн.)
70773.0,0.02006781090018189,0.02006781090018189,0.4911905467933634,0.0,0.009481016771932799,8.0,,0.9473755793027016,0.13150709842595673,5365.0,12.0,0.0,595,B12,p99=400 (осн.)
65737.0,0.02006781090018189,0.11816803125447838,0.4610520952362225,0.0,0.008138491260629478,14.0,,0.9484412121502879,0.12576876253588928,4275.0,8.0,0.0,596,A3,p99=400 (осн.)
65737.0,0.02006781090018189,0.028428241752041873,0.18407720014689555,0.0,0.0018406681168900315,7.0,,0.9245402113596275,0.19777425409279775,6820.0,34.0,0.0,596,A6,p99=400 (осн.)
65737.0,0.02006781090018189,0.037800713730181124,0.3812852456636189,0.0,0.003027214506290217,5.0,,0.9525550771576115,0.11969778388242124,4565.0,17.0,0.0,596,B6,p99=400 (осн.)
65737.0,0.02006781090018189,0.02006781090018189,0.11816803125447838,0.0,0.0026621233095516983,3.0,,0.9422291972341966,0.1474145721082995,5380.0,8.0,0.0,596,B8,p99=400 (осн.)
65737.0,0.02006781090018189,0.0220673406908459,0.31531889793555934,0.0,0.003027214506290217,5.0,,0.9434437598097483,0.14237095333942187,4980.0,12.0,0.0,596,B12,p99=400 (осн.)
84089.0,0.02006781090018189,2.0417379446695296,2.2451739778971898,0.03524539476031348,0.13097135178204045,92.0,63.5,0.9485430158665349,0.12650913963079388,5490.0,11.0,0.0,597,A3,p99=400 (осн.)
84089.0,0.02006781090018189,0.04027170343254591,1.2302687708123812,0.002021667518938268,0.022238342708320945,23.0,23.5,0.9243412312866192,0.19862524170517715,8410.0,28.0,0.0,597,A6,p99=400 (осн.)
84089.0,0.02006781090018189,0.5232991146814947,1.8567353246307055,0.006183924175575878,0.051944963074837376,40.0,54.0,0.9427216701960424,0.14361473963049404,5950.0,19.0,0.18055555555555555,597,B6,p99=400 (осн.)
84089.0,0.02006781090018189,0.5401321147646347,1.9781080029332403,0.009834817871540868,0.05119575687664261,31.0,64.0,0.9263509822782674,0.1866284136314769,7090.0,14.0,0.0,597,B8,p99=400 (осн.)
84089.0,0.02006781090018189,0.44668359215096304,1.191927939457827,0.002021667518938268,0.041658243052004426,25.0,50.5,0.9363148818382719,0.16247357511653163,6455.0,22.0,0.0,597,B12,p99=400 (осн.)
54218.0,0.02006781090018189,1.9781080029332403,2.0417379446695296,0.046419085912427605,0.15934283817182485,79.0,81.5,0.8990344006586711,0.2350281317615911,4860.0,8.0,0.0,598,A3,p99=400 (осн.)
54218.0,0.02006781090018189,0.8151734005153627,1.9164610627353873,0.00772806079161902,0.06807702239108783,44.0,46.5,0.8678391495189676,0.3465793361282552,8205.0,26.0,0.0,598,A6,p99=400 (осн.)
54218.0,0.02006781090018189,0.557506583166466,1.4876473740795015,0.0052381128038658745,0.05614371610904128,27.0,81.25,0.8878644492194915,0.2721280617168078,5930.0,22.0,0.22777777777777777,598,B6,p99=400 (осн.)
54218.0,0.02006781090018189,1.7988709151287874,2.0417379446695296,0.02390350068243019,0.09642554133313659,34.0,81.25,0.878972443846335,0.2950495343969803,6175.0,14.0,0.125,598,B8,p99=400 (осн.)
54218.0,0.02006781090018189,0.557506583166466,1.4876473740795015,0.0052381128038658745,0.05614371610904128,27.0,65.5,0.878561785556133,0.3031928587020477,6655.0,22.0,0.11388888888888889,598,B12,p99=400 (осн.)
52027.0,0.02006781090018189,0.11816803125447838,1.2302687708123812,0.003882599419532166,0.01875949026467027,13.0,23.0,0.9576079112522904,0.11024906303067308,3945.0,4.0,0.0,599,A3,p99=400 (осн.)
52027.0,0.02006781090018189,0.050263184440820056,1.4876473740795015,0.0018115593826282506,0.017985853499144677,12.0,5.0,0.9366609554444812,0.1743703347565801,6325.0,31.0,0.0,599,A6,p99=400 (осн.)
52027.0,0.02006781090018189,0.04027170343254591,1.1187936686591167,0.003267534164952813,0.012993253502988833,8.0,5.0,0.9522167920880114,0.12750900884426147,4595.0,15.0,0.0,599,B6,p99=400 (осн.)
52027.0,0.02006781090018189,0.03126079367123956,0.6741398498898495,0.0,0.012109097199531012,5.0,5.0,0.9456366620810466,0.1453596690894284,5140.0,10.0,0.0,599,B8,p99=400 (осн.)
52027.0,0.02006781090018189,0.04027170343254591,1.1187936686591167,0.003267534164952813,0.012993253502988833,8.0,5.0,0.9487716749643064,0.13763173950831206,4800.0,13.0,0.0,599,B12,p99=400 (осн.)
60689.0,0.02006781090018189,1.191927939457827,2.0417379446695296,0.047158463642505234,0.07287976404290727,41.0,19.0,0.9491614463612389,0.1280148902389829,4380.0,6.0,0.0,600,A3,p99=400 (осн.)
60689.0,0.02006781090018189,1.7988709151287874,2.0417379446695296,0.010397271334179175,0.07258316993194813,17.0,15.0,0.9272577135091095,0.18850898198162533,7210.0,25.0,0.0,600,A6,p99=400 (осн.)
60689.0,0.02006781090018189,1.3963683610559376,2.0417379446695296,0.03688065382524016,0.0695801545584867,28.0,16.0,0.9411591981634044,0.15001563510716168,5510.0,19.0,0.0,600,B6,p99=400 (осн.)
60689.0,0.02006781090018189,1.6884958594867534,2.0417379446695296,0.018438267231293975,0.07625764141771985,24.0,15.0,0.9344315210725529,0.16874762991624195,6280.0,10.0,0.0,600,B8,p99=400 (осн.)
60689.0,0.02006781090018189,1.3963683610559376,2.0417379446695296,0.03688065382524016,0.0667789879549836,28.0,108.0,0.9390342602461297,0.1553857207226989,5540.0,13.0,0.05555555555555555,600,B12,p99=400 (осн.)
96370.0,0.02006781090018189,0.43276287768448307,1.7988709151287874,0.004181799315139566,0.045387568745460204,59.0,49.333333333333336,0.9915367805912534,0.03394225556762844,4305.0,8.0,0.0,601,A3,p99=400 (осн.)
96370.0,0.02006781090018189,0.021379620895022326,0.6531305526474723,0.0,0.012472761232748781,12.0,9.666666666666666,0.9859210092744826,0.06136187571411036,7340.0,18.0,0.0,601,A6,p99=400 (осн.)
96370.0,0.02006781090018189,0.02006781090018189,0.7182076058301705,0.0,0.01509805956210439,12.0,10.333333333333334,0.9902142449876631,0.04325093177581284,5675.0,13.0,0.0,601,B6,p99=400 (осн.)
96370.0,0.02006781090018189,0.02006781090018189,0.6531305526474723,0.0,0.01286707481581405,11.0,10.333333333333334,0.9869797298150221,0.05202565759667042,6055.0,8.0,0.0,601,B8,p99=400 (осн.)
96370.0,0.02006781090018189,0.02006781090018189,0.6531305526474723,0.0,0.01286707481581405,11.0,10.333333333333334,0.9900485978133082,0.04422782234136053,5905.0,12.0,0.0,601,B12,p99=400 (осн.)
31454.0,0.02006781090018189,0.06683439175686146,0.4911905467933634,0.0,0.009219813060342088,2.0,,0.925136866881134,0.1782701648599302,4440.0,4.0,0.0,602,A3,p99=400 (осн.)
31454.0,0.02006781090018189,0.02006781090018189,0.06077850313707005,0.0,0.0,0.0,,0.9223733363807517,0.18539031050700663,4720.0,9.0,0.0,602,A6,p99=400 (осн.)
31454.0,0.02006781090018189,0.985711900900616,2.0417379446695296,0.0020347173650410123,0.08641190309658549,20.0,,0.926325705421549,0.17444714795425645,4125.0,6.0,0.0,602,B6,p99=400 (осн.)
31454.0,0.02006781090018189,0.0588843655355589,0.4610520952362225,0.0,0.008170661918992815,2.0,,0.9123752393369516,0.21285320069024882,5520.0,7.0,0.0,602,B8,p99=400 (осн.)
31454.0,0.02006781090018189,0.985711900900616,2.0417379446695296,0.0020347173650410123,0.08641190309658549,20.0,,0.9252156130597061,0.17774516504988336,4290.0,6.0,0.0,602,B12,p99=400 (осн.)
38421.0,0.02006781090018189,0.02006781090018189,0.31531889793555934,0.0,0.0006506858228572915,2.0,3.0,0.9096358862821564,0.20372516359456386,4140.0,2.0,0.0,603,A3,p99=400 (осн.)
38421.0,0.02006781090018189,0.04570881896148752,0.3054921113215514,0.0,0.0017958928710861248,3.0,2.0,0.892555359535342,0.2529220056178376,5800.0,19.0,0.0,603,A6,p99=400 (осн.)
38421.0,0.02006781090018189,0.21565026690607325,0.5069907082747045,0.0,0.01002056167200229,8.0,3.0,0.902179201914541,0.22370556550369994,4435.0,13.0,0.0,603,B6,p99=400 (осн.)
38421.0,0.02006781090018189,0.02006781090018189,0.31531889793555934,0.0,0.0006506858228572915,2.0,3.0,0.8938663360559563,0.24448935530403873,4790.0,7.0,0.0,603,B8,p99=400 (осн.)
38421.0,0.02006781090018189,0.08341612282410431,0.3812852456636189,0.0,0.0009630150178287915,3.0,3.0,0.898829200038377,0.23136636945412942,4710.0,11.0,0.0,603,B12,p99=400 (осн.)
79601.0,0.02006781090018189,2.0417379446695296,2.0417379446695296,0.18447318501023857,0.08822439416590244,69.0,43.0,0.9327620774212225,0.1572440496240039,4575.0,5.0,0.0,604,A3,p99=400 (осн.)
79601.0,0.02006781090018189,2.0417379446695296,3.388441561392024,0.15002952224218288,0.09747993115664376,70.0,41.0,0.8879661575871907,0.2767867364465528,8395.0,44.0,0.0,604,A6,p99=400 (осн.)
79601.0,0.02006781090018189,2.0417379446695296,2.0417379446695296,0.1736410346603686,0.0630770970213942,52.0,18.0,0.9088060065342789,0.226021428759852,6640.0,25.0,0.058333333333333334,604,B6,p99=400 (осн.)
79601.0,0.02006781090018189,2.0417379446695296,2.0417379446695296,0.10583723822565043,0.12243878845743143,51.0,16.0,0.9007387653508588,0.23802876585121074,6140.0,14.0,0.14722222222222223,604,B8,p99=400 (осн.)
79601.0,0.02006781090018189,2.0417379446695296,2.0417379446695296,0.1736410346603686,0.0630770970213942,52.0,18.0,0.9004696041442672,0.24693196500288195,7025.0,16.0,0.06666666666666667,604,B12,p99=400 (осн.)
119610.0,0.02006781090018189,0.12196915077508336,0.8413951416451951,0.0,0.016787893988796924,18.0,19.0,0.9985535215378929,0.020604762000785756,5715.0,3.0,0.0,605,A3,p99=400 (осн.)
119610.0,0.02006781090018189,0.02006781090018189,0.050263184440820056,0.0,0.0,0.0,0.75,0.9895530616108522,0.05815339669358024,9860.0,33.0,0.0,605,A6,p99=400 (осн.)
119610.0,0.02006781090018189,0.03330427623087463,0.8413951416451951,0.0,0.01490678036953432,15.0,3.0,0.9936904156178364,0.039429523638676744,6885.0,25.0,0.0,605,B6,p99=400 (осн.)
119610.0,0.02006781090018189,0.02350985767597148,0.4911905467933634,0.0,0.009037705877434996,11.0,2.25,0.9953706435341294,0.03621096555175141,7290.0,16.0,0.0,605,B8,p99=400 (осн.)
119610.0,0.02006781090018189,0.026683942737144424,0.43276287768448307,0.0,0.008168213360086949,9.0,2.25,0.9930927983708038,0.043434512211452066,7520.0,25.0,0.0,605,B12,p99=400 (осн.)
114501.0,0.02006781090018189,2.0417379446695296,2.0417379446695296,0.02692552903468092,0.12286355577680544,116.0,50.0,0.9750104089670307,0.07920167716701328,6585.0,11.0,0.0,606,A3,p99=400 (осн.)
114501.0,0.02006781090018189,0.4610520952362225,2.0417379446695296,0.008360188993982585,0.046503960664099,36.0,14.428571428571429,0.9535724929891227,0.14955133390808156,11730.0,41.0,0.0,606,A6,p99=400 (осн.)
114501.0,0.02006781090018189,1.742809826672464,2.0417379446695296,0.015279342538493114,0.11052741897450677,88.0,31.142857142857142,0.967945247012851,0.10329092342274382,8165.0,33.0,0.24444444444444444,606,B6,p99=400 (осн.)
114501.0,0.02006781090018189,1.9781080029332403,2.0417379446695296,0.027318538702718755,0.10550126199771181,101.0,37.57142857142857,0.9707027784214872,0.09721714280594701,8400.0,16.0,0.35555555555555557,606,B8,p99=400 (осн.)
114501.0,0.02006781090018189,1.4412854420872234,2.0417379446695296,0.014397254172452642,0.07318276696273394,61.0,26.0,0.9632731146495103,0.1205458075168851,9635.0,32.0,0.09444444444444444,606,B12,p99=400 (осн.)
88881.0,0.02006781090018189,0.9252306262333164,2.0417379446695296,0.04118990560412237,0.06611086733947638,46.0,36.25,0.9605462296818744,0.10977819663254912,5775.0,6.0,0.0,607,A3,p99=400 (осн.)
88881.0,0.02006781090018189,0.7413102413009177,1.9164610627353873,0.03950225582520449,0.05265467310223782,43.0,35.0,0.9352704482212258,0.18578097257739912,9285.0,36.0,0.0,607,A6,p99=400 (осн.)
88881.0,0.02006781090018189,1.1187936686591167,2.0417379446695296,0.04752421777432747,0.08429248095768499,69.0,69.0,0.952893420430424,0.13421514605216056,7340.0,31.0,0.0,607,B6,p99=400 (осн.)
88881.0,0.02006781090018189,0.47588279098881686,1.7988709151287874,0.03950225582520449,0.04531902206320811,30.0,36.25,0.9490104069978399,0.14440008314856886,8065.0,10.0,0.0,607,B8,p99=400 (осн.)
88881.0,0.02006781090018189,1.1547819846894583,2.0417379446695296,0.038523418953432115,0.08263858417434547,58.0,62.0,0.938777870933936,0.17259681048283673,9615.0,26.0,0.07222222222222222,607,B12,p99=400 (осн.)
91993.0,0.02006781090018189,2.0417379446695296,2.0417379446695296,0.1962921091822204,0.14372289195917082,133.0,41.0,0.9383703419709485,0.15879837538492528,5205.0,12.0,0.0,608,A3,p99=400 (осн.)
91993.0,0.02006781090018189,2.0417379446695296,3.388441561392024,0.1441468372593567,0.13036317980715925,74.0,10.5,0.8990353263931136,0.2792321225582969,10005.0,36.0,0.0,608,A6,p99=400 (осн.)
91993.0,0.02006781090018189,2.0417379446695296,2.3919384495683134,0.16932810105116694,0.12110704075310078,91.0,7.0,0.9266373049810298,0.20214266841706685,8085.0,32.0,0.05555555555555555,608,B6,p99=400 (осн.)
91993.0,0.02006781090018189,2.0417379446695296,2.892344370499147,0.14785364103790505,0.1178622286478319,62.0,16.75,0.9333970477767186,0.17721567416741651,6810.0,13.0,0.18888888888888888,608,B8,p99=400 (осн.)
91993.0,0.02006781090018189,2.0417379446695296,2.3919384495683134,0.16932810105116694,0.11101931668713924,78.0,7.0,0.9215183075731898,0.21618041692669263,8590.0,28.0,0.058333333333333334,608,B12,p99=400 (осн.)
90762.0,0.02006781090018189,2.0417379446695296,2.0417379446695296,0.03966417663779996,0.18024062933826931,135.0,64.85714285714286,0.9450171755198057,0.14304778539941676,5565.0,9.0,0.0,609,A3,p99=400 (осн.)
90762.0,0.02006781090018189,0.17834050825119682,0.6327760017024558,0.0,0.013717194420572487,16.0,51.285714285714285,0.9066431168396227,0.2648632580049449,10430.0,39.0,0.0,609,A6,p99=400 (осн.)
90762.0,0.02006781090018189,1.9164610627353873,2.0417379446695296,0.0319737335008043,0.12027059782728455,80.0,52.142857142857146,0.9265478608258572,0.20161672145508885,7620.0,30.0,0.05,609,B6,p99=400 (осн.)
90762.0,0.02006781090018189,1.584893192461114,2.0417379446695296,0.03681055948524713,0.07849099843546858,44.0,46.0,0.9297907025633072,0.18635066198803912,7020.0,15.0,0.1388888888888889,609,B8,p99=400 (осн.)
90762.0,0.02006781090018189,1.4412854420872234,2.0417379446695296,0.01684625724422115,0.09002666314096208,42.0,37.857142857142854,0.9247559944616985,0.2016039184632764,7905.0,32.0,0.044444444444444446,609,B12,p99=400 (осн.)
56261.0,0.02006781090018189,2.0417379446695296,2.6302679918953813,0.23797124117950266,0.26532589182559857,125.0,70.6,0.8958663990481066,0.24208298044203225,4695.0,8.0,0.0,610,A3,p99=400 (осн.)
56261.0,0.024266100950824154,2.0417379446695296,5.1138737255998015,0.12773057713158315,0.29808837382911785,95.0,58.2,0.8398930035573281,0.40063522094479087,8635.0,42.0,0.0,610,A6,p99=400 (осн.)
56261.0,0.02006781090018189,2.0417379446695296,2.0417379446695296,0.16642078882351896,0.25205737544657936,92.0,52.4,0.8744496232429927,0.30529587551434867,7355.0,23.0,0.46111111111111114,610,B6,p99=400 (осн.)
56261.0,0.02006781090018189,2.0417379446695296,2.0417379446695296,0.1462291818488829,0.24667176196654877,79.0,49.2,0.8397988117548766,0.38479754261224164,7670.0,21.0,0.12222222222222222,610,B8,p99=400 (осн.)
56261.0,0.0220673406908459,2.0417379446695296,2.0417379446695296,0.1723929542667212,0.2674854695081851,103.0,74.4,0.8571521699810066,0.34215768204394786,7805.0,29.0,0.2638888888888889,610,B12,p99=400 (осн.)
20372.0,0.02006781090018189,0.3812852456636189,0.9252306262333164,0.0,0.034802670331827996,11.0,3.0,0.9044155935691914,0.21723837032085486,3735.0,2.0,0.0,611,A3,p99=400 (осн.)
20372.0,0.02006781090018189,0.3812852456636189,0.9252306262333164,0.0,0.034802670331827996,11.0,3.0,0.8701614328481777,0.30262418963088344,5340.0,29.0,0.0,611,A6,p99=400 (осн.)
20372.0,0.02006781090018189,0.3812852456636189,0.9252306262333164,0.0,0.034802670331827996,11.0,3.0,0.8823859076700858,0.2697595308887751,4640.0,28.0,0.0,611,B6,p99=400 (осн.)
20372.0,0.02006781090018189,0.26076542044591006,0.9252306262333164,0.0,0.028715884547418025,8.0,3.0,0.8677565238169546,0.30640415121846015,5055.0,20.0,0.0,611,B8,p99=400 (осн.)
20372.0,0.02006781090018189,0.3812852456636189,0.9252306262333164,0.0,0.034802670331827996,11.0,3.0,0.8648142039866317,0.31161372493625905,5040.0,28.0,0.0,611,B12,p99=400 (осн.)
52111.0,0.02006781090018189,2.0417379446695296,2.1752040340195222,0.23819826907946498,0.2253315039051256,122.0,32.333333333333336,0.9350075383964769,0.16244799338153143,4485.0,6.0,0.0,612,A3,p99=400 (осн.)
52111.0,0.02006781090018189,2.0417379446695296,3.726061338637685,0.108360039147205,0.26405653316958033,98.0,27.666666666666668,0.905870025601077,0.23728757552132504,7895.0,35.0,0.0,612,A6,p99=400 (осн.)
52111.0,0.02006781090018189,2.0417379446695296,2.0417379446695296,0.09280190362879238,0.20533092821093435,80.0,18.0,0.9049224537003604,0.23736439354054198,7880.0,29.0,0.1,612,B6,p99=400 (осн.)
52111.0,0.02006781090018189,2.0417379446695296,2.0417379446695296,0.10766440866611655,0.17845560438295177,71.0,25.666666666666668,0.906021110723022,0.23817561054775593,6895.0,23.0,0.1527777777777778,612,B8,p99=400 (осн.)
52111.0,0.02006781090018189,2.0417379446695296,2.0417379446695296,0.09280190362879238,0.20533092821093435,80.0,18.0,0.910072187324666,0.22704671053988426,6575.0,27.0,0.07222222222222222,612,B12,p99=400 (осн.)
48787.0,0.02006781090018189,2.0417379446695296,2.1074146752966985,0.2598745567466743,0.25056879906532475,122.0,30.25,0.9100556666690209,0.21622281529549608,4710.0,9.0,0.0,613,A3,p99=400 (осн.)
48787.0,0.028428241752041873,2.0417379446695296,3.081413635333949,0.10818455736159223,0.29878861172033533,95.0,24.25,0.8697727348320319,0.3244002635822034,8915.0,36.0,0.0,613,A6,p99=400 (осн.)
48787.0,0.02006781090018189,2.0417379446695296,2.0417379446695296,0.1485795396314592,0.24523438620944105,94.0,25.0,0.8881802474484173,0.27485898958208344,6620.0,32.0,0.09444444444444444,613,B6,p99=400 (осн.)
48787.0,0.02006781090018189,2.0417379446695296,2.1752040340195222,0.150065591243569,0.26967737307069506,90.0,23.5,0.8837442755672711,0.2844358599784786,6445.0,25.0,0.16111111111111112,613,B8,p99=400 (осн.)
48787.0,0.02006781090018189,2.0417379446695296,2.0417379446695296,0.1485795396314592,0.24523438620944105,94.0,40.0,0.885601367900703,0.2798641181164316,6515.0,29.0,0.14444444444444443,613,B12,p99=400 (осн.)
46250.0,0.02006781090018189,2.0417379446695296,2.892344370499147,0.23071351351351352,0.22087567567567568,87.0,28.333333333333332,0.9073242454064259,0.22654851019631528,4800.0,7.0,0.0,614,A3,p99=400 (осн.)
46250.0,0.02006781090018189,2.0417379446695296,3.1805336883295205,0.19275675675675677,0.22203243243243242,76.0,17.666666666666668,0.8780027252604942,0.30806158400988787,7200.0,36.0,0.0,614,A6,p99=400 (осн.)
46250.0,0.02006781090018189,2.0417379446695296,2.6302679918953813,0.15183783783783783,0.2561189189189189,71.0,17.333333333333332,0.900084935536911,0.24086236179109727,6235.0,25.0,0.06111111111111111,614,B6,p99=400 (осн.)
46250.0,0.02006781090018189,2.0417379446695296,2.1752040340195222,0.14634054054054055,0.24044864864864865,61.0,17.0,0.8977515794681696,0.24481775311733955,5515.0,16.0,0.19444444444444445,614,B8,p99=400 (осн.)
46250.0,0.02006781090018189,2.0417379446695296,2.6302679918953813,0.15183783783783783,0.2561189189189189,71.0,17.333333333333332,0.8916780060482496,0.26473422665035673,6750.0,24.0,0.06666666666666667,614,B12,p99=400 (осн.)
21030.0,0.02006781090018189,0.5754399373371569,1.0501467677660838,0.0,0.060770328102710415,15.0,2.5,0.9093211161993382,0.20807528950101323,3735.0,2.0,0.0,615,A3,p99=400 (осн.)
21030.0,0.02006781090018189,0.5754399373371569,1.0501467677660838,0.0,0.060770328102710415,15.0,2.5,0.8848497219117165,0.26887314135896384,5000.0,29.0,0.0,615,A6,p99=400 (осн.)
21030.0,0.02006781090018189,0.5754399373371569,1.0501467677660838,0.0,0.060770328102710415,15.0,2.5,0.8971056903650169,0.23817573505819187,4445.0,20.0,0.0,615,B6,p99=400 (осн.)
21030.0,0.02006781090018189,0.40620942890585726,1.0501467677660838,0.0,0.04079885877318117,10.0,1.5,0.8840879501460801,0.26936097747028576,4850.0,15.0,0.04722222222222222,615,B8,p99=400 (осн.)
21030.0,0.02006781090018189,0.5754399373371569,1.0501467677660838,0.0,0.060770328102710415,15.0,2.5,0.8858140129425118,0.2663364813251882,4770.0,20.0,0.0,615,B12,p99=400 (осн.)
44102.0,0.02006781090018189,1.4412854420872234,2.0417379446695296,0.008321618067207836,0.1188834973470591,57.0,76.75,0.929769866177854,0.16669893386908036,4020.0,3.0,0.0,616,A3,p99=400 (осн.)
44102.0,0.02006781090018189,0.6327760017024558,1.4876473740795015,2.2674708629994104e-05,0.05850074826538479,27.0,61.5,0.8994337385010728,0.24753298677388055,6380.0,36.0,0.0,616,A6,p99=400 (осн.)
44102.0,0.02006781090018189,0.8151734005153627,2.0417379446695296,0.005668677157498526,0.0734433812525509,38.0,62.75,0.9103177829143531,0.21644821497407898,5240.0,34.0,0.0,616,B6,p99=400 (осн.)
44102.0,0.02006781090018189,0.5754399373371569,1.4876473740795015,2.2674708629994104e-05,0.05525826493129563,26.0,76.75,0.9042000465771645,0.23255754432142223,5235.0,13.0,0.044444444444444446,616,B8,p99=400 (осн.)
44102.0,0.02006781090018189,0.6531305526474723,1.4876473740795015,2.2674708629994104e-05,0.06743458346560247,34.0,62.75,0.897422301267907,0.24744548255501123,5765.0,30.0,0.0,616,B12,p99=400 (осн.)
63828.0,0.02006781090018189,1.0501467677660838,2.0417379446695296,0.004402456602118193,0.07784984646236762,52.0,57.25,0.9414472688630604,0.14977037758220205,4965.0,8.0,0.0,617,A3,p99=400 (осн.)
63828.0,0.02006781090018189,0.3935500754557774,1.4412854420872234,0.002679075014100395,0.03767938835620731,24.0,55.5,0.9083458765870048,0.24148533329131264,7805.0,33.0,0.0,617,A6,p99=400 (осн.)
63828.0,0.02006781090018189,0.7897688493998856,2.0417379446695296,0.005718493451149965,0.06752522403960644,43.0,55.75,0.9330882417128129,0.1721422890846381,5540.0,27.0,0.0,617,B6,p99=400 (осн.)
63828.0,0.02006781090018189,0.43276287768448307,1.9164610627353873,0.0014257065864510872,0.04690731340477533,28.0,57.25,0.9255567278507542,0.1911725184902291,6250.0,16.0,0.0,617,B8,p99=400 (осн.)
63828.0,0.02006781090018189,0.5754399373371569,1.9164610627353873,0.002882747383593407,0.057748950303941844,37.0,55.5,0.9210939421984756,0.20297722064991022,6330.0,27.0,0.0,617,B12,p99=400 (осн.)
91433.0,0.02006781090018189,2.0417379446695296,2.7148760106825023,0.1295374755285291,0.16932617326348254,109.0,49.0,0.9323255666632513,0.17650327817958567,5880.0,13.0,0.0,618,A3,p99=400 (осн.)
91433.0,0.02006781090018189,2.0417379446695296,3.9696297343000686,0.06685223059508055,0.16371003904498377,47.0,9.0,0.9033029938701591,0.25232196825915093,11025.0,46.0,0.0,618,A6,p99=400 (осн.)
91433.0,0.02006781090018189,2.0417379446695296,2.1752040340195222,0.14161189067404548,0.1642295451314077,105.0,39.25,0.9381107006981928,0.1603042540964643,7780.0,33.0,0.06388888888888888,618,B6,p99=400 (осн.)
91433.0,0.02006781090018189,2.0417379446695296,2.1752040340195222,0.1019270941563768,0.14985289775026522,61.0,10.5,0.9381151954251654,0.158977365861597,6745.0,10.0,0.18888888888888888,618,B8,p99=400 (осн.)
91433.0,0.02006781090018189,2.0417379446695296,2.3173946499684797,0.1093642339199195,0.18283879999562522,95.0,39.0,0.9299038857223529,0.18059608009372988,8285.0,20.0,0.06944444444444445,618,B12,p99=400 (осн.)
66946.0,0.02006781090018189,1.4412854420872234,2.0417379446695296,0.010052878439339169,0.09955785259761599,67.0,47.0,0.9467803876511756,0.13237592075385787,4740.0,5.0,0.0,619,A3,p99=400 (осн.)
66946.0,0.02006781090018189,0.22974707980333003,1.191927939457827,0.0,0.03095031816688077,20.0,61.333333333333336,0.9047331098034098,0.2478485231617757,8430.0,39.0,0.0,619,A6,p99=400 (осн.)
66946.0,0.02006781090018189,1.0174193661806046,2.0417379446695296,0.009798942431213216,0.08784692139933678,56.0,66.16666666666667,0.9315747819941161,0.1732205542365072,5895.0,30.0,0.0,619,B6,p99=400 (осн.)
66946.0,0.02006781090018189,0.26915348039269155,1.3963683610559376,0.0,0.035297105129507365,21.0,41.833333333333336,0.9212595206396046,0.2007556571536832,6350.0,14.0,0.20277777777777778,619,B8,p99=400 (осн.)
66946.0,0.02006781090018189,0.6531305526474723,1.584893192461114,0.00031368565709676455,0.062229259403101006,37.0,61.666666666666664,0.91998438106316,0.20440491621557488,6705.0,24.0,0.0,619,B12,p99=400 (осн.)
643240.0,0.02006781090018189,2.0417379446695296,2.0417379446695296,0.10667402524718612,0.20513960574591134,321.0,88.0,0.980311973444416,0.07160999807780824,29235.0,28.0,0.0,620,A3,p99=400 (осн.)
643240.0,0.02006781090018189,0.8413951416451951,2.0417379446695296,0.032437348423605496,0.05623872893476774,126.0,68.0,0.9701906259696537,0.10559596975458795,44060.0,53.0,0.0,620,A6,p99=400 (осн.)
643240.0,0.02006781090018189,2.0417379446695296,2.0417379446695296,0.0350697251414713,0.1705424880293514,240.0,80.2,0.9772124542479758,0.08368862423753315,32915.0,57.0,0.08333333333333333,620,B6,p99=400 (осн.)
643240.0,0.02006781090018189,2.0417379446695296,2.0417379446695296,0.04217127355263976,0.18384700889248182,239.0,79.8,0.973666147809681,0.09089403201265138,31950.0,45.0,0.1111111111111111,620,B8,p99=400 (осн.)
643240.0,0.02006781090018189,2.0417379446695296,2.0417379446695296,0.0421230800323363,0.14981771966917481,229.0,58.8,0.9739070381128,0.09333094163598206,35590.0,43.0,0.06111111111111111,620,B12,p99=400 (осн.)
711831.0,0.02006781090018189,1.191927939457827,2.0417379446695296,0.018698258434937505,0.09102862898637458,87.0,27.0,0.9836769034028024,0.06920076028318839,37005.0,18.0,0.0,621,A3,p99=400 (осн.)
711831.0,0.02006781090018189,1.2302687708123812,2.0417379446695296,0.015356173024215018,0.11584069814323905,106.0,19.75,0.9735222083254103,0.09954412828365515,53435.0,53.0,0.0,621,A6,p99=400 (осн.)
711831.0,0.02006781090018189,2.0417379446695296,2.0417379446695296,0.07776986391432798,0.2109208505951553,271.0,20.125,0.9870195420645063,0.06041243264536521,41390.0,53.0,0.09166666666666666,621,B6,p99=400 (осн.)
711831.0,0.02006781090018189,2.0417379446695296,2.0417379446695296,0.04924904928276515,0.19970470518985545,211.0,20.375,0.9860918870120167,0.06347427471705316,40970.0,48.0,0.09166666666666666,621,B8,p99=400 (осн.)
711831.0,0.02006781090018189,2.0417379446695296,2.0417379446695296,0.053415768630475494,0.19293624469853096,223.0,19.75,0.9852067663556199,0.06892643086678961,48250.0,37.0,0.1,621,B12,p99=400 (осн.)
50437.0,0.02006781090018189,2.0417379446695296,2.892344370499147,0.2926125661716597,0.1885421416817019,58.0,39.0,0.8956894026380423,0.23362312910256158,4890.0,5.0,0.0,622,A3,p99=400 (осн.)
50437.0,0.02006781090018189,2.0417379446695296,3.726061338637685,0.22173206178004243,0.24241132501933105,49.0,17.0,0.8756516284925455,0.287957565526162,6865.0,29.0,0.0,622,A6,p99=400 (осн.)
50437.0,0.02006781090018189,2.0417379446695296,2.0417379446695296,0.2606023355869699,0.12330233756964133,41.0,120.0,0.890166984862005,0.24723419949649142,6200.0,12.0,0.15555555555555556,622,B6,p99=400 (осн.)
50437.0,0.02006781090018189,2.0417379446695296,2.3173946499684797,0.20587069016793227,0.1968891884925749,43.0,120.0,0.8969317695562501,0.23008078086158368,5070.0,8.0,0.16111111111111112,622,B8,p99=400 (осн.)
50437.0,0.02006781090018189,2.0417379446695296,2.1752040340195222,0.2424906318773916,0.14085889327279577,41.0,120.0,0.8855124606616743,0.25921270203503866,6410.0,14.0,0.06666666666666667,622,B12,p99=400 (осн.)
27999.0,0.02006781090018189,0.6958249547006052,1.8567353246307055,0.0022500803600128574,0.05568056002000071,16.0,2.5,0.9648821752682588,0.10468920983050918,3735.0,2.0,0.0,623,A3,p99=400 (осн.)
27999.0,0.02006781090018189,0.6958249547006052,1.8567353246307055,0.0022500803600128574,0.05568056002000071,16.0,2.5,0.9488469326864458,0.14895277787338826,4895.0,28.0,0.0,623,A6,p99=400 (осн.)
27999.0,0.02006781090018189,0.6958249547006052,1.8567353246307055,0.0022500803600128574,0.05568056002000071,16.0,2.5,0.9535502573628135,0.13312296372249527,4395.0,19.0,0.0,623,B6,p99=400 (осн.)
27999.0,0.02006781090018189,0.25263877101318966,1.7988709151287874,0.0009286045930211793,0.036501303617986355,10.0,1.5,0.9478456517692434,0.14944670489522338,4760.0,17.0,0.04722222222222222,623,B8,p99=400 (осн.)
27999.0,0.02006781090018189,0.6958249547006052,1.8567353246307055,0.0022500803600128574,0.05568056002000071,16.0,2.5,0.9456133287751947,0.15212345401680946,4695.0,19.0,0.0,623,B12,p99=400 (осн.)
31405.0,0.02006781090018189,1.0839269140212038,2.0417379446695296,0.0035026269702276708,0.08638751791116064,28.0,4.0,0.9353302097142667,0.16199997658268803,4110.0,4.0,0.0,624,A3,p99=400 (осн.)
31405.0,0.02006781090018189,0.6741398498898495,1.584893192461114,0.0002228944435599427,0.07017990765801624,23.0,4.0,0.9144703769052295,0.21938946897757383,5955.0,33.0,0.0,624,A6,p99=400 (осн.)
31405.0,0.02006781090018189,1.0839269140212038,2.0417379446695296,0.0035026269702276708,0.08466804648941251,27.0,4.0,0.9245676317678896,0.1892955639397,4815.0,21.0,0.0,624,B6,p99=400 (осн.)
31405.0,0.02006781090018189,0.7897688493998856,2.0417379446695296,0.003279732526667728,0.0657857029135488,20.0,3.5,0.9147349920874053,0.2175203567823745,5310.0,18.0,0.06388888888888888,624,B8,p99=400 (осн.)
31405.0,0.02006781090018189,1.0839269140212038,2.0417379446695296,0.0035026269702276708,0.08466804648941251,27.0,4.0,0.9118884749120896,0.2212647874314087,5540.0,21.0,0.0,624,B12,p99=400 (осн.)
106035.0,0.02006781090018189,2.0417379446695296,3.609940135864167,0.19618050643655396,0.2159852878766445,166.0,80.5,0.9022681651722623,0.2329028636375639,7680.0,11.0,0.0,625,A3,p99=400 (осн.)
106035.0,0.02006781090018189,2.0417379446695296,3.4974378036641802,0.09145093601169425,0.18585372754279247,104.0,46.5,0.8764735235494846,0.2931855886002005,11210.0,42.0,0.0,625,A6,p99=400 (осн.)
106035.0,0.02006781090018189,1.8567353246307055,4.229119919212239,0.03634648936671853,0.09795822134200971,70.0,45.0,0.896663576499562,0.24084448968849131,8010.0,35.0,0.06388888888888888,625,B6,p99=400 (осн.)
106035.0,0.02006781090018189,2.0417379446695296,2.1074146752966985,0.06595935304380629,0.14713066440326308,87.0,45.0,0.8886947168531646,0.261136487934063,7765.0,25.0,0.13333333333333333,625,B8,p99=400 (осн.)
106035.0,0.02006781090018189,1.2698429144338064,2.0417379446695296,0.013108879143678974,0.08898948460414015,57.0,24.0,0.8833074444935402,0.2733731735386299,8460.0,26.0,0.022222222222222223,625,B12,p99=400 (осн.)
58951.0,0.02006781090018189,2.0417379446695296,4.097321098135414,0.2500466489118081,0.2221081915489135,110.0,15.0,0.8723664762443387,0.2957501789745459,5175.0,6.0,0.0,626,A3,p99=400 (осн.)
58951.0,0.02006781090018189,2.0417379446695296,3.388441561392024,0.159250903292565,0.24225203982968907,80.0,6.0,0.830093143247988,0.4118719846908478,9095.0,34.0,0.0,626,A6,p99=400 (осн.)
58951.0,0.02006781090018189,2.0417379446695296,2.6302679918953813,0.08910790317382233,0.20337229224271006,70.0,28.5,0.8600931983273895,0.31959274356098893,7245.0,18.0,0.08055555555555556,626,B6,p99=400 (осн.)
58951.0,0.02006781090018189,2.1074146752966985,2.6302679918953813,0.08543112076131024,0.248252786212278,60.0,4.5,0.8575801786735823,0.3254855844975801,6530.0,13.0,0.1388888888888889,626,B8,p99=400 (осн.)
58951.0,0.02006781090018189,2.0417379446695296,2.6302679918953813,0.08910790317382233,0.20337229224271006,70.0,28.5,0.8520127432942817,0.3385770481094569,7415.0,19.0,0.08888888888888889,626,B12,p99=400 (осн.)
85846.0,0.02006781090018189,1.2698429144338064,2.0417379446695296,0.006523309181557673,0.09282901940684482,78.0,77.33333333333333,0.9247269149518808,0.18020515210118593,5565.0,9.0,0.0,627,A3,p99=400 (осн.)
85846.0,0.02006781090018189,0.06077850313707005,0.6531305526474723,0.0007571698157165156,0.012510775108915967,12.0,41.0,0.8929452805718734,0.2751719001334447,9130.0,32.0,0.0,627,A6,p99=400 (осн.)
85846.0,0.02006781090018189,0.8684603593990751,1.9164610627353873,0.001327959369102812,0.06935675511963284,54.0,80.83333333333333,0.9118752525000153,0.21777849675874292,6745.0,31.0,0.0,627,B6,p99=400 (осн.)
85846.0,0.02006781090018189,0.8151734005153627,1.9781080029332403,0.004158609603243017,0.061144374810707544,47.0,80.5,0.8978337103344951,0.2546384415174821,7285.0,18.0,0.09166666666666666,627,B8,p99=400 (осн.)
85846.0,0.02006781090018189,0.26076542044591006,1.6358745652400533,0.0007571698157165156,0.040130000232975326,28.0,41.5,0.9122122784139934,0.21737036365391274,7155.0,23.0,0.06111111111111111,627,B12,p99=400 (осн.)
55262.0,0.02006781090018189,1.2302687708123812,2.0417379446695296,0.009794252831964098,0.09380315587564692,60.0,49.8,0.9426956344043035,0.14069034763735172,4275.0,8.0,0.0,628,A3,p99=400 (осн.)
55262.0,0.02006781090018189,0.21565026690607325,1.2302687708123812,0.0,0.023198581303608266,15.0,26.8,0.9103192122492186,0.23750802721900482,7325.0,36.0,0.0,628,A6,p99=400 (осн.)
55262.0,0.02006781090018189,0.6741398498898495,1.742809826672464,0.0004523904310376027,0.06304513046940032,36.0,27.0,0.9307897705843778,0.17663291139730652,5310.0,24.0,0.14722222222222223,628,B6,p99=400 (осн.)
55262.0,0.02006781090018189,0.8413951416451951,2.0417379446695296,0.009794252831964098,0.06047102891679635,38.0,41.8,0.9190648498763108,0.20833319208209775,5795.0,18.0,0.06666666666666667,628,B8,p99=400 (осн.)
55262.0,0.02006781090018189,0.6327760017024558,1.742809826672464,0.0004523904310376027,0.056349752090043795,31.0,27.0,0.9220796075884626,0.19924748863374328,5880.0,21.0,0.0,628,B12,p99=400 (осн.)
74304.0,0.02006781090018189,0.8684603593990751,1.9164610627353873,0.0021667743324720067,0.08899924633936261,68.0,66.8,0.9470953346530012,0.1330019671078771,4800.0,6.0,0.0,629,A3,p99=400 (осн.)
74304.0,0.02006781090018189,0.40620942890585726,0.8684603593990751,0.0,0.04239341085271318,30.0,54.6,0.9188135893096939,0.21842215946695193,8665.0,44.0,0.0,629,A6,p99=400 (осн.)
74304.0,0.02006781090018189,0.8963961859499497,2.0417379446695296,0.008142226528854437,0.086536391042205,65.0,60.2,0.9451092797988717,0.14244069799757228,5735.0,24.0,0.1111111111111111,629,B6,p99=400 (осн.)
74304.0,0.02006781090018189,0.44668359215096304,1.584893192461114,0.0021129414298018947,0.04636358742463394,31.0,65.6,0.9307861787317916,0.17698964811988213,5930.0,10.0,0.12777777777777777,629,B8,p99=400 (осн.)
74304.0,0.02006781090018189,0.7413102413009177,1.0174193661806046,0.0021129414298018947,0.06832741171403962,48.0,55.6,0.9304373447081704,0.17953059827424722,6555.0,23.0,0.0,629,B12,p99=400 (осн.)
32785.0,0.02006781090018189,0.5401321147646347,0.8684603593990751,0.0,0.05319505871587616,19.0,,0.9263297586448412,0.17960132142766677,4275.0,4.0,0.0,630,A3,p99=400 (осн.)
32785.0,0.02006781090018189,0.11816803125447838,0.6531305526474723,0.0,0.018301052310507854,9.0,,0.9087937244294196,0.23079172219308097,5760.0,31.0,0.0,630,A6,p99=400 (осн.)
32785.0,0.02006781090018189,0.5401321147646347,0.8684603593990751,0.0,0.05319505871587616,19.0,,0.9247951312482742,0.18383584057429928,4570.0,23.0,0.0,630,B6,p99=400 (осн.)
32785.0,0.02006781090018189,0.32546178349804583,0.6130557921498209,0.0,0.01348177520207412,4.0,,0.9139592505478107,0.21077793086116584,4885.0,14.0,0.06944444444444445,630,B8,p99=400 (осн.)
32785.0,0.02006781090018189,0.5401321147646347,0.8684603593990751,0.0,0.05319505871587616,19.0,,0.9121173574120857,0.21581708343078446,5020.0,22.0,0.0,630,B12,p99=400 (осн.)
28418.0,0.02006781090018189,0.2778113596642536,2.0417379446695296,0.010697445281159828,0.028573439369413752,10.0,5.0,0.9213835480622272,0.18267321102251763,3735.0,2.0,0.0,631,A3,p99=400 (осн.)
28418.0,0.02006781090018189,0.2778113596642536,2.0417379446695296,0.010697445281159828,0.028573439369413752,10.0,5.0,0.8971799513698127,0.2447719775128243,5020.0,33.0,0.0,631,A6,p99=400 (осн.)
28418.0,0.02006781090018189,0.2778113596642536,2.0417379446695296,0.010697445281159828,0.028573439369413752,10.0,5.0,0.9118291898584344,0.20768220935884538,4320.0,19.0,0.0,631,B6,p99=400 (осн.)
28418.0,0.02006781090018189,0.26915348039269155,1.2302687708123812,0.0,0.03226828066718277,9.0,5.0,0.8965916357766067,0.24598483265811152,4990.0,14.0,0.0,631,B8,p99=400 (осн.)
28418.0,0.02006781090018189,0.2778113596642536,2.0417379446695296,0.010697445281159828,0.028573439369413752,10.0,5.0,0.90458997112811,0.2250487020823594,4595.0,19.0,0.0,631,B12,p99=400 (осн.)
23119.0,0.02006781090018189,0.8684603593990751,2.0417379446695296,0.0189022016523206,0.07824732903672305,21.0,37.0,0.8897054088102438,0.23891192918478762,3750.0,2.0,0.0,632,A3,p99=400 (осн.)
23119.0,0.02006781090018189,0.7182076058301705,1.2302687708123812,0.0,0.06492495350144903,15.0,37.0,0.8436029977526,0.3529322038568149,5845.0,36.0,0.0,632,A6,p99=400 (осн.)
23119.0,0.02006781090018189,0.8684603593990751,2.0417379446695296,0.0189022016523206,0.07824732903672305,21.0,33.0,0.8629561884839786,0.3022239514384243,4715.0,28.0,0.0,632,B6,p99=400 (осн.)
23119.0,0.02006781090018189,0.8684603593990751,2.0417379446695296,0.0189022016523206,0.06124832388944158,16.0,1.0,0.8688079375674778,0.291032988340616,4625.0,10.0,0.1638888888888889,632,B8,p99=400 (осн.)
23119.0,0.02006781090018189,0.8684603593990751,2.0417379446695296,0.0189022016523206,0.07824732903672305,21.0,33.0,0.8424112636123504,0.3524272920188288,5310.0,29.0,0.0,632,B12,p99=400 (осн.)
40141.0,0.02006781090018189,0.8963961859499497,1.9781080029332403,0.0017936772875613463,0.07558356792307118,32.0,45.0,0.9317263959710621,0.1644899933958234,4035.0,4.0,0.0,633,A3,p99=400 (осн.)
40141.0,0.02006781090018189,0.40620942890585726,1.6884958594867534,0.0008968386437806731,0.04511596621907775,24.0,42.0,0.9057551084517633,0.2357135133532271,6190.0,33.0,0.0,633,A6,p99=400 (осн.)
40141.0,0.02006781090018189,0.8151734005153627,1.9781080029332403,0.005281383124486186,0.06678956677711069,29.0,50.333333333333336,0.919355457656117,0.19584588509552323,4920.0,25.0,0.0,633,B6,p99=400 (осн.)
40141.0,0.02006781090018189,0.40620942890585726,1.8567353246307055,0.004384544480705513,0.04561420991006701,20.0,50.333333333333336,0.9060988107985621,0.22880284587978733,5285.0,14.0,0.044444444444444446,633,B8,p99=400 (осн.)
40141.0,0.02006781090018189,0.8151734005153627,1.9781080029332403,0.005281383124486186,0.06285344161829551,27.0,50.0,0.9066845625414005,0.22757449891582898,5380.0,23.0,0.0,633,B12,p99=400 (осн.)
34699.0,0.02006781090018189,0.985711900900616,1.9781080029332403,0.00034583129196806827,0.08063632957722125,33.0,5.0,0.9556893731437275,0.11623381530769565,3735.0,2.0,0.0,634,A3,p99=400 (осн.)
34699.0,0.02006781090018189,0.8963961859499497,1.9781080029332403,0.00034583129196806827,0.07008847517219516,28.0,5.0,0.9370847723385025,0.16902732413136978,5555.0,35.0,0.0,634,A6,p99=400 (осн.)
34699.0,0.02006781090018189,0.8963961859499497,1.9781080029332403,0.00034583129196806827,0.07008847517219516,28.0,5.0,0.9426187266130727,0.15278392954017825,4880.0,24.0,0.0,634,B6,p99=400 (осн.)
34699.0,0.02006781090018189,0.7897688493998856,1.9781080029332403,0.00034583129196806827,0.07524712527738552,31.0,5.0,0.9411485753811587,0.1561204943683688,4785.0,17.0,0.05,634,B8,p99=400 (осн.)
34699.0,0.02006781090018189,0.8963961859499497,1.9781080029332403,0.00034583129196806827,0.07008847517219516,28.0,5.0,0.9344144786469878,0.17329778114113972,5280.0,24.0,0.0,634,B12,p99=400 (осн.)
46043.0,0.02006781090018189,1.3106900423660772,2.0417379446695296,0.004712985687292314,0.07866559520448277,38.0,7.666666666666667,0.9936099834298091,0.04056108853759151,3885.0,4.0,0.0,635,A3,p99=400 (осн.)
46043.0,0.02006781090018189,1.3106900423660772,2.0417379446695296,0.004712985687292314,0.07866559520448277,38.0,7.666666666666667,0.9814560433261789,0.08298219417080027,5890.0,41.0,0.0,635,A6,p99=400 (осн.)
46043.0,0.02006781090018189,1.3106900423660772,2.0417379446695296,0.004712985687292314,0.07866559520448277,38.0,7.666666666666667,0.9862222551379345,0.06424332365725022,4790.0,29.0,0.0,635,B6,p99=400 (осн.)
46043.0,0.02006781090018189,0.34673685045253166,1.7988709151287874,0.0020632886649436396,0.04178702517212171,23.0,7.0,0.9878307146188786,0.06365047705377863,4955.0,17.0,0.06111111111111111,635,B8,p99=400 (осн.)
46043.0,0.02006781090018189,1.3106900423660772,2.0417379446695296,0.004712985687292314,0.07866559520448277,38.0,7.666666666666667,0.9846255368991444,0.07230350677279658,5240.0,29.0,0.0,635,B12,p99=400 (осн.)
38257.0,0.02006781090018189,1.1187936686591167,2.0417379446695296,0.005384635491544031,0.08233787280759076,36.0,4.5,0.9890228294433645,0.056404388754098485,3750.0,2.0,0.0,636,A3,p99=400 (осн.)
38257.0,0.02006781090018189,0.8151734005153627,1.9781080029332403,0.0006273361737721201,0.062681339362731,24.0,4.5,0.9760714547651788,0.10128935934528907,6080.0,34.0,0.0,636,A6,p99=400 (осн.)
38257.0,0.02006781090018189,1.1187936686591167,2.0417379446695296,0.005384635491544031,0.07567242596126199,33.0,4.5,0.9787157769656546,0.08678009880983072,4915.0,31.0,0.0,636,B6,p99=400 (осн.)
38257.0,0.02006781090018189,0.34673685045253166,1.9781080029332403,0.004757299317771911,0.03175889379721358,14.0,1.5,0.9778063435391697,0.09203916166782251,5175.0,18.0,0.06944444444444445,636,B8,p99=400 (осн.)
38257.0,0.02006781090018189,1.1187936686591167,2.0417379446695296,0.005384635491544031,0.07567242596126199,33.0,4.5,0.9754837219679896,0.09893372080774362,5415.0,31.0,0.0,636,B12,p99=400 (осн.)
34656.0,0.02006781090018189,1.0501467677660838,1.9781080029332403,0.0005771006463527239,0.08659395198522622,34.0,3.6666666666666665,0.9882064297037682,0.060590225127196785,3735.0,2.0,0.0,637,A3,p99=400 (осн.)
34656.0,0.02006781090018189,1.0501467677660838,1.9781080029332403,0.0005771006463527239,0.07574445983379502,29.0,3.6666666666666665,0.970935729691213,0.11270953181644662,5760.0,32.0,0.0,637,A6,p99=400 (осн.)
34656.0,0.02006781090018189,1.0501467677660838,1.9781080029332403,0.0005771006463527239,0.08659395198522622,34.0,3.6666666666666665,0.9766420948762043,0.0933490362755666,4900.0,30.0,0.0,637,B6,p99=400 (осн.)
34656.0,0.02006781090018189,0.22974707980333003,1.742809826672464,0.00020198522622345337,0.027123730378578025,11.0,1.6666666666666667,0.9757008761508619,0.09740820745523718,5050.0,17.0,0.06111111111111111,637,B8,p99=400 (осн.)
34656.0,0.02006781090018189,1.0501467677660838,1.9781080029332403,0.0005771006463527239,0.08659395198522622,34.0,3.6666666666666665,0.9715111055034135,0.10897479088291967,5400.0,30.0,0.0,637,B12,p99=400 (осн.)
34030.0,0.02006781090018189,0.33593093598651524,1.9781080029332403,0.002057008521892448,0.036996767558037026,15.0,3.0,0.9880407200102009,0.058373199469860505,3735.0,2.0,0.0,638,A3,p99=400 (осн.)
34030.0,0.02006781090018189,0.33593093598651524,1.9781080029332403,0.002057008521892448,0.036996767558037026,15.0,3.0,0.9761368371880157,0.09491380072442371,5310.0,27.0,0.0,638,A6,p99=400 (осн.)
34030.0,0.02006781090018189,0.33593093598651524,1.9781080029332403,0.002057008521892448,0.036996767558037026,15.0,3.0,0.9790197986591341,0.08599913102885072,4705.0,28.0,0.0,638,B6,p99=400 (осн.)
34030.0,0.02006781090018189,0.09772372209558107,1.9781080029332403,0.002057008521892448,0.023626212165736116,9.0,1.0,0.9765278589686557,0.09135892143177377,4910.0,16.0,0.05555555555555555,638,B8,p99=400 (осн.)
34030.0,0.02006781090018189,0.33593093598651524,1.9781080029332403,0.002057008521892448,0.036996767558037026,15.0,3.0,0.9741483129789854,0.10126145662943205,5130.0,28.0,0.0,638,B12,p99=400 (осн.)
37309.0,0.02006781090018189,0.6741398498898495,1.584893192461114,0.0,0.06893778980942936,31.0,7.5,0.9888006319085025,0.05631300686870118,3885.0,4.0,0.0,639,A3,p99=400 (осн.)
37309.0,0.02006781090018189,0.5401321147646347,1.3528511027866506,0.0,0.05159612962019888,23.0,7.5,0.9763346973456408,0.09737232919996587,5885.0,30.0,0.0,639,A6,p99=400 (осн.)
37309.0,0.02006781090018189,0.6741398498898495,1.584893192461114,0.0,0.06858934841459165,30.0,7.5,0.9769474896400647,0.08828071988472691,4855.0,30.0,0.0,639,B6,p99=400 (осн.)
37309.0,0.02006781090018189,0.2959715725594465,1.3963683610559376,0.0,0.02417647216489319,11.0,7.5,0.9768127499067489,0.09325096589659868,5175.0,16.0,0.06388888888888888,639,B8,p99=400 (осн.)
37309.0,0.02006781090018189,0.6741398498898495,1.584893192461114,0.0,0.06858934841459165,30.0,7.5,0.9734109144489798,0.10077886873614411,5330.0,30.0,0.0,639,B12,p99=400 (осн.)
72145.0,0.02006781090018189,2.0417379446695296,2.0417379446695296,0.0927957585418255,0.1305322614179777,91.0,77.28571428571429,0.9706090092068154,0.09034276035112192,4980.0,5.0,0.0,640,A3,p99=400 (осн.)
72145.0,0.02006781090018189,1.8567353246307055,2.3919384495683134,0.04052602397948576,0.1020895418947952,58.0,47.57142857142857,0.939422024819041,0.18299982974949816,9630.0,41.0,0.0,640,A6,p99=400 (осн.)
72145.0,0.02006781090018189,2.0417379446695296,2.1074146752966985,0.04072354286506341,0.13343960080393652,78.0,93.42857142857143,0.9549814861236984,0.13541373345119503,7240.0,34.0,0.05,640,B6,p99=400 (осн.)
72145.0,0.02006781090018189,1.6884958594867534,2.0417379446695296,0.036132095086284566,0.10508351237091967,56.0,60.57142857142857,0.9592183582021431,0.12502267585994534,6540.0,18.0,0.11944444444444445,640,B8,p99=400 (осн.)
72145.0,0.02006781090018189,2.0417379446695296,2.1074146752966985,0.04072354286506341,0.13044563032781203,77.0,81.42857142857143,0.9507805464744956,0.1495355093773144,7990.0,29.0,0.06111111111111111,640,B12,p99=400 (осн.)
132706.0,0.02006781090018189,0.6958249547006052,1.584893192461114,0.0010549636037556704,0.06240109716214791,59.0,65.25,0.9717121672443977,0.08669977947270563,6915.0,6.0,0.0,641,A3,p99=400 (осн.)
132706.0,0.02006781090018189,0.13412199354053708,1.3963683610559376,0.0,0.034188356215996266,30.0,17.5,0.9423672223361215,0.1743074524007084,12240.0,44.0,0.0,641,A6,p99=400 (осн.)
132706.0,0.02006781090018189,1.4876473740795015,2.0417379446695296,0.014144047744638524,0.1037029222491824,115.0,77.875,0.9543578315820115,0.1380444766063347,8535.0,49.0,0.0,641,B6,p99=400 (осн.)
132706.0,0.02006781090018189,0.19611011754760474,1.584893192461114,0.0010549636037556704,0.03358551987099302,31.0,46.5,0.9637624758659803,0.1144797236972579,8430.0,17.0,0.0,641,B8,p99=400 (осн.)
132706.0,0.02006781090018189,0.31531889793555934,1.584893192461114,0.0010549636037556704,0.042085512335538706,40.0,32.25,0.9537972793477194,0.14271274100645776,9860.0,27.0,0.0,641,B12,p99=400 (осн.)
200914.0,0.02006781090018189,0.32546178349804583,1.2698429144338064,0.0,0.03784703903162547,31.0,5.0,0.9492862218137974,0.1314676344710302,10740.0,14.0,0.0,642,A3,p99=400 (осн.)
200914.0,0.02006781090018189,0.02006781090018189,0.06077850313707005,0.0,7.465880924176514e-05,1.0,0.0,0.9261723834708716,0.20196152536689596,17310.0,42.0,0.0,642,A6,p99=400 (осн.)
200914.0,0.02006781090018189,1.742809826672464,2.0417379446695296,0.020406741192749135,0.08363777536657475,80.0,5.0,0.9468424971829589,0.14492436140551476,11555.0,40.0,0.0,642,B6,p99=400 (осн.)
200914.0,0.02006781090018189,0.32546178349804583,1.0501467677660838,0.0,0.03857371810824532,28.0,5.0,0.9459766044628027,0.14244081859851251,11065.0,19.0,0.21388888888888888,642,B8,p99=400 (осн.)
200914.0,0.02006781090018189,1.0174193661806046,2.0417379446695296,0.016111371034372917,0.06682958877927869,67.0,5.0,0.9407597990448916,0.16108417625406626,12870.0,32.0,0.0,642,B12,p99=400 (осн.)
34789.0,0.02006781090018189,0.8684603593990751,2.0417379446695296,0.0046278996234441925,0.06568168099111789,24.0,120.0,0.9410014364487638,0.14299034238971817,3735.0,2.0,0.0,643,A3,p99=400 (осн.)
34789.0,0.02006781090018189,0.8684603593990751,2.0417379446695296,0.0046278996234441925,0.06568168099111789,24.0,120.0,0.9114323855889224,0.21980232400781352,5765.0,32.0,0.0,643,A6,p99=400 (осн.)
34789.0,0.02006781090018189,0.8684603593990751,2.0417379446695296,0.0046278996234441925,0.06568168099111789,24.0,120.0,0.9201156950040519,0.19587884373611245,4895.0,28.0,0.0,643,B6,p99=400 (осн.)
34789.0,0.02006781090018189,0.8684603593990751,2.0417379446695296,0.0046278996234441925,0.06568168099111789,24.0,120.0,0.9231602477694113,0.18942044690720045,4700.0,16.0,0.07222222222222222,643,B8,p99=400 (осн.)
34789.0,0.02006781090018189,0.8684603593990751,2.0417379446695296,0.0046278996234441925,0.06568168099111789,24.0,120.0,0.9117424002627201,0.21861679144927204,5325.0,28.0,0.0,643,B12,p99=400 (осн.)
35169.0,0.02006781090018189,0.32546178349804583,0.7897688493998856,0.0,0.0227473058659615,15.0,3.0,0.977373069963814,0.07550416785450641,3735.0,2.0,0.0,644,A3,p99=400 (осн.)
35169.0,0.02006781090018189,0.3054921113215514,0.7413102413009177,0.0,0.02033040461770309,10.0,3.0,0.9596791371077135,0.12934152138327704,5740.0,29.0,0.0,644,A6,p99=400 (осн.)
35169.0,0.02006781090018189,0.32546178349804583,0.7413102413009177,0.0,0.02033040461770309,10.0,3.0,0.9649536565399482,0.11024906420705995,4705.0,30.0,0.0,644,B6,p99=400 (осн.)
35169.0,0.02006781090018189,0.18407720014689555,0.41927599668460547,0.0,0.0,0.0,1.0,0.9611359639706195,0.12212526761620107,5215.0,23.0,0.0,644,B8,p99=400 (осн.)
35169.0,0.02006781090018189,0.32546178349804583,0.7413102413009177,0.0,0.02033040461770309,10.0,3.0,0.9610080925059316,0.12223277208711072,5130.0,30.0,0.0,644,B12,p99=400 (осн.)
33986.0,0.02006781090018189,0.47588279098881686,1.4876473740795015,0.0,0.0472253280762667,18.0,26.5,0.9821791158620846,0.06660625187344708,3735.0,2.0,0.0,645,A3,p99=400 (осн.)
33986.0,0.02006781090018189,0.47588279098881686,1.4876473740795015,0.0,0.0472253280762667,18.0,4.0,0.9635238115376111,0.12154388615716522,5875.0,33.0,0.0,645,A6,p99=400 (осн.)
33986.0,0.02006781090018189,0.47588279098881686,1.4876473740795015,0.0,0.0472253280762667,18.0,4.0,0.9684130386734182,0.10548221511420501,4815.0,31.0,0.0,645,B6,p99=400 (осн.)
33986.0,0.02006781090018189,0.31531889793555934,1.0501467677660838,0.0,0.015476961101630084,6.0,1.5,0.9663281248741021,0.11220658020173747,5170.0,26.0,0.05277777777777778,645,B8,p99=400 (осн.)
33986.0,0.02006781090018189,0.47588279098881686,1.4876473740795015,0.0,0.0472253280762667,18.0,4.0,0.9639380188105489,0.12056462186516761,5250.0,29.0,0.0,645,B12,p99=400 (осн.)
36074.0,0.02006781090018189,1.742809826672464,2.0417379446695296,0.020270832178300162,0.1181113821588956,49.0,14.5,0.9837001492314099,0.06867176489205924,3825.0,2.0,0.0,646,A3,p99=400 (осн.)
36074.0,0.02006781090018189,0.44668359215096304,0.8413951416451951,0.0,0.04127626545434385,20.0,14.0,0.9639889790198516,0.12645306420050642,6235.0,37.0,0.0,646,A6,p99=400 (осн.)
36074.0,0.02006781090018189,0.557506583166466,2.0417379446695296,0.008926096357487387,0.055718800243943004,28.0,14.0,0.9691079443472143,0.10744575922561729,5030.0,29.0,0.05,646,B6,p99=400 (осн.)
36074.0,0.02006781090018189,0.41927599668460547,2.0417379446695296,0.008926096357487387,0.039945667239563123,20.0,13.0,0.9706834744888023,0.10501603951945514,4990.0,20.0,0.09444444444444444,646,B8,p99=400 (осн.)
36074.0,0.02006781090018189,0.557506583166466,2.0417379446695296,0.008926096357487387,0.055718800243943004,28.0,14.0,0.9654027610287366,0.1197473452286383,5405.0,29.0,0.058333333333333334,646,B12,p99=400 (осн.)
51900.0,0.02006781090018189,0.6531305526474723,1.9164610627353873,0.0007899807321772639,0.060558766859344894,47.0,41.666666666666664,0.989716895286475,0.056611139609471804,4275.0,5.0,0.0,647,A3,p99=400 (осн.)
51900.0,0.02006781090018189,0.26076542044591006,1.2302687708123812,0.0,0.03211946050096339,25.0,41.666666666666664,0.9723198858299255,0.1101572995166685,7145.0,36.0,0.0,647,A6,p99=400 (осн.)
51900.0,0.02006781090018189,0.41927599668460547,1.584893192461114,0.0,0.04327552986512524,26.0,41.666666666666664,0.9793972141902318,0.08615277006396774,5200.0,33.0,0.0,647,B6,p99=400 (осн.)
51900.0,0.02006781090018189,0.2225871044793004,0.8684603593990751,0.0,0.024007707129094412,15.0,2.0,0.9787322673869715,0.09007377509843856,5575.0,19.0,0.05555555555555555,647,B8,p99=400 (осн.)
51900.0,0.02006781090018189,0.3578903595427346,1.584893192461114,0.0,0.03842003853564547,24.0,41.666666666666664,0.9772068879370119,0.09450305034502553,5650.0,30.0,0.0,647,B12,p99=400 (осн.)
83784.0,0.02006781090018189,0.8151734005153627,2.0417379446695296,0.010276425093096534,0.06676692447245297,57.0,41.285714285714285,0.9909422980654563,0.05003003910507399,5145.0,8.0,0.0,648,A3,p99=400 (осн.)
83784.0,0.02006781090018189,0.08886893998466987,0.9252306262333164,0.0,0.025959610426811802,22.0,2.4285714285714284,0.9750266710434664,0.10143749218536068,9560.0,46.0,0.0,648,A6,p99=400 (осн.)
83784.0,0.02006781090018189,0.7182076058301705,2.0417379446695296,0.003807409529265731,0.06423660842165568,52.0,39.42857142857143,0.9805371420200019,0.07655562435139546,6410.0,31.0,0.0,648,B6,p99=400 (осн.)
83784.0,0.02006781090018189,0.2959715725594465,1.8567353246307055,0.0007399980903275089,0.03503055475985868,26.0,39.0,0.9825363218580492,0.07846251328857129,7130.0,14.0,0.0,648,B8,p99=400 (осн.)
83784.0,0.02006781090018189,0.6327760017024558,1.8567353246307055,0.0007399980903275089,0.059999522581877206,44.0,39.42857142857143,0.9788345867166339,0.08647358950050495,7485.0,28.0,0.0,648,B12,p99=400 (осн.)
76228.0,0.02006781090018189,1.584893192461114,2.0417379446695296,0.00599517237760403,0.12763026709345648,97.0,85.6,0.9727533528911242,0.08780414575785586,5115.0,10.0,0.0,649,A3,p99=400 (осн.)
76228.0,0.02006781090018189,0.44668359215096304,1.8567353246307055,0.0058246313690507425,0.04691189589127355,42.0,71.6,0.9391679275001625,0.1857539558654526,9525.0,46.0,0.0,649,A6,p99=400 (осн.)
76228.0,0.02006781090018189,1.0839269140212038,1.9164610627353873,0.00696594427244582,0.08304035262633153,62.0,78.2,0.957766010594514,0.12930638426869315,6505.0,34.0,0.0,649,B6,p99=400 (осн.)
76228.0,0.02006781090018189,0.6531305526474723,1.6884958594867534,0.0,0.05608175473579262,33.0,55.6,0.9579813004544909,0.13330610844374607,7220.0,18.0,0.0,649,B8,p99=400 (осн.)
76228.0,0.02006781090018189,0.32546178349804583,1.191927939457827,0.0,0.03378023823267041,21.0,54.8,0.9526098826462365,0.14639672154166375,7375.0,22.0,0.0,649,B12,p99=400 (осн.)
69244.0,0.02006781090018189,1.3963683610559376,2.0417379446695296,0.011437814106637398,0.11541794234879556,79.0,61.0,0.9138455352082067,0.1983018383843133,4935.0,9.0,0.0,650,A3,p99=400 (осн.)
69244.0,0.02006781090018189,0.44668359215096304,1.9781080029332403,0.004159205129686327,0.047296516665703885,35.0,36.42857142857143,0.8689986509043142,0.32871706778808324,8415.0,39.0,0.0,650,A6,p99=400 (осн.)
69244.0,0.02006781090018189,1.584893192461114,2.0417379446695296,0.011163422101553926,0.10488995436427705,70.0,54.0,0.9078784367469491,0.2143924404912048,5580.0,29.0,0.225,650,B6,p99=400 (осн.)
69244.0,0.02006781090018189,0.47588279098881686,1.1547819846894583,0.0,0.04466813009069378,22.0,19.571428571428573,0.8961657748244423,0.24262287655837073,5920.0,10.0,0.20833333333333334,650,B8,p99=400 (осн.)
69244.0,0.02006781090018189,1.0839269140212038,2.0417379446695296,0.006686499913349893,0.07701750332158742,48.0,19.714285714285715,0.8797545109126255,0.28843275564606213,7025.0,29.0,0.0,650,B12,p99=400 (осн.)
80447.0,0.02006781090018189,0.7413102413009177,2.0417379446695296,0.004176662896068219,0.06834313274578294,51.0,59.125,0.9805813332118147,0.08084109652907036,6030.0,13.0,0.0,651,A3,p99=400 (осн.)
80447.0,0.02006781090018189,1.1187936686591167,2.0417379446695296,0.004313398883737119,0.07787736024960533,57.0,46.375,0.9667561868941689,0.12089053793483605,8905.0,37.0,0.0,651,A6,p99=400 (осн.)
80447.0,0.02006781090018189,1.4412854420872234,2.0417379446695296,0.019988315288326477,0.09163797282683009,73.0,55.125,0.9772080795241485,0.08904901810744402,6635.0,36.0,0.0,651,B6,p99=400 (осн.)
80447.0,0.02006781090018189,0.36940264435828357,1.5355006336570662,0.003256802615386528,0.03448232998122988,24.0,40.25,0.9784895222859091,0.08962494672687275,6950.0,15.0,0.125,651,B8,p99=400 (осн.)
80447.0,0.02006781090018189,0.557506583166466,2.0417379446695296,0.006476313597772446,0.05163648116151006,36.0,40.25,0.9727188908683109,0.10419196516440735,7725.0,31.0,0.0,651,B12,p99=400 (осн.)
85652.0,0.02006781090018189,2.0417379446695296,2.3173946499684797,0.17554172698827814,0.11100149441927801,81.0,73.2,0.9842413513537908,0.06739652479380512,5325.0,9.0,0.0,652,A3,p99=400 (осн.)
85652.0,0.02006781090018189,2.0417379446695296,3.388441561392024,0.1195243543641713,0.14194064353430158,73.0,75.2,0.9582131788672416,0.13912231918843354,9285.0,42.0,0.0,652,A6,p99=400 (осн.)
85652.0,0.02006781090018189,2.0417379446695296,2.7148760106825023,0.12004389856629151,0.15300284873674871,80.0,96.8,0.9730975061377368,0.09561336817404895,7275.0,29.0,0.058333333333333334,652,B6,p99=400 (осн.)
85652.0,0.02006781090018189,2.0417379446695296,2.892344370499147,0.11142471862887031,0.12701688226778127,54.0,4.6,0.9723753910171904,0.1011685825536312,7350.0,20.0,0.07222222222222222,652,B8,p99=400 (осн.)
85652.0,0.02006781090018189,2.0417379446695296,2.7148760106825023,0.12004389856629151,0.15300284873674871,80.0,96.8,0.9695769139220801,0.10667926864593404,7730.0,27.0,0.06111111111111111,652,B12,p99=400 (осн.)
34738.0,0.02006781090018189,0.6741398498898495,1.4876473740795015,0.0,0.06324486153491854,27.0,9.0,0.9835050268495853,0.06778905030028513,3735.0,2.0,0.0,653,A3,p99=400 (осн.)
34738.0,0.02006781090018189,0.6741398498898495,1.4876473740795015,0.0,0.06324486153491854,27.0,9.0,0.9664967156808474,0.11727989068874604,5625.0,32.0,0.0,653,A6,p99=400 (осн.)
34738.0,0.02006781090018189,0.6741398498898495,1.4876473740795015,0.0,0.06324486153491854,27.0,9.0,0.9697794368402193,0.1044552870397752,4775.0,31.0,0.0,653,B6,p99=400 (осн.)
34738.0,0.02006781090018189,0.31531889793555934,1.3528511027866506,0.0,0.02058264724509183,10.0,5.0,0.9677456252932379,0.11073795225312211,5000.0,24.0,0.058333333333333334,653,B8,p99=400 (осн.)
34738.0,0.02006781090018189,0.6741398498898495,1.4876473740795015,0.0,0.06324486153491854,27.0,9.0,0.9667196290786454,0.11543822565838124,5225.0,31.0,0.0,653,B12,p99=400 (осн.)
55781.0,0.02006781090018189,2.0417379446695296,2.0417379446695296,0.1141248812319607,0.2296839425610871,59.0,,0.9705145337032444,0.09485721655313055,5220.0,5.0,0.0,654,A3,p99=400 (осн.)
55781.0,0.02006781090018189,2.0417379446695296,2.0417379446695296,0.03067352682813144,0.28163711658091467,51.0,,0.9483185658489619,0.15880307879854313,8660.0,36.0,0.0,654,A6,p99=400 (осн.)
55781.0,0.02006781090018189,2.0417379446695296,2.468880104906209,0.18951793621484017,0.17748875064986286,67.0,,0.9632962270451784,0.11592600952243015,6210.0,27.0,0.20555555555555555,654,B6,p99=400 (осн.)
55781.0,0.02006781090018189,2.0417379446695296,2.0417379446695296,0.08454491672791811,0.24614115917606352,54.0,,0.9621816945978447,0.12059308352525343,6135.0,21.0,0.11944444444444445,654,B8,p99=400 (осн.)
55781.0,0.02006781090018189,2.0417379446695296,2.6302679918953813,0.17731844176332442,0.18872017353579176,68.0,,0.9541602712012605,0.14163129754529363,7155.0,31.0,0.05555555555555555,654,B12,p99=400 (осн.)
35701.0,0.02006781090018189,0.6741398498898495,1.6884958594867534,2.8010419876193944e-05,0.06865353911655135,31.0,,0.9798085974960506,0.07066085449782256,3735.0,2.0,0.0,655,A3,p99=400 (осн.)
35701.0,0.02006781090018189,0.5939501549952435,1.6884958594867534,2.8010419876193944e-05,0.05744937116607378,26.0,,0.9606053328172016,0.12941078794825714,5875.0,30.0,0.0,655,A6,p99=400 (осн.)
35701.0,0.02006781090018189,0.6741398498898495,1.6884958594867534,2.8010419876193944e-05,0.06655275762583682,30.0,,0.9651393504892237,0.11445763126629022,5085.0,28.0,0.0,655,B6,p99=400 (осн.)
35701.0,0.02006781090018189,0.6327760017024558,1.6884958594867534,2.8010419876193944e-05,0.0573653399064452,24.0,,0.9647344556962163,0.11520176423441537,5055.0,18.0,0.06944444444444445,655,B8,p99=400 (осн.)
35701.0,0.02006781090018189,0.6741398498898495,1.6884958594867534,2.8010419876193944e-05,0.06655275762583682,30.0,,0.959605952642846,0.13192465291218014,5610.0,28.0,0.0,655,B12,p99=400 (осн.)
48679.0,0.02006781090018189,2.0417379446695296,2.6302679918953813,0.09746502598656505,0.12532098029951314,55.0,14.0,0.9838112586726101,0.06308895741838776,4155.0,3.0,0.0,656,A3,p99=400 (осн.)
48679.0,0.02006781090018189,2.0417379446695296,2.7148760106825023,0.07313215144107316,0.12693358532426713,45.0,4.666666666666667,0.9675183533733098,0.11409380879861442,6730.0,37.0,0.0,656,A6,p99=400 (осн.)
48679.0,0.02006781090018189,2.0417379446695296,2.1752040340195222,0.06840732143223978,0.13486308264343969,48.0,4.666666666666667,0.9746053519453618,0.08979785611054449,5595.0,27.0,0.1361111111111111,656,B6,p99=400 (осн.)
48679.0,0.02006781090018189,2.0417379446695296,2.0417379446695296,0.044177160582592086,0.12435547155857762,31.0,2.0,0.9764688987931348,0.08748259834330359,5250.0,17.0,0.13055555555555556,656,B8,p99=400 (осн.)
48679.0,0.02006781090018189,2.0417379446695296,2.1752040340195222,0.06840732143223978,0.13486308264343969,48.0,4.666666666666667,0.9718129364146365,0.10019465426315069,6010.0,29.0,0.06111111111111111,656,B12,p99=400 (осн.)
43769.0,0.02006781090018189,0.5401321147646347,1.9164610627353873,0.0008681943841531678,0.05647832941122712,30.0,2.6666666666666665,0.9893210582947644,0.0487877658514419,3735.0,2.0,0.0,657,A3,p99=400 (осн.)
43769.0,0.02006781090018189,0.5232991146814947,1.9164610627353873,0.0008681943841531678,0.05248006579999543,28.0,2.6666666666666665,0.9740124248206374,0.10070501174276249,6055.0,36.0,0.0,657,A6,p99=400 (осн.)
43769.0,0.02006781090018189,0.5232991146814947,1.9164610627353873,0.0008681943841531678,0.052639996344444696,28.0,2.6666666666666665,0.9792148754457267,0.08024818584455773,4890.0,28.0,0.0,657,B6,p99=400 (осн.)
43769.0,0.02006781090018189,0.32546178349804583,1.584893192461114,0.0008681943841531678,0.022801526194338458,14.0,1.3333333333333333,0.9805108688827531,0.07923107598498973,5000.0,17.0,0.075,657,B8,p99=400 (осн.)
43769.0,0.02006781090018189,0.5232991146814947,1.9164610627353873,0.0008681943841531678,0.052639996344444696,28.0,2.6666666666666665,0.9774647311669634,0.08887021106789587,5340.0,28.0,0.0,657,B12,p99=400 (осн.)
70280.0,0.02006781090018189,2.0417379446695296,3.2828421431654635,0.21986340352874217,0.160885031303358,66.0,4.0,0.9907225556695111,0.04989467825415242,5205.0,6.0,0.0,658,A3,p99=400 (осн.)
70280.0,0.02006781090018189,2.0417379446695296,3.726061338637685,0.18903671030165053,0.17462293682413205,68.0,4.0,0.977004659606707,0.09526094988730303,8150.0,37.0,0.0,658,A6,p99=400 (осн.)
70280.0,0.02006781090018189,2.0417379446695296,2.0417379446695296,0.22411781445645987,0.10954752418895845,55.0,4.0,0.9818159953656505,0.07699191720110492,6770.0,28.0,0.05555555555555555,658,B6,p99=400 (осн.)
70280.0,0.02006781090018189,2.0417379446695296,2.2451739778971898,0.18520204894706888,0.14938816163915766,52.0,4.0,0.9867037269550745,0.06602778681878411,5980.0,19.0,0.10833333333333334,658,B8,p99=400 (осн.)
70280.0,0.02006781090018189,2.0417379446695296,2.3173946499684797,0.19943084803642572,0.1329823562891292,55.0,4.0,0.9800897637172251,0.0838864923386963,7400.0,28.0,0.05555555555555555,658,B12,p99=400 (осн.)
58788.0,0.02006781090018189,1.2698429144338064,2.0417379446695296,0.002347417840375587,0.09287609716268626,64.0,45.0,0.9970189619291295,0.02774904769297423,3750.0,2.0,0.0,659,A3,p99=400 (осн.)
58788.0,0.02006781090018189,0.26076542044591006,1.8567353246307055,0.0014118527590664762,0.02907055861740491,19.0,43.333333333333336,0.9834791017785793,0.07782239882818333,6745.0,38.0,0.0,659,A6,p99=400 (осн.)
58788.0,0.02006781090018189,1.2302687708123812,2.0417379446695296,0.002347417840375587,0.08454106280193237,58.0,45.0,0.9855058314113492,0.0648235224744922,5215.0,34.0,0.0,659,B6,p99=400 (осн.)
58788.0,0.02006781090018189,0.41927599668460547,1.5355006336570662,6.804109682248077e-05,0.04261073688507859,32.0,42.666666666666664,0.9888234314462387,0.05819875487635978,5240.0,19.0,0.06388888888888888,659,B8,p99=400 (осн.)
58788.0,0.02006781090018189,1.1187936686591167,2.0417379446695296,0.002347417840375587,0.07593386405388855,52.0,45.0,0.9848510639279487,0.07035346759638658,5765.0,32.0,0.0,659,B12,p99=400 (осн.)
39866.0,0.02006781090018189,0.7897688493998856,1.584893192461114,0.0,0.07745948928911854,40.0,68.0,0.994084889489459,0.043214752245701545,3735.0,2.0,0.0,660,A3,p99=400 (осн.)
39866.0,0.02006781090018189,0.5069907082747045,1.584893192461114,0.0,0.04949079416043747,26.0,68.0,0.9805978597107791,0.0897350129672369,6015.0,33.0,0.0,660,A6,p99=400 (осн.)
39866.0,0.02006781090018189,0.6741398498898495,1.584893192461114,0.0,0.06368835599257512,32.0,68.0,0.9820903014358987,0.07914750245806917,5075.0,26.0,0.0,660,B6,p99=400 (осн.)
39866.0,0.02006781090018189,0.4610520952362225,1.584893192461114,0.0,0.03762604725831536,19.0,60.5,0.9847321915478698,0.07388128543776212,5075.0,19.0,0.05555555555555555,660,B8,p99=400 (осн.)
39866.0,0.02006781090018189,0.6741398498898495,1.584893192461114,0.0,0.06368835599257512,32.0,68.0,0.9799033374836055,0.0884186201277045,5550.0,26.0,0.0,660,B12,p99=400 (осн.)
39033.0,0.02006781090018189,0.4911905467933634,1.6358745652400533,0.00023057412958266084,0.04806189634411908,23.0,2.5,0.9931197375138843,0.04497665796572692,3735.0,2.0,0.0,661,A3,p99=400 (осн.)
39033.0,0.02006781090018189,0.4911905467933634,1.6358745652400533,0.00023057412958266084,0.04806189634411908,23.0,2.5,0.9794579908623173,0.09058922452002272,5750.0,30.0,0.0,661,A6,p99=400 (осн.)
39033.0,0.02006781090018189,0.4911905467933634,1.6358745652400533,0.00023057412958266084,0.04806189634411908,23.0,2.5,0.9831189286070432,0.07490312365542694,4825.0,26.0,0.0,661,B6,p99=400 (осн.)
39033.0,0.02006781090018189,0.32546178349804583,1.584893192461114,0.00023057412958266084,0.027233366638485385,13.0,1.5,0.9825894395226568,0.07941173180639222,5110.0,22.0,0.058333333333333334,661,B8,p99=400 (осн.)
39033.0,0.02006781090018189,0.4911905467933634,1.6358745652400533,0.00023057412958266084,0.04806189634411908,23.0,2.5,0.9811997142681839,0.08311097047564346,5250.0,26.0,0.0,661,B12,p99=400 (осн.)
59160.0,0.02006781090018189,1.4412854420872234,2.0417379446695296,0.008485463150777552,0.1110209601081812,75.0,85.0,0.9899907157231876,0.055483533396448154,4770.0,10.0,0.0,662,A3,p99=400 (осн.)
59160.0,0.02006781090018189,0.47588279098881686,2.0417379446695296,0.00704868154158215,0.04907031778228533,33.0,75.8,0.9738995867463902,0.10541594131648971,7545.0,40.0,0.0,662,A6,p99=400 (осн.)
59160.0,0.02006781090018189,1.3528511027866506,2.0417379446695296,0.008485463150777552,0.08003718728870858,48.0,75.8,0.9829816534637295,0.07473008413882781,5615.0,28.0,0.0,662,B6,p99=400 (осн.)
59160.0,0.02006781090018189,0.3812852456636189,1.7988709151287874,0.002958079783637593,0.04389790398918188,25.0,52.4,0.9824730390687031,0.07917846976780761,5850.0,21.0,0.07222222222222222,662,B8,p99=400 (осн.)
59160.0,0.02006781090018189,1.3528511027866506,2.0417379446695296,0.008485463150777552,0.08003718728870858,48.0,75.8,0.9787523402507636,0.0883401718777602,6420.0,30.0,0.0,662,B12,p99=400 (осн.)
81860.0,0.02006781090018189,0.5232991146814947,1.3963683610559376,0.0004275592474957244,0.05125824578548742,39.0,62.0,0.9907025256588726,0.05048345211539403,5115.0,6.0,0.0,663,A3,p99=400 (осн.)
81860.0,0.02006781090018189,0.03330427623087463,0.7413102413009177,0.0018446127534815539,0.01357195211336428,21.0,26.4,0.9783379776263231,0.09336829691898442,8430.0,32.0,0.0,663,A6,p99=400 (осн.)
81860.0,0.02006781090018189,0.7651560209006901,1.9781080029332403,0.0027241632054727585,0.06271683361837282,49.0,56.4,0.9839281034181906,0.07223584736213091,6280.0,32.0,0.0,663,B6,p99=400 (осн.)
81860.0,0.02006781090018189,0.037800713730181124,0.6130557921498209,0.0,0.015111165404348889,12.0,2.4,0.9835384861827414,0.0737556007116742,6610.0,19.0,0.058333333333333334,663,B8,p99=400 (осн.)
81860.0,0.02006781090018189,0.06683439175686146,1.0501467677660838,0.0018446127534815539,0.016943562179330563,16.0,31.4,0.9826634590547028,0.0787448535201933,6850.0,25.0,0.0,663,B12,p99=400 (осн.)
37048.0,0.02006781090018189,0.5939501549952435,2.0417379446695296,0.00993305981429497,0.056116389548693586,24.0,4.5,0.9900451542391562,0.0516683612505772,3735.0,2.0,0.0,664,A3,p99=400 (осн.)
37048.0,0.02006781090018189,0.3812852456636189,2.0417379446695296,0.0086104513064133,0.03965126322608508,19.0,4.5,0.9734054853021118,0.10320103782936339,5985.0,33.0,0.0,664,A6,p99=400 (осн.)
37048.0,0.02006781090018189,0.5939501549952435,2.0417379446695296,0.00993305981429497,0.056116389548693586,24.0,4.5,0.9751797412373574,0.09329038146117709,4985.0,30.0,0.0,664,B6,p99=400 (осн.)
37048.0,0.02006781090018189,0.3935500754557774,1.584893192461114,0.0013226085078816671,0.04359209673936515,16.0,3.0,0.9769194359221713,0.09027088417883601,5000.0,19.0,0.058333333333333334,664,B8,p99=400 (осн.)
37048.0,0.02006781090018189,0.5939501549952435,2.0417379446695296,0.00993305981429497,0.056116389548693586,24.0,4.5,0.9716327422092906,0.10621246719885129,5460.0,30.0,0.0,664,B12,p99=400 (осн.)
36302.0,0.02006781090018189,0.47588279098881686,1.584893192461114,0.0,0.048068976915872405,23.0,,0.9931931788781215,0.04513534044183856,3750.0,2.0,0.0,665,A3,p99=400 (осн.)
36302.0,0.02006781090018189,0.22974707980333003,0.5754399373371569,0.0,0.020109084898903642,12.0,,0.9798176662992534,0.0883934218758667,5815.0,32.0,0.0,665,A6,p99=400 (осн.)
36302.0,0.02006781090018189,0.47588279098881686,1.584893192461114,0.0,0.048068976915872405,23.0,,0.9820004284049663,0.07754285852176526,4775.0,31.0,0.0,665,B6,p99=400 (осн.)
36302.0,0.02006781090018189,0.25263877101318966,1.584893192461114,0.0,0.03137568178061815,14.0,,0.9815251400057756,0.07960601197214341,4875.0,22.0,0.06944444444444445,665,B8,p99=400 (осн.)
36302.0,0.02006781090018189,0.47588279098881686,1.584893192461114,0.0,0.048068976915872405,23.0,,0.9796018317417108,0.0878003305049718,5225.0,31.0,0.0,665,B12,p99=400 (осн.)
62471.0,0.02006781090018189,2.0417379446695296,3.388441561392024,0.2269372989066927,0.20074914760448848,87.0,34.0,0.9883790288178145,0.05887952405067576,4800.0,5.0,0.0,666,A3,p99=400 (осн.)
62471.0,0.02006781090018189,2.1752040340195222,4.365158322401661,0.14513934465592035,0.26005666629316004,74.0,9.0,0.967769194562069,0.11554992385962748,8635.0,40.0,0.0,666,A6,p99=400 (осн.)
62471.0,0.02006781090018189,2.0417379446695296,2.3173946499684797,0.21113796801715995,0.1918170030894335,79.0,9.0,0.9741675671002894,0.09618723503400875,7250.0,31.0,0.06111111111111111,666,B6,p99=400 (осн.)
62471.0,0.02006781090018189,2.0417379446695296,2.6302679918953813,0.1619231323334027,0.23214771654047478,68.0,9.0,0.9809546430400999,0.08294167601684069,6150.0,23.0,0.12222222222222222,666,B8,p99=400 (осн.)
62471.0,0.02006781090018189,2.0417379446695296,2.3173946499684797,0.17654591730562982,0.22933841302364297,79.0,9.0,0.971863430257115,0.10487759446883255,7775.0,31.0,0.06111111111111111,666,B12,p99=400 (осн.)
51096.0,0.02006781090018189,1.0174193661806046,1.9164610627353873,0.0011546892124628151,0.10599655550336622,62.0,90.25,0.995939334218418,0.032524556420754254,3750.0,2.0,0.0,667,A3,p99=400 (осн.)
51096.0,0.02006781090018189,0.6741398498898495,1.191927939457827,0.0,0.05847815875998121,36.0,61.25,0.9831887176152989,0.07964334503766515,6575.0,39.0,0.0,667,A6,p99=400 (осн.)
51096.0,0.02006781090018189,1.0174193661806046,1.9164610627353873,0.0011546892124628151,0.10599655550336622,62.0,90.25,0.9848096880608088,0.06639244585856414,5365.0,30.0,0.0,667,B6,p99=400 (осн.)
51096.0,0.02006781090018189,0.5754399373371569,1.4412854420872234,1.9571003601064663e-05,0.053291842805699076,33.0,90.25,0.9874996956143648,0.06407136546619485,5620.0,22.0,0.05555555555555555,667,B8,p99=400 (осн.)
51096.0,0.02006781090018189,1.0174193661806046,1.9164610627353873,0.0011546892124628151,0.10599655550336622,62.0,90.25,0.983235603746126,0.07555446059483178,5990.0,30.0,0.0,667,B12,p99=400 (осн.)
82627.0,0.02006781090018189,1.1187936686591167,2.0417379446695296,0.00468369903300374,0.08309632444600433,79.0,76.55555555555556,0.9976449524936959,0.021902627103894578,4170.0,4.0,0.0,668,A3,p99=400 (осн.)
82627.0,0.02006781090018189,0.06683439175686146,0.5754399373371569,0.0,0.01202996599174604,9.0,28.333333333333332,0.9884155251480479,0.06408944825375436,8135.0,42.0,0.0,668,A6,p99=400 (осн.)
82627.0,0.02006781090018189,1.0174193661806046,2.0417379446695296,0.004877340336693817,0.08103888559429727,79.0,72.11111111111111,0.9899537986739969,0.04870029589423207,5890.0,31.0,0.0,668,B6,p99=400 (осн.)
82627.0,0.02006781090018189,0.6130557921498209,1.9781080029332403,0.0038244157478790224,0.05866121243661273,57.0,67.88888888888889,0.9924491670383592,0.0439982684768802,5640.0,23.0,0.05277777777777778,668,B8,p99=400 (осн.)
82627.0,0.02006781090018189,0.985711900900616,2.0417379446695296,0.004877340336693817,0.07953816549069917,78.0,72.11111111111111,0.9895436307993413,0.05322256396652693,6565.0,31.0,0.0,668,B12,p99=400 (осн.)
65595.0,0.02006781090018189,0.9549925860214359,1.9164610627353873,0.001570241634270905,0.10837716289351322,85.0,49.8,0.9977091116284651,0.023624084634270716,3855.0,2.0,0.0,669,A3,p99=400 (осн.)
65595.0,0.02006781090018189,0.4610520952362225,1.2302687708123812,1.5245064410397133e-05,0.04684808293315039,38.0,26.6,0.9868823645149,0.06939779882652064,7450.0,36.0,0.0,669,A6,p99=400 (осн.)
65595.0,0.02006781090018189,0.8151734005153627,1.742809826672464,0.001128134766369388,0.08628706456284778,69.0,26.6,0.9893715548629719,0.05318700493479876,5575.0,29.0,0.0,669,B6,p99=400 (осн.)
65595.0,0.02006781090018189,0.557506583166466,1.2302687708123812,0.0011128897019589909,0.05447061513834896,46.0,26.2,0.9911352943038869,0.05081134238994561,5535.0,22.0,0.058333333333333334,669,B8,p99=400 (осн.)
65595.0,0.02006781090018189,0.8151734005153627,1.742809826672464,0.001128134766369388,0.08628706456284778,69.0,26.6,0.9886822128046077,0.05933664557093545,6175.0,29.0,0.0,669,B12,p99=400 (осн.)
68131.0,0.02006781090018189,0.8413951416451951,1.8567353246307055,0.0063260483480354025,0.07597129060192864,60.0,4.333333333333333,0.994590058785408,0.03390866096064422,4305.0,6.0,0.0,670,A3,p99=400 (осн.)
68131.0,0.02006781090018189,0.9549925860214359,2.0417379446695296,0.004858287710440182,0.06990943916866038,47.0,8.0,0.9800301848468237,0.08533831221248657,7265.0,42.0,0.0,670,A6,p99=400 (осн.)
68131.0,0.02006781090018189,1.191927939457827,2.0417379446695296,0.013327266589364607,0.10089386622829549,77.0,8.666666666666666,0.9847267259179621,0.06440957280491957,5520.0,33.0,0.0,670,B6,p99=400 (осн.)
68131.0,0.02006781090018189,0.7897688493998856,1.3528511027866506,0.0,0.06885265150959181,48.0,2.6666666666666665,0.9879851096080267,0.05807080832596384,5440.0,19.0,0.15833333333333333,670,B8,p99=400 (осн.)
68131.0,0.02006781090018189,1.191927939457827,2.0417379446695296,0.013327266589364607,0.10089386622829549,77.0,8.666666666666666,0.982378619687567,0.07449809998146353,6400.0,35.0,0.0,670,B12,p99=400 (осн.)
44259.0,0.02006781090018189,0.5754399373371569,1.584893192461114,0.0,0.05284800831469306,32.0,36.0,0.9797782541515734,0.07061732250590402,3915.0,3.0,0.0,671,A3,p99=400 (осн.)
44259.0,0.02006781090018189,0.10411181076233397,1.3528511027866506,0.0,0.029124019973338754,16.0,2.5,0.9617487921832011,0.12589922780992113,6255.0,33.0,0.0,671,A6,p99=400 (осн.)
44259.0,0.02006781090018189,0.5401321147646347,1.584893192461114,0.0,0.05156013466187668,28.0,36.0,0.9675327037478355,0.10398348396890299,4900.0,25.0,0.0,671,B6,p99=400 (осн.)
44259.0,0.02006781090018189,0.11448537209469502,1.3963683610559376,0.0,0.021261212408775616,12.0,35.5,0.9647022409164926,0.11415397385865121,5350.0,19.0,0.06944444444444445,671,B8,p99=400 (осн.)
44259.0,0.02006781090018189,0.5401321147646347,1.584893192461114,0.0,0.05156013466187668,28.0,2.5,0.9662425569044911,0.10958738595831038,5260.0,22.0,0.0,671,B12,p99=400 (осн.)
75232.0,0.02006781090018189,2.0417379446695296,2.0417379446695296,0.04414344959591663,0.22906475967673331,169.0,61.5,0.8759748297900276,0.2982657495730832,6390.0,15.0,0.0,537,A3,p99=800
75232.0,0.02006781090018189,2.0417379446695296,2.0417379446695296,0.027514887282007655,0.1500957039557635,116.0,29.25,0.864440241287029,0.3505962435634394,9460.0,40.0,0.0,537,A6,p99=800
75232.0,0.02006781090018189,2.0417379446695296,2.0417379446695296,0.04415341875797533,0.20356032007656316,152.0,71.25,0.8797719072410112,0.28875056718423264,6475.0,20.0,0.5194444444444445,537,B6,p99=800
75232.0,0.02006781090018189,2.0417379446695296,2.0417379446695296,0.0386404721395151,0.2223521905572097,150.0,54.125,0.8702457600125219,0.3120624436407494,6630.0,18.0,0.2638888888888889,537,B8,p99=800
75232.0,0.02006781090018189,1.9781080029332403,2.0417379446695296,0.027647809442790303,0.1586957677584007,111.0,45.375,0.8746456059535557,0.3072379405054749,7170.0,29.0,0.16111111111111112,537,B12,p99=800
80975.0,0.02006781090018189,2.0417379446695296,2.0417379446695296,0.10498919419573943,0.2178758876196357,173.0,46.27272727272727,0.8789011439005862,0.2886465596376268,6240.0,14.0,0.0,538,A3,p99=800
80975.0,0.02006781090018189,1.9781080029332403,3.726061338637685,0.0315683853041062,0.17019759184933622,105.0,36.54545454545455,0.8539098887508643,0.38781000697399337,11180.0,42.0,0.0,538,A6,p99=800
80975.0,0.02006781090018189,2.0417379446695296,2.0417379446695296,0.09489966038900895,0.22016054337758567,174.0,43.45454545454545,0.8726966505289817,0.3084344683358734,6900.0,19.0,0.8,538,B6,p99=800
80975.0,0.02006781090018189,2.0417379446695296,2.0417379446695296,0.09732633528866934,0.22175980240815066,172.0,46.27272727272727,0.8746628923402289,0.3031304738076345,6930.0,17.0,0.7472222222222222,538,B8,p99=800
80975.0,0.02006781090018189,2.0417379446695296,2.0417379446695296,0.0920407533189256,0.2014695893794381,153.0,50.63636363636363,0.8832103081994264,0.2874767438202537,7550.0,19.0,0.46111111111111114,538,B12,p99=800
89600.0,0.02006781090018189,2.0417379446695296,2.0417379446695296,0.020811941964285714,0.19234654017857142,122.0,40.2,0.9447474673333947,0.14212692070512326,6540.0,11.0,0.0,539,A3,p99=800
89600.0,0.02006781090018189,0.2778113596642536,1.9781080029332403,0.0022795758928571427,0.03988560267857143,38.0,3.0,0.9279303331162132,0.19713498058571513,9510.0,28.0,0.0,539,A6,p99=800
89600.0,0.02006781090018189,2.0417379446695296,2.9853826189179604,0.031690848214285715,0.2251953125,132.0,40.6,0.944564026474948,0.14149305172784293,6900.0,16.0,0.6333333333333333,539,B6,p99=800
89600.0,0.02006781090018189,1.9781080029332403,2.0417379446695296,0.020811941964285714,0.19015904017857144,119.0,40.2,0.9423528997037417,0.15180813805265433,6605.0,17.0,0.2916666666666667,539,B8,p99=800
89600.0,0.02006781090018189,2.0417379446695296,2.0417379446695296,0.032315848214285715,0.17978236607142858,101.0,40.0,0.9387608221480281,0.16103254061310282,7170.0,18.0,0.07222222222222222,539,B12,p99=800
196987.0,0.02006781090018189,1.9781080029332403,2.0417379446695296,0.02464375821754735,0.13157974891744126,168.0,58.0,0.9211869587880256,0.19721709982070815,11055.0,17.0,0.0,540,A3,p99=800
196987.0,0.02006781090018189,0.21565026690607325,2.0417379446695296,0.008878758496753594,0.03560641057531715,77.0,28.25,0.9045155020627487,0.2575101545205066,18605.0,44.0,0.0,540,A6,p99=800
196987.0,0.02006781090018189,1.9164610627353873,2.0417379446695296,0.019148471726560635,0.1459740998136933,154.0,75.875,0.9207097016481369,0.20373485498102825,12315.0,42.0,0.25833333333333336,540,B6,p99=800
196987.0,0.02006781090018189,1.3528511027866506,2.0417379446695296,0.01416844766405905,0.10582931868600466,112.0,69.5,0.9143602864590203,0.2205344676872284,11475.0,23.0,0.24444444444444444,540,B8,p99=800
196987.0,0.02006781090018189,0.9252306262333164,2.0417379446695296,0.008772152477067014,0.07710153461903578,107.0,49.0,0.9162484697521425,0.21730000628999013,13680.0,34.0,0.075,540,B12,p99=800
117281.0,0.02006781090018189,2.0417379446695296,2.0417379446695296,0.03695611394855092,0.16909601725769732,141.0,47.142857142857146,0.8818802990943265,0.2945504251801126,8070.0,12.0,0.0,541,A3,p99=800
117281.0,0.02006781090018189,1.3106900423660772,2.0417379446695296,0.0086885343747069,0.09013395179099769,95.0,27.285714285714285,0.8556282660008846,0.38487973826377486,14005.0,41.0,0.0,541,A6,p99=800
117281.0,0.02006781090018189,2.0417379446695296,2.0417379446695296,0.037629709842173925,0.18843418797588699,162.0,38.57142857142857,0.8865806987829792,0.2739577753581663,7745.0,25.0,0.48333333333333334,541,B6,p99=800
117281.0,0.02006781090018189,2.0417379446695296,2.0417379446695296,0.03720551495979741,0.1827278075732642,156.0,51.285714285714285,0.8813650696369993,0.2930497113505601,8325.0,25.0,0.4305555555555556,541,B8,p99=800
117281.0,0.02006781090018189,2.0417379446695296,2.0417379446695296,0.03053350500081002,0.16730757752747674,135.0,41.857142857142854,0.8776834284708246,0.30868012086538366,9385.0,26.0,0.3388888888888889,541,B12,p99=800
123174.0,0.02006781090018189,1.4876473740795015,2.0417379446695296,0.007566531897965479,0.12051244580836865,121.0,53.77777777777778,0.9002094552996803,0.24606861653610218,7680.0,13.0,0.0,542,A3,p99=800
123174.0,0.02006781090018189,1.6358745652400533,2.0417379446695296,0.024782015685128354,0.10064218097975222,122.0,17.88888888888889,0.8747038635738109,0.3521399504835329,12875.0,39.0,0.0,542,A6,p99=800
123174.0,0.02006781090018189,1.9164610627353873,2.0417379446695296,0.02077548833357689,0.13244678260022408,135.0,56.111111111111114,0.8938200049709532,0.26786319282505705,8230.0,24.0,0.6694444444444444,542,B6,p99=800
123174.0,0.02006781090018189,1.7988709151287874,2.0417379446695296,0.01984996833747382,0.12137301703281536,123.0,47.55555555555556,0.8973788031372596,0.25203686554473903,7960.0,16.0,0.20833333333333334,542,B8,p99=800
123174.0,0.02006781090018189,1.6358745652400533,2.0417379446695296,0.026734538133047558,0.10092227255752026,116.0,22.11111111111111,0.8846674673282071,0.3002115824214656,9925.0,26.0,0.0,542,B12,p99=800
160218.0,0.02006781090018189,2.0417379446695296,2.2451739778971898,0.0765285423610331,0.29914709957682656,315.0,57.55555555555556,0.8896242755711481,0.2921728445294093,10875.0,28.0,0.0,543,A3,p99=800
160218.0,0.02006781090018189,1.7988709151287874,2.0417379446695296,0.04176809097604514,0.09654970103234344,119.0,28.11111111111111,0.8676381587803877,0.37861965296791256,17750.0,49.0,0.0,543,A6,p99=800
160218.0,0.02006781090018189,2.0417379446695296,2.3173946499684797,0.11022481868454231,0.2812293250446267,329.0,58.77777777777778,0.8895889606015525,0.2911642369470377,10970.0,36.0,0.8,543,B6,p99=800
160218.0,0.02006781090018189,2.0417379446695296,2.468880104906209,0.09169225680010985,0.2540991024728807,290.0,58.44444444444444,0.8867451892011594,0.2990314364379975,10880.0,34.0,0.825,543,B8,p99=800
160218.0,0.02006781090018189,2.0417379446695296,2.0417379446695296,0.08411664107653323,0.2089153528317667,250.0,51.22222222222222,0.8805613797671905,0.3260611086970431,12290.0,33.0,0.625,543,B12,p99=800
71262.0,0.02006781090018189,2.5482967479793466,2.9853826189179604,0.13754174735483146,0.23064887317223765,153.0,49.0,0.8492105100879743,0.3511857842647652,6120.0,11.0,0.0,544,A3,p99=800
71262.0,0.02006781090018189,2.3919384495683134,3.081413635333949,0.07278072464988353,0.22142937329853218,130.0,43.857142857142854,0.8146995570520537,0.4918869815742,10365.0,43.0,0.0,544,A6,p99=800
71262.0,0.02006781090018189,2.468880104906209,2.892344370499147,0.11179871460245291,0.21812466672279757,145.0,32.285714285714285,0.8477223912545238,0.35947923521730696,6590.0,20.0,0.5416666666666666,544,B6,p99=800
71262.0,0.02006781090018189,2.3173946499684797,2.892344370499147,0.08950422385001824,0.19781580646066627,132.0,41.857142857142854,0.8470547706807393,0.3615334137207405,6705.0,17.0,0.55,544,B8,p99=800
71262.0,0.02006781090018189,2.0417379446695296,2.892344370499147,0.13739440374954393,0.27376441862423173,175.0,46.285714285714285,0.8544084341472853,0.3398823736023827,6365.0,16.0,0.41388888888888886,544,B12,p99=800
81951.0,0.02006781090018189,2.0417379446695296,2.7148760106825023,0.06453246452148236,0.27157081670754474,173.0,37.666666666666664,0.8519295739548066,0.3672370715041029,7755.0,17.0,0.0,545,A3,p99=800
81951.0,0.02006781090018189,2.0417379446695296,3.4974378036641802,0.04562482459030396,0.2227306561237813,147.0,26.0,0.8387353868382499,0.447591989016531,12115.0,46.0,0.0,545,A6,p99=800
81951.0,0.02006781090018189,2.0417379446695296,2.1074146752966985,0.09145709021244403,0.2819245646788935,189.0,31.666666666666668,0.8533177836997731,0.36913914612176807,8110.0,21.0,0.7944444444444444,545,B6,p99=800
81951.0,0.02006781090018189,2.0417379446695296,2.1074146752966985,0.0996083025222389,0.2519188295444839,182.0,42.22222222222222,0.872643509073802,0.3160340420948054,7410.0,20.0,0.7027777777777777,545,B8,p99=800
81951.0,0.02006781090018189,2.0417379446695296,2.0417379446695296,0.06311393393613257,0.26740064184695733,178.0,42.22222222222222,0.8748154095500567,0.30968448990181086,7595.0,28.0,0.4027777777777778,545,B12,p99=800
32779.0,0.13412199354053708,2.0417379446695296,2.0417379446695296,0.15015711278562494,0.33256048079563133,107.0,45.833333333333336,0.8683849634519641,0.2818860757373214,3960.0,4.0,0.0,546,A3,p99=800
32779.0,0.02006781090018189,2.0417379446695296,2.0417379446695296,0.08005125232618444,0.23405228957564295,70.0,35.333333333333336,0.8360895615326334,0.37711524079815484,6505.0,28.0,0.0,546,A6,p99=800
32779.0,0.13412199354053708,2.0417379446695296,2.0417379446695296,0.15015711278562494,0.33256048079563133,107.0,39.333333333333336,0.857277179520393,0.31293575631457454,4685.0,16.0,0.23333333333333334,546,B6,p99=800
32779.0,0.02006781090018189,1.9781080029332403,2.0417379446695296,0.04253485463253913,0.15463406449251044,43.0,16.833333333333332,0.8374469744084515,0.3714490551255385,5825.0,15.0,0.09444444444444444,546,B8,p99=800
32779.0,0.13412199354053708,2.0417379446695296,2.0417379446695296,0.15015711278562494,0.33256048079563133,107.0,39.333333333333336,0.8451229685087772,0.34570112653750257,5275.0,19.0,0.2,546,B12,p99=800
100385.0,0.0390166519947627,2.0417379446695296,2.7148760106825023,0.14047168401653634,0.3347387557902077,269.0,71.77777777777777,0.8595109012012268,0.34608417603546326,7845.0,19.0,0.0,547,A3,p99=800
100385.0,0.02006781090018189,2.0417379446695296,2.892344370499147,0.08927628629775365,0.18650196742541217,154.0,25.88888888888889,0.8355068924188095,0.4391518906666094,13665.0,37.0,0.0,547,A6,p99=800
100385.0,0.02006781090018189,2.0417379446695296,2.0417379446695296,0.07009762414703392,0.2673930368082881,191.0,63.333333333333336,0.8606032355615062,0.3391840391401149,8020.0,19.0,0.5666666666666667,547,B6,p99=800
100385.0,0.02006781090018189,2.0417379446695296,2.0417379446695296,0.07246849628928624,0.28704736763460675,200.0,63.0,0.8494707468872617,0.3747709581211546,8615.0,23.0,0.6027777777777777,547,B8,p99=800
100385.0,0.02006781090018189,2.0417379446695296,2.0417379446695296,0.07612442097922996,0.26212332519798776,191.0,58.0,0.8570066203655673,0.34733410998245934,8170.0,20.0,0.5472222222222223,547,B12,p99=800
100100.0,0.02006781090018189,2.0417379446695296,2.6302679918953813,0.11047952047952048,0.27986013986013986,228.0,72.11111111111111,0.860664762765644,0.33781503804576535,7575.0,15.0,0.0,548,A3,p99=800
100100.0,0.02006781090018189,1.3963683610559376,2.0417379446695296,0.014825174825174826,0.09324675324675324,71.0,37.111111111111114,0.8360302544365148,0.4347535923030668,13620.0,37.0,0.0,548,A6,p99=800
100100.0,0.02006781090018189,2.0417379446695296,2.0417379446695296,0.044365634365634364,0.1875124875124875,138.0,60.0,0.8505597449584285,0.37360098648343776,9410.0,24.0,0.6138888888888889,548,B6,p99=800
100100.0,0.02006781090018189,2.0417379446695296,2.0417379446695296,0.08832167832167832,0.26729270729270727,197.0,74.44444444444444,0.8432055945960713,0.3816195884596122,8300.0,22.0,0.49444444444444446,548,B8,p99=800
100100.0,0.02006781090018189,2.0417379446695296,2.0417379446695296,0.04557442557442557,0.20397602397602396,141.0,65.11111111111111,0.8363251180930513,0.412217968966671,10035.0,26.0,0.4861111111111111,548,B12,p99=800
135735.0,0.02006781090018189,2.0417379446695296,2.0417379446695296,0.054923195933252296,0.24907356245625667,224.0,63.75,0.876332928400582,0.31516309274089144,9420.0,19.0,0.0,549,A3,p99=800
135735.0,0.02006781090018189,2.0417379446695296,2.1074146752966985,0.030434302132832356,0.12382952075735809,135.0,16.75,0.8491974419999014,0.4309880058664575,16070.0,49.0,0.0,549,A6,p99=800
135735.0,0.02006781090018189,2.0417379446695296,2.0417379446695296,0.06518952370427672,0.2830331159980845,259.0,63.916666666666664,0.8781597483560818,0.3124559335832911,9175.0,22.0,0.9,549,B6,p99=800
135735.0,0.02006781090018189,2.0417379446695296,2.0417379446695296,0.05378863226139168,0.26867057133384903,243.0,61.75,0.8811395334715507,0.2954317499543414,8655.0,18.0,0.7833333333333333,549,B8,p99=800
135735.0,0.02006781090018189,2.0417379446695296,2.2451739778971898,0.0918536118171437,0.26615279773087264,267.0,55.333333333333336,0.8658971970185658,0.3434501556473991,10010.0,32.0,0.5694444444444444,549,B12,p99=800
93900.0,0.02006781090018189,2.0417379446695296,2.468880104906209,0.13420127795527156,0.28193290734824283,229.0,67.6,0.8476987916035088,0.3656627241266083,7275.0,20.0,0.0,550,A3,p99=800
93900.0,0.02006781090018189,2.0417379446695296,2.1752040340195222,0.05822683706070288,0.20502129925452608,159.0,47.1,0.8204856125519004,0.48171493583983377,13585.0,38.0,0.0,550,A6,p99=800
93900.0,0.02006781090018189,2.0417379446695296,2.0417379446695296,0.09530617678381256,0.2399653887113951,211.0,69.6,0.8503114921101781,0.3620447201426988,8080.0,29.0,0.6194444444444445,550,B6,p99=800
93900.0,0.02006781090018189,2.0417379446695296,2.0417379446695296,0.10825612353567625,0.2455457933972311,207.0,69.7,0.8446665159986994,0.37938294967867653,7875.0,26.0,0.5555555555555556,550,B8,p99=800
93900.0,0.02006781090018189,2.0417379446695296,2.0417379446695296,0.08883919062832801,0.21348242811501597,187.0,53.8,0.8493784319109502,0.37383923838347266,9085.0,28.0,0.3638888888888889,550,B12,p99=800
104063.0,0.02006781090018189,1.9781080029332403,2.0417379446695296,0.03513256392762077,0.18688678973314243,147.0,71.18181818181819,0.9175989118730509,0.21311009359768024,7185.0,10.0,0.0,551,A3,p99=800
104063.0,0.02006781090018189,1.0839269140212038,2.0417379446695296,0.009448603249954354,0.07650894169877863,60.0,44.0,0.8981653767465763,0.2923640759686612,13880.0,40.0,0.0,551,A6,p99=800
104063.0,0.02006781090018189,2.0417379446695296,2.0417379446695296,0.03195179842979733,0.17478834936528834,134.0,81.54545454545455,0.9287830804539651,0.18454145634484379,7635.0,15.0,0.7694444444444445,551,B6,p99=800
104063.0,0.02006781090018189,2.0417379446695296,2.0417379446695296,0.040475481198889135,0.17520156059310227,144.0,86.54545454545455,0.9324010170391398,0.17256785041572117,6795.0,14.0,0.725,551,B8,p99=800
104063.0,0.02006781090018189,1.9781080029332403,2.0417379446695296,0.03473857182668191,0.1684075992427664,140.0,81.36363636363636,0.9287541108751108,0.183749759936373,7750.0,22.0,0.6,551,B12,p99=800
137610.0,0.02006781090018189,2.0417379446695296,2.0417379446695296,0.05497238572778141,0.21020456362182982,221.0,65.18181818181819,0.9569537396833179,0.13118362609436318,8250.0,18.0,0.0,552,A3,p99=800
137610.0,0.02006781090018189,0.9252306262333164,2.0417379446695296,0.008887435506140542,0.06601264442991062,63.0,14.727272727272727,0.9417562636624879,0.18812466241914283,14585.0,38.0,0.0,552,A6,p99=800
137610.0,0.02006781090018189,2.0417379446695296,2.0417379446695296,0.055655475619504395,0.21109839401206307,223.0,69.27272727272727,0.9561006864945533,0.13398083759442103,8395.0,20.0,0.9305555555555556,552,B6,p99=800
137610.0,0.02006781090018189,2.0417379446695296,2.0417379446695296,0.04884637744349975,0.2221223021582734,225.0,69.63636363636364,0.9587414708927067,0.12409554463024082,7900.0,18.0,0.9305555555555556,552,B8,p99=800
137610.0,0.02006781090018189,1.9164610627353873,2.0417379446695296,0.02472204054937868,0.10940338638180365,100.0,40.90909090909091,0.955068072614005,0.1409375831329444,10410.0,24.0,0.2861111111111111,552,B12,p99=800
141285.0,0.02006781090018189,1.8567353246307055,2.0417379446695296,0.02691722405067771,0.13539299996461054,140.0,67.11111111111111,0.9678055643597575,0.1055724060358036,8880.0,16.0,0.0,553,A3,p99=800
141285.0,0.02006781090018189,1.1187936686591167,2.0417379446695296,0.010071840605867573,0.0778285026719043,80.0,26.11111111111111,0.9510641016958872,0.1618014110804593,14715.0,40.0,0.0,553,A6,p99=800
141285.0,0.02006781090018189,1.6358745652400533,2.0417379446695296,0.021594649113494003,0.1405810949499239,152.0,61.22222222222222,0.9664363745860315,0.10899548529267124,9005.0,19.0,0.9305555555555556,553,B6,p99=800
141285.0,0.02006781090018189,1.584893192461114,2.0417379446695296,0.0215875712212903,0.13702091517146195,148.0,61.333333333333336,0.965633003880181,0.1134850802314001,9440.0,21.0,0.7888888888888889,553,B8,p99=800
141285.0,0.02006781090018189,1.3106900423660772,2.0417379446695296,0.016994019181087873,0.10959408288211771,108.0,35.111111111111114,0.9637487524622366,0.11882376284047948,10220.0,21.0,0.28888888888888886,553,B12,p99=800
196933.0,0.02006781090018189,1.742809826672464,2.0417379446695296,0.015448147339450474,0.11580969162100815,146.0,68.83333333333333,0.9616252277168044,0.11749080869479073,10830.0,20.0,0.0,554,A3,p99=800
196933.0,0.02006781090018189,0.03548133892335755,0.44668359215096304,0.0015284386060233684,0.009576861165980308,10.0,20.5,0.9445821654316793,0.18106218107210983,17355.0,47.0,0.0,554,A6,p99=800
196933.0,0.02006781090018189,2.0417379446695296,2.0417379446695296,0.031014355136010724,0.19339699288590537,261.0,100.66666666666667,0.9627777128091365,0.11428286394827473,11250.0,30.0,0.75,554,B6,p99=800
196933.0,0.02006781090018189,2.0417379446695296,2.3919384495683134,0.04426124621064017,0.20034986518257478,291.0,82.5,0.964568864778288,0.11136224304010688,10680.0,26.0,0.5111111111111111,554,B8,p99=800
196933.0,0.02006781090018189,1.1547819846894583,2.0417379446695296,0.009853605033183875,0.08141093671451712,116.0,57.0,0.9617778428101734,0.12503594006875682,13105.0,23.0,0.14166666666666666,554,B12,p99=800
263967.0,0.02006781090018189,0.8684603593990751,2.0417379446695296,0.003970193243852452,0.0737175480268367,116.0,64.33333333333333,0.9858781813400338,0.060706725132136284,13245.0,23.0,0.0,555,A3,p99=800
263967.0,0.02006781090018189,0.026683942737144424,0.15712670380639343,0.0,0.0022427045804968046,14.0,14.0,0.9755891095844647,0.10097278081923068,20875.0,39.0,0.0,555,A6,p99=800
263967.0,0.02006781090018189,1.4412854420872234,2.0417379446695296,0.011696537824803859,0.11653161190603371,183.0,46.333333333333336,0.9846590576345378,0.06409995955109182,12405.0,27.0,0.6472222222222223,555,B6,p99=800
263967.0,0.02006781090018189,0.1899984246214733,1.0174193661806046,0.0,0.022813457742823912,28.0,28.333333333333332,0.9880900861229568,0.056114531033397905,13055.0,14.0,0.0,555,B8,p99=800
263967.0,0.02006781090018189,0.06683439175686146,0.7413102413009177,0.0008220724560267003,0.015054912167051184,26.0,20.0,0.9846051174838374,0.07209873326480618,15095.0,28.0,0.0,555,B12,p99=800
377989.0,0.02006781090018189,0.6531305526474723,2.0417379446695296,0.02724087208887031,0.05459219712742963,73.0,1.0,0.9972339790730168,0.028049155973198632,16170.0,12.0,0.0,556,A3,p99=800
377989.0,0.02006781090018189,0.1673978978860472,2.3173946499684797,0.008933461026643632,0.04274793710928096,32.0,0.0,0.9877631269340236,0.06285258349707717,25890.0,44.0,0.0,556,A6,p99=800
377989.0,0.02006781090018189,0.7182076058301705,2.0417379446695296,0.04999087275026522,0.05847524663416131,108.0,1.0,0.9929004720737161,0.04302795084460809,18220.0,39.0,0.04722222222222222,556,B6,p99=800
377989.0,0.02006781090018189,0.8413951416451951,2.0417379446695296,0.022982150274214328,0.06821627084386053,74.0,1.0,0.9944902139173698,0.03987780760914471,17080.0,32.0,0.05277777777777778,556,B8,p99=800
377989.0,0.02006781090018189,0.5754399373371569,2.3919384495683134,0.034774821489514246,0.050539830524168695,68.0,1.0,0.9942646526127683,0.041250312681477844,19470.0,29.0,0.041666666666666664,556,B12,p99=800
330515.0,0.02006781090018189,0.33593093598651524,1.4876473740795015,0.00019968836512715006,0.03658230337503593,57.0,54.0,0.9956231876404826,0.03481538414073767,15420.0,15.0,0.0,557,A3,p99=800
330515.0,0.02006781090018189,0.021379620895022326,0.08081649291125372,0.0,1.8153487738831823e-05,0.0,2.0,0.9862201969351655,0.06846134335635157,23860.0,46.0,0.0,557,A6,p99=800
330515.0,0.02006781090018189,1.742809826672464,2.0417379446695296,0.050286673827209055,0.07664553802399286,165.0,117.0,0.9921297346480922,0.0477321670165805,15995.0,43.0,0.24166666666666667,557,B6,p99=800
330515.0,0.02006781090018189,0.15222991328804203,1.2698429144338064,0.0007412674160022994,0.024029166603633724,28.0,26.0,0.9957871280970609,0.036168371092451475,15670.0,28.0,0.0,557,B8,p99=800
330515.0,0.02006781090018189,0.2867477375581316,2.0417379446695296,0.015270108769647368,0.037859098679333764,59.0,25.0,0.9940200981582594,0.044560380105832374,17810.0,32.0,0.0,557,B12,p99=800
438083.0,0.02006781090018189,1.0501467677660838,2.0417379446695296,0.003199165454948035,0.08570636157988326,110.0,38.333333333333336,0.9942146663832465,0.0366170461687941,19320.0,22.0,0.0,558,A3,p99=800
438083.0,0.02006781090018189,0.0220673406908459,0.06077850313707005,0.0,0.0017599404679022011,16.0,0.3333333333333333,0.9858351025943984,0.0686115914989812,31415.0,44.0,0.0,558,A6,p99=800
438083.0,0.02006781090018189,0.557506583166466,1.9164610627353873,0.006756710486369021,0.05311322283676838,79.0,40.333333333333336,0.992701692475019,0.0436464086235329,20610.0,42.0,0.0,558,B6,p99=800
438083.0,0.02006781090018189,0.5939501549952435,1.3963683610559376,2.9674742000945025e-05,0.056432228595951,61.0,17.333333333333332,0.9950737111496998,0.03799619144202592,19010.0,34.0,0.0,558,B8,p99=800
438083.0,0.02006781090018189,0.12994213556374826,1.0174193661806046,0.006727035744368076,0.023296955143203457,49.0,2.6666666666666665,0.9936296351118612,0.044528096926972106,22825.0,33.0,0.0,558,B12,p99=800
464540.0,0.02006781090018189,0.15222991328804203,0.8684603593990751,0.0,0.021012184096095062,48.0,,0.9958788579329896,0.03182953399822869,19515.0,18.0,0.0,559,A3,p99=800
464540.0,0.02006781090018189,0.02006781090018189,0.06077850313707005,0.0,0.0005403194558057433,7.0,,0.9911757294127846,0.05154681388628193,30205.0,31.0,0.0,559,A6,p99=800
464540.0,0.02006781090018189,0.2778113596642536,2.0417379446695296,0.005327851207646274,0.03889008481508589,82.0,,0.9961945113427729,0.031986139910606864,20035.0,28.0,0.0,559,B6,p99=800
464540.0,0.02006781090018189,0.0588843655355589,0.9549925860214359,0.0,0.022299479054548585,30.0,,0.9968031446213597,0.029096172887984675,19475.0,20.0,0.0,559,B8,p99=800
464540.0,0.02006781090018189,0.02006781090018189,1.2698429144338064,0.004673440392646489,0.011557669953071855,37.0,,0.9966358671188075,0.031478611455867,21460.0,20.0,0.0,559,B12,p99=800
505095.0,0.02006781090018189,1.2302687708123812,2.0417379446695296,0.04404517961967551,0.06951167602134252,81.0,58.0,0.9948941296259468,0.03425910006504732,22140.0,13.0,0.0,560,A3,p99=800
505095.0,0.02006781090018189,1.2302687708123812,2.0417379446695296,0.02579118779635514,0.059038398717073025,54.0,3.0,0.9834584203925927,0.07681476615424569,37155.0,43.0,0.0,560,A6,p99=800
505095.0,0.02006781090018189,1.3528511027866506,2.0417379446695296,0.06782684445500352,0.07646284362347677,123.0,58.0,0.9909060086049039,0.05217103601369404,25280.0,53.0,0.0,560,B6,p99=800
505095.0,0.02006781090018189,1.4876473740795015,2.0417379446695296,0.044386699531771254,0.07795860184717726,84.0,58.0,0.9950671309271772,0.0381556963373058,23170.0,38.0,0.0,560,B8,p99=800
505095.0,0.02006781090018189,1.584893192461114,2.0417379446695296,0.05727981864797711,0.06612270958928518,101.0,7.5,0.9922456761989423,0.05164635452680337,29130.0,43.0,0.0,560,B12,p99=800
386519.0,0.02006781090018189,1.191927939457827,2.0417379446695296,0.01668934774228434,0.08218030678957568,96.0,36.4,0.9958610174339444,0.03219265513759064,17220.0,14.0,0.0,561,A3,p99=800
386519.0,0.02006781090018189,0.1428893958511103,1.9164610627353873,0.0026260028614376006,0.02893518817962377,41.0,7.8,0.9857484461205674,0.07052154670978768,30785.0,48.0,0.0,561,A6,p99=800
386519.0,0.02006781090018189,1.4412854420872234,2.0417379446695296,0.03652860532082511,0.0919463208794393,155.0,32.8,0.9911429181725311,0.04936114428583731,22070.0,43.0,0.08611111111111111,561,B6,p99=800
386519.0,0.02006781090018189,1.3106900423660772,2.0417379446695296,0.015034189781097437,0.09136420201852949,102.0,32.0,0.9925579364122359,0.04411580449346344,19205.0,44.0,0.0,561,B8,p99=800
386519.0,0.02006781090018189,1.1187936686591167,2.0417379446695296,0.011318977851024141,0.07389804899629772,101.0,7.4,0.9923080867400991,0.048852773512536946,23875.0,34.0,0.0,561,B12,p99=800
478357.0,0.02006781090018189,0.40620942890585726,2.0417379446695296,0.00640107701988264,0.04570644936731354,49.0,43.0,0.9945980880422529,0.03491456758149669,21000.0,12.0,0.0,562,A3,p99=800
478357.0,0.02006781090018189,0.03548133892335755,1.9781080029332403,0.014875919031183822,0.02167000796476272,35.0,25.0,0.9870642164566564,0.06465917205501101,32520.0,42.0,0.0,562,A6,p99=800
478357.0,0.02006781090018189,0.2959715725594465,2.0417379446695296,0.0376873339367878,0.03963357910514532,89.0,78.0,0.9917440636167953,0.046137769584005894,22490.0,41.0,0.225,562,B6,p99=800
478357.0,0.02006781090018189,0.5232991146814947,2.0417379446695296,0.012131107102017948,0.05003585188468027,66.0,38.0,0.9930329724511282,0.04273915321982783,21700.0,37.0,0.041666666666666664,562,B8,p99=800
478357.0,0.02006781090018189,0.1673978978860472,2.0417379446695296,0.027847402672062916,0.0348672644071269,65.0,22.0,0.9936579783034439,0.04300848552582796,25945.0,31.0,0.0,562,B12,p99=800
359629.0,0.02006781090018189,0.15712670380639343,1.4412854420872234,0.0005561286770532966,0.02918841361514227,65.0,21.0,0.9948337542612402,0.03598903298401928,16740.0,16.0,0.0,563,A3,p99=800
359629.0,0.02006781090018189,0.026683942737144424,0.3935500754557774,0.0,0.007927614291394743,22.0,6.0,0.9825409199872864,0.07860599626381189,25905.0,51.0,0.0,563,A6,p99=800
359629.0,0.02006781090018189,1.1547819846894583,2.0417379446695296,0.02182805057434189,0.07326161127161603,133.0,19.5,0.9919820683245125,0.04903027126060939,17290.0,49.0,0.0,563,B6,p99=800
359629.0,0.02006781090018189,0.05354883169202962,0.6531305526474723,0.0,0.01216809545392613,17.0,16.5,0.9949535560391165,0.039323635540618865,16640.0,27.0,0.0,563,B8,p99=800
359629.0,0.02006781090018189,0.03126079367123956,2.0417379446695296,0.013747500896757492,0.026924969899535356,56.0,6.5,0.9948684916850395,0.04117738063333867,18970.0,31.0,0.0,563,B12,p99=800
255119.0,0.02006781090018189,2.0417379446695296,2.0417379446695296,0.038895574222225705,0.11190856031891,106.0,42.333333333333336,0.989339191366435,0.053862162999609955,13980.0,20.0,0.0,564,A3,p99=800
255119.0,0.02006781090018189,0.43276287768448307,2.0417379446695296,0.0060383585699222714,0.04681932745111105,46.0,20.5,0.981056915676915,0.08281029943455599,20675.0,47.0,0.0,564,A6,p99=800
255119.0,0.02006781090018189,1.5355006336570662,2.0417379446695296,0.02253262203128736,0.11782540696694484,143.0,60.333333333333336,0.9878239484668077,0.06140034905802122,14140.0,45.0,0.0,564,B6,p99=800
255119.0,0.02006781090018189,1.1187936686591167,2.0417379446695296,0.01578871036653483,0.10132134415704044,73.0,25.666666666666668,0.9920003594119506,0.04844279552646395,13430.0,20.0,0.0,564,B8,p99=800
255119.0,0.02006781090018189,1.191927939457827,2.0417379446695296,0.015894543330759372,0.09931443757618993,110.0,31.333333333333332,0.9885583239910763,0.05975121560818854,14710.0,30.0,0.06666666666666667,564,B12,p99=800
148488.0,0.02006781090018189,2.0417379446695296,2.0417379446695296,0.09262364635526103,0.1451464091374387,174.0,56.8,0.957263329764035,0.13218795588674104,9030.0,17.0,0.0,565,A3,p99=800
148488.0,0.02006781090018189,1.9781080029332403,2.6302679918953813,0.031150665373632886,0.10535194763213189,83.0,20.8,0.9387651238535891,0.20251507483254927,16115.0,49.0,0.0,565,A6,p99=800
148488.0,0.02006781090018189,2.0417379446695296,2.0417379446695296,0.0967384569796886,0.16094566564301493,186.0,56.9,0.9551469130346867,0.13778460182175248,9610.0,21.0,0.8,565,B6,p99=800
148488.0,0.02006781090018189,2.0417379446695296,2.0417379446695296,0.06853920855557351,0.1776827083670061,167.0,52.0,0.957480291095389,0.1323561599417331,9820.0,21.0,0.46944444444444444,565,B8,p99=800
148488.0,0.02006781090018189,1.584893192461114,2.0417379446695296,0.04729675125262647,0.09229702063466408,112.0,49.6,0.9492457810859803,0.16292457137175176,11840.0,32.0,0.14166666666666666,565,B12,p99=800
189374.0,0.02006781090018189,2.0417379446695296,2.0417379446695296,0.05947622165661601,0.14012351220336478,181.0,54.857142857142854,0.9851492746913664,0.06574358293368492,10860.0,20.0,0.0,566,A3,p99=800
189374.0,0.02006781090018189,1.191927939457827,2.5482967479793466,0.0188608256677263,0.0789509119520103,70.0,27.428571428571427,0.9697382745022846,0.1165041393033296,18980.0,48.0,0.0,566,A6,p99=800
189374.0,0.02006781090018189,2.0417379446695296,2.0417379446695296,0.09853517378309588,0.15519025843040754,227.0,71.85714285714286,0.9808462992579068,0.07479472234728357,11480.0,31.0,0.8027777777777778,566,B6,p99=800
189374.0,0.02006781090018189,1.9164610627353873,2.0417379446695296,0.04749332009673978,0.11892868081151584,98.0,63.714285714285715,0.9817706403296277,0.07577573478591251,11370.0,21.0,0.38333333333333336,566,B8,p99=800
189374.0,0.02006781090018189,1.9781080029332403,2.7148760106825023,0.059857741823059134,0.09608235555039235,100.0,22.0,0.9807922989913916,0.08135194769007767,14590.0,28.0,0.13333333333333333,566,B12,p99=800
229354.0,0.02006781090018189,2.0417379446695296,2.468880104906209,0.09377207286552665,0.20453534710534807,211.0,78.66666666666667,0.9696097111826729,0.10255799563656419,11895.0,20.0,0.0,567,A3,p99=800
229354.0,0.02006781090018189,0.985711900900616,2.0417379446695296,0.024937432963889884,0.05701448415985769,55.0,38.44444444444444,0.9534464908010093,0.16174892274870906,20670.0,43.0,0.0,567,A6,p99=800
229354.0,0.02006781090018189,2.0417379446695296,2.468880104906209,0.09404675741430278,0.19922041909014013,204.0,81.55555555555556,0.9654105419608308,0.1153281347272426,12590.0,30.0,0.7222222222222222,567,B6,p99=800
229354.0,0.02006781090018189,2.0417379446695296,2.6302679918953813,0.13090680781673744,0.1962206894146167,207.0,78.33333333333333,0.9670779459116561,0.11032667118306001,11895.0,27.0,0.7055555555555556,567,B8,p99=800
229354.0,0.02006781090018189,0.5232991146814947,2.0417379446695296,0.016197668233385944,0.049722263400681914,45.0,51.0,0.9647234153444305,0.12239098535885677,15645.0,25.0,0.13333333333333333,567,B12,p99=800
199753.0,0.02006781090018189,1.9164610627353873,2.0417379446695296,0.07820533358697992,0.11694067172958604,150.0,56.5,0.9658728759529567,0.1074816043952806,10635.0,20.0,0.0,568,A3,p99=800
199753.0,0.02006781090018189,1.6358745652400533,2.892344370499147,0.05673006162610825,0.06836943625377341,70.0,21.75,0.9516709022475532,0.15583780732949795,17275.0,33.0,0.0,568,A6,p99=800
199753.0,0.02006781090018189,2.0417379446695296,2.0417379446695296,0.0962163271640476,0.14130200797985512,219.0,63.625,0.9593106643290731,0.1267498738879132,11910.0,26.0,0.6916666666666667,568,B6,p99=800
199753.0,0.02006781090018189,2.0417379446695296,2.3919384495683134,0.08533789229698678,0.16503131367238538,244.0,62.375,0.9599075004031455,0.1277267201954435,11750.0,27.0,0.5416666666666666,568,B8,p99=800
199753.0,0.02006781090018189,2.0417379446695296,2.7148760106825023,0.0669151401981447,0.12491176603104834,163.0,43.125,0.954258687628146,0.14820843296996694,15040.0,28.0,0.19722222222222222,568,B12,p99=800
122440.0,0.02006781090018189,1.6884958594867534,2.0417379446695296,0.030945769356419472,0.1034547533485789,92.0,50.4,0.9214686978713461,0.21714278996700684,8685.0,16.0,0.0,569,A3,p99=800
122440.0,0.02006781090018189,2.0417379446695296,2.0417379446695296,0.037544919960797125,0.21421920940868996,215.0,28.6,0.9109689386315306,0.2625937031467344,13520.0,57.0,0.0,569,A6,p99=800
122440.0,0.02006781090018189,2.0417379446695296,2.0417379446695296,0.055235217249264945,0.25541489709245346,271.0,47.0,0.9287229849354066,0.19703567948013687,8810.0,45.0,0.0,569,B6,p99=800
122440.0,0.02006781090018189,2.0417379446695296,2.0417379446695296,0.0288937438745508,0.14667796471741262,134.0,35.8,0.9213866937332634,0.21707099423758974,9370.0,14.0,0.09166666666666666,569,B8,p99=800
122440.0,0.02006781090018189,2.0417379446695296,2.0417379446695296,0.055641538712838945,0.2296002123489056,235.0,38.3,0.9218390078668706,0.2191501471934445,10000.0,37.0,0.06111111111111111,569,B12,p99=800
123832.0,0.02006781090018189,2.0417379446695296,2.0417379446695296,0.14516037857742747,0.25736885457716907,186.0,68.18181818181819,0.8997319009785036,0.25910478897231165,8835.0,15.0,0.0,570,A3,p99=800
123832.0,0.02006781090018189,1.8567353246307055,3.1805336883295205,0.060259060662833513,0.15617126429355901,107.0,71.0,0.866964282399257,0.3874322342962042,16735.0,56.0,0.0,570,A6,p99=800
123832.0,0.02006781090018189,2.0417379446695296,2.0417379446695296,0.16458185283287033,0.2702895858905614,232.0,78.27272727272727,0.8799509823067632,0.3387825168951455,11685.0,30.0,0.7138888888888889,570,B6,p99=800
123832.0,0.02006781090018189,2.0417379446695296,2.0417379446695296,0.16387726920343693,0.26540595322695265,217.0,78.36363636363636,0.9017774908312044,0.25693223106233337,9080.0,19.0,0.8388888888888889,570,B8,p99=800
123832.0,0.02006781090018189,2.0417379446695296,2.0417379446695296,0.06358614897603204,0.16872052458169132,139.0,54.18181818181818,0.8760801445996335,0.350421248983904,13130.0,23.0,0.7472222222222222,570,B12,p99=800
89030.0,0.02006781090018189,2.0417379446695296,2.0417379446695296,0.23999494552398068,0.20616926878580255,168.0,43.875,0.9248222099221526,0.1957436536135581,6285.0,17.0,0.0,571,A3,p99=800
89030.0,0.02006781090018189,2.0417379446695296,2.0417379446695296,0.19536673031562396,0.1060597551387173,77.0,17.75,0.9096857470342716,0.25755837015046656,10075.0,38.0,0.0,571,A6,p99=800
89030.0,0.02006781090018189,2.0417379446695296,2.0417379446695296,0.21897113332584522,0.18061327642367742,132.0,35.5,0.9111794442703159,0.24539702445131342,13300.0,24.0,0.41944444444444445,571,B6,p99=800
89030.0,0.02006781090018189,2.0417379446695296,2.0417379446695296,0.22549702347523307,0.1801752218353364,146.0,43.25,0.9178421965838015,0.22452137487427365,8755.0,19.0,0.4444444444444444,571,B8,p99=800
89030.0,0.02006781090018189,2.0417379446695296,2.0417379446695296,0.21101875772211615,0.10648096147366057,83.0,33.0,0.9213162461822566,0.21896436698861388,13040.0,19.0,0.3527777777777778,571,B12,p99=800
27967.0,0.02006781090018189,1.2698429144338064,2.0417379446695296,0.009153645367754855,0.08899774734508528,19.0,2.0,0.9075172061618515,0.2164914671820944,4590.0,4.0,0.0,572,A3,p99=800
27967.0,0.02006781090018189,0.8413951416451951,1.0839269140212038,0.0,0.08481424536060357,17.0,2.0,0.8974184896266919,0.24436047506980246,5425.0,17.0,0.0,572,A6,p99=800
27967.0,0.02006781090018189,1.1187936686591167,2.0417379446695296,0.03775878714198877,0.13512353845603747,34.0,2.0,0.9112863831013766,0.20266638654910948,4110.0,10.0,0.0,572,B6,p99=800
27967.0,0.02006781090018189,0.8963961859499497,2.0417379446695296,0.009153645367754855,0.07094075160010012,13.0,2.0,0.9058554893579644,0.22224730982457813,4860.0,9.0,0.05277777777777778,572,B8,p99=800
27967.0,0.02006781090018189,1.1187936686591167,2.0417379446695296,0.03775878714198877,0.13512353845603747,34.0,2.0,0.9030699480697244,0.2288029064034437,4900.0,11.0,0.0,572,B12,p99=800
20607.0,0.02006781090018189,1.5355006336570662,2.0417379446695296,0.026641432522929102,0.11103023244528558,25.0,3.3333333333333335,0.8948358865055809,0.22997757554393325,3735.0,2.0,0.0,573,A3,p99=800
20607.0,0.02006781090018189,1.5355006336570662,2.0417379446695296,0.026641432522929102,0.11103023244528558,25.0,3.3333333333333335,0.885807260077803,0.25433928781389253,4235.0,10.0,0.0,573,A6,p99=800
20607.0,0.02006781090018189,1.5355006336570662,2.0417379446695296,0.026641432522929102,0.11103023244528558,25.0,3.3333333333333335,0.8898982431395207,0.2427483286035333,3995.0,9.0,0.0,573,B6,p99=800
20607.0,0.02006781090018189,1.5355006336570662,2.0417379446695296,0.026641432522929102,0.11103023244528558,25.0,3.3333333333333335,0.8826146276760956,0.26148239609440593,4335.0,10.0,0.030555555555555555,573,B8,p99=800
20607.0,0.02006781090018189,1.5355006336570662,2.0417379446695296,0.026641432522929102,0.11103023244528558,25.0,3.3333333333333335,0.8848535511566147,0.2555393879137726,4145.0,9.0,0.0,573,B12,p99=800
38798.0,0.02006781090018189,2.0417379446695296,2.0417379446695296,0.18727125109541728,0.28107763286767357,105.0,77.16666666666667,0.8838019120876455,0.25780849978802545,4275.0,6.0,0.0,574,A3,p99=800
38798.0,0.02006781090018189,2.0417379446695296,2.1752040340195222,0.10258260735089438,0.25351822258879325,80.0,69.16666666666667,0.8585081175755064,0.3471809673910653,6895.0,24.0,0.0,574,A6,p99=800
38798.0,0.025852348395621914,2.0417379446695296,2.0417379446695296,0.13972369709778854,0.31362441362956855,106.0,77.16666666666667,0.8761322584705543,0.28162679862736295,5270.0,16.0,0.2638888888888889,574,B6,p99=800
38798.0,0.02006781090018189,2.0417379446695296,4.365158322401661,0.16395175009021085,0.26310634568792207,96.0,77.83333333333333,0.8677407616071181,0.30539405215848553,5570.0,23.0,0.19722222222222222,574,B8,p99=800
38798.0,0.026683942737144424,2.0417379446695296,5.804301988538248,0.16777926697252435,0.30995154389401514,120.0,77.83333333333333,0.8691789864999375,0.3057759440932259,5740.0,18.0,0.24166666666666667,574,B12,p99=800
50271.0,0.0518800038928961,2.0417379446695296,2.0417379446695296,0.3513556523641861,0.270056294881741,133.0,35.5,0.8768024842633053,0.2744252190977067,4605.0,10.0,0.0,575,A3,p99=800
50271.0,0.02006781090018189,2.0417379446695296,4.097321098135414,0.34501004555310216,0.23488691293190905,115.0,35.0,0.8555045754521062,0.3383613100635509,6190.0,25.0,0.0,575,A6,p99=800
50271.0,0.021379620895022326,2.0417379446695296,2.0417379446695296,0.33862465437329675,0.22504028167333054,113.0,30.5,0.8413994375918441,0.4336199830258243,10715.0,22.0,0.39166666666666666,575,B6,p99=800
50271.0,0.02006781090018189,2.0417379446695296,2.0417379446695296,0.3122675100952836,0.24304270851982257,111.0,31.666666666666668,0.8515529854948145,0.36168071411715075,6995.0,16.0,0.4361111111111111,575,B8,p99=800
50271.0,0.02006781090018189,2.0417379446695296,2.0417379446695296,0.32662966720375564,0.20856955302261743,103.0,17.5,0.8233098945531282,0.4973398310143648,13060.0,19.0,0.34444444444444444,575,B12,p99=800
22962.0,0.02006781090018189,2.0417379446695296,2.0417379446695296,0.10495601428446999,0.21627035972476266,47.0,14.5,0.874454659350579,0.27396253230374573,4035.0,3.0,0.0,576,A3,p99=800
22962.0,0.02006781090018189,2.0417379446695296,2.0417379446695296,0.07255465551781204,0.2038149986934936,38.0,3.6666666666666665,0.8478621056383566,0.342754614972858,5320.0,20.0,0.0,576,A6,p99=800
22962.0,0.02006781090018189,2.0417379446695296,2.0417379446695296,0.10312690532183608,0.19079348488807596,41.0,4.5,0.8649222185305075,0.2948418293032853,4465.0,16.0,0.0,576,B6,p99=800
22962.0,0.02006781090018189,2.0417379446695296,2.0417379446695296,0.058662137444473475,0.2042940510408501,37.0,4.5,0.8453833532200112,0.35113810377947463,5510.0,19.0,0.022222222222222223,576,B8,p99=800
22962.0,0.02006781090018189,2.0417379446695296,2.0417379446695296,0.10312690532183608,0.19079348488807596,41.0,4.5,0.8503884200252171,0.3363277144992622,5360.0,17.0,0.013888888888888888,576,B12,p99=800
21802.0,0.02006781090018189,2.0417379446695296,2.0417379446695296,0.09609210164205119,0.22837354371158608,54.0,24.166666666666668,0.8788372957710259,0.2601619966715183,3735.0,2.0,0.0,577,A3,p99=800
21802.0,0.02006781090018189,1.9164610627353873,2.0417379446695296,0.07783689569764242,0.19690854050087148,43.0,3.3333333333333335,0.8415450178227464,0.35119687867840627,5200.0,23.0,0.0,577,A6,p99=800
21802.0,0.02006781090018189,2.0417379446695296,2.0417379446695296,0.09256031556737913,0.1914503256581965,44.0,4.166666666666667,0.8519688947517354,0.32635261362745016,4780.0,19.0,0.0,577,B6,p99=800
21802.0,0.02006781090018189,1.6358745652400533,2.0417379446695296,0.03985872855701312,0.1702596092101642,31.0,4.166666666666667,0.8368932792152994,0.3632331219843105,5120.0,18.0,0.041666666666666664,577,B8,p99=800
21802.0,0.02006781090018189,2.0417379446695296,2.0417379446695296,0.09256031556737913,0.1914503256581965,44.0,4.166666666666667,0.8413057037818855,0.35319960346435675,5180.0,19.0,0.0,577,B12,p99=800
40607.0,0.2225871044793004,2.1074146752966985,4.365158322401661,0.35545595586967765,0.2927574063585096,74.0,4.0,0.8602408975105825,0.31813410717583956,4695.0,3.0,0.0,578,A3,p99=800
40607.0,0.33593093598651524,2.6302679918953813,3.8459178204535354,0.22951707833624743,0.3741719407983845,61.0,4.0,0.8397847619984938,0.3806776263239763,6725.0,16.0,0.0,578,A6,p99=800
40607.0,0.026683942737144424,2.0417379446695296,2.0417379446695296,0.4096338069790923,0.23892432339251854,74.0,4.4,0.8522909025046882,0.35307673798988054,6320.0,15.0,0.041666666666666664,578,B6,p99=800
40607.0,0.8963961859499497,2.2451739778971898,2.7148760106825023,0.20528480311276381,0.42687221415026966,72.0,3.8,0.8521157343994561,0.3417112373604488,5580.0,13.0,0.044444444444444446,578,B8,p99=800
40607.0,0.8151734005153627,2.468880104906209,2.892344370499147,0.18699362178934667,0.4480200458049105,73.0,3.8,0.8457692605294665,0.3705814248222469,6790.0,15.0,0.05277777777777778,578,B12,p99=800
24361.0,0.02006781090018189,1.742809826672464,2.0417379446695296,0.028898649480727394,0.1414556052707196,39.0,6.0,0.8824162293493044,0.2562576009354858,4005.0,4.0,0.0,579,A3,p99=800
24361.0,0.02006781090018189,1.742809826672464,2.0417379446695296,0.028898649480727394,0.1375148803415295,34.0,6.0,0.871834530432189,0.2864612918796296,4870.0,18.0,0.0,579,A6,p99=800
24361.0,0.02006781090018189,1.742809826672464,2.0417379446695296,0.028898649480727394,0.13788432330364106,34.0,6.0,0.8787586101373404,0.2677070587576183,4355.0,16.0,0.09444444444444444,579,B6,p99=800
24361.0,0.02006781090018189,1.742809826672464,2.0417379446695296,0.028898649480727394,0.13652969910923196,33.0,6.0,0.8702143130245064,0.29031457185813436,4855.0,12.0,0.044444444444444446,579,B8,p99=800
24361.0,0.02006781090018189,1.742809826672464,2.0417379446695296,0.028898649480727394,0.13788432330364106,34.0,6.0,0.8736705583240638,0.27990155281436163,4565.0,14.0,0.0,579,B12,p99=800
19753.0,0.02006781090018189,1.6884958594867534,2.0417379446695296,0.012251303599453247,0.14939502860325013,22.0,3.5,0.8722599971265496,0.28347738603313244,4230.0,2.0,0.0,580,A3,p99=800
19753.0,0.02006781090018189,1.2698429144338064,1.7988709151287874,0.002835012403179264,0.131271199311497,20.0,3.5,0.8653081216336045,0.3026276895882404,4835.0,16.0,0.0,580,A6,p99=800
19753.0,0.02006781090018189,1.8567353246307055,2.0417379446695296,0.03619703336202096,0.18331392699843063,29.0,3.5,0.8769152054728809,0.26978201182118916,4270.0,9.0,0.011111111111111112,580,B6,p99=800
19753.0,0.02006781090018189,1.6884958594867534,2.0417379446695296,0.012251303599453247,0.14939502860325013,22.0,3.5,0.8674229284199418,0.3010809198010853,4745.0,12.0,0.05,580,B8,p99=800
19753.0,0.02006781090018189,1.8567353246307055,2.0417379446695296,0.03619703336202096,0.18331392699843063,29.0,3.5,0.867819964305271,0.29640420555304814,4550.0,10.0,0.022222222222222223,580,B12,p99=800
26967.0,0.02006781090018189,1.6884958594867534,2.0417379446695296,0.023250639670708645,0.15544925279044758,45.0,4.0,0.9235689543294565,0.17420516013748,3735.0,2.0,0.0,581,A3,p99=800
26967.0,0.02006781090018189,1.6358745652400533,2.0417379446695296,0.023250639670708645,0.13650016687061964,39.0,4.0,0.9105958431606584,0.20887664208506487,4620.0,16.0,0.0,581,A6,p99=800
26967.0,0.02006781090018189,1.6884958594867534,2.0417379446695296,0.023250639670708645,0.15544925279044758,45.0,4.0,0.9151764076602285,0.19697479510011298,4330.0,13.0,0.0,581,B6,p99=800
26967.0,0.02006781090018189,1.6884958594867534,2.0417379446695296,0.023250639670708645,0.15544925279044758,45.0,4.0,0.9117417348861125,0.20691779311513323,4560.0,13.0,0.0,581,B8,p99=800
26967.0,0.02006781090018189,1.6884958594867534,2.0417379446695296,0.023250639670708645,0.15544925279044758,45.0,4.0,0.9076547349269944,0.215978139254938,4605.0,13.0,0.0,581,B12,p99=800
45917.0,0.02006781090018189,2.0417379446695296,2.0417379446695296,0.1788879935535858,0.2419800945183701,110.0,40.625,0.9106745590874196,0.20268219767289963,4155.0,5.0,0.0,582,A3,p99=800
45917.0,0.02006781090018189,2.0417379446695296,2.0417379446695296,0.10512446370625259,0.17856131715922208,74.0,39.875,0.875664672205168,0.31123752615523187,7710.0,28.0,0.0,582,A6,p99=800
45917.0,0.02006781090018189,2.0417379446695296,2.0417379446695296,0.17505499052638457,0.24829583814273581,111.0,40.0,0.8900396498894717,0.2587086199918393,5710.0,25.0,0.18055555555555555,582,B6,p99=800
45917.0,0.02006781090018189,2.0417379446695296,2.0417379446695296,0.06775268419104036,0.23255003593440338,69.0,36.625,0.8667420219874776,0.3214447634774133,6595.0,15.0,0.23055555555555557,582,B8,p99=800
45917.0,0.02006781090018189,2.0417379446695296,2.0417379446695296,0.15506239519132348,0.2195700938650173,94.0,29.625,0.8784028652591163,0.28916453158413485,5870.0,19.0,0.29444444444444445,582,B12,p99=800
20012.0,0.02006781090018189,1.7988709151287874,2.0417379446695296,0.03527883270037977,0.1542574455326804,33.0,6.0,0.8791564539071419,0.26155021625577707,3735.0,2.0,0.0,583,A3,p99=800
20012.0,0.02006781090018189,1.7988709151287874,2.0417379446695296,0.03527883270037977,0.1542574455326804,33.0,6.0,0.8649292878720566,0.2960159537133523,4390.0,17.0,0.0,583,A6,p99=800
20012.0,0.02006781090018189,1.7988709151287874,2.0417379446695296,0.03527883270037977,0.1542574455326804,33.0,6.0,0.8693505563778199,0.2858170460672921,4335.0,10.0,0.0,583,B6,p99=800
20012.0,0.02006781090018189,1.7988709151287874,2.0417379446695296,0.03527883270037977,0.1341694983010194,28.0,6.0,0.8625497047072476,0.30363696089846287,4415.0,7.0,0.0,583,B8,p99=800
20012.0,0.02006781090018189,1.7988709151287874,2.0417379446695296,0.03527883270037977,0.1542574455326804,33.0,6.0,0.8612950855376097,0.3072704717885539,4610.0,10.0,0.0,583,B12,p99=800
17888.0,0.02006781090018189,1.7988709151287874,2.0417379446695296,0.030635062611806797,0.19840116279069767,32.0,3.5,0.8701401168472896,0.2824364222612446,3915.0,2.0,0.0,584,A3,p99=800
17888.0,0.02006781090018189,1.3106900423660772,2.0417379446695296,0.02101967799642218,0.14372763864042934,22.0,3.5,0.8579553073152365,0.31629143159199063,4670.0,12.0,0.0,584,A6,p99=800
17888.0,0.02006781090018189,1.7988709151287874,2.0417379446695296,0.030635062611806797,0.19840116279069767,32.0,3.5,0.866493642333308,0.2935323024194539,4310.0,10.0,0.011111111111111112,584,B6,p99=800
17888.0,0.02006781090018189,1.7988709151287874,2.0417379446695296,0.030635062611806797,0.19840116279069767,32.0,3.5,0.8682315237349367,0.28799439681407796,4095.0,5.0,0.025,584,B8,p99=800
17888.0,0.02006781090018189,1.7988709151287874,2.0417379446695296,0.030635062611806797,0.19840116279069767,32.0,3.5,0.8575499142567231,0.3164087856506717,4560.0,10.0,0.0,584,B12,p99=800
251946.0,0.02006781090018189,2.0417379446695296,2.6302679918953813,0.15017999888865075,0.2927284021179142,385.0,59.0,0.8899840502705646,0.2860751233429732,14400.0,21.0,0.0,585,A3,p99=800
251946.0,0.02006781090018189,0.557506583166466,2.0417379446695296,0.0023755090376509254,0.053711906519651034,115.0,37.6,0.8764007496056971,0.34716737996058344,24575.0,49.0,0.0,585,A6,p99=800
251946.0,0.02006781090018189,2.0417379446695296,2.0417379446695296,0.08838997245441484,0.1884352202456082,275.0,47.9,0.90066744140593,0.25248844682102634,15150.0,45.0,0.08888888888888889,585,B6,p99=800
251946.0,0.02006781090018189,2.0417379446695296,2.0417379446695296,0.05862069649845602,0.24736153778984385,214.0,50.1,0.8864886615304727,0.28800926536600324,14530.0,35.0,0.14444444444444443,585,B8,p99=800
251946.0,0.02006781090018189,2.0417379446695296,2.0417379446695296,0.02755749247854699,0.168484516523382,155.0,36.6,0.8935784264496851,0.273117331914818,16345.0,34.0,0.15555555555555556,585,B12,p99=800
203742.0,0.02006781090018189,1.3106900423660772,2.0417379446695296,0.006817445592955797,0.09555712616937106,50.0,43.666666666666664,0.9306901867735148,0.1872357837932692,13785.0,16.0,0.0,586,A3,p99=800
203742.0,0.02006781090018189,0.10086720805993415,1.1547819846894583,0.0011485113525929853,0.030028172885315743,22.0,14.833333333333334,0.9188497237702604,0.2278973126573579,21045.0,32.0,0.0,586,A6,p99=800
203742.0,0.02006781090018189,0.10746078283213174,2.0417379446695296,0.023411962187472393,0.01711478242090487,27.0,27.5,0.9335949282371823,0.18019195574662478,15410.0,21.0,0.325,586,B6,p99=800
203742.0,0.02006781090018189,1.8567353246307055,2.0417379446695296,0.02411996544649606,0.09085878218531279,97.0,66.16666666666667,0.9226380386074482,0.2063705827477684,13880.0,18.0,0.49722222222222223,586,B8,p99=800
203742.0,0.02006781090018189,2.0417379446695296,3.609940135864167,0.07034632034632035,0.1200022577573598,107.0,46.333333333333336,0.9310971645051543,0.17381715505556244,14040.0,20.0,0.4111111111111111,586,B12,p99=800
163823.0,0.02006781090018189,2.0417379446695296,3.726061338637685,0.178938549532117,0.2922712317562247,222.0,72.55555555555556,0.8573124657298894,0.3798460740454054,11205.0,15.0,0.0,587,A3,p99=800
163823.0,0.02006781090018189,1.9781080029332403,2.892344370499147,0.01648883245942267,0.10027743357159861,77.0,19.666666666666668,0.8390882869701366,0.48104622603192215,20810.0,30.0,0.0,587,A6,p99=800
163823.0,0.02006781090018189,2.0417379446695296,2.0417379446695296,0.03149130463976365,0.2750224327475385,170.0,80.77777777777777,0.8624097713352723,0.3672921766739511,11875.0,22.0,0.5388888888888889,587,B6,p99=800
163823.0,0.10411181076233397,2.0417379446695296,2.0417379446695296,0.10146621658741446,0.3639141024154118,241.0,81.55555555555556,0.8565213286758688,0.37597188484162986,11080.0,22.0,0.55,587,B8,p99=800
163823.0,0.02006781090018189,2.0417379446695296,2.0417379446695296,0.06763702288445457,0.29346611892103064,206.0,81.11111111111111,0.8687508039790877,0.3431237812753146,11135.0,18.0,0.5472222222222223,587,B12,p99=800
242286.0,0.02006781090018189,2.468880104906209,2.468880104906209,0.058378321487828434,0.2356460959362076,221.0,63.625,0.9150617257881082,0.24488493080003254,15720.0,21.0,0.0,588,A3,p99=800
242286.0,0.02006781090018189,1.742809826672464,2.0417379446695296,0.025326473671611237,0.08222823440066698,96.0,21.5,0.905988969971809,0.29505541788990525,23885.0,49.0,0.0,588,A6,p99=800
242286.0,0.02006781090018189,2.0417379446695296,2.0417379446695296,0.05096662621860116,0.15126544662093558,175.0,56.625,0.9177697238675364,0.2390443782935304,15425.0,36.0,0.5527777777777778,588,B6,p99=800
242286.0,0.02006781090018189,2.0417379446695296,2.0417379446695296,0.038173893662861245,0.1441148064683886,139.0,64.0,0.9212854649764562,0.2222732847606222,14195.0,26.0,0.5972222222222222,588,B8,p99=800
242286.0,0.02006781090018189,2.0417379446695296,2.0417379446695296,0.05349463031293595,0.13615726868246616,186.0,67.875,0.9173343127754513,0.248211041482116,17730.0,25.0,0.4166666666666667,588,B12,p99=800
53818.0,0.02006781090018189,1.9164610627353873,2.0417379446695296,0.034282210412873014,0.141086625292653,83.0,26.5,0.913082520651772,0.20819996010484848,4905.0,8.0,0.0,589,A3,p99=800
53818.0,0.02006781090018189,0.9549925860214359,2.0417379446695296,0.02261325207179754,0.07101713181463451,44.0,24.666666666666668,0.8844157382837724,0.28951380344945293,7200.0,38.0,0.0,589,A6,p99=800
53818.0,0.02006781090018189,2.0417379446695296,2.0417379446695296,0.04695455052213014,0.20102939536957895,104.0,31.5,0.9059155900495666,0.22420610673906616,5300.0,30.0,0.0,589,B6,p99=800
53818.0,0.02006781090018189,1.584893192461114,2.0417379446695296,0.01683451633282545,0.13606971645174476,69.0,17.0,0.9014866560390647,0.24040198644928687,6060.0,18.0,0.17777777777777778,589,B8,p99=800
53818.0,0.02006781090018189,2.0417379446695296,2.0417379446695296,0.04695455052213014,0.20102939536957895,104.0,31.5,0.8855117437680318,0.2791383205494482,6200.0,31.0,0.0,589,B12,p99=800
132645.0,0.02006781090018189,2.0417379446695296,2.0417379446695296,0.09022013645444608,0.19746503826001735,179.0,74.71428571428571,0.9687207996348489,0.10019970011235996,7890.0,15.0,0.0,590,A3,p99=800
132645.0,0.02006781090018189,1.8567353246307055,2.0417379446695296,0.041117267895510574,0.10531870782916808,65.0,27.0,0.9537562775909714,0.14521199295787982,13090.0,33.0,0.0,590,A6,p99=800
132645.0,0.02006781090018189,2.0417379446695296,2.0417379446695296,0.0788778318067021,0.17709864676391873,166.0,93.42857142857143,0.971587928308245,0.08720251579914938,8535.0,21.0,0.7222222222222222,590,B6,p99=800
132645.0,0.02006781090018189,2.0417379446695296,2.0417379446695296,0.08417015341701534,0.20639488861246183,200.0,70.85714285714286,0.9705001282020228,0.09117029322121019,8020.0,19.0,0.35555555555555557,590,B8,p99=800
132645.0,0.02006781090018189,2.0417379446695296,2.0417379446695296,0.07724377096762033,0.1571337027403973,131.0,57.714285714285715,0.966254856378342,0.10499747795162281,9715.0,27.0,0.1361111111111111,590,B12,p99=800
71322.0,0.02006781090018189,2.0417379446695296,2.0417379446695296,0.06903900619724629,0.19023583186113682,134.0,22.5,0.9420073998274348,0.1498147884407325,5340.0,10.0,0.0,591,A3,p99=800
71322.0,0.02006781090018189,2.0417379446695296,2.0417379446695296,0.043226493928941984,0.1722189506744062,115.0,12.875,0.9278475189824336,0.19938151031206625,8415.0,32.0,0.0,591,A6,p99=800
71322.0,0.02006781090018189,1.9781080029332403,2.0417379446695296,0.04325453576736491,0.12271108493872858,82.0,8.625,0.9378019574377943,0.1648514598089562,6745.0,23.0,0.21388888888888888,591,B6,p99=800
71322.0,0.02006781090018189,2.0417379446695296,2.0417379446695296,0.05936457194133647,0.15463671798323098,116.0,16.75,0.9361891997417564,0.16758908626282826,6140.0,16.0,0.3,591,B8,p99=800
71322.0,0.02006781090018189,1.9781080029332403,2.0417379446695296,0.04496508791116346,0.13195087069908304,88.0,10.75,0.9323328702590084,0.18309535665305984,7400.0,26.0,0.05,591,B12,p99=800
153531.0,0.02006781090018189,2.0417379446695296,2.1752040340195222,0.2909721815138311,0.15730862171157617,187.0,47.77777777777778,0.9182522971142402,0.21705600016776466,7860.0,16.0,0.0,592,A3,p99=800
153531.0,0.02006781090018189,2.0417379446695296,2.802205621666748,0.24533156170415096,0.13696256782017963,146.0,34.666666666666664,0.89432663424171,0.3107071110957613,14160.0,49.0,0.0,592,A6,p99=800
153531.0,0.02006781090018189,2.0417379446695296,2.0417379446695296,0.26483902273807897,0.13213618096671031,176.0,77.11111111111111,0.9124277581634218,0.24308195739589955,10840.0,40.0,0.05277777777777778,592,B6,p99=800
153531.0,0.02006781090018189,2.0417379446695296,2.1752040340195222,0.24506451465827747,0.12974578423901362,141.0,61.888888888888886,0.9146411661688763,0.23061983311554352,9890.0,23.0,0.13055555555555556,592,B8,p99=800
153531.0,0.02006781090018189,2.0417379446695296,2.0417379446695296,0.25673316789443174,0.08896248966006864,109.0,49.77777777777778,0.9101848738658522,0.25036724780202274,11515.0,29.0,0.10555555555555556,592,B12,p99=800
114276.0,0.02006781090018189,1.8567353246307055,2.0417379446695296,0.0157075851447373,0.1186513353635059,135.0,35.888888888888886,0.9105488931413833,0.2196305328880646,7365.0,15.0,0.0,593,A3,p99=800
114276.0,0.02006781090018189,0.6958249547006052,2.0417379446695296,0.007079351744898316,0.057212363050859326,71.0,8.555555555555555,0.8921725804577935,0.3000706742626892,12225.0,39.0,0.0,593,A6,p99=800
114276.0,0.02006781090018189,1.9781080029332403,2.0417379446695296,0.019899191431271657,0.12741082992054326,141.0,34.0,0.9108633269985694,0.22759294566210095,7915.0,29.0,0.3277777777777778,593,B6,p99=800
114276.0,0.02006781090018189,0.43276287768448307,1.9164610627353873,0.0018026532255241696,0.043998739892890895,46.0,29.0,0.9033296417500596,0.24422613504068566,8050.0,14.0,0.0,593,B8,p99=800
114276.0,0.02006781090018189,1.3963683610559376,2.0417379446695296,0.013064860513143617,0.06491301760649655,75.0,8.88888888888889,0.9034831197693958,0.2497327556436038,8905.0,23.0,0.0,593,B12,p99=800
201426.0,0.02006781090018189,0.10746078283213174,1.1187936686591167,0.002497194999652478,0.020061958237764736,31.0,73.0,0.9944526940565436,0.03220423405244301,8610.0,7.0,0.0,594,A3,p99=800
201426.0,0.02006781090018189,0.028428241752041873,0.7182076058301705,0.00015390267393484457,0.014283161061630575,27.0,12.5,0.9816990589124528,0.08036979890197064,15110.0,38.0,0.0,594,A6,p99=800
201426.0,0.02006781090018189,0.44668359215096304,2.0417379446695296,0.011905116519217976,0.046796342080962734,78.0,53.5,0.9871659348345111,0.058641390702717205,10570.0,45.0,0.0,594,B6,p99=800
201426.0,0.02006781090018189,0.037800713730181124,1.0501467677660838,0.0004617080218045337,0.020310188357014487,20.0,54.0,0.9930776874071061,0.03904305745898515,9860.0,11.0,0.03333333333333333,594,B8,p99=800
201426.0,0.02006781090018189,0.026683942737144424,1.9781080029332403,0.006647602593508286,0.025945012063983794,38.0,53.0,0.9903002200453668,0.05094244861213972,11645.0,27.0,0.0,594,B12,p99=800
141461.0,0.02006781090018189,1.4412854420872234,2.0417379446695296,0.004815814959600173,0.09311223588126763,116.0,34.0,0.9253127863256108,0.1881233823876304,7860.0,14.0,0.0,595,A3,p99=800
141461.0,0.02006781090018189,1.0174193661806046,2.0417379446695296,0.006376315733665109,0.060278097850290896,88.0,10.166666666666666,0.9171161925226513,0.2338790792371658,12150.0,36.0,0.0,595,A6,p99=800
141461.0,0.02006781090018189,1.3106900423660772,2.0417379446695296,0.007394264143474173,0.09125483348767505,109.0,30.666666666666668,0.9317041905041866,0.1745874639309944,8390.0,29.0,0.0,595,B6,p99=800
141461.0,0.02006781090018189,0.1899984246214733,1.8567353246307055,0.0015410607870720552,0.028997391507199863,42.0,37.833333333333336,0.9304360400330426,0.1760535099240072,8160.0,13.0,0.0,595,B8,p99=800
141461.0,0.02006781090018189,0.8963961859499497,1.9781080029332403,0.0017177879415527955,0.06179795137882526,75.0,7.833333333333333,0.9272269280543634,0.18882021110259647,9165.0,21.0,0.0,595,B12,p99=800
130588.0,0.02006781090018189,1.4412854420872234,2.0417379446695296,0.005436946733237357,0.08316231200416577,99.0,67.75,0.9200672191903163,0.2087177493155376,7890.0,14.0,0.0,596,A3,p99=800
130588.0,0.02006781090018189,0.41927599668460547,1.9781080029332403,0.0024657702085949702,0.04249241890525929,74.0,27.0,0.9029860803613992,0.2841249227533046,13025.0,51.0,0.0,596,A6,p99=800
130588.0,0.02006781090018189,1.584893192461114,2.0417379446695296,0.006524336079884828,0.1108677673293105,144.0,49.0,0.9292403912025963,0.1817113859845072,7955.0,33.0,0.16944444444444445,596,B6,p99=800
130588.0,0.02006781090018189,0.5069907082747045,1.9781080029332403,0.0017287193310258216,0.049493445033234294,59.0,76.25,0.9239352240125123,0.19551970265395008,7940.0,13.0,0.1,596,B8,p99=800
130588.0,0.02006781090018189,0.31531889793555934,1.9781080029332403,0.0024734278800502343,0.03542438815205073,44.0,29.0,0.9156076843230125,0.22767461470722045,9235.0,30.0,0.0,596,B12,p99=800
168508.0,0.02006781090018189,2.0417379446695296,2.3919384495683134,0.09529962969117194,0.17470535523535974,193.0,60.0,0.9191949102286756,0.19839606329242518,9420.0,17.0,0.0,597,A3,p99=800
168508.0,0.02006781090018189,0.36940264435828357,1.9781080029332403,0.006136207183041755,0.04041944596102262,60.0,22.8,0.9056110051560775,0.26422711846102,15440.0,38.0,0.0,597,A6,p99=800
168508.0,0.02006781090018189,2.0417379446695296,2.3919384495683134,0.09700874735917582,0.17529879887008332,181.0,99.0,0.9224518479242015,0.19389907892035455,9310.0,32.0,0.4,597,B6,p99=800
168508.0,0.02006781090018189,1.191927939457827,2.0417379446695296,0.0178003418235336,0.09987953094215112,75.0,70.4,0.9005067842945096,0.2620523627907176,11935.0,22.0,0.18333333333333332,597,B8,p99=800
168508.0,0.02006781090018189,1.6884958594867534,2.0417379446695296,0.017441308424525837,0.12487240961853444,134.0,75.0,0.9115695109237815,0.2308136331767155,11495.0,30.0,0.027777777777777776,597,B12,p99=800
108845.0,0.02006781090018189,2.0417379446695296,2.0417379446695296,0.06100188341219165,0.23023795305250586,153.0,59.75,0.8867737174604876,0.2901349154195052,7980.0,14.0,0.0,598,A3,p99=800
108845.0,0.02006781090018189,1.191927939457827,2.0417379446695296,0.010997289723919335,0.09772612430520465,86.0,39.0,0.8546635333861126,0.4368034674873005,14650.0,43.0,0.0,598,A6,p99=800
108845.0,0.02006781090018189,2.0417379446695296,2.0417379446695296,0.10218889246175754,0.20521153934494005,159.0,62.5,0.8798223517283434,0.30815322438220366,8460.0,22.0,0.6138888888888889,598,B6,p99=800
108845.0,0.02006781090018189,2.0417379446695296,2.0417379446695296,0.056134870687675135,0.2108502916992053,133.0,59.875,0.8686353089224793,0.34624725905987386,9110.0,16.0,0.33611111111111114,598,B8,p99=800
108845.0,0.02006781090018189,2.0417379446695296,2.0417379446695296,0.12815930910928383,0.1267168909917773,127.0,46.0,0.8774719829923487,0.30736226343141587,8355.0,29.0,0.25277777777777777,598,B12,p99=800
103838.0,0.02006781090018189,0.8963961859499497,1.9781080029332403,0.0047092586529016356,0.08461256957953736,84.0,34.666666666666664,0.9494936357958585,0.14083947165323682,6720.0,11.0,0.0,599,A3,p99=800
103838.0,0.02006781090018189,1.4876473740795015,2.0417379446695296,0.021706889577996494,0.0727575646680406,77.0,22.0,0.9316244833856505,0.2035137852209096,11240.0,46.0,0.0,599,A6,p99=800
103838.0,0.02006781090018189,1.6884958594867534,2.0417379446695296,0.02351740210712841,0.12897975692906258,124.0,35.0,0.947473018968562,0.14982739118745328,7550.0,34.0,0.19722222222222222,599,B6,p99=800
103838.0,0.02006781090018189,0.40620942890585726,1.4876473740795015,0.0032647007839134035,0.03902232323426876,32.0,23.333333333333332,0.9412930187649537,0.16887590623766957,8005.0,19.0,0.0,599,B8,p99=800
103838.0,0.02006781090018189,1.3528511027866506,2.0417379446695296,0.01956894393189391,0.08079893680540842,77.0,19.666666666666668,0.9436928325923939,0.16312286487638447,8110.0,29.0,0.0,599,B12,p99=800
121124.0,0.02006781090018189,2.0417379446695296,2.0417379446695296,0.05385802978765562,0.11171609259931971,114.0,47.8,0.9349202965507548,0.16753862606169143,7305.0,12.0,0.0,600,A3,p99=800
121124.0,0.02006781090018189,2.0417379446695296,2.0417379446695296,0.02463591030679304,0.10092136983587068,66.0,15.2,0.9178436349022511,0.22329780636802593,12230.0,35.0,0.0,600,A6,p99=800
121124.0,0.02006781090018189,2.0417379446695296,2.468880104906209,0.06399846438360689,0.1791077738515901,166.0,52.4,0.9278897123243708,0.18948097497787195,9045.0,29.0,0.21388888888888888,600,B6,p99=800
121124.0,0.02006781090018189,1.8567353246307055,2.0417379446695296,0.030155047719692216,0.10338578646676133,54.0,36.2,0.9233000407081409,0.20200401689855596,9015.0,22.0,0.0,600,B8,p99=800
121124.0,0.02006781090018189,2.0417379446695296,2.0417379446695296,0.05198185330735445,0.13775758726594234,109.0,32.2,0.9203278547907047,0.21310140181652432,9690.0,25.0,0.05555555555555555,600,B12,p99=800
194106.0,0.02006781090018189,0.40620942890585726,1.742809826672464,0.00521879797636343,0.04350200405963752,67.0,56.0,0.9941791061002664,0.03087278859912703,7905.0,7.0,0.0,601,A3,p99=800
194106.0,0.02006781090018189,0.05527134079444351,1.6358745652400533,0.0024213574026562806,0.019288430033074712,43.0,14.5,0.9871302890325446,0.0612664923749226,14270.0,27.0,0.0,601,A6,p99=800
194106.0,0.02006781090018189,0.41927599668460547,1.8567353246307055,0.0031013982051044274,0.04561425200663555,63.0,22.75,0.9902015583836407,0.04764759070204704,10320.0,24.0,0.0,601,B6,p99=800
194106.0,0.02006781090018189,0.022777182418573218,1.3963683610559376,0.001705253830381338,0.023878705449599705,25.0,29.75,0.9901510709520511,0.04797996593775518,10150.0,20.0,0.044444444444444446,601,B8,p99=800
194106.0,0.02006781090018189,0.2447653853410146,1.8567353246307055,0.0031013982051044274,0.03914356073485621,57.0,18.5,0.9897142011750448,0.050471346053918204,10950.0,21.0,0.0,601,B12,p99=800
62533.0,0.02006781090018189,0.7897688493998856,1.3106900423660772,0.0011833751779060655,0.0713863080293605,32.0,42.333333333333336,0.9216119856664773,0.18507504251687654,6135.0,10.0,0.0,602,A3,p99=800
62533.0,0.02006781090018189,0.2024184057376061,1.1547819846894583,0.00043177202437113204,0.03438184638510866,23.0,39.333333333333336,0.9079221554471039,0.2283167753960348,8000.0,31.0,0.0,602,A6,p99=800
62533.0,0.02006781090018189,2.0417379446695296,2.0417379446695296,0.05670605920074201,0.15251147394175876,86.0,42.333333333333336,0.9273098305455127,0.17165640296110918,5665.0,22.0,0.0,602,B6,p99=800
62533.0,0.02006781090018189,0.5069907082747045,1.191927939457827,0.0,0.050213487278716835,17.0,39.333333333333336,0.9007263057727449,0.2409463742560324,7135.0,17.0,0.0,602,B8,p99=800
62533.0,0.02006781090018189,2.0417379446695296,2.0417379446695296,0.053843570594725984,0.13029920202133274,71.0,42.333333333333336,0.9187478299539743,0.1938613726060437,6235.0,19.0,0.0,602,B12,p99=800
76269.0,0.02006781090018189,1.3528511027866506,2.0417379446695296,0.016009125594933723,0.08987924320497187,60.0,80.66666666666667,0.9064727634969614,0.21636627294695876,5865.0,8.0,0.0,603,A3,p99=800
76269.0,0.02006781090018189,1.2698429144338064,2.0417379446695296,0.01693348542658223,0.07058569012311686,58.0,48.666666666666664,0.8945091511002493,0.2617582238501569,8625.0,31.0,0.0,603,A6,p99=800
76269.0,0.02006781090018189,1.2698429144338064,2.0417379446695296,0.019444335182052998,0.08180256722914946,55.0,71.66666666666667,0.9019806674502051,0.2312630865248658,6510.0,19.0,0.10555555555555556,603,B6,p99=800
76269.0,0.02006781090018189,0.6531305526474723,2.0417379446695296,0.016769591839410507,0.05660228926562561,36.0,43.333333333333336,0.8970082703077691,0.2438124237770663,6355.0,14.0,0.03611111111111111,603,B8,p99=800
76269.0,0.02006781090018189,1.742809826672464,2.0417379446695296,0.028314256119786545,0.11428627620658459,83.0,46.0,0.9026769174362059,0.2284100833867821,6455.0,15.0,0.10277777777777777,603,B12,p99=800
158156.0,0.02006781090018189,2.0417379446695296,2.2451739778971898,0.20535420723842282,0.22031412023571664,282.0,84.9090909090909,0.8850590675634907,0.2923970334204955,8835.0,23.0,0.0,604,A3,p99=800
158156.0,0.02006781090018189,2.0417379446695296,3.726061338637685,0.1621310604719391,0.14573585573737322,166.0,64.27272727272727,0.8558683314246264,0.3976673977843143,15075.0,48.0,0.0,604,A6,p99=800
158156.0,0.02006781090018189,2.0417379446695296,2.0417379446695296,0.19901869040693998,0.16508384127064418,229.0,81.72727272727273,0.8840145229357841,0.3015065403354876,10855.0,39.0,0.4222222222222222,604,B6,p99=800
158156.0,0.02006781090018189,2.0417379446695296,2.0417379446695296,0.17892144464958648,0.19907243481119907,244.0,85.81818181818181,0.883608209137487,0.2934980753346025,9585.0,25.0,0.44166666666666665,604,B8,p99=800
158156.0,0.02006781090018189,2.0417379446695296,2.0417379446695296,0.19197343129568276,0.1659769468120084,210.0,78.9090909090909,0.8789231840052661,0.31816984727580333,11700.0,30.0,0.275,604,B12,p99=800
238750.0,0.02006781090018189,0.6531305526474723,1.3963683610559376,0.0005528795811518324,0.0594303664921466,64.0,81.0,0.9987692422826583,0.01930770700308184,9645.0,5.0,0.0,605,A3,p99=800
238750.0,0.02006781090018189,0.02350985767597148,0.06683439175686146,0.0,0.0,0.0,1.75,0.9880662360981892,0.06255215154296583,19070.0,42.0,0.0,605,A6,p99=800
238750.0,0.02006781090018189,0.44668359215096304,1.6884958594867534,0.004498429319371728,0.0455413612565445,61.0,60.75,0.9923680700981847,0.04420085252607095,12705.0,35.0,0.0,605,B6,p99=800
238750.0,0.02006781090018189,0.23713737056616552,0.985711900900616,0.0,0.026596858638743455,28.0,32.25,0.9949496198686542,0.03735161589445602,12320.0,24.0,0.0,605,B8,p99=800
238750.0,0.02006781090018189,0.33593093598651524,1.6884958594867534,0.004498429319371728,0.03562303664921466,51.0,60.75,0.9926748328042454,0.04510018290837808,14175.0,31.0,0.0,605,B12,p99=800
229989.0,0.02006781090018189,2.0417379446695296,2.0417379446695296,0.04564783533125497,0.14211331846305694,172.0,58.0,0.9699589668754409,0.10226288122721294,11805.0,17.0,0.0,606,A3,p99=800
229989.0,0.02006781090018189,0.8963961859499497,2.0417379446695296,0.008139519716160339,0.0721556248342312,58.0,25.625,0.9515490827187623,0.17639244565977846,22315.0,45.0,0.0,606,A6,p99=800
229989.0,0.02006781090018189,2.0417379446695296,2.0417379446695296,0.051917700411758826,0.13316506441612425,176.0,59.875,0.9694662333905171,0.10529084711704263,12030.0,22.0,0.7694444444444445,606,B6,p99=800
229989.0,0.02006781090018189,2.0417379446695296,2.1074146752966985,0.07156211818826118,0.15165725317297785,229.0,62.625,0.9702483149205505,0.10027767163179191,11900.0,23.0,0.7583333333333333,606,B8,p99=800
229989.0,0.02006781090018189,2.0417379446695296,2.468880104906209,0.10368756766627969,0.19922691954832622,334.0,79.625,0.9638057147452992,0.11981657624480928,13705.0,38.0,0.6055555555555555,606,B12,p99=800
177774.0,0.02006781090018189,1.4412854420872234,2.0417379446695296,0.04694724762901212,0.08095672033030701,72.0,43.3,0.9514919880408075,0.14766107601737385,10740.0,15.0,0.0,607,A3,p99=800
177774.0,0.02006781090018189,0.6327760017024558,2.0417379446695296,0.03817206115629957,0.058197486696592304,55.0,17.2,0.9345362679274255,0.21143315433556958,18280.0,45.0,0.0,607,A6,p99=800
177774.0,0.02006781090018189,1.8567353246307055,2.0417379446695296,0.06652688244625199,0.11469196845432965,148.0,43.7,0.9519238915186272,0.14769506648547162,11470.0,29.0,0.5944444444444444,607,B6,p99=800
177774.0,0.02006781090018189,1.584893192461114,2.0417379446695296,0.05154718912776896,0.10011165862274574,106.0,49.5,0.952635515128949,0.1440858368122541,10990.0,19.0,0.5944444444444444,607,B8,p99=800
177774.0,0.02006781090018189,2.0417379446695296,2.0417379446695296,0.09616844982955888,0.1967258991753575,294.0,58.1,0.949480702161915,0.15198052172868887,10830.0,40.0,0.45555555555555555,607,B12,p99=800
183344.0,0.02006781090018189,2.0417379446695296,2.3919384495683134,0.21035457936992757,0.1911038812287285,227.0,90.63636363636364,0.9204520608569805,0.21947551269344753,9735.0,22.0,0.0,608,A3,p99=800
183344.0,0.02006781090018189,2.0417379446695296,3.609940135864167,0.17965136573872065,0.16495767518980714,172.0,42.72727272727273,0.8944985280629216,0.3268947108629834,17185.0,38.0,0.0,608,A6,p99=800
183344.0,0.02006781090018189,2.0417379446695296,2.0417379446695296,0.2223402456584344,0.1476036848765163,200.0,66.0909090909091,0.9191130522543417,0.24355138293290796,12885.0,36.0,0.20555555555555555,608,B6,p99=800
183344.0,0.02006781090018189,2.0417379446695296,2.3919384495683134,0.19413097783401692,0.18902309320185007,219.0,77.36363636363636,0.9237636574935734,0.21900479216470156,10795.0,26.0,0.7333333333333333,608,B8,p99=800
183344.0,0.02006781090018189,2.0417379446695296,2.7148760106825023,0.2158428964132996,0.18672277249323677,254.0,68.36363636363636,0.9192604280291407,0.24233887426860645,13105.0,33.0,0.30277777777777776,608,B12,p99=800
181282.0,0.02006781090018189,2.0417379446695296,2.0417379446695296,0.045139616729735994,0.19217020994914003,153.0,92.3,0.9346918324972603,0.1866731480616453,10125.0,14.0,0.0,609,A3,p99=800
181282.0,0.02006781090018189,1.3106900423660772,2.0417379446695296,0.0037648525501704526,0.09566035237916616,59.0,56.5,0.9031171090682916,0.30525344791395115,19170.0,47.0,0.0,609,A6,p99=800
181282.0,0.02006781090018189,2.0417379446695296,2.0417379446695296,0.05475998720225946,0.20666696086759856,198.0,88.8,0.9249240913795538,0.2166003755820156,11970.0,34.0,0.31666666666666665,609,B6,p99=800
181282.0,0.02006781090018189,2.0417379446695296,2.0417379446695296,0.05795666420273386,0.2443072119680939,255.0,93.3,0.9317481842417908,0.2063171647094292,11780.0,28.0,0.5888888888888889,609,B8,p99=800
181282.0,0.02006781090018189,2.0417379446695296,2.0417379446695296,0.05864068136935824,0.2792693152105559,322.0,77.3,0.9290264429280554,0.2223061001710614,13475.0,32.0,0.5083333333333333,609,B12,p99=800
112140.0,0.3935500754557774,2.0417379446695296,2.3919384495683134,0.32433565186374175,0.3200642054574639,234.0,101.64285714285714,0.876205741753802,0.3082972253574145,7125.0,13.0,0.0,610,A3,p99=800
112140.0,0.04570881896148752,2.0417379446695296,4.650503761666063,0.2034510433386838,0.3263688246834314,182.0,91.14285714285714,0.8248866704819221,0.48081441335647873,14010.0,50.0,0.0,610,A6,p99=800
112140.0,0.05527134079444351,2.0417379446695296,2.3919384495683134,0.3226658640984484,0.2662943641876226,216.0,99.14285714285714,0.8786974507273766,0.29535931903502616,8785.0,12.0,0.9305555555555556,610,B6,p99=800
112140.0,0.08886893998466987,2.0417379446695296,2.0417379446695296,0.2758137149991083,0.2927434456928839,204.0,99.14285714285714,0.8775839540982996,0.2977210322415592,8245.0,13.0,0.9083333333333333,610,B8,p99=800
112140.0,0.02350985767597148,2.0417379446695296,2.1074146752966985,0.2698301230604601,0.28052657392545033,197.0,91.35714285714286,0.8711023793724172,0.3297443109359326,10425.0,12.0,0.8916666666666667,610,B12,p99=800
39852.0,0.02006781090018189,2.0417379446695296,2.0417379446695296,0.09884071062932852,0.30545518418147144,127.0,119.85714285714286,0.9124591740359733,0.19365872925330443,3750.0,2.0,0.0,611,A3,p99=800
39852.0,0.02006781090018189,2.0417379446695296,2.0417379446695296,0.06880457693465823,0.2592843521027803,103.0,98.92857142857143,0.8664959741797013,0.31954789166363246,6610.0,36.0,0.0,611,A6,p99=800
39852.0,0.02006781090018189,2.0417379446695296,2.0417379446695296,0.08358426176854361,0.25464217605139017,105.0,103.42857142857143,0.8675774282629449,0.3171345209703839,7030.0,34.0,0.0,611,B6,p99=800
39852.0,0.02006781090018189,2.0417379446695296,2.0417379446695296,0.0405249422864599,0.18360433604336043,71.0,86.57142857142857,0.8417870917414116,0.3811694435090058,7300.0,23.0,0.08333333333333333,611,B8,p99=800
39852.0,0.02006781090018189,2.0417379446695296,2.0417379446695296,0.08358426176854361,0.25464217605139017,105.0,103.42857142857143,0.8418623987681839,0.3914734361653435,8170.0,34.0,0.0,611,B12,p99=800
104243.0,0.02006781090018189,2.0417379446695296,3.4974378036641802,0.380601095517205,0.23244726264593307,218.0,103.92307692307692,0.9402020990077598,0.14924820256814636,5010.0,7.0,0.0,612,A3,p99=800
104243.0,0.03126079367123956,2.0417379446695296,3.726061338637685,0.13080974262060763,0.31594447588806923,156.0,101.84615384615384,0.9012684562677751,0.26714939772248747,12550.0,46.0,0.0,612,A6,p99=800
104243.0,0.02006781090018189,2.3173946499684797,5.1138737255998015,0.3528582254923592,0.21658048981706204,188.0,99.15384615384616,0.9118298954266778,0.23080996467769774,8280.0,35.0,0.1361111111111111,612,B6,p99=800
104243.0,0.02006781090018189,2.0417379446695296,2.0417379446695296,0.12031263490114444,0.22383517358479707,107.0,79.0,0.8955304176446776,0.2838216440539711,12030.0,24.0,0.18611111111111112,612,B8,p99=800
104243.0,0.02006781090018189,2.0417379446695296,3.4974378036641802,0.3639764780368946,0.20078086778009074,177.0,90.15384615384616,0.8965351459964319,0.277374831769819,9380.0,33.0,0.21944444444444444,612,B12,p99=800
96887.0,0.030286563611439634,2.0417379446695296,2.0417379446695296,0.4180798249507158,0.24565215147543015,236.0,103.14285714285714,0.9151742233555034,0.2014027166748413,5250.0,11.0,0.0,613,A3,p99=800
96887.0,0.037800713730181124,2.0417379446695296,4.650503761666063,0.25399176360089587,0.2812916077492336,158.0,80.57142857142857,0.8548594873751054,0.38037314555990726,12250.0,40.0,0.0,613,A6,p99=800
96887.0,0.03548133892335755,2.0417379446695296,2.0417379446695296,0.4194009516240569,0.2470455272637196,238.0,103.14285714285714,0.9142147791417364,0.20289842373479677,5255.0,15.0,0.8138888888888889,613,B6,p99=800
96887.0,0.12994213556374826,2.0417379446695296,2.468880104906209,0.2724023862850537,0.32245554099105145,211.0,101.85714285714286,0.9064052011142091,0.23660250220997012,7850.0,15.0,0.8694444444444445,613,B8,p99=800
96887.0,0.02350985767597148,2.0417379446695296,2.1074146752966985,0.24086564761010248,0.2788222362133207,189.0,89.42857142857143,0.858669165757447,0.4029438404999853,14480.0,31.0,0.5166666666666667,613,B12,p99=800
90904.0,0.03548133892335755,2.0417379446695296,2.892344370499147,0.3838829974478571,0.26474632579424445,213.0,99.64285714285714,0.922907644918261,0.18570024645201233,4995.0,8.0,0.0,614,A3,p99=800
90904.0,0.02006781090018189,2.0417379446695296,3.1805336883295205,0.25861898266302913,0.2365297456657573,139.0,79.35714285714286,0.8697969769249164,0.353556679303165,11120.0,45.0,0.0,614,A6,p99=800
90904.0,0.09467820160680859,2.0417379446695296,2.7148760106825023,0.23632073396110181,0.34201465282055793,196.0,95.85714285714286,0.9278413820029436,0.17159133577568841,7040.0,7.0,0.9305555555555556,614,B6,p99=800
90904.0,0.03330427623087463,2.0417379446695296,2.6302679918953813,0.2720314837630907,0.3090100545630555,197.0,95.92857142857143,0.9288049919985233,0.16819371582899287,5960.0,7.0,0.9305555555555556,614,B8,p99=800
90904.0,0.09467820160680859,2.0417379446695296,2.7148760106825023,0.23632073396110181,0.34201465282055793,196.0,95.85714285714286,0.9270521095952133,0.17545639845293964,7320.0,6.0,0.9305555555555556,614,B12,p99=800
41504.0,0.02006781090018189,2.0417379446695296,2.0417379446695296,0.09237663839629916,0.3051513107170393,128.0,111.5,0.9125991810860655,0.19322991329153566,3735.0,2.0,0.0,615,A3,p99=800
41504.0,0.02006781090018189,2.0417379446695296,2.0417379446695296,0.07049922898997688,0.22870084811102545,92.0,98.92857142857143,0.8563780902079663,0.3416497349081371,6970.0,38.0,0.0,615,A6,p99=800
41504.0,0.02006781090018189,2.0417379446695296,2.0417379446695296,0.08319680030840401,0.2253517733230532,95.0,103.28571428571429,0.867753324826911,0.3136774021044698,7035.0,37.0,0.0,615,B6,p99=800
41504.0,0.02006781090018189,2.0417379446695296,2.0417379446695296,0.05450077101002313,0.16000867386276021,69.0,102.92857142857143,0.8586753098572447,0.3395719276608418,6640.0,12.0,0.28888888888888886,615,B8,p99=800
41504.0,0.02006781090018189,2.0417379446695296,2.0417379446695296,0.08319680030840401,0.2253517733230532,95.0,103.28571428571429,0.8459177622774524,0.3788312082633094,8160.0,37.0,0.0,615,B12,p99=800
87216.0,0.02006781090018189,2.0417379446695296,2.0417379446695296,0.059988992845349476,0.2222871950100899,168.0,95.38461538461539,0.9237844882582034,0.17885841318631096,5580.0,9.0,0.0,616,A3,p99=800
87216.0,0.02006781090018189,1.8567353246307055,2.0417379446695296,0.0324252430746652,0.1068840579710145,93.0,75.61538461538461,0.8837224840678412,0.30322063107264596,10005.0,41.0,0.0,616,A6,p99=800
87216.0,0.02006781090018189,2.0417379446695296,2.0417379446695296,0.034297032654558794,0.1594059576224546,112.0,84.6923076923077,0.8898266882247475,0.27581199500507886,8830.0,35.0,0.0,616,B6,p99=800
87216.0,0.02006781090018189,1.5355006336570662,2.0417379446695296,0.014332232617868281,0.11234177215189874,62.0,75.92307692307692,0.876162579183403,0.31605593436781176,8145.0,12.0,0.08055555555555556,616,B8,p99=800
87216.0,0.02006781090018189,2.0417379446695296,2.0417379446695296,0.047456888644285454,0.1725715465052284,129.0,76.76923076923077,0.8763624260250806,0.3201725808601553,9990.0,30.0,0.10277777777777777,616,B12,p99=800
126876.0,0.02006781090018189,1.6358745652400533,2.0417379446695296,0.016985087802263626,0.11960496863078912,114.0,60.916666666666664,0.9215542994483855,0.2067758778135481,8415.0,16.0,0.0,617,A3,p99=800
126876.0,0.02006781090018189,1.4876473740795015,2.0417379446695296,0.016545682398562377,0.10511641287556354,103.0,48.833333333333336,0.8948272022839563,0.31003372398580586,14060.0,45.0,0.0,617,A6,p99=800
126876.0,0.02006781090018189,1.742809826672464,2.0417379446695296,0.03101453387559507,0.13469844572653614,131.0,60.75,0.9220201567845301,0.20519991385024036,8055.0,25.0,0.6583333333333333,617,B6,p99=800
126876.0,0.02006781090018189,1.6358745652400533,2.0417379446695296,0.011247201992496611,0.136913206595416,114.0,63.5,0.9151602393296416,0.2261387215931674,9085.0,25.0,0.37222222222222223,617,B8,p99=800
126876.0,0.02006781090018189,2.0417379446695296,2.0417379446695296,0.04117800056748321,0.14287572117658187,158.0,45.166666666666664,0.9078021876125644,0.2546603918040029,10565.0,35.0,0.3527777777777778,617,B12,p99=800
182370.0,0.02006781090018189,2.0417379446695296,2.892344370499147,0.1558082469704447,0.2190834567088885,206.0,70.77777777777777,0.9091209237614128,0.2477573244406346,10140.0,19.0,0.0,618,A3,p99=800
182370.0,0.02006781090018189,2.0417379446695296,3.9696297343000686,0.07553051488731699,0.21748368700992488,145.0,45.55555555555556,0.8855812221277926,0.340210449079165,18430.0,58.0,0.0,618,A6,p99=800
182370.0,0.02006781090018189,2.0417379446695296,2.7148760106825023,0.1791042934693206,0.18647666831167406,198.0,72.77777777777777,0.9128341167114782,0.22510598104418394,11805.0,31.0,0.6638888888888889,618,B6,p99=800
182370.0,0.02006781090018189,2.0417379446695296,2.3173946499684797,0.1297581839118276,0.24981082414870867,222.0,67.33333333333333,0.9164744387492507,0.21962572305784228,11350.0,24.0,0.4638888888888889,618,B8,p99=800
182370.0,0.02006781090018189,2.0417379446695296,2.7148760106825023,0.15476777978834239,0.2015956571804573,173.0,51.888888888888886,0.9052275434851463,0.2587098463900391,13640.0,25.0,0.15555555555555556,618,B12,p99=800
132631.0,0.02006781090018189,1.9164610627353873,2.0417379446695296,0.018381826269876576,0.12662198128642624,89.0,62.6,0.9235463854717149,0.19786922170089355,8250.0,9.0,0.0,619,A3,p99=800
132631.0,0.02006781090018189,0.8413951416451951,2.0417379446695296,0.01185243268919031,0.07617374520285604,80.0,30.6,0.8880452305467247,0.3268962690434202,15840.0,49.0,0.0,619,A6,p99=800
132631.0,0.02006781090018189,1.9781080029332403,2.0417379446695296,0.02711281676229539,0.13864782743099274,120.0,61.6,0.9240815033142056,0.1964888089724887,7870.0,12.0,0.8944444444444445,619,B6,p99=800
132631.0,0.02006781090018189,1.5355006336570662,2.0417379446695296,0.00964329606200662,0.10139409338691557,81.0,49.1,0.9174652967306802,0.21948528267741646,9485.0,23.0,0.4305555555555556,619,B8,p99=800
132631.0,0.02006781090018189,2.0417379446695296,2.0417379446695296,0.04308004915894474,0.17625781303013624,180.0,62.1,0.9228624703233537,0.20531859638577274,9160.0,20.0,0.6194444444444445,619,B12,p99=800
1286570.0,0.02006781090018189,2.0417379446695296,2.468880104906209,0.16093935813830573,0.21959570796769706,410.0,100.0,0.9808756152195955,0.0694705901582129,46080.0,28.0,0.0,620,A3,p99=800
1286570.0,0.02006781090018189,2.0417379446695296,2.468880104906209,0.053885525078308995,0.1574889046068228,220.0,92.71428571428571,0.9748372429645069,0.09067507669495949,54175.0,24.0,0.0,620,A6,p99=800
1286570.0,0.02006781090018189,2.0417379446695296,2.3173946499684797,0.15127256970083244,0.2016409911625485,385.0,94.14285714285714,0.9824821302659345,0.06439814106904006,45410.0,39.0,0.40555555555555556,620,B6,p99=800
1286570.0,0.02006781090018189,2.0417379446695296,2.0417379446695296,0.13324129273960997,0.2593195473235036,432.0,94.28571428571429,0.9785191346424349,0.08073354947768666,46405.0,35.0,0.2777777777777778,620,B8,p99=800
1286570.0,0.02006781090018189,2.0417379446695296,2.1074146752966985,0.055036064885703846,0.2392464071134878,325.0,93.0,0.9767908223590984,0.08525461099296293,52580.0,30.0,0.1,620,B12,p99=800
1423425.0,0.02006781090018189,1.6884958594867534,2.0417379446695296,0.02276691782145178,0.123083407977238,127.0,24.444444444444443,0.9845462577380545,0.06670031332894487,62580.0,12.0,0.0,621,A3,p99=800
1423425.0,0.02006781090018189,1.8567353246307055,2.0417379446695296,0.027965646240581697,0.15255738799023483,144.0,18.11111111111111,0.9838442305680419,0.06388451582586954,64900.0,18.0,0.0,621,A6,p99=800
1423425.0,0.02006781090018189,2.0417379446695296,2.0417379446695296,0.0891574898572106,0.21446932574599997,287.0,31.88888888888889,0.9888421054787682,0.050233874980775965,57890.0,37.0,0.15833333333333333,621,B6,p99=800
1423425.0,0.02006781090018189,2.0417379446695296,2.0417379446695296,0.04740046015771818,0.18812231062402304,203.0,31.77777777777778,0.9878519992553461,0.053496818026340195,59300.0,35.0,0.17222222222222222,621,B8,p99=800
1423425.0,0.02006781090018189,2.0417379446695296,2.0417379446695296,0.06811388025361365,0.2076048966401461,251.0,18.666666666666668,0.9885621051289826,0.05299508607959122,61170.0,23.0,0.15833333333333333,621,B12,p99=800
100456.0,0.02006781090018189,2.0417379446695296,2.9853826189179604,0.335679302381142,0.25957633192641555,151.0,84.16666666666667,0.889164158099613,0.24883025805425946,6480.0,7.0,0.0,622,A3,p99=800
100456.0,0.02006781090018189,2.1074146752966985,3.726061338637685,0.2435444373656128,0.3005843354304372,116.0,62.666666666666664,0.8430436473104671,0.37823055744183254,11380.0,37.0,0.0,622,A6,p99=800
100456.0,0.025852348395621914,2.0417379446695296,2.6302679918953813,0.3116140399777017,0.2140887552759417,147.0,90.66666666666667,0.8514054520060849,0.3492798114864527,9750.0,35.0,0.17222222222222222,622,B6,p99=800
100456.0,0.021379620895022326,2.0417379446695296,2.468880104906209,0.262965875607231,0.22327685752966472,118.0,65.66666666666667,0.8442684686277084,0.3621314219181274,8790.0,23.0,0.18611111111111112,622,B8,p99=800
100456.0,0.026683942737144424,2.0417379446695296,2.7148760106825023,0.30249064266942743,0.22353070000796368,147.0,90.66666666666667,0.831075634662315,0.40356458889632435,10450.0,34.0,0.19444444444444445,622,B12,p99=800
55767.0,0.02006781090018189,2.0417379446695296,2.0417379446695296,0.07624580845302778,0.25757168217763193,152.0,110.61538461538461,0.9709110506684366,0.08102633384512052,4050.0,3.0,0.0,623,A3,p99=800
55767.0,0.02006781090018189,2.0417379446695296,2.0417379446695296,0.04343070274535119,0.1828500726235946,99.0,102.15384615384616,0.9388480167384247,0.17543581978653353,7430.0,43.0,0.0,623,A6,p99=800
55767.0,0.02006781090018189,2.0417379446695296,2.0417379446695296,0.06882206322735668,0.24661538185665358,141.0,107.61538461538461,0.9433670815955277,0.15623948461746365,6650.0,40.0,0.0,623,B6,p99=800
55767.0,0.02006781090018189,1.9164610627353873,2.0417379446695296,0.02564240500654509,0.11470941596284541,61.0,92.38461538461539,0.9311110536583814,0.19530816246156538,7665.0,23.0,0.08055555555555556,623,B8,p99=800
55767.0,0.02006781090018189,2.0417379446695296,2.0417379446695296,0.050226836659673285,0.21107464988254704,116.0,102.15384615384616,0.9309176008009228,0.19329778144346374,8030.0,38.0,0.0,623,B12,p99=800
62681.0,0.02006781090018189,2.0417379446695296,2.0417379446695296,0.09080901708651745,0.23844546194221533,139.0,115.23076923076923,0.9373793735503594,0.1557203826313057,4830.0,6.0,0.0,624,A3,p99=800
62681.0,0.02006781090018189,1.9781080029332403,2.0417379446695296,0.04162345846428742,0.1452433751854629,71.0,75.07692307692308,0.8958434177884591,0.27890513894134744,9480.0,37.0,0.0,624,A6,p99=800
62681.0,0.02006781090018189,2.0417379446695296,2.0417379446695296,0.08886265375472631,0.18514382348718111,108.0,97.61538461538461,0.9155905878415018,0.21610660614827537,7465.0,32.0,0.13055555555555556,624,B6,p99=800
62681.0,0.02006781090018189,2.0417379446695296,2.0417379446695296,0.03745951723807853,0.12708795328728004,66.0,56.53846153846154,0.9037375419845016,0.26329112547145994,8765.0,13.0,0.275,624,B8,p99=800
62681.0,0.02006781090018189,2.0417379446695296,2.0417379446695296,0.09074520189531118,0.2008423605239227,117.0,106.38461538461539,0.9113655960344699,0.23234290101870744,8410.0,24.0,0.3388888888888889,624,B12,p99=800
212032.0,0.02006781090018189,2.0417379446695296,4.365158322401661,0.268516073045578,0.27252961817084215,280.0,102.84615384615384,0.8957774958017329,0.2575665295726136,11415.0,13.0,0.0,625,A3,p99=800
212032.0,0.02006781090018189,2.0417379446695296,3.4974378036641802,0.09968778297615455,0.21349135979474795,159.0,74.53846153846153,0.845401523195707,0.38403364332546674,17970.0,38.0,0.0,625,A6,p99=800
212032.0,0.02006781090018189,2.0417379446695296,4.365158322401661,0.06144119755508602,0.13065716495623303,148.0,85.15384615384616,0.8664155469776399,0.3226070513005095,14420.0,46.0,0.15,625,B6,p99=800
212032.0,0.02006781090018189,2.0417379446695296,2.0417379446695296,0.07824054859643827,0.20831525430123754,162.0,92.15384615384616,0.8793744769802695,0.2870028993388873,12215.0,21.0,0.3527777777777778,625,B8,p99=800
212032.0,0.02006781090018189,2.0417379446695296,3.4974378036641802,0.03432736568065198,0.15956789541201327,150.0,83.46153846153847,0.8556335661251792,0.3603262155057883,14660.0,38.0,0.15555555555555556,625,B12,p99=800
117772.0,0.16218100973589297,2.0417379446695296,4.365158322401661,0.32741228814998474,0.3031705328940665,250.0,100.33333333333333,0.8618400485422836,0.3426576036836329,7395.0,11.0,0.0,626,A3,p99=800
117772.0,0.028428241752041873,2.0417379446695296,3.388441561392024,0.17428590836531604,0.30602350303977177,148.0,71.66666666666667,0.8039584521436848,0.50320106582136,13525.0,38.0,0.0,626,A6,p99=800
117772.0,0.09467820160680859,2.0417379446695296,2.802205621666748,0.156974917637469,0.3386946812485141,217.0,90.16666666666667,0.8358519351979291,0.4002770383207848,10930.0,29.0,0.26666666666666666,626,B6,p99=800
117772.0,0.4610520952362225,2.1752040340195222,2.6302679918953813,0.14776644703325068,0.4212142954182658,231.0,101.16666666666667,0.8244547134809795,0.4264290067859376,10340.0,29.0,0.2388888888888889,626,B8,p99=800
117772.0,0.15222991328804203,2.0417379446695296,2.802205621666748,0.13922027306999965,0.3639383724484597,223.0,100.16666666666667,0.8212784434744008,0.4422896978944738,11485.0,28.0,0.28888888888888886,626,B12,p99=800
171699.0,0.02006781090018189,1.5355006336570662,2.0417379446695296,0.011537632717721128,0.10968031264014351,111.0,106.7,0.8860160537778501,0.2990734807747394,10665.0,18.0,0.0,627,A3,p99=800
171699.0,0.02006781090018189,0.7651560209006901,2.0417379446695296,0.016948264113361172,0.05905683783831007,92.0,74.8,0.8725862131544689,0.38017898065977423,17270.0,47.0,0.0,627,A6,p99=800
171699.0,0.02006781090018189,2.0417379446695296,2.0417379446695296,0.037466729567440696,0.15683259657889678,204.0,106.9,0.8979194889854565,0.2760956393329715,11565.0,43.0,0.1388888888888889,627,B6,p99=800
171699.0,0.02006781090018189,1.7988709151287874,2.0417379446695296,0.016228982114048423,0.120679211876598,137.0,89.4,0.8930149068921819,0.286586481163031,10690.0,24.0,0.25833333333333336,627,B8,p99=800
171699.0,0.02006781090018189,1.6884958594867534,2.0417379446695296,0.018054851804611558,0.09740301341300765,115.0,95.2,0.8832039617102735,0.3265031773360662,13060.0,30.0,0.21944444444444444,627,B12,p99=800
109450.0,0.02006781090018189,2.0417379446695296,2.0417379446695296,0.057078574691640016,0.190678391959799,181.0,85.5,0.9360589920268368,0.16626576070062968,6705.0,16.0,0.0,628,A3,p99=800
109450.0,0.02006781090018189,0.6958249547006052,1.9781080029332403,0.007464595705801736,0.060201005025125626,47.0,64.35714285714286,0.8988108768545665,0.2944869744408346,13140.0,43.0,0.0,628,A6,p99=800
109450.0,0.02006781090018189,2.0417379446695296,2.0417379446695296,0.06872316126084971,0.2162014618547282,213.0,85.57142857142857,0.9375698539022955,0.1640928157901798,6700.0,19.0,0.9305555555555556,628,B6,p99=800
109450.0,0.02006781090018189,2.0417379446695296,2.0417379446695296,0.06393558702603928,0.20966879853814527,204.0,85.57142857142857,0.9343958026290528,0.1741520623373533,7045.0,17.0,0.8694444444444445,628,B8,p99=800
109450.0,0.02006781090018189,2.0417379446695296,2.0417379446695296,0.06872316126084971,0.20681818181818182,202.0,87.21428571428571,0.9344124506066029,0.17579681274903944,7115.0,17.0,0.8111111111111111,628,B12,p99=800
148775.0,0.02006781090018189,1.742809826672464,2.0417379446695296,0.02025037808771635,0.16464627793648126,186.0,88.0,0.9341388759649539,0.17867549791252524,8835.0,14.0,0.0,629,A3,p99=800
148775.0,0.02006781090018189,1.191927939457827,2.0417379446695296,0.002587800369685767,0.08928247353385986,68.0,52.166666666666664,0.907505792188635,0.26931795303895495,16045.0,52.0,0.0,629,A6,p99=800
148775.0,0.02006781090018189,2.0417379446695296,2.0417379446695296,0.05913627961687112,0.20022853301966057,264.0,94.83333333333333,0.939294854149999,0.16305337712798726,8640.0,21.0,0.6805555555555556,629,B6,p99=800
148775.0,0.02006781090018189,2.0417379446695296,2.0417379446695296,0.05412199630314233,0.23289531171231725,275.0,96.25,0.9326374052404021,0.1865429137438116,9455.0,19.0,0.6527777777777778,629,B8,p99=800
148775.0,0.02006781090018189,1.2698429144338064,2.0417379446695296,0.013997647454209377,0.11246849269030415,114.0,78.08333333333333,0.9244794026622316,0.20955199784290215,11550.0,32.0,0.12222222222222222,629,B12,p99=800
65160.0,0.02006781090018189,2.0417379446695296,2.0417379446695296,0.06017495395948435,0.22604358502148558,144.0,112.5,0.926303410226051,0.1905118638514827,5160.0,4.0,0.0,630,A3,p99=800
65160.0,0.02006781090018189,1.584893192461114,2.0417379446695296,0.00954573357888275,0.13606507059545733,75.0,95.21428571428571,0.882250433675123,0.3198422815260828,9775.0,45.0,0.0,630,A6,p99=800
65160.0,0.02006781090018189,2.0417379446695296,2.0417379446695296,0.08459177409453653,0.246853898096992,156.0,99.71428571428571,0.9259384469376634,0.18083381924801345,5225.0,16.0,0.6972222222222222,630,B6,p99=800
65160.0,0.02006781090018189,2.0417379446695296,2.0417379446695296,0.06017495395948435,0.22604358502148558,144.0,112.5,0.9335919346516884,0.16801764494039598,4870.0,5.0,0.875,630,B8,p99=800
65160.0,0.02006781090018189,2.0417379446695296,2.0417379446695296,0.07288213627992633,0.21781767955801104,132.0,108.0,0.8972968341369756,0.26907529583583334,7955.0,30.0,0.20833333333333334,630,B12,p99=800
56159.0,0.02006781090018189,2.0417379446695296,2.0417379446695296,0.07282893213910505,0.23127192435762745,136.0,95.0,0.926634604584097,0.1673160903966473,4050.0,3.0,0.0,631,A3,p99=800
56159.0,0.02006781090018189,1.742809826672464,2.0417379446695296,0.03653020887124059,0.1380277426592354,72.0,69.85714285714286,0.8761469740341611,0.3124583607972281,8390.0,45.0,0.0,631,A6,p99=800
56159.0,0.02006781090018189,2.0417379446695296,2.0417379446695296,0.05464840898164141,0.200413112769102,114.0,78.35714285714286,0.9034028441398988,0.23534427446053252,5740.0,20.0,0.5888888888888889,631,B6,p99=800
56159.0,0.02006781090018189,2.0417379446695296,2.0417379446695296,0.03338734664078776,0.16894887729482364,89.0,86.5,0.8923803851492459,0.26119010584580066,6010.0,13.0,0.3972222222222222,631,B8,p99=800
56159.0,0.02006781090018189,2.0417379446695296,2.0417379446695296,0.07069214195409462,0.21172029416478214,126.0,78.42857142857143,0.887320949930597,0.2743172536270614,6530.0,28.0,0.3111111111111111,631,B12,p99=800
45647.0,0.02006781090018189,2.0417379446695296,2.0417379446695296,0.08854908318180822,0.30492693933883935,130.0,111.28571428571429,0.8965081937649755,0.22633515630386772,4320.0,4.0,0.0,632,A3,p99=800
45647.0,0.02006781090018189,2.0417379446695296,2.0417379446695296,0.04646526606348719,0.21615878370977282,85.0,90.57142857142857,0.8278639844331828,0.40845463233501644,8020.0,37.0,0.0,632,A6,p99=800
45647.0,0.02006781090018189,2.0417379446695296,2.0417379446695296,0.10267925602996911,0.30067693386202815,132.0,119.85714285714286,0.8760925859825653,0.2802739237626689,5755.0,19.0,0.44166666666666665,632,B6,p99=800
45647.0,0.02006781090018189,2.0417379446695296,2.0417379446695296,0.07194339167962846,0.25780445593357726,109.0,103.07142857142857,0.8641085513864405,0.3091577577909685,5975.0,17.0,0.42777777777777776,632,B8,p99=800
45647.0,0.02006781090018189,2.0417379446695296,2.0417379446695296,0.089096764299954,0.2905119723092427,127.0,105.71428571428571,0.8577215241402087,0.32811994913631864,6805.0,21.0,0.5027777777777778,632,B12,p99=800
79982.0,0.02006781090018189,2.0417379446695296,2.0417379446695296,0.07242879647920782,0.23171463579305343,186.0,107.83333333333333,0.9292027992180008,0.1732067380775764,5520.0,10.0,0.0,633,A3,p99=800
79982.0,0.02006781090018189,1.742809826672464,2.0417379446695296,0.021754894851341553,0.1011352554324723,72.0,66.5,0.8836605114156105,0.3053724964370241,10505.0,41.0,0.0,633,A6,p99=800
79982.0,0.02006781090018189,2.0417379446695296,2.0417379446695296,0.0735415468480408,0.22935160411092495,183.0,107.83333333333333,0.9162364139875985,0.20707417665684363,6475.0,19.0,0.6972222222222222,633,B6,p99=800
79982.0,0.02006781090018189,2.0417379446695296,2.0417379446695296,0.07227876272161236,0.21438573679077794,171.0,102.66666666666667,0.9112531717663223,0.2231258022538468,6620.0,15.0,0.7583333333333333,633,B8,p99=800
79982.0,0.02006781090018189,2.0417379446695296,2.0417379446695296,0.05473731589607662,0.16069865719786952,129.0,95.58333333333333,0.8957389150742224,0.2664774754674849,8405.0,29.0,0.30277777777777776,633,B12,p99=800
69130.0,0.02006781090018189,2.0417379446695296,2.0417379446695296,0.05010849124837263,0.22162592217561117,138.0,111.28571428571429,0.9509781663788471,0.12525941074196456,4845.0,5.0,0.0,634,A3,p99=800
69130.0,0.02006781090018189,1.9164610627353873,2.0417379446695296,0.02654419210183712,0.15699406914508895,92.0,90.92857142857143,0.9221634329724988,0.2143984983400718,8975.0,38.0,0.0,634,A6,p99=800
69130.0,0.02006781090018189,2.0417379446695296,2.0417379446695296,0.03995371040069434,0.22217561116736584,137.0,115.57142857142857,0.9575132286824045,0.11044752627875366,4865.0,8.0,0.7805555555555556,634,B6,p99=800
69130.0,0.02006781090018189,2.0417379446695296,2.0417379446695296,0.043020396354694054,0.22302907565456387,135.0,111.28571428571429,0.9468961664268113,0.1406788987793032,5695.0,11.0,0.8,634,B8,p99=800
69130.0,0.02006781090018189,2.0417379446695296,2.0417379446695296,0.05191667872124982,0.16525386952119195,111.0,99.07142857142857,0.9160254337073189,0.2264065601573199,9105.0,39.0,0.0,634,B12,p99=800
92530.0,0.02006781090018189,2.0417379446695296,2.0417379446695296,0.048903058467524047,0.1746784826542743,137.0,103.0,0.9966129653391862,0.03203842053211322,5325.0,5.0,0.0,635,A3,p99=800
92530.0,0.02006781090018189,1.8567353246307055,2.0417379446695296,0.022306279044634173,0.13965200475521453,93.0,70.57142857142857,0.9837338354318436,0.08063398575708226,9945.0,46.0,0.0,635,A6,p99=800
92530.0,0.02006781090018189,2.0417379446695296,2.0417379446695296,0.06569761158543175,0.16777261428725818,144.0,103.57142857142857,0.9942135745054765,0.037160892565878574,5340.0,12.0,0.7638888888888888,635,B6,p99=800
92530.0,0.02006781090018189,2.0417379446695296,2.0417379446695296,0.048903058467524047,0.1746784826542743,137.0,103.0,0.9959851179649778,0.03440409743342098,5685.0,5.0,0.9305555555555556,635,B8,p99=800
92530.0,0.02006781090018189,2.0417379446695296,2.0417379446695296,0.05379876796714579,0.13831189884361828,113.0,70.92857142857143,0.9840509457223989,0.07629539152929311,9580.0,39.0,0.0,635,B12,p99=800
76098.0,0.02006781090018189,2.0417379446695296,2.0417379446695296,0.056532366159426,0.2040395279770822,139.0,119.85714285714286,0.9955885773870636,0.03636882824056711,4950.0,3.0,0.0,636,A3,p99=800
76098.0,0.02006781090018189,1.4412854420872234,2.0417379446695296,0.014770427606507399,0.13215853241872322,73.0,74.07142857142857,0.9814172518472529,0.09172702000367003,10095.0,41.0,0.0,636,A6,p99=800
76098.0,0.02006781090018189,2.0417379446695296,2.0417379446695296,0.09318247522930957,0.21865226418565534,172.0,119.85714285714286,0.9984610293443867,0.022299198609764363,3695.0,2.0,0.9305555555555556,636,B6,p99=800
76098.0,0.02006781090018189,2.0417379446695296,2.0417379446695296,0.056532366159426,0.2040395279770822,139.0,119.85714285714286,0.994256916992817,0.03999362124426278,5255.0,4.0,0.9305555555555556,636,B8,p99=800
76098.0,0.02006781090018189,2.0417379446695296,2.0417379446695296,0.05479776078214933,0.1621067570764015,114.0,98.92857142857143,0.9779217806981386,0.09511712689947564,9655.0,43.0,0.0,636,B12,p99=800
69100.0,0.02006781090018189,2.0417379446695296,2.0417379446695296,0.08431259044862519,0.20602026049204053,149.0,111.28571428571429,0.9967159307684587,0.03101195082666849,4155.0,4.0,0.0,637,A3,p99=800
69100.0,0.02006781090018189,2.0417379446695296,2.0417379446695296,0.04539797395079595,0.16101302460202604,101.0,86.35714285714286,0.9817046592694654,0.08749671657155798,8225.0,40.0,0.0,637,A6,p99=800
69100.0,0.02006781090018189,2.0417379446695296,2.0417379446695296,0.08651230101302461,0.2006657018813314,145.0,111.64285714285714,0.9957162356975673,0.0333103574015155,4255.0,8.0,0.7861111111111111,637,B6,p99=800
69100.0,0.02006781090018189,2.0417379446695296,2.0417379446695296,0.08431259044862519,0.20602026049204053,149.0,111.28571428571429,0.9952936112518638,0.03458889375167035,4515.0,4.0,0.9305555555555556,637,B8,p99=800
69100.0,0.02006781090018189,2.0417379446695296,2.0417379446695296,0.0705354558610709,0.15839363241678728,113.0,95.21428571428571,0.977217326890697,0.09593680699566517,9055.0,44.0,0.0,637,B12,p99=800
68623.0,0.02006781090018189,2.0417379446695296,2.0417379446695296,0.06703291899217463,0.2032991854043105,145.0,119.85714285714286,0.9966121028620332,0.030294641914259776,4155.0,4.0,0.0,638,A3,p99=800
68623.0,0.02006781090018189,2.0417379446695296,2.0417379446695296,0.03730527665651458,0.16485726359966774,103.0,90.64285714285714,0.9830970967759729,0.0827589233951658,7890.0,41.0,0.0,638,A6,p99=800
68623.0,0.02006781090018189,2.0417379446695296,2.0417379446695296,0.06646459641811055,0.1951532285093919,139.0,103.07142857142857,0.9952288587029647,0.035457779879838384,4515.0,9.0,0.8611111111111112,638,B6,p99=800
68623.0,0.02006781090018189,2.0417379446695296,2.0417379446695296,0.06703291899217463,0.2032991854043105,145.0,119.85714285714286,0.9950790918650875,0.03344680183972608,4515.0,4.0,0.9305555555555556,638,B8,p99=800
68623.0,0.02006781090018189,2.0417379446695296,2.0417379446695296,0.0614516998673914,0.18604549495067252,128.0,98.92857142857143,0.9783974043467716,0.09047148562602296,8550.0,44.0,0.0,638,B12,p99=800
74472.0,0.02006781090018189,2.0417379446695296,2.0417379446695296,0.08346761198839832,0.22335911483510582,171.0,107.5,0.9940831677530331,0.03576756762691987,4515.0,5.0,0.0,639,A3,p99=800
74472.0,0.02006781090018189,1.9781080029332403,2.0417379446695296,0.04956225158448813,0.12709474701901385,91.0,75.07142857142857,0.9761563510181575,0.10158092970794314,9140.0,42.0,0.0,639,A6,p99=800
74472.0,0.02006781090018189,2.0417379446695296,2.0417379446695296,0.06289612203244173,0.1823235578472446,127.0,87.07142857142857,0.9802321528812555,0.08001085499306454,7630.0,40.0,0.05555555555555555,639,B6,p99=800
74472.0,0.02006781090018189,1.7988709151287874,2.0417379446695296,0.028601353528843056,0.10702008808679772,77.0,66.42857142857143,0.9813667692172168,0.08602173483614706,8240.0,16.0,0.3,639,B8,p99=800
74472.0,0.02006781090018189,2.0417379446695296,2.0417379446695296,0.05022021699430659,0.18367977226340101,121.0,95.28571428571429,0.9788384115850469,0.08864744279253545,8575.0,35.0,0.25833333333333336,639,B12,p99=800
143674.0,0.02006781090018189,2.0417379446695296,2.0417379446695296,0.13998009382351712,0.1953902585018862,207.0,83.71428571428571,0.9737920613248131,0.08479011994555541,7770.0,11.0,0.0,640,A3,p99=800
143674.0,0.02006781090018189,2.0417379446695296,2.468880104906209,0.05459582109497891,0.12854100254743378,92.0,53.07142857142857,0.9415793132860252,0.18867454237232512,17095.0,49.0,0.0,640,A6,p99=800
143674.0,0.02006781090018189,2.0417379446695296,2.0417379446695296,0.15686032267494468,0.20905835432994138,233.0,80.85714285714286,0.9620574661571717,0.11889095995747286,11190.0,33.0,0.49444444444444446,640,B6,p99=800
143674.0,0.02006781090018189,2.0417379446695296,2.3919384495683134,0.09912719072344335,0.21566184556704762,205.0,83.5,0.9737447177238105,0.08313945559554042,8710.0,12.0,0.9305555555555556,640,B8,p99=800
143674.0,0.02006781090018189,2.0417379446695296,2.6302679918953813,0.09858951515235881,0.19490826454334118,194.0,95.64285714285714,0.9677508978362028,0.10203706644144411,11525.0,20.0,0.6138888888888889,640,B12,p99=800
265462.0,0.02006781090018189,0.7651560209006901,1.8567353246307055,0.0023129487459598737,0.07067678236433086,70.0,65.5,0.9661820028973317,0.1136941649125858,13230.0,10.0,0.0,641,A3,p99=800
265462.0,0.02006781090018189,0.2778113596642536,1.3963683610559376,3.01361400125065e-05,0.031665549118141206,31.0,46.625,0.9419407127082596,0.20253999165874967,23890.0,54.0,0.0,641,A6,p99=800
265462.0,0.02006781090018189,0.985711900900616,2.0417379446695296,0.01058908619689447,0.08764719620887358,107.0,80.25,0.9639421225008371,0.12023731609018844,13105.0,16.0,0.8277777777777777,641,B6,p99=800
265462.0,0.02006781090018189,1.0839269140212038,2.0417379446695296,0.01445404615349843,0.09748664592295696,119.0,74.375,0.9636813464675973,0.12433243775047988,13910.0,18.0,0.4777777777777778,641,B8,p99=800
265462.0,0.02006781090018189,1.5355006336570662,2.0417379446695296,0.03372045716524399,0.08956649162592009,143.0,61.875,0.9572770375213759,0.15088773921850404,17775.0,29.0,0.22777777777777777,641,B12,p99=800
401571.0,0.02006781090018189,0.44668359215096304,1.742809826672464,0.0,0.046684148008695844,39.0,24.666666666666668,0.9316116599345019,0.18968770296387075,20745.0,18.0,0.0,642,A3,p99=800
401571.0,0.02006781090018189,0.024266100950824154,0.1899984246214733,0.0,0.0022735705516583617,8.0,0.6666666666666666,0.9090447977730256,0.28096001587375186,33780.0,51.0,0.0,642,A6,p99=800
401571.0,0.02006781090018189,1.3963683610559376,2.0417379446695296,0.0386880526731263,0.09474538749063055,121.0,24.666666666666668,0.9316945644247187,0.1927685851487372,21005.0,42.0,0.425,642,B6,p99=800
401571.0,0.02006781090018189,1.4412854420872234,2.0417379446695296,0.03223589352816812,0.09803745788415996,205.0,24.666666666666668,0.9328828923533957,0.1855777769641012,19985.0,36.0,0.44166666666666665,642,B8,p99=800
401571.0,0.02006781090018189,1.1547819846894583,2.0417379446695296,0.033776716944201646,0.07291923470569339,135.0,24.666666666666668,0.9258509169914725,0.21601014167261484,24500.0,35.0,0.25,642,B12,p99=800
69219.0,0.02006781090018189,2.0417379446695296,2.0417379446695296,0.06488102977506176,0.15206807379476733,103.0,103.0,0.9230844030261314,0.17792771209795427,4680.0,5.0,0.0,643,A3,p99=800
69219.0,0.02006781090018189,1.9781080029332403,2.0417379446695296,0.05514381889365637,0.1189702249382395,76.0,69.92857142857143,0.8868920002350299,0.2890370382651818,8320.0,36.0,0.0,643,A6,p99=800
69219.0,0.02006781090018189,2.0417379446695296,2.0417379446695296,0.06167381788237334,0.14292318583048008,93.0,90.85714285714286,0.899266760642353,0.24577760212155134,7420.0,38.0,0.05,643,B6,p99=800
69219.0,0.02006781090018189,1.9164610627353873,2.0417379446695296,0.03207211892688424,0.1468816365448793,86.0,79.92857142857143,0.8951096208428198,0.2574847997795211,7385.0,34.0,0.11666666666666667,643,B8,p99=800
69219.0,0.02006781090018189,2.0417379446695296,2.0417379446695296,0.06167381788237334,0.1465060171340239,98.0,95.92857142857143,0.8926058425956639,0.27055129393251093,8225.0,34.0,0.20833333333333334,643,B12,p99=800
70175.0,0.02006781090018189,2.0417379446695296,2.0417379446695296,0.058867117919487,0.1685785536159601,126.0,119.85714285714286,0.9775715291874794,0.06651845827441996,4200.0,2.0,0.0,644,A3,p99=800
70175.0,0.02006781090018189,1.9164610627353873,2.0417379446695296,0.033815461346633414,0.13346633416458853,86.0,86.78571428571429,0.9528520957922508,0.1468810063353118,8075.0,39.0,0.0,644,A6,p99=800
70175.0,0.02006781090018189,2.0417379446695296,2.0417379446695296,0.046939793373708585,0.1666405415033844,110.0,111.64285714285714,0.9580767399864514,0.1236028935656876,7200.0,40.0,0.0,644,B6,p99=800
70175.0,0.02006781090018189,1.584893192461114,2.0417379446695296,0.023127894549340933,0.10456715354470965,68.0,86.71428571428571,0.9538960487413386,0.1408950720342723,8130.0,27.0,0.08611111111111111,644,B8,p99=800
70175.0,0.02006781090018189,2.0417379446695296,2.0417379446695296,0.046939793373708585,0.1519771998574991,102.0,111.64285714285714,0.9510494842226239,0.14807270873995093,8500.0,39.0,0.0,644,B12,p99=800
68890.0,0.02006781090018189,2.0417379446695296,2.0417379446695296,0.07210044999274205,0.18737117143271884,133.0,119.85714285714286,0.9843031553321895,0.05454241168356677,4140.0,3.0,0.0,645,A3,p99=800
68890.0,0.02006781090018189,2.0417379446695296,2.0417379446695296,0.04299608070837567,0.14103643489621134,90.0,90.07142857142857,0.9653990087552567,0.12006408649661514,8015.0,41.0,0.0,645,A6,p99=800
68890.0,0.02006781090018189,2.0417379446695296,2.0417379446695296,0.06263608651473364,0.14874437509072436,103.0,103.42857142857143,0.966163561887683,0.10978657001990068,7550.0,35.0,0.0,645,B6,p99=800
68890.0,0.02006781090018189,2.0417379446695296,2.0417379446695296,0.07210044999274205,0.18737117143271884,133.0,119.85714285714286,0.9833323117505232,0.05767509857997063,4390.0,4.0,0.9305555555555556,645,B8,p99=800
68890.0,0.02006781090018189,2.0417379446695296,2.0417379446695296,0.07089563071563362,0.1699811293366236,122.0,111.64285714285714,0.976894196439688,0.07812539491141296,5805.0,15.0,0.625,645,B12,p99=800
72464.0,0.02006781090018189,2.0417379446695296,2.0417379446695296,0.072070269375138,0.24212712519319937,150.0,113.21428571428571,0.9879804553038372,0.050777479017959974,4560.0,3.0,0.0,646,A3,p99=800
72464.0,0.02006781090018189,2.0417379446695296,2.0417379446695296,0.03968867299624641,0.12335780525502318,84.0,88.42857142857143,0.9674675336061921,0.12240496019323671,9055.0,42.0,0.0,646,A6,p99=800
72464.0,0.02006781090018189,2.0417379446695296,2.0417379446695296,0.06095440494590417,0.18653400309119011,120.0,113.14285714285714,0.9739751333580385,0.09172554448544014,7640.0,29.0,0.16944444444444445,646,B6,p99=800
72464.0,0.02006781090018189,2.0417379446695296,2.0417379446695296,0.04068226981673659,0.1648818723780084,97.0,79.92857142857143,0.976468140421942,0.0918209817943193,7770.0,26.0,0.26944444444444443,646,B8,p99=800
72464.0,0.02006781090018189,2.0417379446695296,2.0417379446695296,0.06176860234047251,0.19520037535879886,128.0,113.14285714285714,0.9771279732435284,0.08630781493900895,7325.0,22.0,0.4166666666666667,646,B12,p99=800
103674.0,0.02006781090018189,2.0417379446695296,2.0417379446695296,0.05066361865077069,0.19416150626000733,186.0,103.57142857142857,0.992691523492196,0.04501514204772165,6360.0,9.0,0.0,647,A3,p99=800
103674.0,0.02006781090018189,2.0417379446695296,2.0417379446695296,0.033894708412909695,0.14215714643980168,145.0,89.14285714285714,0.9795037738348609,0.09260163190677459,11180.0,47.0,0.0,647,A6,p99=800
103674.0,0.02006781090018189,2.0417379446695296,2.0417379446695296,0.060728823041456874,0.18022840827980013,181.0,102.42857142857143,0.9855827134091406,0.06628220887420894,7765.0,31.0,0.20833333333333334,647,B6,p99=800
103674.0,0.02006781090018189,1.6884958594867534,2.0417379446695296,0.02554160155873218,0.12569207322954645,113.0,99.85714285714286,0.9884537193888802,0.061043473068042545,8070.0,20.0,0.3194444444444444,647,B8,p99=800
103674.0,0.02006781090018189,1.9781080029332403,2.0417379446695296,0.033769315353897794,0.12078245268823427,124.0,94.5,0.9822239104032617,0.08227379322803052,9965.0,33.0,0.09166666666666666,647,B12,p99=800
167905.0,0.02006781090018189,1.0501467677660838,2.0417379446695296,0.018516422977278818,0.09957416396176409,122.0,66.88888888888889,0.9912602264185162,0.055483905886442496,9840.0,16.0,0.0,648,A3,p99=800
167905.0,0.02006781090018189,0.47588279098881686,2.0417379446695296,0.005522468062297133,0.046340192370685804,56.0,19.11111111111111,0.976433746428669,0.10209418005716198,17480.0,50.0,0.0,648,A6,p99=800
167905.0,0.02006781090018189,2.0417379446695296,2.0417379446695296,0.045390250439236474,0.15402013043089843,210.0,68.44444444444444,0.9878030651623364,0.06386537647685603,10255.0,28.0,0.7138888888888889,648,B6,p99=800
167905.0,0.02006781090018189,2.0417379446695296,2.0417379446695296,0.03880617015574283,0.14084303624073136,176.0,56.55555555555556,0.9882869654371769,0.0655534198108097,10480.0,30.0,0.38055555555555554,648,B8,p99=800
167905.0,0.02006781090018189,2.0417379446695296,2.0417379446695296,0.04523986778237694,0.16298502129180192,206.0,68.55555555555556,0.9836033485571912,0.07514702916284531,12780.0,32.0,0.34444444444444444,648,B12,p99=800
152687.0,0.02006781090018189,1.6358745652400533,2.0417379446695296,0.01579702266728667,0.15488548468435426,139.0,90.72727272727273,0.9709984676545226,0.10071391108889201,9585.0,14.0,0.0,649,A3,p99=800
152687.0,0.02006781090018189,1.4412854420872234,2.0417379446695296,0.019621840759200194,0.10469129657403708,120.0,60.27272727272727,0.9495276188137955,0.17494572446984166,17260.0,51.0,0.0,649,A6,p99=800
152687.0,0.02006781090018189,1.9164610627353873,2.0417379446695296,0.02991086340028948,0.16880284503592316,160.0,90.27272727272727,0.9666645324290547,0.1123560459144683,10640.0,26.0,0.6277777777777778,649,B6,p99=800
152687.0,0.02006781090018189,2.0417379446695296,2.0417379446695296,0.039368119093308535,0.23558652668531047,249.0,98.9090909090909,0.9692517655310333,0.10522838191792087,9430.0,23.0,0.8166666666666667,649,B8,p99=800
152687.0,0.02006781090018189,2.0417379446695296,2.0417379446695296,0.063823377235783,0.19047463110808385,242.0,98.9090909090909,0.9713501227974951,0.10255123209283919,10375.0,27.0,0.525,649,B12,p99=800
137769.0,0.02006781090018189,1.5355006336570662,2.0417379446695296,0.012099964433217923,0.14136707096661805,97.0,66.45454545454545,0.8732158758142128,0.3160148115259809,9030.0,6.0,0.0,650,A3,p99=800
137769.0,0.02006781090018189,1.2698429144338064,2.0417379446695296,0.034739310004427704,0.08015591315898352,103.0,52.0,0.8442599504964221,0.4518397713797155,15275.0,44.0,0.0,650,A6,p99=800
137769.0,0.02006781090018189,2.0417379446695296,2.0417379446695296,0.0593311993264087,0.19110249765912507,196.0,61.0,0.8693606643822472,0.33507987348920026,10240.0,36.0,0.2972222222222222,650,B6,p99=800
137769.0,0.02006781090018189,1.9164610627353873,2.0417379446695296,0.024858640187560337,0.16964084808628938,151.0,63.09090909090909,0.869089608566601,0.3302126504968795,9450.0,14.0,0.8305555555555556,650,B8,p99=800
137769.0,0.02006781090018189,2.0417379446695296,2.0417379446695296,0.05630439358636558,0.19696012891143871,207.0,62.54545454545455,0.8752538132145666,0.32068065227456133,9950.0,19.0,0.6166666666666667,650,B12,p99=800
160578.0,0.02006781090018189,1.6884958594867534,2.0417379446695296,0.01604204810123429,0.1368120165900684,128.0,97.6923076923077,0.9894515255414137,0.06100569727536336,9555.0,14.0,0.0,651,A3,p99=800
160578.0,0.02006781090018189,1.7988709151287874,2.0417379446695296,0.028920524604864925,0.09269638431167408,109.0,55.38461538461539,0.9720596268746132,0.11378643804058726,16425.0,41.0,0.0,651,A6,p99=800
160578.0,0.02006781090018189,2.0417379446695296,2.0417379446695296,0.08196951014460262,0.2272945235337344,304.0,95.23076923076923,0.9825467858109918,0.07779452132000908,11005.0,45.0,0.4222222222222222,651,B6,p99=800
160578.0,0.02006781090018189,1.584893192461114,2.0417379446695296,0.015711990434555168,0.12842356985390277,110.0,102.61538461538461,0.987679036539225,0.0656407544709939,10220.0,14.0,0.7083333333333334,651,B8,p99=800
160578.0,0.02006781090018189,1.8567353246307055,2.0417379446695296,0.02838807308597691,0.14068863729776185,146.0,93.76923076923077,0.9845717337597959,0.0755078374685024,10875.0,25.0,0.6777777777777778,651,B12,p99=800
170881.0,0.02006781090018189,2.0417379446695296,2.3173946499684797,0.18226133976275888,0.12997349032367553,141.0,89.66666666666667,0.9877405639206491,0.06463625997698075,9450.0,16.0,0.0,652,A3,p99=800
170881.0,0.02006781090018189,2.0417379446695296,3.1805336883295205,0.14999034415763016,0.15662068925158443,132.0,63.666666666666664,0.9628902061107069,0.13196135600361247,16290.0,47.0,0.0,652,A6,p99=800
170881.0,0.02006781090018189,2.0417379446695296,2.0417379446695296,0.19112423265313289,0.1130113938939964,157.0,80.58333333333333,0.9838221347619208,0.07358022539498825,11590.0,21.0,0.9305555555555556,652,B6,p99=800
170881.0,0.02006781090018189,2.0417379446695296,2.6302679918953813,0.15354544975743353,0.1932631480386936,214.0,87.41666666666667,0.9833598531847408,0.0728014133966722,10475.0,22.0,0.85,652,B8,p99=800
170881.0,0.02006781090018189,2.0417379446695296,2.9853826189179604,0.14917691258829244,0.1682252561724241,159.0,80.66666666666667,0.9744329685134694,0.10123370982677238,13865.0,37.0,0.3055555555555556,652,B12,p99=800
68908.0,0.02006781090018189,2.0417379446695296,2.0417379446695296,0.07441806466593139,0.1912550066755674,140.0,99.0,0.988993332906292,0.04589105703239702,4215.0,5.0,0.0,653,A3,p99=800
68908.0,0.02006781090018189,2.0417379446695296,2.0417379446695296,0.049878098334010565,0.13848899982585477,93.0,74.78571428571429,0.9719944514106975,0.10735183412294984,8115.0,42.0,0.0,653,A6,p99=800
68908.0,0.02006781090018189,2.0417379446695296,2.0417379446695296,0.06793115458292216,0.1800951993962965,128.0,86.92857142857143,0.9813900145712307,0.06796074891391087,5725.0,21.0,0.45,653,B6,p99=800
68908.0,0.02006781090018189,2.0417379446695296,2.0417379446695296,0.07441806466593139,0.1912550066755674,140.0,99.0,0.9881654121771092,0.04768936888307673,4435.0,5.0,0.9305555555555556,653,B8,p99=800
68908.0,0.02006781090018189,2.0417379446695296,2.0417379446695296,0.06206826493295409,0.17083647762233703,115.0,78.78571428571429,0.9671921559354933,0.11638785554253041,8835.0,33.0,0.0,653,B12,p99=800
111707.0,0.02006781090018189,2.0417379446695296,2.0417379446695296,0.16998934713133465,0.29545149363961076,170.0,88.92307692307692,0.9749053817333321,0.08098556707332691,6975.0,7.0,0.0,654,A3,p99=800
111707.0,0.02006781090018189,2.0417379446695296,2.0417379446695296,0.04594161511812152,0.30012443266760364,84.0,48.84615384615385,0.9525994368829036,0.1547245322557953,12990.0,40.0,0.0,654,A6,p99=800
111707.0,0.02006781090018189,2.0417379446695296,3.1805336883295205,0.2874036542025119,0.2189746390109841,189.0,88.92307692307692,0.9776714547987911,0.06494929112719569,7215.0,7.0,0.9305555555555556,654,B6,p99=800
111707.0,0.02006781090018189,2.0417379446695296,2.0417379446695296,0.15382205233333632,0.3005183202485073,168.0,88.92307692307692,0.9759034925219713,0.07094790260056416,7620.0,5.0,0.9305555555555556,654,B8,p99=800
111707.0,0.02006781090018189,2.1752040340195222,3.1805336883295205,0.2560716875397245,0.20991522465020096,149.0,75.92307692307692,0.9578492947522916,0.13172419502764046,11600.0,32.0,0.21666666666666667,654,B12,p99=800
71027.0,0.02006781090018189,2.0417379446695296,2.0417379446695296,0.07490109395018796,0.18559139482168752,143.0,104.14285714285714,0.9852728943225934,0.050592883401309574,4140.0,3.0,0.0,655,A3,p99=800
71027.0,0.02006781090018189,1.9164610627353873,2.0417379446695296,0.03514156588339645,0.13221732580567952,88.0,90.71428571428571,0.9625972657790397,0.12823871710968002,8840.0,39.0,0.0,655,A6,p99=800
71027.0,0.02006781090018189,2.0417379446695296,2.0417379446695296,0.07828009066974531,0.18592929449364326,143.0,104.5,0.9848666956836082,0.050843363944352196,4155.0,6.0,0.8194444444444444,655,B6,p99=800
71027.0,0.02006781090018189,2.0417379446695296,2.0417379446695296,0.07490109395018796,0.18559139482168752,143.0,104.14285714285714,0.9845618656285006,0.05329389345862738,4390.0,4.0,0.9305555555555556,655,B8,p99=800
71027.0,0.02006781090018189,2.0417379446695296,2.0417379446695296,0.052726427978092835,0.16412068649950018,114.0,86.78571428571429,0.9601474378691577,0.13142855653706353,9510.0,34.0,0.0,655,B12,p99=800
96973.0,0.02006781090018189,2.0417379446695296,2.9853826189179604,0.14957513947181175,0.21028791519288875,159.0,91.23076923076923,0.9857601306740246,0.05404576739379932,5325.0,6.0,0.0,656,A3,p99=800
96973.0,0.02006781090018189,2.0417379446695296,2.6302679918953813,0.11393893145514732,0.17408969506976169,109.0,80.0,0.9660767604073501,0.12517048249817098,10785.0,42.0,0.0,656,A6,p99=800
96973.0,0.02006781090018189,2.0417379446695296,2.0417379446695296,0.16611840409186063,0.17406907077227682,154.0,89.23076923076923,0.985007772327412,0.054677316201545034,6355.0,6.0,0.9305555555555556,656,B6,p99=800
96973.0,0.02006781090018189,2.0417379446695296,2.1752040340195222,0.1187443927691213,0.2163179441700267,152.0,89.07692307692308,0.9858692186070223,0.05301666427955236,5785.0,6.0,0.9305555555555556,656,B8,p99=800
96973.0,0.02006781090018189,2.0417379446695296,2.7148760106825023,0.10955626823961309,0.19269281140111166,123.0,71.3076923076923,0.970101108590295,0.10748995501549154,10370.0,33.0,0.18055555555555555,656,B12,p99=800
87696.0,0.02006781090018189,2.0417379446695296,2.0417379446695296,0.05401614668856048,0.16274402481299033,137.0,107.35714285714286,0.992534432304536,0.03673272518524047,4635.0,5.0,0.0,657,A3,p99=800
87696.0,0.02006781090018189,1.7988709151287874,2.0417379446695296,0.012406495165115855,0.13582147418354315,91.0,91.0,0.9763413457203535,0.09721453062591329,9695.0,45.0,0.0,657,A6,p99=800
87696.0,0.02006781090018189,2.0417379446695296,2.0417379446695296,0.06205528188286809,0.16917533296843643,146.0,115.71428571428571,0.9944562323706054,0.029766758661314844,4170.0,3.0,0.9305555555555556,657,B6,p99=800
87696.0,0.02006781090018189,2.0417379446695296,2.0417379446695296,0.05233990147783251,0.14022304324028462,122.0,94.57142857142857,0.9895759172167017,0.049618978209905795,5750.0,8.0,0.7472222222222222,657,B8,p99=800
87696.0,0.02006781090018189,2.0417379446695296,2.0417379446695296,0.05004789272030651,0.12376847290640394,106.0,95.35714285714286,0.9763612122805208,0.09310232727235217,9640.0,38.0,0.0,657,B12,p99=800
140728.0,0.02006781090018189,2.0417379446695296,2.9853826189179604,0.2601721050537206,0.22995779091580923,186.0,119.84615384615384,0.9935080635223547,0.04044011494533977,7335.0,8.0,0.0,658,A3,p99=800
140728.0,0.02006781090018189,2.0417379446695296,3.726061338637685,0.1923213575123643,0.2155505656301518,115.0,74.61538461538461,0.9809521756535761,0.08938009055770826,13835.0,43.0,0.0,658,A6,p99=800
140728.0,0.02006781090018189,2.0417379446695296,2.0417379446695296,0.28458444659200727,0.17602751406969472,191.0,119.84615384615384,0.9946424213860261,0.03488941938921158,8700.0,5.0,0.9305555555555556,658,B6,p99=800
140728.0,0.02006781090018189,2.0417379446695296,2.1752040340195222,0.22207023477914842,0.16908859644136207,113.0,76.46153846153847,0.9890022906081367,0.0633303497332898,10825.0,21.0,0.3277777777777778,658,B8,p99=800
140728.0,0.02006781090018189,2.0417379446695296,2.802205621666748,0.2601756580069354,0.17944545506224774,169.0,97.61538461538461,0.9841857448578348,0.07044750837648148,11870.0,36.0,0.20833333333333334,658,B12,p99=800
117889.0,0.02006781090018189,1.7988709151287874,2.0417379446695296,0.022589045627666702,0.12837499681904163,110.0,90.38461538461539,0.9963286268210413,0.030814079072197034,6000.0,8.0,0.0,659,A3,p99=800
117889.0,0.02006781090018189,0.41927599668460547,1.9781080029332403,0.0037662546972151768,0.04300655701549763,35.0,39.46153846153846,0.9839742144276074,0.07922417074389211,12470.0,51.0,0.0,659,A6,p99=800
117889.0,0.02006781090018189,1.9164610627353873,2.0417379446695296,0.026855771106719033,0.13684058733215143,126.0,84.38461538461539,0.9874124632874159,0.058833482654710396,8735.0,41.0,0.0,659,B6,p99=800
117889.0,0.02006781090018189,0.33593093598651524,1.9164610627353873,0.005649382045822765,0.03753530863778639,30.0,50.30769230769231,0.9914082614054098,0.05817730405318857,10235.0,17.0,0.08611111111111111,659,B8,p99=800
117889.0,0.02006781090018189,1.5355006336570662,2.0417379446695296,0.016719117135610615,0.10094241192986624,93.0,75.38461538461539,0.985721617047368,0.06893525512286897,10590.0,37.0,0.0,659,B12,p99=800
79895.0,0.02006781090018189,2.0417379446695296,2.0417379446695296,0.07323361912510169,0.1947806496026034,159.0,111.28571428571429,0.9971998202169468,0.028270247591088142,4575.0,6.0,0.0,660,A3,p99=800
79895.0,0.02006781090018189,1.9781080029332403,2.0417379446695296,0.04490894298767132,0.13853182301771075,101.0,75.21428571428571,0.9842057828993043,0.07933125685592539,8930.0,42.0,0.0,660,A6,p99=800
79895.0,0.02006781090018189,2.0417379446695296,2.0417379446695296,0.04927717629388573,0.15869578822204142,122.0,103.21428571428571,0.9913680177459042,0.04967465782501613,6375.0,19.0,0.45,660,B6,p99=800
79895.0,0.02006781090018189,1.9164610627353873,2.0417379446695296,0.04264346955378935,0.11070780399274047,89.0,61.214285714285715,0.9887204347311215,0.06575716503532522,8360.0,17.0,0.30277777777777776,660,B8,p99=800
79895.0,0.02006781090018189,2.0417379446695296,2.0417379446695296,0.05210588897928531,0.15240002503285563,118.0,95.0,0.9835598499876904,0.07759657304761182,9045.0,33.0,0.075,660,B12,p99=800
78491.0,0.02006781090018189,2.0417379446695296,2.0417379446695296,0.06812245989986113,0.19565300480309844,160.0,107.0,0.9975710202522191,0.025821150879669765,4395.0,4.0,0.0,661,A3,p99=800
78491.0,0.02006781090018189,1.742809826672464,2.0417379446695296,0.02400275190786205,0.11267533857384923,76.0,70.07142857142857,0.9825360076696239,0.08628356957565814,9545.0,38.0,0.0,661,A6,p99=800
78491.0,0.02006781090018189,2.0417379446695296,2.0417379446695296,0.04608171637512581,0.1552916894930629,116.0,86.64285714285714,0.9850289891904433,0.06886018180440161,7955.0,34.0,0.0,661,B6,p99=800
78491.0,0.02006781090018189,2.0417379446695296,2.0417379446695296,0.06812245989986113,0.19565300480309844,160.0,107.0,0.9963493772308175,0.029639049721423946,4755.0,4.0,0.9305555555555556,661,B8,p99=800
78491.0,0.02006781090018189,2.0417379446695296,2.0417379446695296,0.04259087029086137,0.15608158897198404,116.0,86.64285714285714,0.9815104240612954,0.08450940399178468,9580.0,35.0,0.0,661,B12,p99=800
118949.0,0.02006781090018189,1.9781080029332403,2.0417379446695296,0.02722385223919495,0.18073081740914174,155.0,94.0,0.9919489394389895,0.05165789738661913,7485.0,13.0,0.0,662,A3,p99=800
118949.0,0.02006781090018189,1.0839269140212038,2.0417379446695296,0.014409536860335102,0.08280859864311596,62.0,45.285714285714285,0.9791718866946336,0.09710580899447978,12715.0,39.0,0.0,662,A6,p99=800
118949.0,0.02006781090018189,2.0417379446695296,2.0417379446695296,0.04741527881697198,0.15000546452681401,154.0,98.35714285714286,0.983600987253967,0.07432212220236092,9490.0,46.0,0.26944444444444443,662,B6,p99=800
118949.0,0.02006781090018189,2.0417379446695296,2.0417379446695296,0.04723873256605772,0.16400306013501584,161.0,92.92857142857143,0.9883342886533086,0.061879706200385264,8110.0,24.0,0.5583333333333333,662,B8,p99=800
118949.0,0.02006781090018189,2.0417379446695296,2.0417379446695296,0.057427973333109145,0.14392722931676602,151.0,84.78571428571429,0.9838306411205271,0.07790332726770459,9730.0,36.0,0.29444444444444445,662,B12,p99=800
163641.0,0.02006781090018189,0.9549925860214359,2.0417379446695296,0.005334848845949365,0.08240599849670927,80.0,81.88888888888889,0.9909830021172732,0.054316874138455866,9000.0,13.0,0.0,663,A3,p99=800
163641.0,0.02006781090018189,0.07349368100487516,1.3963683610559376,0.0024565970630832127,0.024113761221209843,38.0,32.44444444444444,0.9794646151755491,0.0952703577810982,16040.0,42.0,0.0,663,A6,p99=800
163641.0,0.02006781090018189,0.9549925860214359,2.0417379446695296,0.005334848845949365,0.08289487353413875,78.0,81.88888888888889,0.9906142116575014,0.055832026457364826,9025.0,20.0,0.7583333333333333,663,B6,p99=800
163641.0,0.02006781090018189,0.985711900900616,2.0417379446695296,0.005334848845949365,0.08824805519399173,85.0,73.66666666666667,0.9889774287073784,0.06156837564731417,10095.0,21.0,0.30277777777777776,663,B8,p99=800
163641.0,0.02006781090018189,1.6884958594867534,2.0417379446695296,0.018829327613495397,0.1368957046217024,185.0,63.888888888888886,0.9872392110095801,0.062297761171297594,10370.0,24.0,0.41944444444444445,663,B12,p99=800
74258.0,0.02006781090018189,2.0417379446695296,2.0417379446695296,0.0719518435724097,0.19842979880955589,153.0,111.28571428571429,0.9968461051634254,0.02867698401562527,4245.0,4.0,0.0,664,A3,p99=800
74258.0,0.02006781090018189,2.0417379446695296,2.0417379446695296,0.04549004821029384,0.14347275714401142,101.0,91.07142857142857,0.9824563347894004,0.08409730114858305,8225.0,37.0,0.0,664,A6,p99=800
74258.0,0.02006781090018189,2.0417379446695296,2.0417379446695296,0.06780414231463276,0.18784508066470954,142.0,107.71428571428571,0.9821646573776925,0.07165761880199802,7160.0,35.0,0.09166666666666666,664,B6,p99=800
74258.0,0.02006781090018189,1.9164610627353873,2.0417379446695296,0.024280212233025397,0.13702227369441677,89.0,78.42857142857143,0.9812448176750124,0.0854991580069645,8610.0,26.0,0.09166666666666666,664,B8,p99=800
74258.0,0.02006781090018189,2.0417379446695296,2.0417379446695296,0.06523202887231005,0.17493064720299498,131.0,107.5,0.9756937549344571,0.09680907043825651,9360.0,40.0,0.0,664,B12,p99=800
72645.0,0.02006781090018189,2.0417379446695296,2.0417379446695296,0.05404363686420263,0.1845687934475876,136.0,103.0,0.9964385582990184,0.028297920887940194,4335.0,3.0,0.0,665,A3,p99=800
72645.0,0.02006781090018189,1.9781080029332403,2.0417379446695296,0.03460664877142267,0.12795099456259895,94.0,86.78571428571429,0.9843673525255948,0.07701941994112088,8160.0,42.0,0.0,665,A6,p99=800
72645.0,0.02006781090018189,2.0417379446695296,2.0417379446695296,0.05323146809828619,0.17780989744648634,128.0,103.42857142857143,0.9831810989871435,0.06897217074149357,7345.0,39.0,0.0,665,B6,p99=800
72645.0,0.02006781090018189,1.9781080029332403,2.0417379446695296,0.03698809277995733,0.14630050244338907,102.0,94.92857142857143,0.9863812863454806,0.06537463383468203,7385.0,23.0,0.2722222222222222,665,B8,p99=800
72645.0,0.02006781090018189,2.0417379446695296,2.0417379446695296,0.05323146809828619,0.17780989744648634,128.0,103.42857142857143,0.980475299418703,0.0834116907103243,8805.0,40.0,0.0,665,B12,p99=800
124907.0,0.02006781090018189,2.0417379446695296,3.1805336883295205,0.2913647753928923,0.22727709415805358,177.0,105.42857142857143,0.9939772887128172,0.03749352120483869,5985.0,6.0,0.0,666,A3,p99=800
124907.0,0.02006781090018189,2.1074146752966985,4.365158322401661,0.18958505127815095,0.26849976382428525,117.0,83.14285714285714,0.9739099437423554,0.10383046998415417,12695.0,43.0,0.0,666,A6,p99=800
124907.0,0.02006781090018189,2.0417379446695296,2.802205621666748,0.2773583546158342,0.21493591231876516,160.0,95.5,0.9819138381995186,0.07257020578344348,10680.0,29.0,0.21388888888888888,666,B6,p99=800
124907.0,0.02006781090018189,2.0417379446695296,2.3173946499684797,0.21455963236648065,0.24070708607203758,124.0,70.28571428571429,0.9846581808082651,0.07045321282701998,10415.0,24.0,0.30277777777777776,666,B8,p99=800
124907.0,0.02006781090018189,2.1074146752966985,2.5482967479793466,0.24211613440399657,0.2539889677920373,158.0,95.42857142857143,0.9800628843043246,0.08254611504730182,11820.0,30.0,0.21388888888888888,666,B12,p99=800
101904.0,0.02006781090018189,2.0417379446695296,2.0417379446695296,0.04805503218715654,0.1639778615167216,159.0,105.5,0.9957696178617924,0.032042136606333045,5535.0,9.0,0.0,667,A3,p99=800
101904.0,0.02006781090018189,1.1187936686591167,2.0417379446695296,0.018841262364578427,0.09576660386245879,72.0,82.35714285714286,0.9840449759424942,0.07982094843726713,10850.0,48.0,0.0,667,A6,p99=800
101904.0,0.02006781090018189,2.0417379446695296,2.0417379446695296,0.038703093107238185,0.15872782226409168,139.0,107.42857142857143,0.985914217753042,0.06316920156402177,8585.0,37.0,0.0,667,B6,p99=800
101904.0,0.02006781090018189,1.9781080029332403,2.0417379446695296,0.045081645470246505,0.13769822578112734,138.0,80.28571428571429,0.9937310805577345,0.04151678451583829,6880.0,13.0,0.6138888888888889,667,B8,p99=800
101904.0,0.02006781090018189,2.0417379446695296,2.0417379446695296,0.036554011618778456,0.15122075679070499,126.0,107.42857142857143,0.9842584207377229,0.0736716058261968,10240.0,37.0,0.0,667,B12,p99=800
165036.0,0.02006781090018189,0.985711900900616,1.9781080029332403,0.0039264160546789795,0.09007125718025158,84.0,68.16666666666667,0.9979232432440887,0.024496756163525642,7905.0,4.0,0.0,668,A3,p99=800
165036.0,0.02006781090018189,0.33593093598651524,1.584893192461114,0.0007816476405147968,0.03853704646258998,36.0,52.166666666666664,0.986383180648946,0.07027424578104337,14915.0,50.0,0.0,668,A6,p99=800
165036.0,0.02006781090018189,1.2698429144338064,2.0417379446695296,0.013021401391211614,0.09202840592355607,98.0,73.66666666666667,0.9895867447474062,0.05129089357336819,10475.0,38.0,0.0,668,B6,p99=800
165036.0,0.02006781090018189,0.43276287768448307,1.9781080029332403,0.0042293802564289,0.046910976998957805,45.0,53.333333333333336,0.9934229157476913,0.046541154581480094,11200.0,22.0,0.025,668,B8,p99=800
165036.0,0.02006781090018189,1.1547819846894583,2.0417379446695296,0.011239971884922078,0.08201846869773867,86.0,73.58333333333333,0.9887002216208401,0.05862100124928607,12725.0,35.0,0.0,668,B12,p99=800
131680.0,0.02006781090018189,1.9164610627353873,2.0417379446695296,0.017770352369380314,0.1480634872417983,139.0,99.0,0.9975561847116738,0.02439101902580628,6270.0,5.0,0.0,669,A3,p99=800
131680.0,0.02006781090018189,0.7182076058301705,1.6358745652400533,0.0037287363304981773,0.0652870595382746,53.0,65.21428571428571,0.986695481153666,0.07162273452461745,13805.0,48.0,0.0,669,A6,p99=800
131680.0,0.02006781090018189,1.8567353246307055,2.0417379446695296,0.021856014580801945,0.1288730255164034,126.0,90.42857142857143,0.9944506577540252,0.03527322708198527,7450.0,17.0,0.6194444444444445,669,B6,p99=800
131680.0,0.02006781090018189,1.1187936686591167,2.0417379446695296,0.007092952612393681,0.07897934386391252,71.0,73.64285714285714,0.9942493614235308,0.04375779031843576,9330.0,16.0,0.2722222222222222,669,B8,p99=800
131680.0,0.02006781090018189,1.6358745652400533,2.0417379446695296,0.02168134872417983,0.1113077156743621,111.0,90.35714285714286,0.9888565255238967,0.058960372420933674,11075.0,33.0,0.06111111111111111,669,B12,p99=800
136439.0,0.02006781090018189,1.3528511027866506,2.0417379446695296,0.01030497145244395,0.09802915588651338,82.0,107.28571428571429,0.9926008675318342,0.03953033336232208,7350.0,8.0,0.0,670,A3,p99=800
136439.0,0.02006781090018189,1.1547819846894583,2.0417379446695296,0.008252772301174884,0.08614838865720212,65.0,78.5,0.9807367527402715,0.08634471779229179,13290.0,45.0,0.0,670,A6,p99=800
136439.0,0.02006781090018189,1.9164610627353873,2.0417379446695296,0.035994107256722786,0.12354971818908084,122.0,103.85714285714286,0.9833667683121163,0.06902040274440582,9580.0,47.0,0.0,670,B6,p99=800
136439.0,0.02006781090018189,0.36940264435828357,2.0417379446695296,0.002557919656403228,0.045331613394997035,29.0,43.642857142857146,0.9870688489878447,0.06755735238610311,11035.0,17.0,0.0,670,B8,p99=800
136439.0,0.02006781090018189,1.6358745652400533,2.0417379446695296,0.02130622475978276,0.11107527906243816,93.0,95.5,0.9820898915187192,0.07840257215996771,11380.0,36.0,0.0,670,B12,p99=800
88951.0,0.02006781090018189,2.0417379446695296,2.0417379446695296,0.049569425863677755,0.20894368809794156,183.0,101.85714285714286,0.9807067228964471,0.06324632150802512,5355.0,8.0,0.0,671,A3,p99=800
88951.0,0.02006781090018189,0.985711900900616,2.0417379446695296,0.01726793403109577,0.08167418016660859,74.0,78.0,0.9538301591054713,0.15210138718419772,10640.0,47.0,0.0,671,A6,p99=800
88951.0,0.02006781090018189,2.0417379446695296,2.0417379446695296,0.052053939809558074,0.14188429584827603,133.0,94.64285714285714,0.9816294525684984,0.06118023869707145,5455.0,13.0,0.6861111111111111,671,B6,p99=800
88951.0,0.02006781090018189,1.9781080029332403,2.0417379446695296,0.03939247450843723,0.13209519848006207,115.0,94.5,0.9794675069894747,0.07071004564558349,6380.0,14.0,0.6111111111111112,671,B8,p99=800
88951.0,0.02006781090018189,1.9781080029332403,2.0417379446695296,0.03416487729199222,0.13354543512720488,119.0,93.21428571428571,0.9584186751235821,0.13518743387368018,9565.0,31.0,0.08055555555555556,671,B12,p99=800
38173.0,0.02006781090018189,0.36940264435828357,0.8684603593990751,0.0,0.031304848977025644,20.0,,0.918304850765673,0.18471024393422233,3735.0,2.0,0.0,537,A3,T_start=10
38173.0,0.02006781090018189,0.06077850313707005,0.5069907082747045,0.0,0.009928483483090143,14.0,,0.8842917798775434,0.2774247204259447,5385.0,25.0,0.0,537,A6,T_start=10
38173.0,0.02006781090018189,0.11091748152624009,0.44668359215096304,0.0,0.00463678516228748,3.0,,0.9043873080096402,0.22147553616182514,4350.0,13.0,0.0,537,B6,T_start=10
38173.0,0.02006781090018189,0.03548133892335755,0.43276287768448307,0.0,0.00463678516228748,3.0,,0.8876686358245255,0.2642507884899426,4910.0,11.0,0.0,537,B8,T_start=10
38173.0,0.02006781090018189,0.11091748152624009,0.44668359215096304,0.0,0.00463678516228748,3.0,,0.8969995368405498,0.23976066557393125,4625.0,13.0,0.0,537,B12,T_start=10
40776.0,0.02006781090018189,1.4412854420872234,1.9164610627353873,0.0031391014322150286,0.12254757700608201,67.0,45.75,0.9095953300443248,0.20987288953354308,4290.0,7.0,0.0,538,A3,T_start=10
40776.0,0.02006781090018189,0.2867477375581316,0.985711900900616,0.0,0.0266087894840102,16.0,2.0,0.8685317644004794,0.3282170332646543,7035.0,37.0,0.0,538,A6,T_start=10
40776.0,0.02006781090018189,0.6958249547006052,1.6884958594867534,0.0023298018442220914,0.06265940749460466,28.0,48.25,0.8962949883989244,0.24667165100527988,4940.0,23.0,0.05,538,B6,T_start=10
40776.0,0.02006781090018189,0.02350985767597148,0.5939501549952435,0.0,0.011330194231901118,5.0,20.75,0.8788537527450954,0.2913205979124398,6010.0,9.0,0.0,538,B8,T_start=10
40776.0,0.02006781090018189,0.6958249547006052,1.6884958594867534,0.0023298018442220914,0.06263488326466549,28.0,3.0,0.886039682363321,0.2735301220951091,5410.0,20.0,0.0,538,B12,T_start=10
45368.0,0.02006781090018189,0.3054921113215514,1.6884958594867534,0.0017413154646446834,0.027486333979897724,19.0,17.0,0.9490935009175924,0.13279647793337127,4485.0,7.0,0.0,539,A3,T_start=10
45368.0,0.02006781090018189,0.0220673406908459,0.26076542044591006,0.0,0.004077764062775525,4.0,0.0,0.9438089692624044,0.15065703888147886,5355.0,12.0,0.0,539,A6,T_start=10
45368.0,0.02006781090018189,0.024266100950824154,1.584893192461114,0.0017413154646446834,0.025392347028742726,14.0,39.5,0.9502324396238141,0.12901867987213236,4405.0,8.0,0.09722222222222222,539,B6,T_start=10
45368.0,0.02006781090018189,0.23713737056616552,1.584893192461114,0.0017413154646446834,0.025392347028742726,14.0,17.0,0.9390146397295758,0.15885846721205182,5030.0,7.0,0.0,539,B8,T_start=10
45368.0,0.02006781090018189,0.022777182418573218,1.584893192461114,0.0017413154646446834,0.025392347028742726,14.0,0.0,0.9482272066336142,0.13533490223998482,4735.0,9.0,0.0,539,B12,T_start=10
98639.0,0.02006781090018189,1.3106900423660772,2.0417379446695296,0.007410861829499488,0.07771773841989477,59.0,27.333333333333332,0.9352630209649935,0.1589079972121425,6420.0,11.0,0.0,540,A3,T_start=10
98639.0,0.02006781090018189,0.03548133892335755,0.34673685045253166,0.0,0.0035381542797473615,13.0,18.666666666666668,0.9090520196471145,0.2385871470768629,10075.0,43.0,0.0,540,A6,T_start=10
98639.0,0.02006781090018189,0.5232991146814947,2.0417379446695296,0.006143614594632954,0.05082168310708746,36.0,48.666666666666664,0.9263154825941669,0.18511401125697613,7115.0,31.0,0.0,540,B6,T_start=10
98639.0,0.02006781090018189,0.32546178349804583,2.0417379446695296,0.004612779934914182,0.03828100447084824,28.0,30.833333333333332,0.9234737971012744,0.188557165585644,7050.0,10.0,0.0,540,B8,T_start=10
98639.0,0.02006781090018189,0.04428432200537847,0.44668359215096304,0.0,0.005961130992812174,6.0,29.333333333333332,0.9224762762584857,0.19632759542692416,7775.0,26.0,0.0,540,B12,T_start=10
59220.0,0.02006781090018189,1.2302687708123812,2.0417379446695296,0.014775413711583925,0.08216818642350557,60.0,89.33333333333333,0.9067454364035376,0.21978965522486543,5010.0,7.0,0.0,541,A3,T_start=10
59220.0,0.02006781090018189,0.4911905467933634,1.5355006336570662,0.00030395136778115504,0.04922323539344816,36.0,43.333333333333336,0.8828330968202525,0.2939090831687087,8210.0,39.0,0.0,541,A6,T_start=10
59220.0,0.02006781090018189,1.191927939457827,2.0417379446695296,0.007463694697737251,0.06622762580209389,40.0,86.66666666666667,0.905988095453087,0.22275515481767577,5330.0,19.0,0.18333333333333332,541,B6,T_start=10
59220.0,0.02006781090018189,1.2302687708123812,2.0417379446695296,0.014775413711583925,0.07203647416413374,49.0,88.0,0.897223621534988,0.24306839752612844,5370.0,13.0,0.25555555555555554,541,B8,T_start=10
59220.0,0.02006781090018189,0.8413951416451951,2.0417379446695296,0.004424181019925701,0.06425194191151638,37.0,61.333333333333336,0.8956961254427493,0.25438886589700593,6160.0,21.0,0.0,541,B12,T_start=10
61339.0,0.02006781090018189,0.36940264435828357,1.5355006336570662,0.0005542966138998028,0.04303950178516115,36.0,56.5,0.9230290732001516,0.17962577482919276,4470.0,9.0,0.0,542,A3,T_start=10
61339.0,0.02006781090018189,0.06683439175686146,0.4610520952362225,0.0,0.006325502535091867,10.0,3.0,0.8906590918742426,0.2751889271030789,7410.0,33.0,0.0,542,A6,T_start=10
61339.0,0.02006781090018189,0.1899984246214733,1.2698429144338064,0.0005542966138998028,0.025709581179999674,21.0,7.5,0.9226106977886257,0.18670373084694095,4945.0,20.0,0.0,542,B6,T_start=10
61339.0,0.02006781090018189,0.021379620895022326,0.2447653853410146,0.0,0.0014183472179200834,3.0,56.5,0.902834231031334,0.2335337711189391,5760.0,9.0,0.0,542,B8,T_start=10
61339.0,0.02006781090018189,0.06475152482255576,0.5401321147646347,0.0,0.010580544188852117,10.0,3.0,0.9177191891783337,0.19894985743189653,5255.0,16.0,0.0,542,B12,T_start=10
80395.0,0.02006781090018189,1.9781080029332403,2.0417379446695296,0.02571055413893899,0.16218670315318118,137.0,33.25,0.9146616092085266,0.2143291488575606,6435.0,20.0,0.0,543,A3,T_start=10
80395.0,0.02006781090018189,1.0174193661806046,2.6302679918953813,0.003342869581441632,0.07201007525343615,52.0,5.75,0.8770131693783755,0.3407783386083536,11280.0,54.0,0.0,543,A6,T_start=10
80395.0,0.02006781090018189,1.742809826672464,2.0417379446695296,0.0174140182847192,0.1244853535667641,104.0,10.75,0.9183805250197724,0.20703928290607176,6570.0,30.0,0.4,543,B6,T_start=10
80395.0,0.02006781090018189,1.6884958594867534,2.0417379446695296,0.01770010572796816,0.10567821381926737,85.0,22.875,0.9121678513315916,0.2215935898321454,6575.0,19.0,0.34444444444444444,543,B8,T_start=10
80395.0,0.02006781090018189,1.3106900423660772,2.0417379446695296,0.015573107780334598,0.07989302817339387,62.0,8.125,0.8978742767639101,0.2596691328385405,7850.0,29.0,0.0,543,B12,T_start=10
36133.0,0.02006781090018189,1.6884958594867534,2.0417379446695296,0.012813771344754104,0.12180001660531924,53.0,21.333333333333332,0.8719882196869068,0.2883737324148805,4575.0,9.0,0.0,544,A3,T_start=10
36133.0,0.02006781090018189,1.4412854420872234,2.0417379446695296,0.011540696869897324,0.08958569728503031,38.0,7.0,0.8386909735828657,0.3902911630421782,7235.0,32.0,0.0,544,A6,T_start=10
36133.0,0.02006781090018189,1.3963683610559376,2.0417379446695296,0.0069188830155259735,0.08568344726427365,35.0,6.666666666666667,0.8686843879405008,0.2970926141302342,4905.0,18.0,0.0,544,B6,T_start=10
36133.0,0.02006781090018189,1.6358745652400533,2.0417379446695296,0.012813771344754104,0.08424431959704426,32.0,7.0,0.8411342691003247,0.3657154698816714,5775.0,10.0,0.0,544,B8,T_start=10
36133.0,0.02006781090018189,1.3963683610559376,2.0417379446695296,0.0069188830155259735,0.0845764259817895,33.0,6.666666666666667,0.8585560820712368,0.32350225746867184,5230.0,17.0,0.0,544,B12,T_start=10
41231.0,0.02006781090018189,1.2302687708123812,2.0417379446695296,0.003638039339332056,0.11850306807984283,56.0,5.0,0.8778751059849367,0.2810552850372109,4875.0,12.0,0.0,545,A3,T_start=10
41231.0,0.02006781090018189,0.3578903595427346,1.3106900423660772,0.0,0.0368654653052315,22.0,0.0,0.8472982222618175,0.38537165450823563,7510.0,39.0,0.0,545,A6,T_start=10
41231.0,0.02006781090018189,0.3578903595427346,1.2698429144338064,0.0,0.027988649317261284,14.0,2.0,0.8818682432060319,0.2804309862519867,5155.0,26.0,0.06111111111111111,545,B6,T_start=10
41231.0,0.02006781090018189,0.33593093598651524,0.7897688493998856,0.0,0.02490844267662681,14.0,2.75,0.8717664842382487,0.3026985972149626,5485.0,15.0,0.06388888888888888,545,B8,T_start=10
41231.0,0.02006781090018189,0.32546178349804583,1.2698429144338064,0.0,0.02794014212607019,14.0,2.0,0.868870451032854,0.3137711027498598,5630.0,24.0,0.0,545,B12,T_start=10
17066.0,0.02006781090018189,1.3528511027866506,1.7988709151287874,0.0,0.14168522207898746,27.0,120.0,0.8630253774283013,0.29762311527155066,3885.0,4.0,0.0,546,A3,T_start=10
17066.0,0.02006781090018189,1.0839269140212038,1.742809826672464,0.0,0.10541427399507794,20.0,120.0,0.8451685080208062,0.34499440032406514,4675.0,13.0,0.0,546,A6,T_start=10
17066.0,0.02006781090018189,1.0839269140212038,1.742809826672464,0.0,0.10541427399507794,20.0,120.0,0.8536335441845673,0.32078202373985076,4320.0,9.0,0.0,546,B6,T_start=10
17066.0,0.02006781090018189,1.0839269140212038,1.742809826672464,0.0,0.0936364701746162,18.0,120.0,0.8451914729553308,0.3462108987753418,4525.0,7.0,0.0,546,B8,T_start=10
17066.0,0.02006781090018189,1.0839269140212038,1.742809826672464,0.0,0.10541427399507794,20.0,120.0,0.8459097130981789,0.33923904181143705,4495.0,9.0,0.0,546,B12,T_start=10
50593.0,0.02006781090018189,1.584893192461114,2.0417379446695296,0.011503567687229458,0.1368964085940743,72.0,77.4,0.875699296068711,0.28389421818023475,5040.0,10.0,0.0,547,A3,T_start=10
50593.0,0.02006781090018189,1.3528511027866506,2.0417379446695296,0.007649279544601032,0.09657462494811535,52.0,5.6,0.8586913280524503,0.3368893418935794,8200.0,30.0,0.0,547,A6,T_start=10
50593.0,0.02006781090018189,1.4876473740795015,2.0417379446695296,0.00737256142154053,0.10234617437194869,53.0,32.8,0.8837926087901626,0.2640214537306938,5185.0,18.0,0.24166666666666667,547,B6,T_start=10
50593.0,0.02006781090018189,0.4911905467933634,1.191927939457827,0.0,0.04893957662127172,27.0,38.4,0.8518230896960007,0.3504215958796222,6195.0,11.0,0.0,547,B8,T_start=10
50593.0,0.02006781090018189,1.4876473740795015,2.0417379446695296,0.00737256142154053,0.09362955349554286,49.0,9.0,0.8665228174583464,0.3101497431703772,6000.0,20.0,0.0,547,B12,T_start=10
50688.0,0.02006781090018189,1.2698429144338064,2.0417379446695296,0.00573113952020202,0.10597182765151515,71.0,60.0,0.877184903697209,0.2770905652784695,4905.0,9.0,0.0,548,A3,T_start=10
50688.0,0.02006781090018189,0.5069907082747045,1.9781080029332403,0.0013809974747474747,0.04955808080808081,34.0,3.0,0.8456923207037244,0.37808455212382897,7710.0,35.0,0.0,548,A6,T_start=10
50688.0,0.02006781090018189,1.1187936686591167,2.0417379446695296,0.004103535353535354,0.08394491792929293,44.0,27.6,0.8686801367266106,0.30499569797153425,5575.0,22.0,0.25277777777777777,548,B6,T_start=10
50688.0,0.02006781090018189,0.6741398498898495,2.0417379446695296,0.0038273358585858585,0.052556818181818184,29.0,23.0,0.8491942890901569,0.3528045109594402,6110.0,20.0,0.10833333333333334,548,B8,T_start=10
50688.0,0.02006781090018189,1.1187936686591167,2.0417379446695296,0.004103535353535354,0.06682054924242424,35.0,4.0,0.8577332826074919,0.3362946848941631,6265.0,23.0,0.0,548,B12,T_start=10
68049.0,0.02006781090018189,1.3963683610559376,2.0417379446695296,0.015224323649135183,0.13651927287689752,101.0,26.714285714285715,0.8988337720859179,0.24112675076878126,5490.0,13.0,0.0,549,A3,T_start=10
68049.0,0.02006781090018189,0.3578903595427346,1.1187936686591167,0.0,0.04058839953562874,39.0,2.0,0.8579348491957417,0.3640769991190763,9685.0,46.0,0.0,549,A6,T_start=10
68049.0,0.02006781090018189,0.9549925860214359,1.8567353246307055,0.0009809108142661905,0.08065144234301753,59.0,29.714285714285715,0.8998672305294539,0.24309517127434793,5840.0,21.0,0.4361111111111111,549,B6,T_start=10
68049.0,0.02006781090018189,0.1428893958511103,1.191927939457827,0.0,0.017208188217313996,8.0,21.285714285714285,0.878030180649863,0.29204631704248485,6335.0,13.0,0.09444444444444444,549,B8,T_start=10
68049.0,0.02006781090018189,0.7897688493998856,1.5355006336570662,0.0002608414524827698,0.06958588664050905,47.0,13.857142857142858,0.8860830771598808,0.27780006363278303,6500.0,24.0,0.044444444444444446,549,B12,T_start=10
47349.0,0.02006781090018189,2.0417379446695296,2.0417379446695296,0.01569198927115673,0.2094236414707808,111.0,24.333333333333332,0.880565024600307,0.2828034692535674,5340.0,16.0,0.0,550,A3,T_start=10
47349.0,0.02006781090018189,1.3963683610559376,2.0417379446695296,0.006948404401360114,0.07324336311220934,46.0,22.0,0.8599266167461042,0.3514469429152882,7895.0,37.0,0.0,550,A6,T_start=10
47349.0,0.02006781090018189,1.742809826672464,2.0417379446695296,0.00532218209465881,0.11841855160615852,59.0,21.833333333333332,0.8965441226386568,0.24143073911895543,5010.0,22.0,0.13055555555555556,550,B6,T_start=10
47349.0,0.02006781090018189,1.6884958594867534,2.0417379446695296,0.0062303322139855115,0.09841812921075418,49.0,27.0,0.8638124471204414,0.3216207498663294,6065.0,12.0,0.1111111111111111,550,B8,T_start=10
47349.0,0.02006781090018189,1.6358745652400533,2.0417379446695296,0.004456271515765909,0.10553549177384951,52.0,6.0,0.8833912367162138,0.2753933114006318,5700.0,18.0,0.0,550,B12,T_start=10
52148.0,0.02006781090018189,1.0174193661806046,1.9164610627353873,0.004142057221753471,0.0971657589936335,56.0,58.714285714285715,0.9298346190515935,0.17540986398463163,4620.0,5.0,0.0,551,A3,T_start=10
52148.0,0.02006781090018189,0.4911905467933634,1.584893192461114,7.670476336580502e-05,0.04845823425634732,40.0,35.42857142857143,0.8946757875204733,0.2756506940737448,7815.0,39.0,0.0,551,A6,T_start=10
52148.0,0.02006781090018189,0.7413102413009177,1.6358745652400533,7.670476336580502e-05,0.06456623456316637,40.0,36.285714285714285,0.9170590392895106,0.21333330381496932,5825.0,25.0,0.2111111111111111,551,B6,T_start=10
52148.0,0.02006781090018189,0.6531305526474723,1.584893192461114,7.670476336580502e-05,0.06657973460151875,38.0,14.0,0.9129982158364873,0.2222945864626138,5915.0,13.0,0.0,551,B8,T_start=10
52148.0,0.02006781090018189,0.6130557921498209,1.584893192461114,0.0003835238168290251,0.055208253432538164,34.0,35.57142857142857,0.9115612447793542,0.2271092695587957,6170.0,21.0,0.0,551,B12,T_start=10
69472.0,0.02006781090018189,1.584893192461114,2.0417379446695296,0.016693775909719023,0.11979286619069553,93.0,21.25,0.9612974371339741,0.11261396565242207,4920.0,13.0,0.0,552,A3,T_start=10
69472.0,0.02006781090018189,0.2959715725594465,0.9252306262333164,0.00037425149700598805,0.029263588208198986,22.0,3.25,0.9453162529126242,0.16355800006685575,7530.0,29.0,0.0,552,A6,T_start=10
69472.0,0.02006781090018189,1.2302687708123812,2.0417379446695296,0.0037569092584062644,0.09717584062643943,69.0,7.75,0.9548698569392243,0.13386281988641602,5850.0,30.0,0.2361111111111111,552,B6,T_start=10
69472.0,0.02006781090018189,0.7897688493998856,2.0417379446695296,0.00332508060801474,0.057231690465223396,39.0,18.5,0.9598983297925726,0.12093789713127746,5705.0,10.0,0.16944444444444445,552,B8,T_start=10
69472.0,0.02006781090018189,0.557506583166466,1.9781080029332403,0.0020727775218793184,0.05327326116996776,35.0,7.0,0.9537577698424649,0.13779213911805493,6350.0,20.0,0.0,552,B12,T_start=10
70621.0,0.02006781090018189,1.3106900423660772,2.0417379446695296,0.00509055380127724,0.11522776511236034,87.0,49.0,0.9713626652762494,0.09000338854286605,4875.0,10.0,0.0,553,A3,T_start=10
70621.0,0.02006781090018189,0.22974707980333003,1.9781080029332403,0.0034692230356409568,0.03833137452032682,33.0,3.25,0.9465238714318914,0.1651763193709716,8250.0,41.0,0.0,553,A6,T_start=10
70621.0,0.02006781090018189,0.8684603593990751,1.9781080029332403,0.0034692230356409568,0.06890301751603631,53.0,19.5,0.9684056630760375,0.10165952707936607,5385.0,23.0,0.2388888888888889,553,B6,T_start=10
70621.0,0.02006781090018189,0.028428241752041873,0.3935500754557774,0.0006938446071281914,0.007264128233811473,6.0,28.25,0.9636018007222948,0.11447356816725977,6185.0,10.0,0.07777777777777778,553,B8,T_start=10
70621.0,0.02006781090018189,0.40620942890585726,1.9164610627353873,0.0032426615312725676,0.04535478115574688,36.0,6.5,0.9608064870818296,0.12413038791318111,6340.0,27.0,0.0,553,B12,T_start=10
98321.0,0.02006781090018189,1.3963683610559376,2.0417379446695296,0.009418130409576795,0.07505009102836627,86.0,49.5,0.9691659389671085,0.09007307851484718,5385.0,11.0,0.0,554,A3,T_start=10
98321.0,0.02006781090018189,0.0220673406908459,0.5232991146814947,0.0016883473520407644,0.01004871797479684,14.0,1.75,0.950369744383533,0.15165411996989972,9135.0,32.0,0.0,554,A6,T_start=10
98321.0,0.02006781090018189,1.5355006336570662,2.0417379446695296,0.013852584900479043,0.07611802158236795,91.0,77.0,0.9639636644513719,0.10683008008901447,6000.0,24.0,0.48055555555555557,554,B6,T_start=10
98321.0,0.02006781090018189,0.21565026690607325,1.7988709151287874,0.0025528625624230837,0.03404155775470144,34.0,41.5,0.9686399259622731,0.09252448962034723,6235.0,8.0,0.23055555555555557,554,B8,T_start=10
98321.0,0.02006781090018189,0.17278259805078636,1.1547819846894583,0.0016883473520407644,0.022884226157179038,23.0,34.5,0.9598198847398449,0.11980332486339021,7040.0,23.0,0.0,554,B12,T_start=10
131648.0,0.02006781090018189,0.43276287768448307,1.3106900423660772,0.0,0.04567482984929509,67.0,10.5,0.9850404343468526,0.06083308312252135,6990.0,21.0,0.0,555,A3,T_start=10
131648.0,0.02006781090018189,0.024266100950824154,0.06683439175686146,0.0,0.0021116917841516774,11.0,0.0,0.9749097256770966,0.09745157294738162,10580.0,35.0,0.0,555,A6,T_start=10
131648.0,0.02006781090018189,0.025852348395621914,0.5939501549952435,0.0,0.010809127369956246,12.0,1.5,0.986214700763269,0.0599105990929819,7345.0,25.0,0.0,555,B6,T_start=10
131648.0,0.02006781090018189,0.02006781090018189,0.25263877101318966,0.0,0.003972715119105494,4.0,11.0,0.9878721930379462,0.05453253617665824,7495.0,10.0,0.0,555,B8,T_start=10
131648.0,0.02006781090018189,0.02006781090018189,0.09772372209558107,0.0,0.0021192877977637336,4.0,1.5,0.9862690903401757,0.061586631250956425,7905.0,21.0,0.0,555,B12,T_start=10
189090.0,0.02006781090018189,0.34673685045253166,2.0417379446695296,0.01606377915278439,0.04475910941879528,39.0,1.0,0.9967965516746444,0.028618718994628395,9030.0,7.0,0.0,556,A3,T_start=10
189090.0,0.02006781090018189,0.0518800038928961,0.7182076058301705,0.0,0.02186789359564229,19.0,0.0,0.9831965298689193,0.07651573484702402,15460.0,48.0,0.0,556,A6,T_start=10
189090.0,0.02006781090018189,0.5939501549952435,2.0417379446695296,0.01692315828441483,0.05130890052356021,50.0,1.0,0.9941322117909112,0.04014869460874251,9585.0,27.0,0.05,556,B6,T_start=10
189090.0,0.02006781090018189,0.26915348039269155,2.0417379446695296,0.011343804537521814,0.04114442857898355,32.0,1.0,0.9953337506755874,0.03590602449661365,9130.0,20.0,0.06944444444444445,556,B8,T_start=10
189090.0,0.02006781090018189,0.2959715725594465,2.0417379446695296,0.010656301232217462,0.042329049658892594,32.0,1.0,0.9936371680145268,0.04302681136423056,10200.0,24.0,0.041666666666666664,556,B12,T_start=10
163952.0,0.02006781090018189,0.13412199354053708,0.8684603593990751,0.0,0.01426637064506685,22.0,53.0,0.9956145326373871,0.03265200152366368,7545.0,11.0,0.0,557,A3,T_start=10
163952.0,0.02006781090018189,0.025852348395621914,0.12589254117941676,0.0,0.0005123450766077876,2.0,2.0,0.9854516342049633,0.07167379368236333,13050.0,42.0,0.0,557,A6,T_start=10
163952.0,0.02006781090018189,0.6958249547006052,2.0417379446695296,0.004605006343319996,0.05518078461988875,69.0,5.0,0.9920426989155541,0.04867291393737871,8775.0,36.0,0.10555555555555556,557,B6,T_start=10
163952.0,0.02006781090018189,0.02350985767597148,0.26076542044591006,0.0,0.00603225334244169,6.0,5.0,0.995472269744496,0.03686437059343363,9050.0,17.0,0.0,557,B8,T_start=10
163952.0,0.02006781090018189,0.04156712619977309,1.742809826672464,0.0025190299599882893,0.023939933639113887,27.0,5.0,0.994473689226657,0.04226823476396733,9445.0,23.0,0.0,557,B12,T_start=10
218887.0,0.02006781090018189,0.4911905467933634,1.742809826672464,0.0014710786844353478,0.0488471220310023,78.0,37.666666666666664,0.9940121443441161,0.03776275515152848,10635.0,20.0,0.0,558,A3,T_start=10
218887.0,0.02006781090018189,0.022777182418573218,0.06077850313707005,0.0,0.0036914024131172707,25.0,0.0,0.9855431357320079,0.07015651213048563,15420.0,47.0,0.0,558,A6,T_start=10
218887.0,0.02006781090018189,0.06077850313707005,0.7897688493998856,0.0010233590848245898,0.019704230950216322,26.0,2.6666666666666665,0.9924275349246838,0.04621394543252725,10905.0,38.0,0.0,558,B6,T_start=10
218887.0,0.02006781090018189,0.05354883169202962,0.4610520952362225,0.0,0.008196009813282652,9.0,3.3333333333333335,0.9958875698484856,0.03442421552745058,10575.0,17.0,0.0,558,B8,T_start=10
218887.0,0.02006781090018189,0.02006781090018189,0.47588279098881686,0.0010233590848245898,0.009881811162837446,15.0,2.3333333333333335,0.9936270207305539,0.045848648831916486,12025.0,28.0,0.0,558,B12,T_start=10
231995.0,0.02006781090018189,0.029342695039559687,0.8413951416451951,0.0,0.017987456626220394,36.0,,0.9968602239832034,0.02759011115254221,10005.0,10.0,0.0,559,A3,T_start=10
231995.0,0.02006781090018189,0.02006781090018189,0.04869675251658631,0.0,8.189831677406841e-05,1.0,,0.9897958806835614,0.05621750613008078,15695.0,36.0,0.0,559,A6,T_start=10
231995.0,0.02006781090018189,0.0220673406908459,1.0174193661806046,9.914006767387229e-05,0.026017802107804047,39.0,,0.9965430639378627,0.029464699055291386,10335.0,17.0,0.0,559,B6,T_start=10
231995.0,0.02006781090018189,0.02006781090018189,0.7897688493998856,0.0,0.014362378499536628,19.0,,0.9962116451999077,0.0331779210903031,10635.0,21.0,0.0,559,B8,T_start=10
231995.0,0.02006781090018189,0.02006781090018189,0.04570881896148752,9.914006767387229e-05,0.007801892282161253,13.0,,0.9965352940693745,0.030621232710597523,10950.0,15.0,0.0,559,B12,T_start=10
252949.0,0.02006781090018189,1.191927939457827,2.0417379446695296,0.0350169401737109,0.068458463959138,74.0,58.0,0.9946884329438586,0.035822442770492464,11925.0,14.0,0.0,560,A3,T_start=10
252949.0,0.02006781090018189,0.6741398498898495,2.0417379446695296,0.009808301278123257,0.05231884688217783,45.0,55.5,0.9835104283726595,0.0778516396155157,20645.0,49.0,0.0,560,A6,T_start=10
252949.0,0.02006781090018189,1.1547819846894583,2.0417379446695296,0.032018311991745374,0.06777650830799885,84.0,15.0,0.9914527886401208,0.052255805938550545,13160.0,44.0,0.10555555555555556,560,B6,T_start=10
252949.0,0.02006781090018189,1.3963683610559376,2.0417379446695296,0.020238269374458884,0.08009025534791599,66.0,58.0,0.996106668049063,0.035136855612507886,12735.0,20.0,0.0,560,B8,T_start=10
252949.0,0.02006781090018189,1.0501467677660838,2.0417379446695296,0.01812816022202104,0.06443789064198711,61.0,7.0,0.9925662268254801,0.050146821858855606,15030.0,35.0,0.0,560,B12,T_start=10
194055.0,0.02006781090018189,0.985711900900616,2.0417379446695296,0.010692844812037824,0.07534977197186364,77.0,34.4,0.9938497722271785,0.03791119901821969,9570.0,12.0,0.0,561,A3,T_start=10
194055.0,0.02006781090018189,0.2024184057376061,1.7988709151287874,0.002138568962407565,0.03560330834041895,41.0,24.2,0.9857699247713637,0.07315680323469577,16940.0,52.0,0.0,561,A6,T_start=10
194055.0,0.02006781090018189,0.8684603593990751,2.0417379446695296,0.012377934090850532,0.0686454871041715,73.0,24.6,0.9906606458158739,0.051698453411836334,11265.0,37.0,0.0,561,B6,T_start=10
194055.0,0.02006781090018189,0.6741398498898495,1.9781080029332403,0.006637293550797454,0.055520342171033986,52.0,24.2,0.9939238551188401,0.043716809292268566,11650.0,18.0,0.0,561,B8,T_start=10
194055.0,0.02006781090018189,0.4911905467933634,1.9164610627353873,0.004596634974620597,0.049094328927365954,45.0,5.4,0.9917159823533206,0.052615312100108204,12780.0,28.0,0.0,561,B12,T_start=10
239011.0,0.02006781090018189,0.18407720014689555,2.0417379446695296,0.0075184824129433375,0.034370803017434344,42.0,26.0,0.994057605241563,0.03711174382078515,11010.0,13.0,0.0,562,A3,T_start=10
239011.0,0.02006781090018189,0.03330427623087463,2.0417379446695296,0.01170866612833719,0.016729355552673308,18.0,8.5,0.9856489022137511,0.0691126446111816,17930.0,47.0,0.0,562,A6,T_start=10
239011.0,0.02006781090018189,0.22974707980333003,2.0417379446695296,0.020191539301538424,0.037320458054231814,55.0,66.5,0.9915784867392639,0.047943311749283235,12145.0,42.0,0.0,562,B6,T_start=10
239011.0,0.02006781090018189,0.11448537209469502,1.9164610627353873,0.00438891933844049,0.028421286049596043,21.0,11.0,0.9939034106692006,0.0404960614645846,11680.0,21.0,0.0,562,B8,T_start=10
239011.0,0.02006781090018189,0.1428893958511103,2.0417379446695296,0.011271447757634586,0.029580228525046964,35.0,8.5,0.9921817683892848,0.04885627450095144,13465.0,34.0,0.0,562,B12,T_start=10
179871.0,0.02006781090018189,0.09467820160680859,0.7413102413009177,0.0,0.014093433627432993,23.0,15.0,0.9962359909511505,0.02938512527595682,8010.0,8.0,0.0,563,A3,T_start=10
179871.0,0.02006781090018189,0.0220673406908459,0.05527134079444351,0.0,0.00014454803720444096,2.0,6.0,0.9838577748858759,0.0748721425110789,13460.0,40.0,0.0,563,A6,T_start=10
179871.0,0.02006781090018189,0.2225871044793004,1.6358745652400533,0.003291247616347271,0.03831078939906933,62.0,9.0,0.9923241724669247,0.047225817776093984,9230.0,38.0,0.0,563,B6,T_start=10
179871.0,0.02006781090018189,0.02006781090018189,0.4911905467933634,0.0,0.009128764503449694,13.0,7.5,0.9961599930524155,0.03472570962566738,9175.0,13.0,0.0,563,B8,T_start=10
179871.0,0.02006781090018189,0.02006781090018189,0.43276287768448307,0.0010062767205386081,0.009417860577858577,15.0,6.0,0.9940133105929722,0.042106731204846315,9995.0,25.0,0.0,563,B12,T_start=10
127781.0,0.02006781090018189,0.9549925860214359,2.0417379446695296,0.013358793560858031,0.08375267058482873,71.0,37.0,0.987264668699732,0.057661573047553545,7680.0,14.0,0.0,564,A3,T_start=10
127781.0,0.02006781090018189,0.21565026690607325,0.985711900900616,0.0,0.02552805190129988,23.0,11.6,0.96999856562374,0.11519561503462973,12065.0,59.0,0.0,564,A6,T_start=10
127781.0,0.02006781090018189,0.5754399373371569,2.0417379446695296,0.009586714769801457,0.05297344675656005,41.0,29.8,0.9859545456221145,0.06535173181083438,7635.0,31.0,0.0,564,B6,T_start=10
127781.0,0.02006781090018189,0.7182076058301705,2.0417379446695296,0.013108365093401993,0.055149044067584384,42.0,17.6,0.9899778019613078,0.05140708229890669,7745.0,12.0,0.0,564,B8,T_start=10
127781.0,0.02006781090018189,0.6741398498898495,2.0417379446695296,0.012325776132601874,0.0552977359701364,49.0,13.8,0.9876299810711119,0.05957586406954546,7645.0,19.0,0.06666666666666667,564,B12,T_start=10
74606.0,0.02006781090018189,1.9781080029332403,2.0417379446695296,0.03170656515561751,0.1358804921856151,107.0,42.0,0.9659560683004098,0.10188139292414154,5610.0,13.0,0.0,565,A3,T_start=10
74606.0,0.02006781090018189,0.4610520952362225,2.0417379446695296,0.009221778409243224,0.047610111787255716,38.0,3.875,0.9458359508450048,0.16907437053866026,9135.0,41.0,0.0,565,A6,T_start=10
74606.0,0.02006781090018189,1.1187936686591167,2.0417379446695296,0.011419993030051203,0.08287537195399834,62.0,24.75,0.9630771328587772,0.11507274560019064,5950.0,32.0,0.0,565,B6,T_start=10
74606.0,0.02006781090018189,0.6958249547006052,2.0417379446695296,0.012881001528027236,0.060678765782912904,47.0,25.75,0.961612022686511,0.1213920279324473,6560.0,13.0,0.14444444444444443,565,B8,T_start=10
74606.0,0.02006781090018189,1.0501467677660838,2.0417379446695296,0.011419993030051203,0.07569096319330886,56.0,4.25,0.9589303923653615,0.12874281427500697,6705.0,27.0,0.0,565,B12,T_start=10
95003.0,0.02006781090018189,1.5355006336570662,2.0417379446695296,0.022978221740366095,0.09730219045714346,73.0,34.666666666666664,0.9838749530622696,0.06204250246784285,5865.0,7.0,0.0,566,A3,T_start=10
95003.0,0.02006781090018189,0.5939501549952435,1.8567353246307055,0.0011341747102723073,0.05430617980484827,23.0,19.666666666666668,0.9583375297662231,0.1361817914570511,11050.0,41.0,0.0,566,A6,T_start=10
95003.0,0.02006781090018189,1.9164610627353873,2.0417379446695296,0.03340947127985432,0.11862783280527983,89.0,34.666666666666664,0.9741739365047344,0.08944568019386705,6990.0,29.0,0.1527777777777778,566,B6,T_start=10
95003.0,0.02006781090018189,1.3106900423660772,2.0417379446695296,0.010504931423218214,0.08676568108375525,44.0,43.666666666666664,0.9782419748027229,0.08010130839140148,6650.0,16.0,0.15555555555555556,566,B8,T_start=10
95003.0,0.02006781090018189,1.5355006336570662,2.0417379446695296,0.01758891824468701,0.10241781838468259,64.0,34.166666666666664,0.9725155932897774,0.09692399916775543,7785.0,26.0,0.09166666666666666,566,B12,T_start=10
114937.0,0.02006781090018189,1.9164610627353873,2.3919384495683134,0.03457763818439667,0.13250519850004785,102.0,32.6,0.9762613986119258,0.08057899353224275,7395.0,16.0,0.0,567,A3,T_start=10
114937.0,0.02006781090018189,0.050263184440820056,2.0417379446695296,0.01199135178402081,0.030571095469692094,22.0,4.2,0.9591156153511966,0.13445078758614673,11740.0,38.0,0.0,567,A6,T_start=10
114937.0,0.02006781090018189,0.4610520952362225,2.0417379446695296,0.019828253739004847,0.04641673264484022,33.0,49.4,0.973366713791103,0.0914959317778605,8040.0,23.0,0.2388888888888889,567,B6,T_start=10
114937.0,0.02006781090018189,1.3106900423660772,2.0417379446695296,0.014599302226437091,0.12998425224253288,61.0,44.2,0.9698222241486651,0.09955413464560138,7310.0,17.0,0.175,567,B8,T_start=10
114937.0,0.02006781090018189,0.44668359215096304,2.0417379446695296,0.011206139015286635,0.04599041213882388,27.0,43.0,0.9730098687242428,0.09184451114851885,7975.0,18.0,0.1111111111111111,567,B12,T_start=10
99807.0,0.02006781090018189,1.8567353246307055,2.0417379446695296,0.05766880078551605,0.10222980352079514,97.0,52.25,0.969825200890669,0.09109167327335481,6090.0,13.0,0.0,568,A3,T_start=10
99807.0,0.02006781090018189,1.2302687708123812,2.0417379446695296,0.03648040718586873,0.06359273397657479,42.0,2.5,0.9422611899189266,0.1800726260900029,10725.0,38.0,0.0,568,A6,T_start=10
99807.0,0.02006781090018189,1.4412854420872234,2.0417379446695296,0.03998717524822908,0.08159748314246495,62.0,47.75,0.9577702425498907,0.12769579677119433,7110.0,34.0,0.18333333333333332,568,B6,T_start=10
99807.0,0.02006781090018189,1.3963683610559376,2.0417379446695296,0.02961716112096346,0.06884286673279429,43.0,47.5,0.9620355879913822,0.1167822290119324,7070.0,14.0,0.16944444444444445,568,B8,T_start=10
99807.0,0.02006781090018189,0.8963961859499497,2.0417379446695296,0.03811355916919655,0.06180929193343152,45.0,4.5,0.9584897732787249,0.1254661268339842,7760.0,17.0,0.06388888888888888,568,B12,T_start=10
61524.0,0.02006781090018189,1.5355006336570662,2.0417379446695296,0.017082764449645668,0.10075742799557896,70.0,14.0,0.9392253752110279,0.16014568047738162,5160.0,14.0,0.0,569,A3,T_start=10
61524.0,0.02006781090018189,0.07349368100487516,0.7897688493998856,0.0,0.019764644691502502,20.0,0.5,0.9064773529971656,0.25511976108421464,8135.0,46.0,0.0,569,A6,T_start=10
61524.0,0.02006781090018189,1.191927939457827,2.0417379446695296,0.009622261231389376,0.07624666796697224,51.0,49.0,0.9441683434333342,0.14887508342776717,5105.0,23.0,0.0,569,B6,T_start=10
61524.0,0.02006781090018189,1.0839269140212038,2.0417379446695296,0.008549509134646641,0.06729081334113517,46.0,49.0,0.9342109493881251,0.1743370650971859,5880.0,11.0,0.0,569,B8,T_start=10
61524.0,0.02006781090018189,0.5754399373371569,1.4412854420872234,0.0,0.0528574214940511,34.0,8.5,0.9365598697962999,0.16785683870788004,5625.0,20.0,0.0,569,B12,T_start=10
62302.0,0.02006781090018189,2.0417379446695296,2.802205621666748,0.08398606786298995,0.20361304613014028,127.0,55.125,0.9222306997636216,0.1960402528023454,5970.0,11.0,0.0,570,A3,T_start=10
62302.0,0.02006781090018189,1.4412854420872234,2.0417379446695296,0.023273731180379443,0.0929344162306186,55.0,45.0,0.8562263363622109,0.3752315784996175,9865.0,46.0,0.0,570,A6,T_start=10
62302.0,0.02006781090018189,2.0417379446695296,2.0417379446695296,0.0436101569773041,0.17395910243651888,84.0,67.75,0.8928535045718208,0.2784736603425337,6945.0,26.0,0.21944444444444444,570,B6,T_start=10
62302.0,0.02006781090018189,1.7988709151287874,2.0417379446695296,0.03320920676703797,0.13922506500593881,64.0,48.375,0.8762749153252904,0.3151799474476867,7210.0,20.0,0.2777777777777778,570,B8,T_start=10
62302.0,0.02006781090018189,1.8567353246307055,2.0417379446695296,0.03483034252511958,0.12917723347565085,62.0,21.5,0.8734563163085665,0.3299323237340609,8150.0,21.0,0.16666666666666666,570,B12,T_start=10
44926.0,0.02006781090018189,1.9781080029332403,2.0417379446695296,0.16158237991363575,0.11398188131594177,58.0,36.333333333333336,0.9336748789718228,0.16816157001232923,4455.0,7.0,0.0,571,A3,T_start=10
44926.0,0.02006781090018189,2.0417379446695296,2.468880104906209,0.14592329608689847,0.09676467969549926,40.0,26.666666666666668,0.9121575360611305,0.2380487325875097,6430.0,27.0,0.0,571,A6,T_start=10
44926.0,0.02006781090018189,2.0417379446695296,2.0417379446695296,0.1670190980723857,0.11268530472332279,49.0,27.0,0.9026580568712247,0.25089098809768895,9660.0,17.0,0.25833333333333336,571,B6,T_start=10
44926.0,0.02006781090018189,1.7988709151287874,2.0417379446695296,0.142679072252148,0.10063215064773183,41.0,25.333333333333332,0.9101640062593663,0.23132924707591107,6330.0,9.0,0.16944444444444445,571,B8,T_start=10
44926.0,0.02006781090018189,1.9164610627353873,2.0417379446695296,0.15849396785825579,0.09817255041624004,42.0,27.0,0.8955602298455483,0.27027997674152643,10360.0,15.0,0.2111111111111111,571,B12,T_start=10
14262.0,0.02006781090018189,0.8413951416451951,1.742809826672464,0.0,0.05847707193941944,6.0,,0.9054823420281141,0.22366254226374158,4065.0,4.0,0.0,572,A3,T_start=10
14262.0,0.02006781090018189,0.21565026690607325,0.5939501549952435,0.0,0.02250736222128734,3.0,,0.9053049145927776,0.2246330708766444,4170.0,7.0,0.0,572,A6,T_start=10
14262.0,0.02006781090018189,0.8413951416451951,1.742809826672464,0.0,0.05847707193941944,6.0,,0.9137427457266322,0.20284313248476338,3695.0,1.0,0.0,572,B6,T_start=10
14262.0,0.02006781090018189,0.8413951416451951,1.742809826672464,0.0,0.05847707193941944,6.0,,0.9062411580421048,0.22195582334851818,4130.0,3.0,0.04722222222222222,572,B8,T_start=10
14262.0,0.02006781090018189,0.8413951416451951,1.742809826672464,0.0,0.05847707193941944,6.0,,0.9088707517458412,0.21504745189140018,3975.0,3.0,0.0,572,B12,T_start=10
10944.0,0.02006781090018189,0.04027170343254591,0.985711900900616,0.0,0.019462719298245616,2.0,2.0,0.8999598816376081,0.22593749400676608,3600.0,0.0,0.0,573,A3,T_start=10
10944.0,0.02006781090018189,0.04027170343254591,0.985711900900616,0.0,0.019462719298245616,2.0,2.0,0.8979234679170672,0.23092599987342832,3665.0,2.0,0.0,573,A6,T_start=10
10944.0,0.02006781090018189,0.04027170343254591,0.985711900900616,0.0,0.019462719298245616,2.0,2.0,0.8999598816376081,0.22593749400676608,3600.0,0.0,0.0,573,B6,T_start=10
10944.0,0.02006781090018189,0.04156712619977309,0.985711900900616,0.0,0.019462719298245616,2.0,2.0,0.8896011089021373,0.25209944827830694,3900.0,2.0,0.0,573,B8,T_start=10
10944.0,0.02006781090018189,0.04027170343254591,0.985711900900616,0.0,0.019462719298245616,2.0,2.0,0.8999598816376081,0.22593749400676608,3600.0,0.0,0.0,573,B12,T_start=10
19768.0,0.02006781090018189,2.0417379446695296,2.0417379446695296,0.05023269931201942,0.21221165520032376,46.0,20.333333333333332,0.8988616696052242,0.2292946543821061,3735.0,2.0,0.0,574,A3,T_start=10
19768.0,0.02006781090018189,1.584893192461114,2.0417379446695296,0.018717118575475516,0.1495851881829219,32.0,10.0,0.8665944525495713,0.31177546369329545,5040.0,16.0,0.0,574,A6,T_start=10
19768.0,0.02006781090018189,1.8567353246307055,2.0417379446695296,0.030706191825171994,0.1795325779036827,34.0,5.0,0.8764654729893996,0.2855909477317756,4705.0,10.0,0.06666666666666667,574,B6,T_start=10
19768.0,0.02006781090018189,1.7988709151287874,2.0417379446695296,0.024838122217725616,0.177104411169567,32.0,11.666666666666666,0.8680734913928846,0.3061759265621265,4955.0,10.0,0.030555555555555555,574,B8,T_start=10
19768.0,0.02006781090018189,1.8567353246307055,2.0417379446695296,0.030706191825171994,0.1795325779036827,34.0,5.0,0.8802313702947065,0.27541155126658684,4615.0,10.0,0.041666666666666664,574,B12,T_start=10
25518.0,0.02006781090018189,2.0417379446695296,2.0417379446695296,0.1706442511168587,0.2549376910416177,68.0,21.6,0.8746749526241491,0.28628936358358614,4320.0,8.0,0.0,575,A3,T_start=10
25518.0,0.02006781090018189,2.0417379446695296,2.0417379446695296,0.14766047495885257,0.18175405596049848,55.0,16.2,0.8643230183048946,0.3285607452790221,5755.0,20.0,0.0,575,A6,T_start=10
25518.0,0.02006781090018189,2.0417379446695296,2.0417379446695296,0.14766047495885257,0.13935261384121012,39.0,5.8,0.8702527959562585,0.3034574645725421,5445.0,11.0,0.13055555555555556,575,B6,T_start=10
25518.0,0.02006781090018189,2.0417379446695296,2.0417379446695296,0.14766047495885257,0.18974841288502234,48.0,16.6,0.8602833173799228,0.3246115988323792,5140.0,21.0,0.04722222222222222,575,B8,T_start=10
25518.0,0.02006781090018189,2.0417379446695296,2.0417379446695296,0.14766047495885257,0.13935261384121012,39.0,5.8,0.8745761701502149,0.29584866636904217,5325.0,9.0,0.17777777777777778,575,B12,T_start=10
11918.0,0.02006781090018189,1.7988709151287874,2.0417379446695296,0.023577781506964254,0.1266152038932707,14.0,1.0,0.8715740033198132,0.2809421578913327,3735.0,2.0,0.0,576,A3,T_start=10
11918.0,0.02006781090018189,1.7988709151287874,2.0417379446695296,0.023577781506964254,0.1266152038932707,14.0,1.0,0.861133512099015,0.3062495694351003,4000.0,8.0,0.0,576,A6,T_start=10
11918.0,0.02006781090018189,1.7988709151287874,2.0417379446695296,0.023577781506964254,0.1266152038932707,14.0,1.0,0.8670962530648558,0.29191213443415925,3925.0,4.0,0.0,576,B6,T_start=10
11918.0,0.02006781090018189,1.7988709151287874,2.0417379446695296,0.023577781506964254,0.1266152038932707,14.0,1.0,0.862178883829681,0.3066673354434702,4130.0,3.0,0.030555555555555555,576,B8,T_start=10
11918.0,0.02006781090018189,1.7988709151287874,2.0417379446695296,0.023577781506964254,0.1266152038932707,14.0,1.0,0.8620248561816592,0.30450900322366475,4050.0,4.0,0.0,576,B12,T_start=10
11577.0,0.02006781090018189,1.1187936686591167,1.6358745652400533,0.0,0.09501597996026605,13.0,2.0,0.8705063831305121,0.2835655913628604,3735.0,2.0,0.0,577,A3,T_start=10
11577.0,0.02006781090018189,1.1187936686591167,1.6358745652400533,0.0,0.09501597996026605,13.0,2.0,0.8584806141654905,0.3123360943775885,4055.0,10.0,0.0,577,A6,T_start=10
11577.0,0.02006781090018189,1.1187936686591167,1.6358745652400533,0.0,0.09501597996026605,13.0,2.0,0.8666842914040414,0.29176405739850264,3795.0,6.0,0.0,577,B6,T_start=10
11577.0,0.02006781090018189,1.1187936686591167,1.6358745652400533,0.0,0.09501597996026605,13.0,2.0,0.8593690939476311,0.31203940674371616,4100.0,4.0,0.0,577,B8,T_start=10
11577.0,0.02006781090018189,1.1187936686591167,1.6358745652400533,0.0,0.09501597996026605,13.0,2.0,0.8645185349048334,0.29683873992691845,3870.0,6.0,0.0,577,B12,T_start=10
20841.0,0.02006781090018189,2.0417379446695296,2.0417379446695296,0.26877309150232714,0.2696847560097884,44.0,8.0,0.8614711456940308,0.3082978280339788,4110.0,3.0,0.0,578,A3,T_start=10
20841.0,0.02006781090018189,2.0417379446695296,3.4974378036641802,0.13537018377237175,0.3291948562928842,36.0,6.0,0.8540818669541336,0.36938636858057744,6485.0,9.0,0.0,578,A6,T_start=10
20841.0,0.02006781090018189,2.0417379446695296,2.0417379446695296,0.060217839834940744,0.22038289909313372,23.0,3.0,0.8591488603565827,0.32699780672902723,4890.0,5.0,0.03888888888888889,578,B6,T_start=10
20841.0,0.022777182418573218,2.0417379446695296,2.0417379446695296,0.08579242838635383,0.3013770932296915,32.0,6.0,0.8624595077792806,0.30909675200553416,4335.0,4.0,0.041666666666666664,578,B8,T_start=10
20841.0,0.02006781090018189,2.0417379446695296,2.0417379446695296,0.060217839834940744,0.22038289909313372,23.0,3.0,0.8588363603565826,0.3288954756781842,4935.0,4.0,0.05,578,B12,T_start=10
12694.0,0.02006781090018189,0.047179137813158536,0.18407720014689555,0.0,0.0,0.0,,0.8878455580278758,0.24666969997673618,3600.0,0.0,0.0,579,A3,T_start=10
12694.0,0.02006781090018189,0.050263184440820056,0.18407720014689555,0.0,0.0,0.0,,0.880130556634187,0.26607888203274427,3870.0,7.0,0.0,579,A6,T_start=10
12694.0,0.02006781090018189,0.047179137813158536,0.18407720014689555,0.0,0.0,0.0,,0.8878455580278758,0.24666969997673618,3600.0,0.0,0.0,579,B6,T_start=10
12694.0,0.02006781090018189,0.047179137813158536,0.18407720014689555,0.0,0.0,0.0,,0.8649552378882284,0.30406102396110074,4200.0,6.0,0.0,579,B8,T_start=10
12694.0,0.02006781090018189,0.047179137813158536,0.18407720014689555,0.0,0.0,0.0,,0.8878455580278758,0.24666969997673618,3600.0,0.0,0.0,579,B12,T_start=10
10350.0,0.02006781090018189,0.985711900900616,2.0417379446695296,0.009468599033816425,0.07004830917874397,8.0,,0.8669910032969486,0.290796531362758,3750.0,2.0,0.0,580,A3,T_start=10
10350.0,0.02006781090018189,0.3054921113215514,0.7413102413009177,0.0,0.0327536231884058,4.0,,0.8627049722528735,0.30734647202237897,4175.0,3.0,0.0,580,A6,T_start=10
10350.0,0.02006781090018189,0.7897688493998856,1.9781080029332403,0.004830917874396135,0.06579710144927536,7.0,,0.8690683444303218,0.28811558762170253,3810.0,3.0,0.0,580,B6,T_start=10
10350.0,0.02006781090018189,0.26076542044591006,0.6531305526474723,0.0,0.027729468599033816,5.0,,0.8578328063287478,0.31593729883335187,4080.0,2.0,0.0,580,B8,T_start=10
10350.0,0.02006781090018189,0.7897688493998856,1.9781080029332403,0.004830917874396135,0.06579710144927536,7.0,,0.8649572333192106,0.29785042308977155,3885.0,3.0,0.0,580,B12,T_start=10
13783.0,0.02006781090018189,0.02006781090018189,0.04869675251658631,0.0,0.0,0.0,,0.9118117700345998,0.20665992245424836,3600.0,0.0,0.0,581,A3,T_start=10
13783.0,0.02006781090018189,0.02006781090018189,0.050263184440820056,0.0,0.0,0.0,,0.9029165487048483,0.22925799960948148,3860.0,6.0,0.0,581,A6,T_start=10
13783.0,0.02006781090018189,0.02006781090018189,0.04869675251658631,0.0,0.0,0.0,,0.9093606347837524,0.21285888308248638,3665.0,2.0,0.0,581,B6,T_start=10
13783.0,0.02006781090018189,0.02006781090018189,0.04869675251658631,0.0,0.0,0.0,,0.9024883405669288,0.22972252328658485,4020.0,2.0,0.0,581,B8,T_start=10
13783.0,0.02006781090018189,0.02006781090018189,0.04869675251658631,0.0,0.0,0.0,,0.9091051923890177,0.21340744639589038,3690.0,2.0,0.0,581,B12,T_start=10
23473.0,0.02006781090018189,2.0417379446695296,2.0417379446695296,0.07434073190474162,0.10974310910407703,28.0,43.5,0.9128632579476395,0.19884782318281014,3600.0,0.0,0.0,582,A3,T_start=10
23473.0,0.02006781090018189,1.4412854420872234,2.0417379446695296,0.03787330123972223,0.0894644911174541,20.0,6.5,0.8763316427286065,0.29284657383404505,5080.0,20.0,0.0,582,A6,T_start=10
23473.0,0.02006781090018189,2.0417379446695296,2.0417379446695296,0.07434073190474162,0.10931708771780344,27.0,43.5,0.8981417995211954,0.23591490007277488,4265.0,12.0,0.13333333333333333,582,B6,T_start=10
23473.0,0.02006781090018189,1.584893192461114,2.0417379446695296,0.02398500404720317,0.12729519021854896,23.0,43.0,0.8756217533711872,0.2950811593523089,5005.0,12.0,0.0,582,B8,T_start=10
23473.0,0.02006781090018189,1.6884958594867534,2.0417379446695296,0.031909001831891964,0.0934264900097985,21.0,6.5,0.8835537936258773,0.27202886699806955,4790.0,11.0,0.12777777777777777,582,B12,T_start=10
10597.0,0.02006781090018189,0.13412199354053708,0.9549925860214359,0.0,0.032273284891950554,4.0,,0.8773134432126226,0.2689053483199824,3600.0,0.0,0.0,583,A3,T_start=10
10597.0,0.02006781090018189,0.13412199354053708,0.9549925860214359,0.0,0.032273284891950554,4.0,,0.8713540117448733,0.28331642051624456,3800.0,5.0,0.0,583,A6,T_start=10
10597.0,0.02006781090018189,0.13412199354053708,0.9549925860214359,0.0,0.032273284891950554,4.0,,0.8729211788299335,0.27981720688837064,3730.0,2.0,0.0,583,B6,T_start=10
10597.0,0.02006781090018189,0.13412199354053708,0.9549925860214359,0.0,0.032273284891950554,4.0,,0.86710194792006,0.2942398760324613,3915.0,2.0,0.0,583,B8,T_start=10
10597.0,0.02006781090018189,0.13412199354053708,0.9549925860214359,0.0,0.032273284891950554,4.0,,0.8704375038899682,0.2859622122696101,3780.0,2.0,0.0,583,B12,T_start=10
9728.0,0.02006781090018189,0.43276287768448307,0.8963961859499497,0.0,0.04286595394736842,5.0,,0.8696178452215809,0.2837298910246287,3600.0,0.0,0.0,584,A3,T_start=10
9728.0,0.02006781090018189,0.02006781090018189,0.3812852456636189,0.0,0.0,0.0,,0.854750498932873,0.3213218235921027,4100.0,5.0,0.0,584,A6,T_start=10
9728.0,0.02006781090018189,0.43276287768448307,0.8963961859499497,0.0,0.04286595394736842,5.0,,0.8608610767872409,0.303968535176725,3805.0,5.0,0.0,584,B6,T_start=10
9728.0,0.02006781090018189,0.41927599668460547,0.8684603593990751,0.0,0.04039884868421053,5.0,,0.8606487341698427,0.30560387168261727,3860.0,3.0,0.0,584,B8,T_start=10
9728.0,0.02006781090018189,0.43276287768448307,0.8963961859499497,0.0,0.04286595394736842,5.0,,0.856391541786204,0.3144089100655319,3880.0,5.0,0.0,584,B12,T_start=10
126130.0,0.02006781090018189,2.0417379446695296,2.0417379446695296,0.025285419804963134,0.15854871957504163,121.0,29.25,0.9161951465166185,0.21285931134412808,11145.0,18.0,0.0,585,A3,T_start=10
126130.0,0.02006781090018189,0.04290421892388853,0.6741398498898495,0.0,0.013652580670736542,24.0,1.25,0.8994989644589587,0.25895462048881174,13115.0,42.0,0.0,585,A6,T_start=10
126130.0,0.02006781090018189,1.584893192461114,2.0417379446695296,0.016550384523903908,0.09616665345278681,71.0,23.0,0.923071006567921,0.19064295520198543,8545.0,27.0,0.05,585,B6,T_start=10
126130.0,0.02006781090018189,2.0417379446695296,2.0417379446695296,0.01989019265836835,0.13910449536192818,94.0,25.0,0.900518904489901,0.2477472808000604,8455.0,24.0,0.09444444444444444,585,B8,T_start=10
126130.0,0.02006781090018189,1.6358745652400533,2.0417379446695296,0.015384920320304448,0.08610560532783636,76.0,23.0,0.9176556195837879,0.20818628885029913,8965.0,22.0,0.09444444444444444,585,B12,T_start=10
102083.0,0.02006781090018189,0.8413951416451951,2.0417379446695296,0.006729817893282917,0.07001165718092141,29.0,63.25,0.9335626177611787,0.16803259637924353,7935.0,10.0,0.0,586,A3,T_start=10
102083.0,0.02006781090018189,0.025852348395621914,1.1187936686591167,0.0,0.02363762820450026,9.0,20.0,0.9277595218460091,0.18788219842690793,11105.0,19.0,0.0,586,A6,T_start=10
102083.0,0.02006781090018189,0.03548133892335755,2.0417379446695296,0.012587796205048832,0.02193313284288275,16.0,39.0,0.9331071096523693,0.17098260079766792,8940.0,16.0,0.0,586,B6,T_start=10
102083.0,0.02006781090018189,1.0501467677660838,2.0417379446695296,0.012813103063193675,0.08273659669092798,39.0,63.5,0.9318636538435561,0.17050920034441017,7930.0,16.0,0.4222222222222222,586,B8,T_start=10
102083.0,0.02006781090018189,2.0417379446695296,3.1805336883295205,0.03833155373568567,0.08729171360559544,74.0,39.25,0.9289120377481194,0.18222169628797677,9205.0,19.0,0.17777777777777778,586,B12,T_start=10
82967.0,0.02006781090018189,2.0417379446695296,3.1805336883295205,0.038717200814781784,0.22201296901177578,127.0,62.25,0.8840647161350514,0.2853799623473686,7575.0,15.0,0.0,587,A3,T_start=10
82967.0,0.02006781090018189,0.03126079367123956,0.1899984246214733,0.0,0.000614702231007509,3.0,9.875,0.8538782293624902,0.3766251039346035,11055.0,29.0,0.0,587,A6,T_start=10
82967.0,0.02006781090018189,1.1547819846894583,2.0417379446695296,0.012450733424132486,0.10026878156375427,54.0,60.125,0.8839416180227122,0.28239427235400594,7080.0,15.0,0.5333333333333333,587,B6,T_start=10
82967.0,0.02006781090018189,2.0417379446695296,2.0417379446695296,0.023560572275724084,0.2269486663372184,122.0,66.125,0.8797156710182309,0.293881045020709,7045.0,17.0,0.5333333333333333,587,B8,T_start=10
82967.0,0.02006781090018189,1.8567353246307055,2.0417379446695296,0.02372027432593682,0.1214940880108959,68.0,60.5,0.8878442157985544,0.2730436821404674,6955.0,14.0,0.525,587,B12,T_start=10
121686.0,0.02006781090018189,1.9781080029332403,2.0417379446695296,0.026950511973439836,0.11304915931167102,110.0,56.333333333333336,0.931825424196837,0.180282709058444,8595.0,14.0,0.0,588,A3,T_start=10
121686.0,0.02006781090018189,0.2225871044793004,2.0417379446695296,0.010997567509820358,0.04310068537054386,32.0,4.833333333333333,0.9094814819173661,0.2593773324771053,14045.0,46.0,0.0,588,A6,T_start=10
121686.0,0.02006781090018189,1.2698429144338064,2.0417379446695296,0.019459921437141495,0.07721512745919827,64.0,59.166666666666664,0.9360200949821608,0.16737507989254932,7980.0,23.0,0.36944444444444446,588,B6,T_start=10
121686.0,0.02006781090018189,1.6884958594867534,2.0417379446695296,0.01369919300494716,0.09316601745476061,73.0,69.5,0.93060676718573,0.18322255888003366,8305.0,14.0,0.4527777777777778,588,B8,T_start=10
121686.0,0.02006781090018189,1.2302687708123812,2.0417379446695296,0.02343737159574643,0.06942458458655885,67.0,48.833333333333336,0.9237410613467228,0.20633640878426718,9525.0,23.0,0.2611111111111111,588,B12,T_start=10
27056.0,0.02006781090018189,0.12589254117941676,0.7651560209006901,0.0,0.017740981667652277,7.0,1.0,0.9183003974940888,0.19686297369580258,4080.0,4.0,0.0,589,A3,T_start=10
27056.0,0.02006781090018189,0.08341612282410431,0.7897688493998856,0.0,0.021658781785925486,13.0,1.0,0.9067615006837789,0.22984659975646665,4890.0,17.0,0.0,589,A6,T_start=10
27056.0,0.02006781090018189,0.13412199354053708,0.7182076058301705,0.0,0.016410408042578355,6.0,1.0,0.9247860591529209,0.18120522365048128,3940.0,7.0,0.0,589,B6,T_start=10
27056.0,0.02006781090018189,0.0588843655355589,0.7182076058301705,0.0,0.016410408042578355,6.0,1.0,0.904271508668105,0.2332942556539883,4615.0,8.0,0.0,589,B8,T_start=10
27056.0,0.02006781090018189,0.10746078283213174,0.7182076058301705,0.0,0.016410408042578355,6.0,1.0,0.9193627298968549,0.1946776165716548,4155.0,9.0,0.0,589,B12,T_start=10
66245.0,0.02006781090018189,2.0417379446695296,2.0417379446695296,0.06751452939844517,0.14806400483055324,84.0,28.333333333333332,0.9711658952957438,0.0907203192418306,5160.0,6.0,0.0,590,A3,T_start=10
66245.0,0.02006781090018189,1.1187936686591167,2.0417379446695296,0.029073892369235414,0.06672201675598158,21.0,7.666666666666667,0.9590933409556174,0.1259811909634385,7615.0,24.0,0.0,590,A6,T_start=10
66245.0,0.02006781090018189,1.3963683610559376,2.0417379446695296,0.047686617857951544,0.08397614914333157,44.0,6.666666666666667,0.9719104506387852,0.08959486608328038,5590.0,12.0,0.058333333333333334,590,B6,T_start=10
66245.0,0.02006781090018189,1.3963683610559376,2.0417379446695296,0.03761793342893803,0.07743980677787003,33.0,5.666666666666667,0.9701275929116155,0.09443095769297545,5505.0,11.0,0.06666666666666667,590,B8,T_start=10
66245.0,0.02006781090018189,1.2698429144338064,2.0417379446695296,0.047686617857951544,0.07135632877953053,35.0,6.666666666666667,0.9709300483537836,0.09337643289415813,5805.0,12.0,0.06666666666666667,590,B12,T_start=10
35932.0,0.02006781090018189,0.5754399373371569,1.8567353246307055,0.005092953356339753,0.05209840810419682,21.0,5.0,0.9452223829410052,0.1416334726631862,3945.0,4.0,0.0,591,A3,T_start=10
35932.0,0.02006781090018189,0.31531889793555934,1.8567353246307055,0.005092953356339753,0.04205165312256484,18.0,5.0,0.9196609206939683,0.21523499439491547,6115.0,29.0,0.0,591,A6,T_start=10
35932.0,0.02006781090018189,0.2959715725594465,1.8567353246307055,0.005092953356339753,0.04102193031281309,16.0,5.0,0.9382276780891902,0.16339910875735578,4535.0,17.0,0.0,591,B6,T_start=10
35932.0,0.02006781090018189,0.2959715725594465,1.8567353246307055,0.005092953356339753,0.04102193031281309,16.0,5.0,0.9320030580321527,0.1782010228766318,4905.0,9.0,0.05,591,B8,T_start=10
35932.0,0.02006781090018189,0.2959715725594465,1.8567353246307055,0.005092953356339753,0.04102193031281309,16.0,5.0,0.933390719844874,0.17562582781072478,4790.0,15.0,0.0,591,B12,T_start=10
77080.0,0.02006781090018189,2.0417379446695296,2.892344370499147,0.26012908666320705,0.09960106382978723,72.0,5.0,0.9473321654084582,0.13761433133808598,4785.0,8.0,0.0,592,A3,T_start=10
77080.0,0.02006781090018189,2.1752040340195222,5.1138737255998015,0.18257978723404256,0.10992151011935651,41.0,0.0,0.9166348979571348,0.24306877523715362,9120.0,31.0,0.0,592,A6,T_start=10
77080.0,0.02006781090018189,2.1074146752966985,2.802205621666748,0.13047483134405813,0.15035028541774778,41.0,0.0,0.9376240000357624,0.17600381586293906,7000.0,20.0,0.05,592,B6,T_start=10
77080.0,0.02006781090018189,2.0417379446695296,2.2451739778971898,0.13691294758692268,0.14026660612350805,37.0,0.0,0.9376367116592788,0.16747180817738877,6120.0,13.0,0.08055555555555556,592,B8,T_start=10
77080.0,0.02006781090018189,2.1074146752966985,2.802205621666748,0.13047483134405813,0.14268292682926828,34.0,0.0,0.935223801816191,0.1851759592104361,7365.0,16.0,0.06388888888888888,592,B12,T_start=10
57231.0,0.02006781090018189,0.13843630530808698,0.6130557921498209,0.0,0.012667959672205622,10.0,,0.944574917071773,0.1317414587550291,3945.0,5.0,0.0,593,A3,T_start=10
57231.0,0.02006781090018189,0.025852348395621914,0.07829787941891024,0.0,0.0009435445824815223,5.0,,0.9074532112235554,0.23395856039257149,6665.0,29.0,0.0,593,A6,T_start=10
57231.0,0.02006781090018189,0.028428241752041873,0.40620942890585726,0.0,0.00747846446855725,6.0,,0.9313314508616185,0.16809126090259094,4695.0,17.0,0.0,593,B6,T_start=10
57231.0,0.02006781090018189,0.02006781090018189,0.18407720014689555,0.0,0.006325243312190945,4.0,,0.919934742215155,0.19730108066702057,5405.0,12.0,0.0,593,B8,T_start=10
57231.0,0.02006781090018189,0.02350985767597148,0.40620942890585726,0.0,0.00747846446855725,6.0,,0.9246673463772045,0.18365991860536615,5015.0,14.0,0.0,593,B12,T_start=10
100353.0,0.02006781090018189,0.06898425842094826,0.985711900900616,0.0021723316692076966,0.017856964913854096,27.0,5.0,0.9944011229433054,0.03145035680785438,4890.0,7.0,0.0,594,A3,T_start=10
100353.0,0.02006781090018189,0.024266100950824154,0.07349368100487516,0.0,0.0007971859336542007,5.0,5.0,0.9820938744129473,0.07606873488803277,7875.0,37.0,0.0,594,A6,T_start=10
100353.0,0.02006781090018189,0.06077850313707005,0.9549925860214359,0.0021723316692076966,0.014419100574970355,17.0,5.0,0.9883053679252423,0.05301320332267158,5575.0,31.0,0.0,594,B6,T_start=10
100353.0,0.02006781090018189,0.02006781090018189,0.47588279098881686,0.0,0.009616055324703795,9.0,5.0,0.991800599194422,0.04377083553910625,6050.0,10.0,0.0,594,B8,T_start=10
100353.0,0.02006781090018189,0.024266100950824154,0.2778113596642536,0.0,0.007134814106205096,5.0,5.0,0.9897658061564326,0.05071856976899435,6190.0,22.0,0.0,594,B12,T_start=10
70773.0,0.02006781090018189,0.14748572927641243,0.7182076058301705,0.0,0.016913229621465815,17.0,,0.9540464232770187,0.1086625138167139,4050.0,6.0,0.0,595,A3,T_start=10
70773.0,0.02006781090018189,0.021379620895022326,0.04570881896148752,0.0,0.0,0.0,,0.9284867423638133,0.188263191765135,6750.0,29.0,0.0,595,A6,T_start=10
70773.0,0.02006781090018189,0.026683942737144424,0.6958249547006052,0.0,0.015924151865824538,13.0,,0.9483302580774532,0.1299728285964085,5035.0,20.0,0.0,595,B6,T_start=10
70773.0,0.02006781090018189,0.02006781090018189,0.14748572927641243,0.0,0.001780339960154296,2.0,,0.9449715567925908,0.13776391278079314,5335.0,12.0,0.0,595,B8,T_start=10
70773.0,0.02006781090018189,0.02006781090018189,0.47588279098881686,0.0,0.009481016771932799,8.0,,0.9461834061665572,0.13509940917944294,5365.0,12.0,0.0,595,B12,T_start=10
65737.0,0.02006781090018189,0.10746078283213174,0.43276287768448307,0.0,0.007180126869190867,11.0,,0.9469923795197099,0.12989131890212066,4260.0,8.0,0.0,596,A3,T_start=10
65737.0,0.02006781090018189,0.028428241752041873,0.06077850313707005,0.0,0.0010496371906232411,4.0,,0.9211506861763007,0.2091124270546764,7030.0,36.0,0.0,596,A6,T_start=10
65737.0,0.02006781090018189,0.025852348395621914,0.3578903595427346,0.0,0.003027214506290217,5.0,,0.9516010725844856,0.12256051625267424,4565.0,17.0,0.0,596,B6,T_start=10
65737.0,0.02006781090018189,0.02006781090018189,0.11816803125447838,0.0,0.0026621233095516983,3.0,,0.9414271908619876,0.15003553358478708,5380.0,8.0,0.0,596,B8,T_start=10
65737.0,0.02006781090018189,0.02006781090018189,0.050263184440820056,0.0,0.0026621233095516983,3.0,,0.9434531289692463,0.14327070032682823,4980.0,12.0,0.0,596,B12,T_start=10
84089.0,0.02006781090018189,1.1187936686591167,2.0417379446695296,0.017323906813019537,0.07789663332897287,57.0,54.0,0.9470828652614774,0.1314852069023464,5355.0,11.0,0.0,597,A3,T_start=10
84089.0,0.02006781090018189,0.03126079367123956,0.9549925860214359,0.0,0.01663713446467433,14.0,9.5,0.9247980978811124,0.1962920430855951,8220.0,27.0,0.0,597,A6,T_start=10
84089.0,0.02006781090018189,0.3578903595427346,1.8567353246307055,0.002646006017433909,0.03852465839765011,22.0,54.0,0.9416333726679533,0.14707287924366286,5770.0,19.0,0.18055555555555555,597,B6,T_start=10
84089.0,0.02006781090018189,0.26076542044591006,1.9164610627353873,0.004715242183876607,0.03904791352019884,18.0,64.0,0.9247141354281742,0.19143453404485034,7090.0,14.0,0.0,597,B8,T_start=10
84089.0,0.02006781090018189,0.2959715725594465,1.0839269140212038,0.002021667518938268,0.03417807323193283,19.0,50.5,0.9356185526807954,0.16519655292096874,6455.0,22.0,0.0,597,B12,T_start=10
54218.0,0.02006781090018189,1.2302687708123812,2.0417379446695296,0.009424914235124867,0.1224501088199491,53.0,81.25,0.8898892441083355,0.26566483577206995,5580.0,12.0,0.0,598,A3,T_start=10
54218.0,0.02006781090018189,0.2778113596642536,1.742809826672464,0.0052381128038658745,0.03696189457375779,27.0,36.5,0.8558654247203475,0.3871263792034698,9380.0,33.0,0.0,598,A6,T_start=10
54218.0,0.02006781090018189,0.2778113596642536,1.584893192461114,0.0052381128038658745,0.02777675310782397,16.0,77.0,0.8831585110876369,0.28514888013392264,5930.0,22.0,0.22777777777777777,598,B6,T_start=10
54218.0,0.02006781090018189,1.7988709151287874,2.0417379446695296,0.020104024493710577,0.09476557600796784,33.0,65.5,0.871960014250886,0.315927810844416,6310.0,14.0,0.125,598,B8,T_start=10
54218.0,0.02006781090018189,0.3054921113215514,1.0501467677660838,0.0052381128038658745,0.021800877937216422,11.0,61.0,0.8749123401823126,0.3150865533279051,6655.0,22.0,0.11388888888888889,598,B12,T_start=10
52027.0,0.02006781090018189,0.13412199354053708,1.2302687708123812,0.003882599419532166,0.019259230784015993,14.0,23.0,0.9579025504225896,0.11034959692729232,3930.0,4.0,0.0,599,A3,T_start=10
52027.0,0.02006781090018189,0.04290421892388853,0.26076542044591006,0.0,0.003997924154765795,10.0,2.0,0.9331714957408344,0.18500643974833705,6720.0,34.0,0.0,599,A6,T_start=10
52027.0,0.02006781090018189,0.04290421892388853,0.7413102413009177,0.0,0.01282026640013839,5.0,5.0,0.9515098057932343,0.1308688587094392,4595.0,15.0,0.0,599,B6,T_start=10
52027.0,0.02006781090018189,0.021379620895022326,0.6741398498898495,0.0,0.012109097199531012,5.0,5.0,0.9453235957739218,0.1472059849094792,5140.0,10.0,0.0,599,B8,T_start=10
52027.0,0.02006781090018189,0.04156712619977309,0.7413102413009177,0.0,0.01282026640013839,5.0,5.0,0.9480898374645585,0.1401511460231252,4800.0,13.0,0.0,599,B12,T_start=10
60689.0,0.02006781090018189,1.191927939457827,2.0417379446695296,0.047158463642505234,0.071660432697853,38.0,19.0,0.9489215150833189,0.1289069705618877,4380.0,6.0,0.0,600,A3,T_start=10
60689.0,0.02006781090018189,0.4610520952362225,1.0174193661806046,0.0,0.04814711067903574,16.0,14.0,0.923840114133017,0.2012764318743642,8260.0,30.0,0.0,600,A6,T_start=10
60689.0,0.02006781090018189,1.1547819846894583,2.0417379446695296,0.031142381650711003,0.05480400072500783,18.0,16.0,0.9393787151463225,0.1563811895314263,5510.0,19.0,0.0,600,B6,T_start=10
60689.0,0.02006781090018189,1.6884958594867534,2.0417379446695296,0.018438267231293975,0.07540081398606008,24.0,15.0,0.9343347504274104,0.1699145200076224,6280.0,10.0,0.0,600,B8,T_start=10
60689.0,0.02006781090018189,1.1547819846894583,2.0417379446695296,0.031142381650711003,0.06404785051656808,25.0,108.0,0.9370913515978472,0.16140801189310452,5540.0,13.0,0.05555555555555555,600,B12,T_start=10
96370.0,0.02006781090018189,0.43276287768448307,1.7988709151287874,0.004181799315139566,0.04510739856801909,53.0,49.333333333333336,0.9911659066254095,0.0343561762401159,4230.0,8.0,0.0,601,A3,T_start=10
96370.0,0.02006781090018189,0.02006781090018189,0.32546178349804583,0.0,0.007927778354259625,9.0,9.0,0.9840163421280606,0.06711054409358932,7760.0,22.0,0.0,601,A6,T_start=10
96370.0,0.02006781090018189,0.02006781090018189,0.2778113596642536,0.0,0.006672200892393899,6.0,10.333333333333334,0.9894925568830206,0.0462890191234842,5675.0,13.0,0.0,601,B6,T_start=10
96370.0,0.02006781090018189,0.02006781090018189,0.26915348039269155,0.0,0.006475044100861264,6.0,3.0,0.9846189819578185,0.05809597074229958,6055.0,8.0,0.0,601,B8,T_start=10
96370.0,0.02006781090018189,0.02006781090018189,0.26915348039269155,0.0,0.006475044100861264,6.0,10.333333333333334,0.9898200611322606,0.04558026041903015,5905.0,12.0,0.0,601,B12,T_start=10
31454.0,0.02006781090018189,0.02006781090018189,0.34673685045253166,0.0,0.008456794048451708,7.0,,0.9256711347932477,0.17736219334511608,4425.0,3.0,0.0,602,A3,T_start=10
31454.0,0.02006781090018189,0.02350985767597148,0.08609937521846008,0.0,0.0007312265530616138,2.0,,0.9191498336504491,0.1949766378385644,5005.0,14.0,0.0,602,A6,T_start=10
31454.0,0.02006781090018189,0.6741398498898495,1.2302687708123812,0.0,0.06215425701023717,16.0,,0.926431253956842,0.17443149768648775,4125.0,6.0,0.0,602,B6,T_start=10
31454.0,0.02006781090018189,0.02006781090018189,0.10086720805993415,0.0,0.0,0.0,,0.9115989811344488,0.2150707803214292,5520.0,7.0,0.0,602,B8,T_start=10
31454.0,0.02006781090018189,0.17278259805078636,1.1187936686591167,0.0,0.03153811915813569,8.0,,0.9253125195193588,0.17784914128481297,4290.0,6.0,0.0,602,B12,T_start=10
38421.0,0.02006781090018189,0.02006781090018189,0.31531889793555934,0.0,0.0006506858228572915,2.0,3.0,0.9089158169735906,0.2056430920440357,4140.0,2.0,0.0,603,A3,T_start=10
38421.0,0.02006781090018189,0.03330427623087463,0.2024184057376061,0.0,0.001379453944457458,3.0,2.0,0.882806158018348,0.28202824339566507,5795.0,22.0,0.0,603,A6,T_start=10
38421.0,0.02006781090018189,0.13412199354053708,0.3812852456636189,0.0,0.0009630150178287915,3.0,3.0,0.8996484626459949,0.23115695805311273,4435.0,13.0,0.0,603,B6,T_start=10
38421.0,0.02006781090018189,0.02006781090018189,0.31531889793555934,0.0,0.0006506858228572915,2.0,3.0,0.8899911521368858,0.2551549935428044,4790.0,7.0,0.0,603,B8,T_start=10
38421.0,0.02006781090018189,0.04570881896148752,0.3812852456636189,0.0,0.0009630150178287915,3.0,3.0,0.8962778264881086,0.2391262720921303,4710.0,11.0,0.0,603,B12,T_start=10
79601.0,0.02006781090018189,2.0417379446695296,2.0417379446695296,0.17321390434793532,0.08802653232999585,70.0,42.0,0.9301344215586296,0.1649241014759729,4935.0,6.0,0.0,604,A3,T_start=10
79601.0,0.02006781090018189,2.0417379446695296,3.8459178204535354,0.06368010452129999,0.13066418763583373,50.0,9.0,0.8821326528072775,0.31850893604469044,10570.0,49.0,0.0,604,A6,T_start=10
79601.0,0.02006781090018189,1.4876473740795015,2.0417379446695296,0.0945465509227271,0.09758671373475207,43.0,8.0,0.9049513373939956,0.2378210399449147,6640.0,25.0,0.058333333333333334,604,B6,T_start=10
79601.0,0.02006781090018189,2.0417379446695296,2.0417379446695296,0.07785078076908582,0.12029999623120313,41.0,9.0,0.8995181029339707,0.2441730855252437,6140.0,14.0,0.14722222222222223,604,B8,T_start=10
79601.0,0.02006781090018189,1.4876473740795015,2.0417379446695296,0.0945465509227271,0.09758671373475207,43.0,8.0,0.8991226500175393,0.2524918962072264,7025.0,16.0,0.06666666666666667,604,B12,T_start=10
119610.0,0.02006781090018189,0.12994213556374826,0.8413951416451951,0.0,0.016787893988796924,18.0,19.0,0.9985987154169037,0.020644224026051594,5715.0,3.0,0.0,605,A3,T_start=10
119610.0,0.02006781090018189,0.02006781090018189,0.050263184440820056,0.0,0.0,0.0,0.75,0.9894464276142493,0.05866046652289078,9370.0,31.0,0.0,605,A6,T_start=10
119610.0,0.02006781090018189,0.03226636185911482,0.8413951416451951,0.0,0.01490678036953432,15.0,3.0,0.9936000493424932,0.04134264323582525,6885.0,25.0,0.0,605,B6,T_start=10
119610.0,0.02006781090018189,0.024266100950824154,0.4911905467933634,0.0,0.009037705877434996,11.0,2.25,0.9952013175403931,0.03780963905453997,7290.0,16.0,0.0,605,B8,T_start=10
119610.0,0.02006781090018189,0.026683942737144424,0.43276287768448307,0.0,0.008168213360086949,9.0,2.25,0.992775378881347,0.04592613029321675,7520.0,25.0,0.0,605,B12,T_start=10
114501.0,0.02006781090018189,1.9781080029332403,2.0417379446695296,0.021303307394695242,0.12755128776167893,108.0,49.714285714285715,0.9736775112455752,0.08268532176650167,6540.0,12.0,0.0,606,A3,T_start=10
114501.0,0.02006781090018189,0.10086720805993415,1.5355006336570662,0.002591680422005048,0.03254338390057729,28.0,8.142857142857142,0.9502886605334203,0.16219847472296148,12070.0,38.0,0.0,606,A6,T_start=10
114501.0,0.02006781090018189,1.9164610627353873,2.0417379446695296,0.014731312390284801,0.1184378302372905,94.0,27.428571428571427,0.96664004218672,0.10693579304226511,8045.0,34.0,0.24444444444444444,606,B6,T_start=10
114501.0,0.02006781090018189,1.8567353246307055,2.0417379446695296,0.02129239045947197,0.10909075029912403,93.0,37.57142857142857,0.9684906167350829,0.1033943314041408,8610.0,18.0,0.35555555555555557,606,B8,T_start=10
114501.0,0.02006781090018189,1.2302687708123812,2.0417379446695296,0.009056689461227414,0.07097754604763278,56.0,25.857142857142858,0.9629448180474774,0.12290458389701041,9500.0,32.0,0.09444444444444444,606,B12,T_start=10
88881.0,0.02006781090018189,0.9252306262333164,2.0417379446695296,0.04118990560412237,0.06611086733947638,46.0,36.25,0.9603757954481793,0.11012481566474254,5775.0,6.0,0.0,607,A3,T_start=10
88881.0,0.02006781090018189,0.6531305526474723,1.9164610627353873,0.03950225582520449,0.05062949336753637,34.0,35.0,0.9325695145987788,0.19634528901831405,9405.0,42.0,0.0,607,A6,T_start=10
88881.0,0.02006781090018189,1.0174193661806046,2.0417379446695296,0.04752421777432747,0.07472913221048368,59.0,64.0,0.9494833115429997,0.1442656047313628,7340.0,31.0,0.0,607,B6,T_start=10
88881.0,0.02006781090018189,0.4610520952362225,1.7988709151287874,0.03950225582520449,0.04493648811332006,30.0,33.5,0.9478236311438256,0.14864854183369536,8065.0,10.0,0.0,607,B8,T_start=10
88881.0,0.02006781090018189,1.1187936686591167,2.0417379446695296,0.038523418953432115,0.08059090244259177,56.0,62.0,0.9381126489216447,0.17563758984744413,9035.0,27.0,0.07222222222222222,607,B12,T_start=10
91993.0,0.02006781090018189,2.0417379446695296,2.0417379446695296,0.18590001413151,0.1413857576119922,126.0,28.25,0.9325650138025705,0.17655979195369476,5490.0,14.0,0.0,608,A3,T_start=10
91993.0,0.02006781090018189,2.0417379446695296,4.650503761666063,0.07570956485819573,0.16990694944180534,66.0,2.0,0.8922909777476217,0.313570529910158,11660.0,49.0,0.0,608,A6,T_start=10
91993.0,0.02006781090018189,2.0417379446695296,2.1074146752966985,0.06267868207363604,0.16257758742513018,71.0,3.0,0.9210071142245925,0.21929668034939034,8085.0,32.0,0.05555555555555555,608,B6,T_start=10
91993.0,0.02006781090018189,2.0417379446695296,2.5482967479793466,0.08839259508875676,0.15980020218929702,52.0,16.0,0.9286277075287808,0.19090158395129878,6810.0,13.0,0.18888888888888888,608,B8,T_start=10
91993.0,0.02006781090018189,2.0417379446695296,2.1074146752966985,0.06267868207363604,0.16257758742513018,71.0,3.0,0.9160684331335393,0.23242786057432455,8590.0,28.0,0.058333333333333334,608,B12,T_start=10
90762.0,0.02006781090018189,1.1547819846894583,2.0417379446695296,0.00693021308477116,0.09987660033934907,104.0,63.42857142857143,0.9370944274186696,0.1710415063206252,6360.0,10.0,0.0,609,A3,T_start=10
90762.0,0.02006781090018189,0.8413951416451951,1.9781080029332403,0.0014102818360106652,0.07135144664066459,32.0,48.857142857142854,0.8944321759816828,0.31915476916908003,11585.0,49.0,0.0,609,A6,T_start=10
90762.0,0.02006781090018189,1.6884958594867534,2.0417379446695296,0.0313787708512373,0.0960864679050704,61.0,49.142857142857146,0.9179217831821052,0.23436375667519688,8160.0,31.0,0.05,609,B6,T_start=10
90762.0,0.02006781090018189,1.0501467677660838,2.0417379446695296,0.0324695357087768,0.07358806548996276,41.0,45.714285714285715,0.9306024249970744,0.18534597884338558,6795.0,15.0,0.1388888888888889,609,B8,T_start=10
90762.0,0.02006781090018189,1.191927939457827,2.0417379446695296,0.01684625724422115,0.08132257993433376,39.0,37.0,0.9229759236575564,0.209650494859005,7680.0,32.0,0.044444444444444446,609,B12,T_start=10
56261.0,0.02006781090018189,2.0417379446695296,2.0417379446695296,0.23510513499582303,0.2133760509056007,106.0,68.0,0.8919985692951463,0.2526899960585202,4755.0,9.0,0.0,610,A3,T_start=10
56261.0,0.02006781090018189,2.0417379446695296,2.0417379446695296,0.058166403014521605,0.21765521409146657,79.0,71.4,0.8078411860480992,0.5081220632653836,11355.0,54.0,0.0,610,A6,T_start=10
56261.0,0.02006781090018189,2.0417379446695296,2.0417379446695296,0.09230194984092,0.1938820852811006,72.0,46.0,0.8646217281068945,0.3319785089311074,7355.0,23.0,0.46111111111111114,610,B6,T_start=10
56261.0,0.02006781090018189,2.0417379446695296,2.0417379446695296,0.07342564120794155,0.25578997884858073,68.0,48.4,0.8324635227761723,0.40368296931995545,7670.0,21.0,0.12222222222222222,610,B8,T_start=10
56261.0,0.02006781090018189,2.0417379446695296,2.0417379446695296,0.09827411528412222,0.20931017934270632,83.0,68.0,0.8440945051848024,0.37753826195522816,7805.0,29.0,0.2638888888888889,610,B12,T_start=10
20372.0,0.02006781090018189,0.3812852456636189,0.9252306262333164,0.0,0.034802670331827996,11.0,3.0,0.903911936338997,0.21851572303852454,3735.0,2.0,0.0,611,A3,T_start=10
20372.0,0.02006781090018189,0.3812852456636189,0.9252306262333164,0.0,0.034802670331827996,11.0,3.0,0.8523717466881231,0.3462091466605314,5340.0,29.0,0.0,611,A6,T_start=10
20372.0,0.02006781090018189,0.3812852456636189,0.9252306262333164,0.0,0.034802670331827996,11.0,3.0,0.8703438550181681,0.30002740090903385,4640.0,28.0,0.0,611,B6,T_start=10
20372.0,0.02006781090018189,0.26076542044591006,0.9252306262333164,0.0,0.028715884547418025,8.0,3.0,0.8605266037209385,0.3247114126937054,5055.0,20.0,0.0,611,B8,T_start=10
20372.0,0.02006781090018189,0.3812852456636189,0.9252306262333164,0.0,0.034802670331827996,11.0,3.0,0.8527721513347138,0.3418815949565177,5040.0,28.0,0.0,611,B12,T_start=10
52111.0,0.02006781090018189,2.0417379446695296,3.2828421431654635,0.17785112548214388,0.25065725086833873,107.0,27.666666666666668,0.9268686584469319,0.18207472959440757,5505.0,8.0,0.0,612,A3,T_start=10
52111.0,0.02006781090018189,1.9781080029332403,2.0417379446695296,0.051073669666673066,0.15385427261038936,69.0,13.666666666666666,0.8938348516999058,0.27037271797125395,9475.0,42.0,0.0,612,A6,T_start=10
52111.0,0.02006781090018189,1.9164610627353873,2.0417379446695296,0.04112375506131143,0.1363819539060851,59.0,26.666666666666668,0.9084818566711266,0.23153755397435452,6710.0,29.0,0.1,612,B6,T_start=10
52111.0,0.02006781090018189,1.9781080029332403,2.0417379446695296,0.0495480800598722,0.1769683943889006,56.0,25.666666666666668,0.9016204043991344,0.25019997267310906,6595.0,24.0,0.1527777777777778,612,B8,T_start=10
52111.0,0.02006781090018189,1.9164610627353873,2.0417379446695296,0.04112375506131143,0.1363819539060851,59.0,12.333333333333334,0.9049595242576871,0.24220919747794217,6575.0,27.0,0.07222222222222222,612,B12,T_start=10
48787.0,0.02006781090018189,2.0417379446695296,3.388441561392024,0.23832680837108247,0.24206755898087606,116.0,29.75,0.9022277727869898,0.23529325537498982,4875.0,10.0,0.0,613,A3,T_start=10
48787.0,0.02006781090018189,2.0417379446695296,2.468880104906209,0.06907065406768197,0.18862094410396213,62.0,15.5,0.8542716991528473,0.38243002698880435,10410.0,40.0,0.0,613,A6,T_start=10
48787.0,0.02006781090018189,2.0417379446695296,2.0417379446695296,0.1031217332486113,0.14563305798675877,58.0,25.25,0.8794281294843896,0.29511169996477243,6485.0,32.0,0.09444444444444444,613,B6,T_start=10
48787.0,0.02006781090018189,2.0417379446695296,2.0417379446695296,0.09610142046036854,0.22224158074897002,67.0,23.0,0.8767410306278587,0.302993369464603,6310.0,25.0,0.16111111111111112,613,B8,T_start=10
48787.0,0.02006781090018189,2.0417379446695296,2.0417379446695296,0.1031217332486113,0.14563305798675877,58.0,32.5,0.8759870334778932,0.3027853078588695,6515.0,29.0,0.14444444444444443,613,B12,T_start=10
46250.0,0.02006781090018189,2.0417379446695296,2.0417379446695296,0.2203081081081081,0.20122702702702702,82.0,18.333333333333332,0.9045045081853488,0.23581372641175152,4860.0,6.0,0.0,614,A3,T_start=10
46250.0,0.02006781090018189,2.0417379446695296,5.1138737255998015,0.13815135135135134,0.25147027027027025,67.0,9.0,0.8622209953662895,0.3605310293409126,8945.0,41.0,0.0,614,A6,T_start=10
46250.0,0.02006781090018189,2.0417379446695296,2.0417379446695296,0.10627027027027026,0.16875675675675675,55.0,5.0,0.8909637119235756,0.264542476157872,6235.0,25.0,0.06111111111111111,614,B6,T_start=10
46250.0,0.02006781090018189,2.0417379446695296,2.0417379446695296,0.10862702702702702,0.19604324324324324,56.0,8.0,0.8907357272753123,0.2630719964236796,5515.0,16.0,0.19444444444444445,614,B8,T_start=10
46250.0,0.02006781090018189,2.0417379446695296,2.0417379446695296,0.10627027027027026,0.16875675675675675,55.0,5.0,0.8825567824349141,0.28841434101713137,6750.0,24.0,0.06666666666666667,614,B12,T_start=10
21030.0,0.02006781090018189,0.5754399373371569,1.0501467677660838,0.0,0.060770328102710415,15.0,2.5,0.9086845450893045,0.20941762188169447,3735.0,2.0,0.0,615,A3,T_start=10
21030.0,0.02006781090018189,0.5754399373371569,1.0501467677660838,0.0,0.060770328102710415,15.0,2.5,0.872411765030781,0.29811532098473004,5000.0,29.0,0.0,615,A6,T_start=10
21030.0,0.02006781090018189,0.5754399373371569,1.0501467677660838,0.0,0.060770328102710415,15.0,2.5,0.8866152797377458,0.26219439553215634,4445.0,20.0,0.0,615,B6,T_start=10
21030.0,0.02006781090018189,0.40620942890585726,1.0501467677660838,0.0,0.04079885877318117,10.0,1.5,0.8767904462265479,0.28646487047614994,4850.0,15.0,0.04722222222222222,615,B8,T_start=10
21030.0,0.02006781090018189,0.5754399373371569,1.0501467677660838,0.0,0.060770328102710415,15.0,2.5,0.8753236023152408,0.29035514179915267,4770.0,20.0,0.0,615,B12,T_start=10
44102.0,0.02006781090018189,1.4412854420872234,2.0417379446695296,0.008321618067207836,0.11990385923540882,60.0,64.75,0.9288581426862331,0.17078905506594672,4320.0,5.0,0.0,616,A3,T_start=10
44102.0,0.02006781090018189,0.6741398498898495,1.4876473740795015,2.2674708629994104e-05,0.062015328103033875,33.0,60.25,0.8869610669113408,0.28091668009066256,6610.0,39.0,0.0,616,A6,T_start=10
44102.0,0.02006781090018189,0.7651560209006901,1.9164610627353873,0.003219808625459163,0.07199219990023129,36.0,62.75,0.9040600694003351,0.23491140692950593,5240.0,34.0,0.0,616,B6,T_start=10
44102.0,0.02006781090018189,0.43276287768448307,1.4876473740795015,2.2674708629994104e-05,0.046596526234637885,20.0,76.75,0.8982980813436817,0.24660714508587708,5235.0,13.0,0.044444444444444446,616,B8,T_start=10
44102.0,0.02006781090018189,0.6531305526474723,1.4876473740795015,2.2674708629994104e-05,0.06648224570314272,33.0,62.75,0.8909954650165764,0.26657078312990296,5765.0,30.0,0.0,616,B12,T_start=10
63828.0,0.02006781090018189,1.0501467677660838,2.0417379446695296,0.004402456602118193,0.07747383593407282,50.0,57.25,0.9395614190183349,0.15521813698895684,4965.0,8.0,0.0,617,A3,T_start=10
63828.0,0.02006781090018189,0.20892961308540398,0.6531305526474723,0.0025380710659898475,0.023845334336028076,15.0,55.5,0.8992194891671369,0.2667658811823065,8105.0,41.0,0.0,617,A6,T_start=10
63828.0,0.02006781090018189,0.5401321147646347,1.9164610627353873,0.003587767124146143,0.05257880553988845,31.0,55.5,0.9300398320308556,0.18201364021694832,5540.0,27.0,0.0,617,B6,T_start=10
63828.0,0.02006781090018189,0.41927599668460547,1.9164610627353873,0.000955693426082597,0.04631196340164191,28.0,57.25,0.9233918745468531,0.19818902485272102,6250.0,16.0,0.0,617,B8,T_start=10
63828.0,0.02006781090018189,0.41927599668460547,1.7988709151287874,0.0027417434354828603,0.0431315410164818,26.0,55.5,0.917898112865119,0.21383380698523918,6330.0,27.0,0.0,617,B12,T_start=10
91433.0,0.02006781090018189,2.0417379446695296,2.2451739778971898,0.11130007765248871,0.17738125184561374,102.0,42.5,0.9282346835363818,0.19022112504544653,6375.0,16.0,0.0,618,A3,T_start=10
91433.0,0.02006781090018189,1.7988709151287874,2.802205621666748,0.002635809827961459,0.13551999825008476,34.0,1.75,0.8991953422568962,0.2616381696733668,11350.0,43.0,0.0,618,A6,T_start=10
91433.0,0.02006781090018189,2.0417379446695296,2.0417379446695296,0.04750746448218914,0.18348134699725482,72.0,36.75,0.9355757521410838,0.16855610278128944,7780.0,33.0,0.06388888888888888,618,B6,T_start=10
91433.0,0.02006781090018189,2.0417379446695296,2.0417379446695296,0.04335141579079763,0.19214342742773396,58.0,9.5,0.937228365564875,0.1625048283984641,6745.0,10.0,0.18888888888888888,618,B8,T_start=10
91433.0,0.02006781090018189,2.0417379446695296,2.0417379446695296,0.021655201076197873,0.20644625025975305,71.0,36.75,0.9297085919493348,0.18317346290474443,8285.0,20.0,0.06944444444444445,618,B12,T_start=10
66946.0,0.02006781090018189,1.4412854420872234,2.0417379446695296,0.010052878439339169,0.09955785259761599,67.0,47.0,0.9465741036473488,0.13275479137144688,4740.0,5.0,0.0,619,A3,T_start=10
66946.0,0.02006781090018189,0.32546178349804583,1.191927939457827,0.0,0.03640247363546739,21.0,61.666666666666664,0.9008548511767365,0.26014202042450835,8595.0,41.0,0.0,619,A6,T_start=10
66946.0,0.02006781090018189,0.9252306262333164,2.0417379446695296,0.009798942431213216,0.08057240163714038,54.0,62.166666666666664,0.9297341664766674,0.1789163952157121,5895.0,30.0,0.0,619,B6,T_start=10
66946.0,0.02006781090018189,0.25263877101318966,1.3963683610559376,0.0,0.035297105129507365,21.0,41.833333333333336,0.9188517418514442,0.20643021151821103,6350.0,14.0,0.20277777777777778,619,B8,T_start=10
66946.0,0.02006781090018189,0.6531305526474723,1.584893192461114,0.00031368565709676455,0.062229259403101006,37.0,61.666666666666664,0.918682411212075,0.2094439474283492,6705.0,24.0,0.0,619,B12,T_start=10
643240.0,0.02006781090018189,2.0417379446695296,2.892344370499147,0.05938763136620857,0.1455420993719296,246.0,55.8,0.979506074622802,0.07577095954525603,35490.0,32.0,0.0,620,A3,T_start=10
643240.0,0.02006781090018189,0.07120327999992027,1.6358745652400533,0.002112741744916361,0.02599185374043903,72.0,54.4,0.9679794539784612,0.11610085937375196,46135.0,57.0,0.0,620,A6,T_start=10
643240.0,0.02006781090018189,1.9164610627353873,2.0417379446695296,0.017547882594366022,0.13471099434114794,171.0,75.4,0.9747440500728894,0.09302774231174063,32125.0,58.0,0.08333333333333333,620,B6,T_start=10
643240.0,0.02006781090018189,2.0417379446695296,2.0417379446695296,0.022108000124370374,0.16337020396741497,204.0,79.4,0.9719573235913602,0.09777358994312862,31950.0,45.0,0.1111111111111111,620,B8,T_start=10
643240.0,0.02006781090018189,1.5355006336570662,2.0417379446695296,0.018232308314159566,0.10776420931534109,163.0,57.8,0.9703204809124246,0.10696098992588292,36290.0,44.0,0.06111111111111111,620,B12,T_start=10
711831.0,0.02006781090018189,1.191927939457827,2.0417379446695296,0.018066085910841197,0.09304315209649482,81.0,23.375,0.9844978590711927,0.06779169636950458,36645.0,18.0,0.0,621,A3,T_start=10
711831.0,0.02006781090018189,0.8413951416451951,2.0417379446695296,0.0029518944805719334,0.06868870560568449,68.0,9.125,0.9729382995653398,0.10136368579574388,52065.0,49.0,0.0,621,A6,T_start=10
711831.0,0.02006781090018189,2.0417379446695296,2.0417379446695296,0.03748537223020633,0.13714456099832684,164.0,16.25,0.9859348934287818,0.06553220447420303,41390.0,53.0,0.09166666666666666,621,B6,T_start=10
711831.0,0.02006781090018189,1.9781080029332403,2.0417379446695296,0.026718069317014852,0.1355971431421222,134.0,16.375,0.9852526653319634,0.0674082485645943,40970.0,48.0,0.09166666666666666,621,B8,T_start=10
711831.0,0.02006781090018189,1.9164610627353873,2.0417379446695296,0.02779838191930388,0.1322185322077853,142.0,15.25,0.9843943952995353,0.07299487762522978,48250.0,37.0,0.1,621,B12,T_start=10
50437.0,0.02006781090018189,2.0417379446695296,3.726061338637685,0.26418105755695226,0.2115213038047465,56.0,18.0,0.8924053862726554,0.24361791401804772,5445.0,6.0,0.0,622,A3,T_start=10
50437.0,0.02006781090018189,3.9696297343000686,5.623413251903491,0.10035291551836945,0.2972916707972322,39.0,5.0,0.857882939426352,0.33683751834091086,8510.0,32.0,0.0,622,A6,T_start=10
50437.0,0.02006781090018189,1.6358745652400533,2.0417379446695296,0.09596129825326645,0.13567420742708725,28.0,120.0,0.886453006245665,0.25690530836516207,6200.0,12.0,0.15555555555555556,622,B6,T_start=10
50437.0,0.02006781090018189,2.0417379446695296,2.1752040340195222,0.07670955845906775,0.25883775799512265,36.0,120.0,0.8956277185560053,0.234170938544619,5070.0,8.0,0.16111111111111112,622,B8,T_start=10
50437.0,0.02006781090018189,2.0417379446695296,2.0417379446695296,0.08320776414140413,0.14844756825346472,26.0,120.0,0.8816886802073556,0.2695633045276126,6410.0,14.0,0.06666666666666667,622,B12,T_start=10
27999.0,0.02006781090018189,0.6958249547006052,1.8567353246307055,0.0022500803600128574,0.05568056002000071,16.0,2.5,0.9649558425119725,0.10486979788336978,3735.0,2.0,0.0,623,A3,T_start=10
27999.0,0.02006781090018189,0.6958249547006052,1.8567353246307055,0.0022500803600128574,0.05568056002000071,16.0,2.5,0.9428740989580415,0.16485077335399773,4850.0,30.0,0.0,623,A6,T_start=10
27999.0,0.02006781090018189,0.6741398498898495,1.8567353246307055,0.0009286045930211793,0.05518054216222008,16.0,2.5,0.9494310773507987,0.14603330116958818,4395.0,19.0,0.0,623,B6,T_start=10
27999.0,0.02006781090018189,0.1428893958511103,1.7988709151287874,0.0009286045930211793,0.036501303617986355,10.0,1.5,0.9448015582910712,0.15805577588036285,4760.0,17.0,0.04722222222222222,623,B8,T_start=10
27999.0,0.02006781090018189,0.6741398498898495,1.8567353246307055,0.0009286045930211793,0.05518054216222008,16.0,2.5,0.9414941487631798,0.16503379146390237,4695.0,19.0,0.0,623,B12,T_start=10
31405.0,0.02006781090018189,1.0839269140212038,2.0417379446695296,0.0035026269702276708,0.08638751791116064,28.0,4.0,0.9357942274764236,0.16112592415744514,4080.0,3.0,0.0,624,A3,T_start=10
31405.0,0.02006781090018189,0.6741398498898495,1.584893192461114,0.0002228944435599427,0.07017990765801624,23.0,4.0,0.9068536514426003,0.23907514117357384,5845.0,30.0,0.0,624,A6,T_start=10
31405.0,0.02006781090018189,1.0839269140212038,2.0417379446695296,0.0035026269702276708,0.08466804648941251,27.0,4.0,0.9181942855949214,0.2058269712289725,4815.0,21.0,0.0,624,B6,T_start=10
31405.0,0.02006781090018189,0.7897688493998856,2.0417379446695296,0.003279732526667728,0.0657857029135488,20.0,3.5,0.9107196294833249,0.2288829473765659,5310.0,18.0,0.06388888888888888,624,B8,T_start=10
31405.0,0.02006781090018189,1.0839269140212038,2.0417379446695296,0.0035026269702276708,0.08466804648941251,27.0,4.0,0.9065074938116753,0.23605117733355915,5540.0,21.0,0.0,624,B12,T_start=10
106035.0,0.02006781090018189,2.0417379446695296,3.9696297343000686,0.14184703164049606,0.15341396708633942,118.0,48.0,0.8997897391415233,0.2408529251443284,8340.0,14.0,0.0,625,A3,T_start=10
106035.0,0.02006781090018189,0.8413951416451951,2.0417379446695296,0.022700051869665675,0.06641203376243693,52.0,23.0,0.8584261256047955,0.3407970111644358,12375.0,47.0,0.0,625,A6,T_start=10
106035.0,0.02006781090018189,0.26076542044591006,2.0417379446695296,0.022700051869665675,0.03476210685151129,45.0,44.5,0.8872325340186584,0.26442648738283553,8010.0,36.0,0.06388888888888888,625,B6,T_start=10
106035.0,0.02006781090018189,1.7988709151287874,2.0417379446695296,0.025661338237374452,0.10503135757061348,58.0,33.5,0.883798956699614,0.27416932365982766,7765.0,25.0,0.13333333333333333,625,B8,T_start=10
106035.0,0.02006781090018189,0.3054921113215514,1.9164610627353873,0.007610694581977649,0.03893997265053992,32.0,7.0,0.8747251266802335,0.29460697832245536,8460.0,26.0,0.022222222222222223,625,B12,T_start=10
58951.0,0.02006781090018189,2.1074146752966985,4.650503761666063,0.188872962290716,0.2627393937337789,104.0,6.5,0.8651560252605163,0.3268587798901534,6240.0,9.0,0.0,626,A3,T_start=10
58951.0,0.02006781090018189,2.0417379446695296,2.1752040340195222,0.06618208342521756,0.10864107479092806,45.0,0.0,0.8219886656305083,0.4265627998650186,9630.0,31.0,0.0,626,A6,T_start=10
58951.0,0.02006781090018189,2.0417379446695296,2.0417379446695296,0.0676324405014334,0.09550304490169802,41.0,28.5,0.8533077322722825,0.33659006244238515,7245.0,18.0,0.08055555555555556,626,B6,T_start=10
58951.0,0.02006781090018189,2.0417379446695296,2.0417379446695296,0.0612372987735577,0.2219131142813523,47.0,28.5,0.8533997392959634,0.3336318139369058,6395.0,13.0,0.1388888888888889,626,B8,T_start=10
58951.0,0.02006781090018189,2.0417379446695296,2.0417379446695296,0.0676324405014334,0.09550304490169802,41.0,28.5,0.8452272772391747,0.35557436699085315,7415.0,19.0,0.08888888888888889,626,B12,T_start=10
85846.0,0.02006781090018189,1.2698429144338064,2.0417379446695296,0.006523309181557673,0.09554318197702863,85.0,77.16666666666667,0.9246760249457207,0.18066079274324565,5535.0,8.0,0.0,627,A3,T_start=10
85846.0,0.02006781090018189,0.07829787941891024,0.8413951416451951,0.0007571698157165156,0.013792139412436222,21.0,41.0,0.881718479080713,0.30865545033237696,9405.0,43.0,0.0,627,A6,T_start=10
85846.0,0.02006781090018189,0.5401321147646347,1.7988709151287874,0.0010250914428162057,0.05302518463294737,43.0,72.83333333333333,0.9073773123024017,0.23068219457048264,6745.0,31.0,0.0,627,B6,T_start=10
85846.0,0.02006781090018189,0.7413102413009177,1.8567353246307055,0.0022132656151713534,0.06032896116301284,45.0,80.5,0.8955818850434313,0.2630335433425543,7285.0,18.0,0.09166666666666666,627,B8,T_start=10
85846.0,0.02006781090018189,0.26076542044591006,1.6358745652400533,0.0007571698157165156,0.040130000232975326,28.0,41.333333333333336,0.9062328298599289,0.23379820569598436,7155.0,23.0,0.06111111111111111,627,B12,T_start=10
55262.0,0.02006781090018189,1.0174193661806046,2.0417379446695296,0.00933733849661612,0.0876732655350874,52.0,49.8,0.943929191596478,0.13769175087274682,4095.0,6.0,0.0,628,A3,T_start=10
55262.0,0.02006781090018189,0.2225871044793004,1.2302687708123812,0.0,0.023361441858781803,16.0,26.8,0.9083924554680864,0.24534350398265412,7120.0,36.0,0.0,628,A6,T_start=10
55262.0,0.02006781090018189,0.6130557921498209,1.742809826672464,0.0004523904310376027,0.05797835764177916,33.0,48.6,0.9257890871305419,0.18880754670802316,5160.0,23.0,0.14722222222222223,628,B6,T_start=10
55262.0,0.02006781090018189,0.47588279098881686,2.0417379446695296,0.009011617386269046,0.04871340161412906,27.0,36.2,0.916686012250879,0.21660863963031338,5670.0,18.0,0.06666666666666667,628,B8,T_start=10
55262.0,0.02006781090018189,0.5401321147646347,1.742809826672464,0.0004523904310376027,0.05128297926242264,28.0,27.0,0.9168260976988073,0.21334656150540676,5880.0,21.0,0.0,628,B12,T_start=10
74304.0,0.02006781090018189,0.8684603593990751,1.8567353246307055,0.0021667743324720067,0.08512327734711456,59.0,66.8,0.9464194615082744,0.13472296440611622,4800.0,6.0,0.0,629,A3,T_start=10
74304.0,0.02006781090018189,0.41927599668460547,0.8963961859499497,0.0,0.04381998277347115,33.0,49.6,0.9202183174098595,0.21409387362320356,8365.0,41.0,0.0,629,A6,T_start=10
74304.0,0.02006781090018189,0.8151734005153627,2.0417379446695296,0.008142226528854437,0.07179963393626185,55.0,55.6,0.9437922801472003,0.1473532439148321,5735.0,24.0,0.1111111111111111,629,B6,T_start=10
74304.0,0.02006781090018189,0.33593093598651524,1.584893192461114,0.0021129414298018947,0.04028046942291128,26.0,65.6,0.9290324369960375,0.18195112236950103,5930.0,10.0,0.12777777777777777,629,B8,T_start=10
74304.0,0.02006781090018189,0.6327760017024558,1.0174193661806046,0.0021129414298018947,0.05660529715762274,41.0,55.2,0.9279770904298527,0.18677790505314926,6555.0,23.0,0.0,629,B12,T_start=10
32785.0,0.02006781090018189,0.44668359215096304,0.8684603593990751,0.0,0.04169589751410706,21.0,,0.9299146251577706,0.17039327696915277,4110.0,2.0,0.0,630,A3,T_start=10
32785.0,0.02006781090018189,0.10086720805993415,0.5939501549952435,0.0,0.014884855879213055,9.0,,0.9011558442028145,0.2475567398573297,5660.0,31.0,0.0,630,A6,T_start=10
32785.0,0.02006781090018189,0.44668359215096304,0.7413102413009177,0.0,0.04190940979106299,15.0,,0.9169070869944574,0.20296015022992298,4570.0,23.0,0.0,630,B6,T_start=10
32785.0,0.02006781090018189,0.06898425842094826,0.6130557921498209,0.0,0.013451273448223272,4.0,,0.9092671144846696,0.22047084808036463,4885.0,14.0,0.06944444444444445,630,B8,T_start=10
32785.0,0.02006781090018189,0.2778113596642536,0.6130557921498209,0.0,0.02046667683391795,9.0,,0.9059284131962203,0.23055210673211515,5020.0,22.0,0.0,630,B12,T_start=10
28418.0,0.02006781090018189,0.2778113596642536,2.0417379446695296,0.010697445281159828,0.028573439369413752,10.0,5.0,0.9210707126284016,0.18360230890292828,3735.0,2.0,0.0,631,A3,T_start=10
28418.0,0.02006781090018189,0.2778113596642536,2.0417379446695296,0.010697445281159828,0.028573439369413752,10.0,5.0,0.8861808040436826,0.27373091545906936,4990.0,32.0,0.0,631,A6,T_start=10
28418.0,0.02006781090018189,0.2778113596642536,2.0417379446695296,0.010697445281159828,0.028573439369413752,10.0,5.0,0.9035358689443079,0.22793266224284392,4320.0,19.0,0.0,631,B6,T_start=10
28418.0,0.02006781090018189,0.26915348039269155,1.2302687708123812,0.0,0.03226828066718277,9.0,5.0,0.8886247541445651,0.26477230134719815,4990.0,14.0,0.0,631,B8,T_start=10
28418.0,0.02006781090018189,0.2778113596642536,2.0417379446695296,0.010697445281159828,0.028573439369413752,10.0,5.0,0.8962966502139836,0.24529915496635796,4595.0,19.0,0.0,631,B12,T_start=10
23119.0,0.02006781090018189,0.8684603593990751,2.0417379446695296,0.0189022016523206,0.07824732903672305,21.0,37.0,0.8890935039285813,0.2401675262014225,3750.0,2.0,0.0,632,A3,T_start=10
23119.0,0.02006781090018189,0.7182076058301705,1.2302687708123812,0.0,0.06492495350144903,15.0,3.0,0.8250328583200436,0.3958479560398573,5625.0,34.0,0.0,632,A6,T_start=10
23119.0,0.02006781090018189,0.8684603593990751,2.0417379446695296,0.0189022016523206,0.07824732903672305,21.0,3.0,0.8464674494294903,0.34103984184228425,4715.0,28.0,0.0,632,B6,T_start=10
23119.0,0.02006781090018189,0.8684603593990751,2.0417379446695296,0.0189022016523206,0.06081577922920542,14.0,1.0,0.8624693205107629,0.3056095615364541,4625.0,10.0,0.1638888888888889,632,B8,T_start=10
23119.0,0.02006781090018189,0.8684603593990751,2.0417379446695296,0.0189022016523206,0.07824732903672305,21.0,3.0,0.825680159643895,0.3921100170164868,5310.0,29.0,0.0,632,B12,T_start=10
40141.0,0.02006781090018189,0.8963961859499497,1.9781080029332403,0.0017936772875613463,0.07558356792307118,32.0,45.0,0.9303404107767165,0.1676823419534874,4035.0,4.0,0.0,633,A3,T_start=10
40141.0,0.02006781090018189,0.5401321147646347,1.5355006336570662,0.0008968386437806731,0.051717695124685485,21.0,41.333333333333336,0.8959779747606621,0.2595231684514324,6040.0,33.0,0.0,633,A6,T_start=10
40141.0,0.02006781090018189,0.8151734005153627,1.9781080029332403,0.005281383124486186,0.06285344161829551,27.0,42.333333333333336,0.9124559960549486,0.21411187547320779,4920.0,25.0,0.0,633,B6,T_start=10
40141.0,0.02006781090018189,0.2959715725594465,1.8567353246307055,0.004384544480705513,0.041678084751251836,18.0,42.333333333333336,0.9022161064582582,0.23967940323347905,5285.0,14.0,0.044444444444444446,633,B8,T_start=10
40141.0,0.02006781090018189,0.8151734005153627,1.9781080029332403,0.005281383124486186,0.06285344161829551,27.0,42.333333333333336,0.8999832570350256,0.24528474597020938,5380.0,23.0,0.0,633,B12,T_start=10
34699.0,0.02006781090018189,0.985711900900616,1.9781080029332403,0.00034583129196806827,0.08063632957722125,33.0,5.0,0.9553990040439809,0.11681734526731491,3735.0,2.0,0.0,634,A3,T_start=10
34699.0,0.02006781090018189,0.8963961859499497,1.9781080029332403,0.00034583129196806827,0.07008847517219516,28.0,5.0,0.9286784834662669,0.18900190863955496,5440.0,31.0,0.0,634,A6,T_start=10
34699.0,0.02006781090018189,0.8963961859499497,1.9781080029332403,0.00034583129196806827,0.07008847517219516,28.0,5.0,0.9351888789120587,0.1708241114046214,4880.0,24.0,0.0,634,B6,T_start=10
34699.0,0.02006781090018189,0.7413102413009177,1.9781080029332403,0.00034583129196806827,0.0656791261996023,27.0,5.0,0.9361404776819559,0.16821429314015487,4785.0,17.0,0.05,634,B8,T_start=10
34699.0,0.02006781090018189,0.8963961859499497,1.9781080029332403,0.00034583129196806827,0.07008847517219516,28.0,5.0,0.9269846309459737,0.19133796300558292,5280.0,24.0,0.0,634,B12,T_start=10
46043.0,0.02006781090018189,1.3106900423660772,2.0417379446695296,0.004712985687292314,0.07866559520448277,38.0,7.666666666666667,0.9934874887045781,0.04117183827900416,3885.0,4.0,0.0,635,A3,T_start=10
46043.0,0.02006781090018189,1.3106900423660772,2.0417379446695296,0.004712985687292314,0.07877418934474295,39.0,7.666666666666667,0.9773344264913753,0.09699781865892271,6195.0,42.0,0.0,635,A6,T_start=10
46043.0,0.02006781090018189,1.3106900423660772,2.0417379446695296,0.004712985687292314,0.07866559520448277,38.0,7.666666666666667,0.9842036606747231,0.07200272606051084,4790.0,29.0,0.0,635,B6,T_start=10
46043.0,0.02006781090018189,0.12994213556374826,1.7988709151287874,0.0020632886649436396,0.017852876658775493,9.0,6.666666666666667,0.9851701948627376,0.07153382190621944,4955.0,17.0,0.06111111111111111,635,B8,T_start=10
46043.0,0.02006781090018189,1.3106900423660772,2.0417379446695296,0.004712985687292314,0.07866559520448277,38.0,7.666666666666667,0.982606942435933,0.08006290917605721,5240.0,29.0,0.0,635,B12,T_start=10
38257.0,0.02006781090018189,1.1187936686591167,2.0417379446695296,0.005384635491544031,0.08233787280759076,36.0,4.5,0.9887268283964564,0.057589608762061054,3750.0,2.0,0.0,636,A3,T_start=10
38257.0,0.02006781090018189,0.8151734005153627,1.9781080029332403,0.0006273361737721201,0.062681339362731,24.0,4.5,0.9688999042773264,0.12247940494003565,6265.0,35.0,0.0,636,A6,T_start=10
38257.0,0.02006781090018189,1.1187936686591167,2.0417379446695296,0.005384635491544031,0.06597485427503463,28.0,4.5,0.9752056694426519,0.09948368944909577,4915.0,31.0,0.0,636,B6,T_start=10
38257.0,0.02006781090018189,0.23713737056616552,1.9781080029332403,0.004757299317771911,0.022061322110986225,9.0,1.5,0.9762381254845771,0.09835190487022336,5175.0,18.0,0.06944444444444445,636,B8,T_start=10
38257.0,0.02006781090018189,1.1187936686591167,2.0417379446695296,0.005384635491544031,0.06597485427503463,28.0,4.5,0.971973614444987,0.11163731144700868,5415.0,31.0,0.0,636,B12,T_start=10
34656.0,0.02006781090018189,1.0501467677660838,1.9781080029332403,0.0005771006463527239,0.08659395198522622,34.0,3.6666666666666665,0.9878887972560364,0.06158960816155111,3735.0,2.0,0.0,637,A3,T_start=10
34656.0,0.02006781090018189,1.0501467677660838,1.9781080029332403,0.0005771006463527239,0.07574445983379502,29.0,3.6666666666666665,0.9666226065140792,0.12482651842842651,5715.0,32.0,0.0,637,A6,T_start=10
34656.0,0.02006781090018189,1.0501467677660838,1.9781080029332403,0.0005771006463527239,0.08659395198522622,34.0,3.6666666666666665,0.9720229308982311,0.10678568379878893,4900.0,30.0,0.0,637,B6,T_start=10
34656.0,0.02006781090018189,0.22974707980333003,1.742809826672464,0.00020198522622345337,0.027123730378578025,11.0,1.6666666666666667,0.9727521657540493,0.10609421259497667,5050.0,17.0,0.06111111111111111,637,B8,T_start=10
34656.0,0.02006781090018189,1.0501467677660838,1.9781080029332403,0.0005771006463527239,0.08659395198522622,34.0,3.6666666666666665,0.9668919415254403,0.122411438406142,5400.0,30.0,0.0,637,B12,T_start=10
34030.0,0.02006781090018189,0.33593093598651524,1.9781080029332403,0.002057008521892448,0.036996767558037026,15.0,3.0,0.9880335271799863,0.05858218855592766,3735.0,2.0,0.0,638,A3,T_start=10
34030.0,0.02006781090018189,0.33593093598651524,1.9781080029332403,0.002057008521892448,0.036996767558037026,15.0,3.0,0.9723276676140934,0.10875125035150827,5330.0,28.0,0.0,638,A6,T_start=10
34030.0,0.02006781090018189,0.33593093598651524,1.9781080029332403,0.002057008521892448,0.036996767558037026,15.0,3.0,0.9763721353686237,0.09534102298865174,4705.0,28.0,0.0,638,B6,T_start=10
34030.0,0.02006781090018189,0.09772372209558107,1.9781080029332403,0.002057008521892448,0.023626212165736116,9.0,1.0,0.9748519469369876,0.09809591972914788,4910.0,16.0,0.05555555555555555,638,B8,T_start=10
34030.0,0.02006781090018189,0.33593093598651524,1.9781080029332403,0.002057008521892448,0.036996767558037026,15.0,3.0,0.9715006496884749,0.11060334858923306,5130.0,28.0,0.0,638,B12,T_start=10
37309.0,0.02006781090018189,0.6741398498898495,1.584893192461114,0.0,0.06858934841459165,30.0,7.5,0.9882078163104587,0.058215026034121944,3885.0,4.0,0.0,639,A3,T_start=10
37309.0,0.02006781090018189,0.5401321147646347,1.3528511027866506,0.0,0.05159612962019888,23.0,7.5,0.9697738378219319,0.11671667185148812,6145.0,30.0,0.0,639,A6,T_start=10
37309.0,0.02006781090018189,0.6741398498898495,1.584893192461114,0.0,0.06799967836178938,29.0,7.5,0.9742049821283263,0.09921065738341818,4855.0,30.0,0.0,639,B6,T_start=10
37309.0,0.02006781090018189,0.2959715725594465,1.3963683610559376,0.0,0.02417647216489319,11.0,7.5,0.9757056371943434,0.09866419516268535,5175.0,16.0,0.06388888888888888,639,B8,T_start=10
37309.0,0.02006781090018189,0.6741398498898495,1.584893192461114,0.0,0.06799967836178938,29.0,7.5,0.9706684069372411,0.11170880623483538,5330.0,30.0,0.0,639,B12,T_start=10
72145.0,0.02006781090018189,2.0417379446695296,2.0417379446695296,0.08452422205281031,0.1371404809758126,89.0,66.42857142857143,0.967931383156396,0.09873439135919988,5190.0,7.0,0.0,640,A3,T_start=10
72145.0,0.02006781090018189,1.742809826672464,2.0417379446695296,0.015711414512440226,0.12370226626931874,62.0,56.714285714285715,0.9328618631407186,0.20380351236933575,9485.0,48.0,0.0,640,A6,T_start=10
72145.0,0.02006781090018189,1.7988709151287874,2.0417379446695296,0.034610853142975954,0.12057661653614249,67.0,86.14285714285714,0.9482580946430899,0.15395479084711194,7240.0,34.0,0.05,640,B6,T_start=10
72145.0,0.02006781090018189,1.6358745652400533,2.0417379446695296,0.0342781897567399,0.10399889112204588,53.0,56.857142857142854,0.9549694760000065,0.1362738543567079,6540.0,18.0,0.11944444444444445,640,B8,T_start=10
72145.0,0.02006781090018189,1.7988709151287874,2.0417379446695296,0.034610853142975954,0.11758264606001802,66.0,73.85714285714286,0.9440693727108441,0.16778461017135887,7990.0,29.0,0.06111111111111111,640,B12,T_start=10
132706.0,0.02006781090018189,0.5401321147646347,1.584893192461114,0.0010549636037556704,0.051896673850466445,53.0,64.0,0.9698213041319347,0.09353432684706743,7275.0,7.0,0.0,641,A3,T_start=10
132706.0,0.02006781090018189,0.40620942890585726,1.4412854420872234,0.0,0.04359260319804681,52.0,17.5,0.926228754536368,0.22693532020811646,13940.0,71.0,0.0,641,A6,T_start=10
132706.0,0.02006781090018189,0.985711900900616,2.0417379446695296,0.009072686992298766,0.07574638674965714,82.0,74.375,0.9532106654988299,0.1447584240074388,8535.0,49.0,0.0,641,B6,T_start=10
132706.0,0.02006781090018189,0.15712670380639343,1.584893192461114,0.0010549636037556704,0.03358551987099302,31.0,46.375,0.9632911116606309,0.11766159830911675,8430.0,17.0,0.0,641,B8,T_start=10
132706.0,0.02006781090018189,0.31531889793555934,1.584893192461114,0.0010549636037556704,0.042085512335538706,40.0,32.25,0.9534095726228194,0.1467041625750122,9860.0,27.0,0.0,641,B12,T_start=10
200914.0,0.02006781090018189,0.3578903595427346,0.985711900900616,0.0,0.042187204475546754,43.0,5.0,0.9497281498785966,0.13231018928241015,10665.0,14.0,0.0,642,A3,T_start=10
200914.0,0.02006781090018189,0.028428241752041873,0.05527134079444351,0.0,0.002035696865325463,9.0,0.0,0.9227328746770002,0.21571183548902043,17805.0,46.0,0.0,642,A6,T_start=10
200914.0,0.02006781090018189,1.0174193661806046,2.0417379446695296,0.013254427267388036,0.06825806066277114,62.0,5.0,0.9462117226721013,0.1473914109882189,11555.0,40.0,0.0,642,B6,T_start=10
200914.0,0.02006781090018189,0.2959715725594465,0.9252306262333164,0.0,0.03666742984560558,27.0,5.0,0.9454707406516559,0.14423785427316457,11050.0,19.0,0.21388888888888888,642,B8,T_start=10
200914.0,0.02006781090018189,0.4911905467933634,2.0417379446695296,0.0101187572792339,0.04853320326109679,50.0,5.0,0.939957958311802,0.16374714423864353,12870.0,32.0,0.0,642,B12,T_start=10
34789.0,0.02006781090018189,0.8684603593990751,2.0417379446695296,0.0046278996234441925,0.06568168099111789,24.0,120.0,0.9404922436187934,0.1436988392490768,3735.0,2.0,0.0,643,A3,T_start=10
34789.0,0.02006781090018189,0.8684603593990751,2.0417379446695296,0.0046278996234441925,0.06568168099111789,24.0,120.0,0.9002751809827161,0.24921586391899664,5895.0,34.0,0.0,643,A6,T_start=10
34789.0,0.02006781090018189,0.8684603593990751,2.0417379446695296,0.0046278996234441925,0.06568168099111789,24.0,120.0,0.9141192672673378,0.21204455838674247,4895.0,28.0,0.0,643,B6,T_start=10
34789.0,0.02006781090018189,0.8684603593990751,2.0417379446695296,0.0046278996234441925,0.06568168099111789,24.0,120.0,0.918702847515841,0.20062808726306827,4700.0,16.0,0.07222222222222222,643,B8,T_start=10
34789.0,0.02006781090018189,0.8684603593990751,2.0417379446695296,0.0046278996234441925,0.06568168099111789,24.0,120.0,0.905745972526006,0.23478250609990203,5325.0,28.0,0.0,643,B12,T_start=10
35169.0,0.02006781090018189,0.31531889793555934,0.7413102413009177,0.0,0.02033040461770309,10.0,3.0,0.9768189696773895,0.0766199180342408,3735.0,2.0,0.0,644,A3,T_start=10
35169.0,0.02006781090018189,0.3054921113215514,0.7413102413009177,0.0,0.02033040461770309,10.0,3.0,0.9533711870094727,0.14579595186964953,5695.0,29.0,0.0,644,A6,T_start=10
35169.0,0.02006781090018189,0.32546178349804583,0.7413102413009177,0.0,0.02033040461770309,10.0,3.0,0.9585953928433906,0.1260186706052801,4705.0,30.0,0.0,644,B6,T_start=10
35169.0,0.02006781090018189,0.18407720014689555,0.41927599668460547,0.0,0.0,0.0,1.0,0.9572056076235143,0.13287506734867408,5215.0,23.0,0.0,644,B8,T_start=10
35169.0,0.02006781090018189,0.32546178349804583,0.7413102413009177,0.0,0.02033040461770309,10.0,3.0,0.9546498288093738,0.13800237848533087,5130.0,30.0,0.0,644,B12,T_start=10
33986.0,0.02006781090018189,0.47588279098881686,1.4876473740795015,0.0,0.0472253280762667,18.0,26.5,0.98178482754709,0.06770426604842868,3735.0,2.0,0.0,645,A3,T_start=10
33986.0,0.02006781090018189,0.47588279098881686,1.4876473740795015,0.0,0.0472253280762667,18.0,4.0,0.9566423637892755,0.14199381895293564,5810.0,32.0,0.0,645,A6,T_start=10
33986.0,0.02006781090018189,0.47588279098881686,1.4876473740795015,0.0,0.0472253280762667,18.0,4.0,0.961427404169454,0.12326767965109259,4815.0,31.0,0.0,645,B6,T_start=10
33986.0,0.02006781090018189,0.31531889793555934,1.0501467677660838,0.0,0.015476961101630084,6.0,1.5,0.9604570462700259,0.12763728960381593,5170.0,26.0,0.05277777777777778,645,B8,T_start=10
33986.0,0.02006781090018189,0.47588279098881686,1.4876473740795015,0.0,0.0472253280762667,18.0,4.0,0.9570855073837626,0.1378384618456743,5250.0,29.0,0.0,645,B12,T_start=10
36074.0,0.02006781090018189,1.742809826672464,2.0417379446695296,0.020125297998558517,0.11498586239396795,44.0,14.5,0.9835255290747466,0.06922107813540886,3825.0,2.0,0.0,646,A3,T_start=10
36074.0,0.02006781090018189,0.47588279098881686,0.8684603593990751,0.0,0.0445750401951544,24.0,12.5,0.9563009912855579,0.149761275318118,6430.0,38.0,0.0,646,A6,T_start=10
36074.0,0.02006781090018189,0.557506583166466,2.0417379446695296,0.008926096357487387,0.055718800243943004,28.0,14.0,0.9664126442137618,0.11848525449232669,5030.0,29.0,0.05,646,B6,T_start=10
36074.0,0.02006781090018189,0.40620942890585726,2.0417379446695296,0.008926096357487387,0.03819925708266341,18.0,13.0,0.9695256574993255,0.11177935362853648,4990.0,20.0,0.09444444444444444,646,B8,T_start=10
36074.0,0.02006781090018189,0.557506583166466,2.0417379446695296,0.008926096357487387,0.055718800243943004,28.0,14.0,0.9627074608952841,0.1307868404953477,5405.0,29.0,0.058333333333333334,646,B12,T_start=10
51900.0,0.02006781090018189,0.5939501549952435,1.9164610627353873,0.0007899807321772639,0.05591522157996146,37.0,41.666666666666664,0.9891465920089052,0.05821423031462895,4275.0,5.0,0.0,647,A3,T_start=10
51900.0,0.02006781090018189,0.26076542044591006,1.2302687708123812,0.0,0.03184971098265896,26.0,41.666666666666664,0.9677709162466259,0.12477304207656295,6900.0,35.0,0.0,647,A6,T_start=10
51900.0,0.02006781090018189,0.40620942890585726,1.584893192461114,0.0,0.04327552986512524,26.0,41.666666666666664,0.978094509282792,0.09296147949270868,5200.0,33.0,0.0,647,B6,T_start=10
51900.0,0.02006781090018189,0.18407720014689555,0.8684603593990751,0.0,0.019865125240847784,12.0,2.0,0.9785101413558019,0.09280708904745115,5575.0,19.0,0.05555555555555555,647,B8,T_start=10
51900.0,0.02006781090018189,0.3578903595427346,1.584893192461114,0.0,0.03842003853564547,24.0,41.666666666666664,0.9759911948142178,0.1012823757338012,5650.0,30.0,0.0,647,B12,T_start=10
83784.0,0.02006781090018189,0.7897688493998856,2.0417379446695296,0.010276425093096534,0.06224338775899933,51.0,40.714285714285715,0.9887594079575316,0.058316672731498764,5415.0,12.0,0.0,648,A3,T_start=10
83784.0,0.02006781090018189,0.05527134079444351,0.4911905467933634,0.0,0.009070944333046883,13.0,1.7142857142857142,0.9679433001249127,0.12176863073585856,9385.0,49.0,0.0,648,A6,T_start=10
83784.0,0.02006781090018189,0.6327760017024558,1.8567353246307055,0.0007399980903275089,0.06062016614150673,46.0,37.857142857142854,0.9803214169793513,0.082926415096533,6410.0,31.0,0.0,648,B6,T_start=10
83784.0,0.02006781090018189,0.2959715725594465,1.8567353246307055,0.0007399980903275089,0.03503055475985868,26.0,37.42857142857143,0.9820078184205344,0.08012921840558924,7130.0,14.0,0.0,648,B8,T_start=10
83784.0,0.02006781090018189,0.6327760017024558,1.8567353246307055,0.0007399980903275089,0.059999522581877206,44.0,37.857142857142854,0.9785236106120319,0.09175378473001412,7485.0,28.0,0.0,648,B12,T_start=10
76228.0,0.02006781090018189,1.584893192461114,2.0417379446695296,0.00599517237760403,0.12575431599937031,93.0,79.6,0.9721623872297325,0.09026881691550007,5115.0,10.0,0.0,649,A3,T_start=10
76228.0,0.02006781090018189,0.2778113596642536,1.1187936686591167,0.0,0.030605551765755367,31.0,68.6,0.9298585586964931,0.21094329786344107,10080.0,48.0,0.0,649,A6,T_start=10
76228.0,0.02006781090018189,0.7182076058301705,1.584893192461114,0.0,0.06481870178936873,44.0,73.2,0.9548501992009263,0.13871366127303567,6505.0,34.0,0.0,649,B6,T_start=10
76228.0,0.02006781090018189,0.47588279098881686,1.6884958594867534,0.0,0.04587553130083434,28.0,50.0,0.9567882322555418,0.1376118981353905,7220.0,18.0,0.0,649,B8,T_start=10
76228.0,0.02006781090018189,0.32546178349804583,1.191927939457827,0.0,0.03378023823267041,21.0,49.8,0.950629069364184,0.15225421698143274,7375.0,22.0,0.0,649,B12,T_start=10
69244.0,0.02006781090018189,1.4412854420872234,2.0417379446695296,0.011437814106637398,0.10416787014037317,75.0,61.0,0.91208195962098,0.2028156240458598,4905.0,10.0,0.0,650,A3,T_start=10
69244.0,0.02006781090018189,0.33593093598651524,1.6358745652400533,0.0023973196233608688,0.0404800415920513,40.0,35.142857142857146,0.8539926431870342,0.3750294176448209,8770.0,48.0,0.0,650,A6,T_start=10
69244.0,0.02006781090018189,1.3106900423660772,2.0417379446695296,0.009401536595228467,0.09781352897001906,66.0,53.57142857142857,0.9014495547215998,0.2357650439441089,5580.0,29.0,0.225,650,B6,T_start=10
69244.0,0.02006781090018189,0.34673685045253166,0.9252306262333164,0.0,0.031150713419213216,17.0,19.571428571428573,0.8935252189686733,0.2501866423146725,5920.0,10.0,0.20833333333333334,650,B8,T_start=10
69244.0,0.02006781090018189,0.7413102413009177,2.0417379446695296,0.003957021546993241,0.06763040841083703,44.0,19.714285714285715,0.8743370261323818,0.30565420481979216,7025.0,29.0,0.0,650,B12,T_start=10
80447.0,0.02006781090018189,0.7651560209006901,2.0417379446695296,0.004176662896068219,0.06946188173580121,56.0,56.5,0.9801129462948522,0.08400266299212272,5985.0,14.0,0.0,651,A3,T_start=10
80447.0,0.02006781090018189,1.0839269140212038,2.0417379446695296,0.008626797767474237,0.07674618071525352,63.0,46.625,0.9547685355453162,0.15127786720150477,10110.0,51.0,0.0,651,A6,T_start=10
80447.0,0.02006781090018189,1.3106900423660772,2.0417379446695296,0.010976170646512611,0.09237137494250873,67.0,55.125,0.9755463670254476,0.09646166608328528,6635.0,36.0,0.0,651,B6,T_start=10
80447.0,0.02006781090018189,0.36940264435828357,1.5355006336570662,0.003256802615386528,0.03448232998122988,24.0,40.25,0.976782675294391,0.093437938857175,6950.0,15.0,0.125,651,B8,T_start=10
80447.0,0.02006781090018189,0.5069907082747045,2.0417379446695296,0.004176662896068219,0.049510858080475346,33.0,40.25,0.9705676583209735,0.11239205399547655,7725.0,31.0,0.0,651,B12,T_start=10
85652.0,0.02006781090018189,2.0417379446695296,2.0417379446695296,0.1587090785971139,0.10979603511885304,86.0,73.2,0.9800920390806449,0.07958530303170828,5715.0,11.0,0.0,652,A3,T_start=10
85652.0,0.02006781090018189,2.0417379446695296,4.365158322401661,0.07055293513286322,0.15754448232382198,58.0,96.8,0.9486790069215537,0.16510893147867703,11080.0,49.0,0.0,652,A6,T_start=10
85652.0,0.02006781090018189,2.0417379446695296,2.0417379446695296,0.05290010741138561,0.15227898939896325,69.0,96.8,0.9716033296815589,0.10205883375093017,7275.0,29.0,0.058333333333333334,652,B6,T_start=10
85652.0,0.02006781090018189,2.0417379446695296,2.0417379446695296,0.060815859524587866,0.15448559286414795,48.0,1.0,0.9707739803623661,0.10676472755780761,7350.0,20.0,0.07222222222222222,652,B8,T_start=10
85652.0,0.02006781090018189,2.0417379446695296,2.0417379446695296,0.05290010741138561,0.15227898939896325,69.0,96.8,0.9680827374659026,0.11312473422281526,7730.0,27.0,0.06111111111111111,652,B12,T_start=10
34738.0,0.02006781090018189,0.6741398498898495,1.4876473740795015,0.0,0.06324486153491854,27.0,9.0,0.9835440083283681,0.06780037923789924,3735.0,2.0,0.0,653,A3,T_start=10
34738.0,0.02006781090018189,0.6741398498898495,1.4876473740795015,0.0,0.06324486153491854,27.0,9.0,0.9600582109297492,0.136489070227849,5735.0,34.0,0.0,653,A6,T_start=10
34738.0,0.02006781090018189,0.6741398498898495,1.4876473740795015,0.0,0.06324486153491854,27.0,9.0,0.9649236902203233,0.11811026749448982,4775.0,31.0,0.0,653,B6,T_start=10
34738.0,0.02006781090018189,0.31531889793555934,1.3528511027866506,0.0,0.02058264724509183,10.0,5.0,0.9659135710768388,0.11768604996725122,5000.0,24.0,0.058333333333333334,653,B8,T_start=10
34738.0,0.02006781090018189,0.6741398498898495,1.4876473740795015,0.0,0.06324486153491854,27.0,9.0,0.9618638824587494,0.12909320611309583,5225.0,31.0,0.0,653,B12,T_start=10
55781.0,0.02006781090018189,2.0417379446695296,2.0417379446695296,0.113318154927305,0.2250587117477277,58.0,,0.9647772855256956,0.10803216255571335,5790.0,5.0,0.0,654,A3,T_start=10
55781.0,0.02006781090018189,2.0417379446695296,2.0417379446695296,0.023681898854448647,0.20157401265663935,44.0,,0.9422264292386708,0.18120640282651707,9055.0,38.0,0.0,654,A6,T_start=10
55781.0,0.02006781090018189,2.0417379446695296,2.6302679918953813,0.09042505512629749,0.13891826966171278,52.0,,0.9619438688838388,0.12313832953459994,6210.0,27.0,0.20555555555555555,654,B6,T_start=10
55781.0,0.02006781090018189,2.0417379446695296,2.0417379446695296,0.0499811763862247,0.1742708090568473,42.0,,0.9619665026514232,0.12411699575616315,6135.0,21.0,0.11944444444444445,654,B8,T_start=10
55781.0,0.02006781090018189,2.0417379446695296,2.892344370499147,0.0786827055807533,0.15096538247790467,52.0,,0.9522688207398682,0.15093049840425546,7155.0,31.0,0.05555555555555555,654,B12,T_start=10
35701.0,0.02006781090018189,0.6741398498898495,1.6884958594867534,2.8010419876193944e-05,0.06865353911655135,31.0,,0.9793348653488225,0.07197032430272063,3735.0,2.0,0.0,655,A3,T_start=10
35701.0,0.02006781090018189,0.5939501549952435,1.6884958594867534,2.8010419876193944e-05,0.05744937116607378,26.0,,0.9563160689194542,0.1431905094209605,5875.0,30.0,0.0,655,A6,T_start=10
35701.0,0.02006781090018189,0.6741398498898495,1.6884958594867534,2.8010419876193944e-05,0.06655275762583682,30.0,,0.9604511962281999,0.12656484801640996,5085.0,28.0,0.0,655,B6,T_start=10
35701.0,0.02006781090018189,0.6327760017024558,1.6884958594867534,2.8010419876193944e-05,0.0573653399064452,24.0,,0.9637463021956453,0.11923991017685227,5055.0,18.0,0.06944444444444445,655,B8,T_start=10
35701.0,0.02006781090018189,0.6741398498898495,1.6884958594867534,2.8010419876193944e-05,0.06655275762583682,30.0,,0.9549177983818221,0.14403186966229992,5610.0,28.0,0.0,655,B12,T_start=10
48679.0,0.02006781090018189,2.0417379446695296,2.0417379446695296,0.08991556934201607,0.12128433205283592,55.0,13.0,0.9839552999903579,0.06321764565500176,4125.0,4.0,0.0,656,A3,T_start=10
48679.0,0.02006781090018189,2.0417379446695296,2.0417379446695296,0.06401117525010785,0.11951765648431562,40.0,3.6666666666666665,0.9565280155665888,0.1442519945922611,7855.0,37.0,0.0,656,A6,T_start=10
48679.0,0.02006781090018189,2.0417379446695296,2.0417379446695296,0.05682121654101358,0.11791532282914603,43.0,3.3333333333333335,0.9722626874394842,0.09829221600629934,5595.0,27.0,0.1361111111111111,656,B6,T_start=10
48679.0,0.02006781090018189,2.0417379446695296,2.0417379446695296,0.03938043098666776,0.11222498407937714,29.0,2.0,0.9757606550195226,0.09163185183118554,5250.0,17.0,0.13055555555555556,656,B8,T_start=10
48679.0,0.02006781090018189,2.0417379446695296,2.0417379446695296,0.05682121654101358,0.11791532282914603,43.0,3.3333333333333335,0.9692334597225547,0.1092241938384386,6010.0,29.0,0.06111111111111111,656,B12,T_start=10
43769.0,0.02006781090018189,0.5401321147646347,1.9164610627353873,0.0008681943841531678,0.05647832941122712,30.0,2.6666666666666665,0.9891744181695258,0.04934071958918322,3735.0,2.0,0.0,657,A3,T_start=10
43769.0,0.02006781090018189,0.5232991146814947,1.9164610627353873,0.0008681943841531678,0.05248006579999543,28.0,2.6666666666666665,0.9722541604066659,0.10682773995521307,5915.0,35.0,0.0,657,A6,T_start=10
43769.0,0.02006781090018189,0.5232991146814947,1.9164610627353873,0.0008681943841531678,0.052639996344444696,28.0,2.6666666666666665,0.9754544766898388,0.09113968778957049,4890.0,28.0,0.0,657,B6,T_start=10
43769.0,0.02006781090018189,0.32546178349804583,1.584893192461114,0.0008681943841531678,0.022801526194338458,14.0,1.3333333333333333,0.9781507009372735,0.08573313625377492,5000.0,17.0,0.075,657,B8,T_start=10
43769.0,0.02006781090018189,0.5232991146814947,1.9164610627353873,0.0008681943841531678,0.052639996344444696,28.0,2.6666666666666665,0.9737043324110755,0.09976171301290865,5340.0,28.0,0.0,657,B12,T_start=10
70280.0,0.02006781090018189,2.0417379446695296,3.609940135864167,0.187101593625498,0.19262236767216848,69.0,4.0,0.9864590001817338,0.05850624188878367,5895.0,6.0,0.0,658,A3,T_start=10
70280.0,0.02006781090018189,2.892344370499147,5.278372067815769,0.08269066590779738,0.23428429140580534,51.0,4.0,0.9696802043530565,0.1142201102299065,9475.0,39.0,0.0,658,A6,T_start=10
70280.0,0.02006781090018189,1.9164610627353873,2.0417379446695296,0.0826835515082527,0.1692942515651679,46.0,4.0,0.9820033171601177,0.07978546356748653,6770.0,28.0,0.05555555555555555,658,B6,T_start=10
70280.0,0.02006781090018189,2.0417379446695296,2.468880104906209,0.08717985202048947,0.21449914627205463,47.0,4.0,0.9865999942775061,0.06823598220229941,5980.0,19.0,0.10833333333333334,658,B8,T_start=10
70280.0,0.02006781090018189,2.0417379446695296,2.1752040340195222,0.06254980079681274,0.18269778030734207,46.0,4.0,0.9793782033810507,0.08889267621444256,7400.0,28.0,0.05555555555555555,658,B12,T_start=10
58788.0,0.02006781090018189,1.2698429144338064,2.0417379446695296,0.002347417840375587,0.09287609716268626,64.0,45.0,0.9968023273379947,0.02852147399976056,3750.0,2.0,0.0,659,A3,T_start=10
58788.0,0.02006781090018189,0.3935500754557774,1.8567353246307055,0.0014118527590664762,0.03692930530040144,29.0,43.333333333333336,0.9779933332960631,0.09583603887160666,7020.0,48.0,0.0,659,A6,T_start=10
58788.0,0.02006781090018189,1.1187936686591167,2.0417379446695296,0.002347417840375587,0.07593386405388855,52.0,45.0,0.9847597577100288,0.06982330848024788,5215.0,34.0,0.0,659,B6,T_start=10
58788.0,0.02006781090018189,0.40620942890585726,1.5355006336570662,6.804109682248077e-05,0.041641151255358236,30.0,42.666666666666664,0.9877389806240652,0.062400060581752445,5240.0,19.0,0.06388888888888888,659,B8,T_start=10
58788.0,0.02006781090018189,1.1187936686591167,2.0417379446695296,0.002347417840375587,0.07593386405388855,52.0,45.0,0.9842250838609329,0.07502359529852169,5765.0,32.0,0.0,659,B12,T_start=10
39866.0,0.02006781090018189,0.7897688493998856,1.584893192461114,0.0,0.07745948928911854,40.0,68.0,0.9939872093881897,0.04359081011349619,3735.0,2.0,0.0,660,A3,T_start=10
39866.0,0.02006781090018189,0.5069907082747045,1.584893192461114,0.0,0.04949079416043747,26.0,68.0,0.9756314718757024,0.10649784895271526,6190.0,33.0,0.0,660,A6,T_start=10
39866.0,0.02006781090018189,0.6741398498898495,1.584893192461114,0.0,0.06336226358300306,32.0,66.5,0.9803897423927758,0.08738953784023051,5075.0,26.0,0.0,660,B6,T_start=10
39866.0,0.02006781090018189,0.4610520952362225,1.584893192461114,0.0,0.03762604725831536,19.0,60.5,0.9844567615705568,0.07776376849920537,5075.0,19.0,0.05555555555555555,660,B8,T_start=10
39866.0,0.02006781090018189,0.6741398498898495,1.584893192461114,0.0,0.06336226358300306,32.0,66.5,0.9782027784404825,0.09666065550986581,5550.0,26.0,0.0,660,B12,T_start=10
39033.0,0.02006781090018189,0.4911905467933634,1.6358745652400533,0.00023057412958266084,0.04806189634411908,23.0,2.5,0.9930552294626562,0.045257199474054814,3735.0,2.0,0.0,661,A3,T_start=10
39033.0,0.02006781090018189,0.4911905467933634,1.6358745652400533,0.00023057412958266084,0.04806189634411908,23.0,2.5,0.9779657109757927,0.09742070903058983,5685.0,29.0,0.0,661,A6,T_start=10
39033.0,0.02006781090018189,0.4911905467933634,1.6358745652400533,0.00023057412958266084,0.04806189634411908,23.0,2.5,0.9804735009810801,0.08389813168189832,4825.0,26.0,0.0,661,B6,T_start=10
39033.0,0.02006781090018189,0.32546178349804583,1.584893192461114,0.00023057412958266084,0.027233366638485385,13.0,1.5,0.9814996632137849,0.08531257557666183,5110.0,22.0,0.058333333333333334,661,B8,T_start=10
39033.0,0.02006781090018189,0.4911905467933634,1.6358745652400533,0.00023057412958266084,0.04806189634411908,23.0,2.5,0.9785542866422208,0.09210597850211481,5250.0,26.0,0.0,661,B12,T_start=10
59160.0,0.02006781090018189,1.0501467677660838,1.8567353246307055,0.0024509803921568627,0.08017241379310344,50.0,85.0,0.9905204942836987,0.05473154421483246,4755.0,6.0,0.0,662,A3,T_start=10
59160.0,0.02006781090018189,0.41927599668460547,2.0417379446695296,0.005527383367139959,0.04602772143340095,30.0,73.6,0.9714732386208238,0.11452751982409931,7570.0,39.0,0.0,662,A6,T_start=10
59160.0,0.02006781090018189,1.191927939457827,2.0417379446695296,0.006964164976335362,0.07677484787018256,46.0,73.6,0.9817067714374037,0.08115707494223556,5615.0,28.0,0.0,662,B6,T_start=10
59160.0,0.02006781090018189,0.34673685045253166,1.4876473740795015,0.0011494252873563218,0.039773495605138605,22.0,50.2,0.9821183861185632,0.08281101410973653,5850.0,21.0,0.07222222222222222,662,B8,T_start=10
59160.0,0.02006781090018189,1.191927939457827,2.0417379446695296,0.006964164976335362,0.07677484787018256,46.0,73.6,0.9776651334000791,0.09527482860181156,6420.0,30.0,0.0,662,B12,T_start=10
81860.0,0.02006781090018189,0.4911905467933634,1.3963683610559376,0.0004275592474957244,0.04803322746151967,40.0,62.0,0.9908598351254112,0.05016049627038353,5085.0,6.0,0.0,663,A3,T_start=10
81860.0,0.02006781090018189,0.029342695039559687,0.44668359215096304,0.0,0.008905448326410945,11.0,25.0,0.9727957841454814,0.10670200956966884,8930.0,38.0,0.0,663,A6,T_start=10
81860.0,0.02006781090018189,0.6741398498898495,1.9164610627353873,0.0011971658929880284,0.05895431224041046,46.0,51.2,0.984590326016376,0.07362581877319312,6280.0,32.0,0.0,663,B6,T_start=10
81860.0,0.02006781090018189,0.04027170343254591,0.6130557921498209,0.0,0.015111165404348889,12.0,2.4,0.9829740765168081,0.07778071865002564,6610.0,19.0,0.058333333333333334,663,B8,T_start=10
81860.0,0.02006781090018189,0.03548133892335755,0.9549925860214359,0.0005252870754947471,0.015697532372343025,15.0,26.2,0.983539176893235,0.07873618995893851,6850.0,25.0,0.0,663,B12,T_start=10
37048.0,0.02006781090018189,0.5939501549952435,2.0417379446695296,0.00993305981429497,0.056116389548693586,24.0,4.5,0.9895153922749366,0.05308831777654441,3735.0,2.0,0.0,664,A3,T_start=10
37048.0,0.02006781090018189,0.3812852456636189,2.0417379446695296,0.0086104513064133,0.03965126322608508,19.0,4.5,0.9696250458517941,0.11602567451864657,5925.0,31.0,0.0,664,A6,T_start=10
37048.0,0.02006781090018189,0.5939501549952435,2.0417379446695296,0.00993305981429497,0.056116389548693586,24.0,4.5,0.9724975766551557,0.10247338250591885,4985.0,30.0,0.0,664,B6,T_start=10
37048.0,0.02006781090018189,0.3935500754557774,1.584893192461114,0.0013226085078816671,0.04359209673936515,16.0,3.0,0.9757571774551919,0.09562862556078738,5000.0,19.0,0.058333333333333334,664,B8,T_start=10
37048.0,0.02006781090018189,0.5939501549952435,2.0417379446695296,0.00993305981429497,0.056116389548693586,24.0,4.5,0.9689505776270889,0.11539546824359304,5460.0,30.0,0.0,664,B12,T_start=10
36302.0,0.02006781090018189,0.47588279098881686,1.584893192461114,0.0,0.048068976915872405,23.0,,0.9929176638632495,0.046018463567770125,3750.0,2.0,0.0,665,A3,T_start=10
36302.0,0.02006781090018189,0.22974707980333003,0.5754399373371569,0.0,0.020109084898903642,12.0,,0.9758028879678321,0.10214461674887898,5810.0,35.0,0.0,665,A6,T_start=10
36302.0,0.02006781090018189,0.47588279098881686,1.584893192461114,0.0,0.048068976915872405,23.0,,0.9808721365830769,0.0834711078184631,4775.0,31.0,0.0,665,B6,T_start=10
36302.0,0.02006781090018189,0.23713737056616552,1.584893192461114,0.0,0.03008098727342846,13.0,,0.9815093240011245,0.08325591221715319,4875.0,22.0,0.06944444444444445,665,B8,T_start=10
36302.0,0.02006781090018189,0.47588279098881686,1.584893192461114,0.0,0.048068976915872405,23.0,,0.9784735399198216,0.09372857980166963,5225.0,31.0,0.0,665,B12,T_start=10
62471.0,0.02006781090018189,2.0417379446695296,2.892344370499147,0.19696339101343024,0.22246322293544205,81.0,12.0,0.9819369677461889,0.07238745617205479,5400.0,6.0,0.0,666,A3,T_start=10
62471.0,0.02006781090018189,2.3919384495683134,4.9545019080479005,0.047606089225400584,0.31653087032383026,70.0,2.0,0.96392978819765,0.13042175748727572,9250.0,40.0,0.0,666,A6,T_start=10
62471.0,0.02006781090018189,2.0417379446695296,2.0417379446695296,0.07292983944550271,0.2092811064333851,68.0,1.0,0.9715479935410869,0.1059094867126419,7250.0,31.0,0.06111111111111111,666,B6,T_start=10
62471.0,0.02006781090018189,2.0417379446695296,2.1752040340195222,0.06422179891469641,0.28766947863808806,62.0,2.0,0.9787580635467725,0.08895047964062182,6150.0,23.0,0.12222222222222222,666,B8,T_start=10
62471.0,0.02006781090018189,2.0417379446695296,2.1752040340195222,0.04799026748411263,0.2268412543420147,66.0,1.0,0.9689392599656099,0.11527834185085503,7775.0,31.0,0.06111111111111111,666,B12,T_start=10
51096.0,0.02006781090018189,1.0174193661806046,1.9164610627353873,0.0011546892124628151,0.10599655550336622,62.0,90.25,0.9959038101354123,0.03268016028320544,3750.0,2.0,0.0,667,A3,T_start=10
51096.0,0.02006781090018189,0.6130557921498209,1.1187936686591167,0.0,0.05470095506497573,33.0,61.0,0.9803978424797076,0.08919237052241247,6640.0,37.0,0.0,667,A6,T_start=10
51096.0,0.02006781090018189,1.0174193661806046,1.9164610627353873,0.0011546892124628151,0.10599655550336622,62.0,90.25,0.9830257873426543,0.07486614575767261,5365.0,30.0,0.0,667,B6,T_start=10
51096.0,0.02006781090018189,0.5754399373371569,1.4412854420872234,1.9571003601064663e-05,0.053291842805699076,33.0,90.25,0.9854501336341066,0.0717526233752922,5620.0,22.0,0.05555555555555555,667,B8,T_start=10
51096.0,0.02006781090018189,1.0174193661806046,1.9164610627353873,0.0011546892124628151,0.10599655550336622,62.0,90.25,0.9814517030279715,0.08402816049394024,5990.0,30.0,0.0,667,B12,T_start=10
82627.0,0.02006781090018189,1.1187936686591167,2.0417379446695296,0.00468369903300374,0.08309632444600433,79.0,76.55555555555556,0.9976266969760617,0.022170089290132276,4170.0,4.0,0.0,668,A3,T_start=10
82627.0,0.02006781090018189,0.06898425842094826,0.7651560209006901,0.0,0.01935202778752708,19.0,28.555555555555557,0.984594152949866,0.07747507394515288,8460.0,48.0,0.0,668,A6,T_start=10
82627.0,0.02006781090018189,1.0174193661806046,2.0417379446695296,0.004877340336693817,0.07950185774625727,78.0,68.11111111111111,0.9892392082831881,0.0537331892651027,5890.0,31.0,0.0,668,B6,T_start=10
82627.0,0.02006781090018189,0.5754399373371569,1.7988709151287874,0.0029167221368317864,0.05585341353310661,54.0,67.88888888888889,0.9923386699335961,0.045599194732452795,5640.0,23.0,0.05277777777777778,668,B8,T_start=10
82627.0,0.02006781090018189,0.985711900900616,2.0417379446695296,0.004877340336693817,0.07800113764265917,77.0,68.11111111111111,0.9888290404085327,0.058255457337397565,6565.0,31.0,0.0,668,B12,T_start=10
65595.0,0.02006781090018189,0.8963961859499497,1.8567353246307055,0.0014482811189877277,0.10019056330512996,81.0,49.8,0.9977592405343549,0.023562900521146325,3855.0,2.0,0.0,669,A3,T_start=10
65595.0,0.02006781090018189,0.4610520952362225,1.2302687708123812,1.5245064410397133e-05,0.04684808293315039,38.0,26.6,0.9863576897121662,0.07251731930312244,7000.0,34.0,0.0,669,A6,T_start=10
65595.0,0.02006781090018189,0.8151734005153627,1.742809826672464,0.001128134766369388,0.08150011433798308,66.0,26.6,0.9881824734910265,0.05915015398781441,5575.0,29.0,0.0,669,B6,T_start=10
65595.0,0.02006781090018189,0.5401321147646347,1.2302687708123812,0.0011128897019589909,0.05224483573443098,43.0,26.2,0.9905458657229382,0.05446539518854086,5535.0,22.0,0.058333333333333334,669,B8,T_start=10
65595.0,0.02006781090018189,0.8151734005153627,1.742809826672464,0.001128134766369388,0.08150011433798308,66.0,26.6,0.9874931314326623,0.06529979462395111,6175.0,29.0,0.0,669,B12,T_start=10
68131.0,0.02006781090018189,0.8413951416451951,1.8567353246307055,0.0063260483480354025,0.07597129060192864,60.0,4.333333333333333,0.9944982303842549,0.034595754632958525,4305.0,6.0,0.0,670,A3,T_start=10
68131.0,0.02006781090018189,1.0501467677660838,2.0417379446695296,0.007001218241329204,0.07290367086935462,49.0,8.0,0.9779147137377617,0.09227827916641679,7390.0,47.0,0.0,670,A6,T_start=10
68131.0,0.02006781090018189,1.191927939457827,2.0417379446695296,0.012872260791710088,0.09948481601620408,76.0,8.666666666666666,0.9845813858792744,0.06734971046031589,5520.0,33.0,0.0,670,B6,T_start=10
68131.0,0.02006781090018189,0.7897688493998856,1.3528511027866506,0.0,0.06885265150959181,48.0,2.6666666666666665,0.9874479071768827,0.06065151448820362,5440.0,19.0,0.15833333333333333,670,B8,T_start=10
68131.0,0.02006781090018189,1.191927939457827,2.0417379446695296,0.012872260791710088,0.09948481601620408,76.0,8.666666666666666,0.9821127603957915,0.07801119312323987,6400.0,35.0,0.0,670,B12,T_start=10
44259.0,0.02006781090018189,0.5401321147646347,1.584893192461114,0.0,0.05156013466187668,28.0,36.0,0.9795133863401977,0.07124653564212999,3915.0,3.0,0.0,671,A3,T_start=10
44259.0,0.02006781090018189,0.10411181076233397,1.3528511027866506,0.0,0.029124019973338754,16.0,2.5,0.9580923071913685,0.1378777041103981,6310.0,35.0,0.0,671,A6,T_start=10
44259.0,0.02006781090018189,0.5401321147646347,1.584893192461114,0.0,0.05156013466187668,28.0,36.0,0.9655326967687637,0.11163488649461992,4900.0,25.0,0.0,671,B6,T_start=10
44259.0,0.02006781090018189,0.11448537209469502,1.3963683610559376,0.0,0.021261212408775616,12.0,35.5,0.9639074217491217,0.11843791423593855,5350.0,19.0,0.06944444444444445,671,B8,T_start=10
44259.0,0.02006781090018189,0.5401321147646347,1.584893192461114,0.0,0.05156013466187668,28.0,2.5,0.9643474321371625,0.11644453779621482,5260.0,22.0,0.0,671,B12,T_start=10
38173.0,0.02006781090018189,0.3578903595427346,0.8151734005153627,0.0,0.03012600529169832,17.0,,0.9196322915723169,0.1813003963142481,3735.0,2.0,0.0,537,A3,T_start=60
38173.0,0.02006781090018189,0.3578903595427346,0.8151734005153627,0.0,0.03012600529169832,17.0,,0.8928849005626954,0.2531005947852966,5615.0,26.0,0.0,537,A6,T_start=60
38173.0,0.02006781090018189,0.2778113596642536,0.8151734005153627,0.0,0.0228171744426689,13.0,,0.9114825254210857,0.20274566212294706,4350.0,13.0,0.0,537,B6,T_start=60
38173.0,0.02006781090018189,0.17834050825119682,0.8151734005153627,0.0,0.02237183349487858,12.0,,0.8975693405254047,0.2377182351723955,4910.0,11.0,0.0,537,B8,T_start=60
38173.0,0.02006781090018189,0.2778113596642536,0.8151734005153627,0.0,0.0228171744426689,13.0,,0.9032776425410328,0.22267004961090395,4625.0,13.0,0.0,537,B12,T_start=60
40776.0,0.02006781090018189,1.5355006336570662,2.0417379446695296,0.007847753580537572,0.1323082205218756,67.0,46.75,0.9134632402710053,0.19888340619092643,4155.0,6.0,0.0,538,A3,T_start=60
40776.0,0.02006781090018189,1.4876473740795015,2.0417379446695296,0.007847753580537572,0.11563174416323327,62.0,14.0,0.8920847155692455,0.2579588861879777,5900.0,22.0,0.0,538,A6,T_start=60
40776.0,0.02006781090018189,1.4876473740795015,2.0417379446695296,0.007847753580537572,0.11406219344712576,56.0,49.0,0.907103277417899,0.21693476372077283,5020.0,22.0,0.05,538,B6,T_start=60
40776.0,0.02006781090018189,0.12196915077508336,1.4876473740795015,0.004708652148322542,0.026437119874435942,12.0,26.5,0.8840414565611667,0.27583812089806004,6010.0,9.0,0.0,538,B8,T_start=60
40776.0,0.02006781090018189,1.4876473740795015,2.0417379446695296,0.007847753580537572,0.11403766921718658,56.0,19.5,0.8970803091590493,0.2439948705119672,5410.0,20.0,0.0,538,B12,T_start=60
45368.0,0.02006781090018189,0.3812852456636189,1.584893192461114,0.0017413154646446834,0.03156409804267325,17.0,18.5,0.9518608422227324,0.12429040319726185,4380.0,6.0,0.0,539,A3,T_start=60
45368.0,0.02006781090018189,0.06077850313707005,1.584893192461114,0.0017413154646446834,0.02667078116734262,17.0,0.0,0.9490687681489429,0.13375369878079552,5215.0,10.0,0.0,539,A6,T_start=60
45368.0,0.02006781090018189,0.23713737056616552,1.584893192461114,0.0017413154646446834,0.025392347028742726,14.0,56.5,0.9544142595990522,0.11864794304973995,4405.0,8.0,0.09722222222222222,539,B6,T_start=60
45368.0,0.02006781090018189,0.3812852456636189,1.584893192461114,0.0017413154646446834,0.03156409804267325,17.0,18.5,0.9434177952324575,0.14677303696366506,5030.0,7.0,0.0,539,B8,T_start=60
45368.0,0.02006781090018189,0.23713737056616552,1.584893192461114,0.0017413154646446834,0.025392347028742726,14.0,17.0,0.9524458431164319,0.12487347122548013,4735.0,9.0,0.0,539,B12,T_start=60
98639.0,0.02006781090018189,1.3963683610559376,2.0417379446695296,0.005667129634323138,0.1078883605875972,99.0,57.333333333333336,0.9394235718674574,0.1467388446321359,6255.0,13.0,0.0,540,A3,T_start=60
98639.0,0.02006781090018189,0.21565026690607325,0.6531305526474723,0.0,0.014608826123541398,21.0,11.333333333333334,0.9237876087435696,0.19590986754511525,9940.0,31.0,0.0,540,A6,T_start=60
98639.0,0.02006781090018189,1.9781080029332403,2.0417379446695296,0.013942254078001601,0.13166952219710257,101.0,49.5,0.9369631899823808,0.15476912941412618,7115.0,31.0,0.0,540,B6,T_start=60
98639.0,0.02006781090018189,0.7182076058301705,2.0417379446695296,0.0055758878334127475,0.05879013371992822,49.0,41.666666666666664,0.9276908315892319,0.17622164285342853,7050.0,10.0,0.0,540,B8,T_start=60
98639.0,0.02006781090018189,0.41927599668460547,1.3106900423660772,0.0003852431593994262,0.038108658846906396,35.0,35.0,0.9317659549412204,0.17006938561538237,7775.0,26.0,0.0,540,B12,T_start=60
59220.0,0.02006781090018189,1.9164610627353873,2.0417379446695296,0.023117190138466734,0.13431273218507261,97.0,91.66666666666667,0.9089629180813825,0.21171736599335617,4875.0,5.0,0.0,541,A3,T_start=60
59220.0,0.02006781090018189,1.0839269140212038,2.3173946499684797,0.002296521445457616,0.09746707193515704,57.0,27.666666666666668,0.8909471654884957,0.266797308869686,7455.0,24.0,0.0,541,A6,T_start=60
59220.0,0.02006781090018189,1.2302687708123812,2.0417379446695296,0.01004728132387707,0.10172239108409321,65.0,87.0,0.9125404891831369,0.20365127278527623,5330.0,19.0,0.18333333333333332,541,B6,T_start=60
59220.0,0.02006781090018189,1.4876473740795015,2.0417379446695296,0.014775413711583925,0.12056737588652482,73.0,90.0,0.9054013426418588,0.2221598027033024,5370.0,13.0,0.25555555555555554,541,B8,T_start=60
59220.0,0.02006781090018189,0.9549925860214359,2.0417379446695296,0.007007767646065519,0.09974670719351571,62.0,87.0,0.9021545970312415,0.23605276683832388,6160.0,21.0,0.0,541,B12,T_start=60
61339.0,0.02006781090018189,0.43276287768448307,1.584893192461114,0.0005542966138998028,0.04625116157746295,37.0,56.5,0.9303734662048679,0.162999161706908,4515.0,9.0,0.0,542,A3,T_start=60
61339.0,0.02006781090018189,0.20892961308540398,0.8413951416451951,0.0005542966138998028,0.025220495932441026,26.0,7.5,0.9096520729124367,0.22370460352648985,6935.0,24.0,0.0,542,A6,T_start=60
61339.0,0.02006781090018189,0.3812852456636189,1.2698429144338064,0.0005542966138998028,0.03764326122043072,33.0,7.5,0.9310604859385485,0.16359964434254365,4945.0,20.0,0.0,542,B6,T_start=60
61339.0,0.02006781090018189,0.025852348395621914,0.5069907082747045,0.0,0.00996103620861116,9.0,56.5,0.9127938270769601,0.20825283101936753,5760.0,9.0,0.0,542,B8,T_start=60
61339.0,0.02006781090018189,0.17278259805078636,0.7413102413009177,0.0,0.02169908215001875,20.0,3.0,0.9261433843244522,0.17650093560565974,5255.0,16.0,0.0,542,B12,T_start=60
80395.0,0.02006781090018189,2.0417379446695296,2.0417379446695296,0.04208906026494185,0.2765750357609304,229.0,39.875,0.9269274974468239,0.1766190129306527,5400.0,15.0,0.0,543,A3,T_start=60
80395.0,0.02006781090018189,1.191927939457827,2.0417379446695296,0.014615336774675042,0.08265439392997077,76.0,26.25,0.9004952217628834,0.25491317057469026,9710.0,36.0,0.0,543,A6,T_start=60
80395.0,0.02006781090018189,1.9164610627353873,2.0417379446695296,0.02595932582872069,0.16144038808383607,147.0,34.5,0.928752824793777,0.1767332257881279,6720.0,29.0,0.4,543,B6,T_start=60
80395.0,0.02006781090018189,1.9781080029332403,2.0417379446695296,0.02798681510044157,0.18174015797002302,160.0,34.625,0.9201585196146826,0.19959697246779085,6575.0,20.0,0.34444444444444444,543,B8,T_start=60
80395.0,0.02006781090018189,1.6884958594867534,2.0417379446695296,0.025673238385471732,0.11404938118042167,97.0,29.0,0.9122144636169519,0.22070125569763024,7850.0,29.0,0.0,543,B12,T_start=60
36133.0,0.02006781090018189,2.0417379446695296,2.0417379446695296,0.02108875543132317,0.20640411811917084,87.0,26.666666666666668,0.8835679314463573,0.2614806223919848,4470.0,7.0,0.0,544,A3,T_start=60
36133.0,0.02006781090018189,2.0417379446695296,2.0417379446695296,0.0198987075526527,0.17291672432402513,73.0,23.0,0.8597984943573791,0.3218715529026268,5900.0,20.0,0.0,544,A6,T_start=60
36133.0,0.02006781090018189,2.0417379446695296,2.0417379446695296,0.0198987075526527,0.1606841391525752,66.0,21.666666666666668,0.8785126947981334,0.27106693886010796,4905.0,18.0,0.0,544,B6,T_start=60
36133.0,0.02006781090018189,2.0417379446695296,2.0417379446695296,0.020452218193894776,0.1889685329200454,73.0,25.666666666666668,0.8439687656119153,0.35611483439769004,5775.0,10.0,0.0,544,B8,T_start=60
36133.0,0.02006781090018189,2.0417379446695296,2.0417379446695296,0.0198987075526527,0.15957711787009105,64.0,21.666666666666668,0.8660778441301419,0.30260762042664524,5230.0,17.0,0.0,544,B12,T_start=60
41231.0,0.02006781090018189,1.9164610627353873,2.0417379446695296,0.009483155877858893,0.17404380199364555,81.0,5.75,0.8880538566617838,0.25753173900195964,4920.0,13.0,0.0,545,A3,T_start=60
41231.0,0.02006781090018189,1.742809826672464,2.0417379446695296,0.004050350464456356,0.1609711139676457,76.0,2.25,0.8732684224708798,0.2996936437206018,6645.0,30.0,0.0,545,A6,T_start=60
41231.0,0.02006781090018189,1.742809826672464,2.0417379446695296,0.0027891634934879097,0.17690572627392012,77.0,3.5,0.8946759454808227,0.2437251071644969,5155.0,26.0,0.06111111111111111,545,B6,T_start=60
41231.0,0.02006781090018189,1.7988709151287874,2.0417379446695296,0.006281681259246683,0.15510174383352332,70.0,4.25,0.8799232499947232,0.27964705417560193,5485.0,15.0,0.06388888888888888,545,B8,T_start=60
41231.0,0.02006781090018189,1.742809826672464,2.0417379446695296,0.0027891634934879097,0.1595158982319129,72.0,3.5,0.880791002587105,0.27911169423401644,5630.0,24.0,0.0,545,B12,T_start=60
17066.0,0.02006781090018189,1.3528511027866506,1.7988709151287874,0.0,0.16207664361889138,32.0,120.0,0.8647819504373564,0.29345582734912895,3945.0,4.0,0.0,546,A3,T_start=60
17066.0,0.02006781090018189,1.0839269140212038,1.6358745652400533,0.0,0.13377475682643852,25.0,120.0,0.8567794353929579,0.31798123345858686,5100.0,16.0,0.0,546,A6,T_start=60
17066.0,0.02006781090018189,1.0839269140212038,1.742809826672464,0.0,0.12475096683464197,24.0,120.0,0.8663338276087446,0.29081420065044594,4320.0,9.0,0.0,546,B6,T_start=60
17066.0,0.02006781090018189,1.0839269140212038,1.742809826672464,0.0,0.10541427399507794,20.0,120.0,0.855671669894064,0.3193366786717489,4525.0,7.0,0.0,546,B8,T_start=60
17066.0,0.02006781090018189,1.0839269140212038,1.742809826672464,0.0,0.12475096683464197,24.0,120.0,0.8586079115784881,0.3092413862535886,4495.0,9.0,0.0,546,B12,T_start=60
50593.0,0.02006781090018189,2.0417379446695296,2.0417379446695296,0.033996797976004585,0.1874765283734904,107.0,92.6,0.8793948343374758,0.2753537890167623,5085.0,9.0,0.0,547,A3,T_start=60
50593.0,0.02006781090018189,2.0417379446695296,2.0417379446695296,0.03447117190125116,0.20736070207340937,119.0,52.0,0.8696460695776594,0.3049060903169731,7210.0,24.0,0.0,547,A6,T_start=60
50593.0,0.02006781090018189,2.0417379446695296,2.0417379446695296,0.03261320736070207,0.21435771747079635,113.0,75.6,0.892207075901875,0.24295946826649847,5185.0,18.0,0.24166666666666667,547,B6,T_start=60
50593.0,0.02006781090018189,1.742809826672464,2.0417379446695296,0.014211452177178662,0.11663668887000178,62.0,47.8,0.8617029502597332,0.3232688932471774,6195.0,11.0,0.0,547,B8,T_start=60
50593.0,0.02006781090018189,2.0417379446695296,2.0417379446695296,0.03261320736070207,0.20564109659439053,109.0,70.4,0.8752593463952395,0.2878442688285188,6000.0,20.0,0.0,547,B12,T_start=60
50688.0,0.02006781090018189,1.6358745652400533,2.0417379446695296,0.011067708333333334,0.1579861111111111,99.0,63.6,0.8759157406783408,0.28165671046473817,5220.0,10.0,0.0,548,A3,T_start=60
50688.0,0.02006781090018189,1.2302687708123812,2.0417379446695296,0.01025390625,0.08134568339646464,51.0,30.0,0.868579762073245,0.3090018645109972,7060.0,24.0,0.0,548,A6,T_start=60
50688.0,0.02006781090018189,1.4876473740795015,2.0417379446695296,0.010594223484848484,0.12596669823232323,72.0,46.2,0.8828667598058934,0.267450605773723,5805.0,20.0,0.25277777777777777,548,B6,T_start=60
50688.0,0.02006781090018189,1.584893192461114,2.0417379446695296,0.011067708333333334,0.11375473484848485,65.0,35.6,0.8651361418004602,0.3113966415689368,6110.0,20.0,0.10833333333333334,548,B8,T_start=60
50688.0,0.02006781090018189,1.5355006336570662,2.0417379446695296,0.010594223484848484,0.11274857954545454,65.0,29.2,0.8745648658632661,0.29118449962917603,6265.0,23.0,0.0,548,B12,T_start=60
68049.0,0.02006781090018189,1.584893192461114,2.0417379446695296,0.017031844700142545,0.17497685491337125,144.0,58.42857142857143,0.90830103025911,0.21354640293122726,5070.0,10.0,0.0,549,A3,T_start=60
68049.0,0.02006781090018189,0.8963961859499497,1.8567353246307055,0.0050110949462887034,0.0689209246278417,56.0,17.142857142857142,0.8741969346025427,0.3125706525959832,8475.0,34.0,0.0,549,A6,T_start=60
68049.0,0.02006781090018189,1.9781080029332403,2.0417379446695296,0.02152860438801452,0.20225131890255552,147.0,33.142857142857146,0.9107453779512762,0.21227267832948649,5675.0,23.0,0.4361111111111111,549,B6,T_start=60
68049.0,0.02006781090018189,0.6531305526474723,1.8567353246307055,0.004482064394774354,0.055166130288468604,32.0,30.428571428571427,0.8828358315588308,0.27884677514820416,6335.0,13.0,0.09444444444444444,549,B8,T_start=60
68049.0,0.02006781090018189,1.9781080029332403,2.0417379446695296,0.020808535026231097,0.17299299034519244,124.0,21.428571428571427,0.8946673107387423,0.25354235960412225,6500.0,24.0,0.044444444444444446,549,B12,T_start=60
47349.0,0.02006781090018189,2.0417379446695296,2.0417379446695296,0.02057065619126064,0.2652643139242645,139.0,41.833333333333336,0.8951280573209941,0.2419276568027448,4920.0,11.0,0.0,550,A3,T_start=60
47349.0,0.02006781090018189,1.9781080029332403,2.0417379446695296,0.0137014509282139,0.1944761240997698,100.0,31.333333333333332,0.8838207117138336,0.2750879530239598,6740.0,28.0,0.0,550,A6,T_start=60
47349.0,0.02006781090018189,2.0417379446695296,2.0417379446695296,0.01554415087963843,0.20070117637120108,102.0,43.166666666666664,0.9078851161680159,0.2110214034830015,5010.0,22.0,0.13055555555555556,550,B6,T_start=60
47349.0,0.02006781090018189,1.742809826672464,2.0417379446695296,0.008828063950664216,0.1020296099178441,52.0,37.333333333333336,0.8702193788180068,0.3041500044650086,6065.0,12.0,0.1111111111111111,550,B8,T_start=60
47349.0,0.02006781090018189,1.9781080029332403,2.0417379446695296,0.014678240300745528,0.18781811653889205,95.0,28.0,0.8915858359355795,0.25326225659521834,5700.0,18.0,0.0,550,B12,T_start=60
52148.0,0.02006781090018189,1.0501467677660838,1.9164610627353873,0.004142057221753471,0.10684973536856639,63.0,59.0,0.9314941876739025,0.17077180628481248,4620.0,5.0,0.0,551,A3,T_start=60
52148.0,0.02006781090018189,1.0839269140212038,1.8567353246307055,0.0042762905576436295,0.08190151108383831,50.0,44.714285714285715,0.912415373093552,0.2263511013502501,7755.0,32.0,0.0,551,A6,T_start=60
52148.0,0.02006781090018189,1.3963683610559376,1.9164610627353873,0.0043529953210094344,0.1343100406535246,82.0,37.714285714285715,0.9269041585463684,0.18576115409712768,5945.0,24.0,0.2111111111111111,551,B6,T_start=60
52148.0,0.02006781090018189,0.8963961859499497,1.584893192461114,7.670476336580502e-05,0.09070338268006443,54.0,27.857142857142858,0.9201465295797467,0.20212969218882582,5915.0,13.0,0.0,551,B8,T_start=60
52148.0,0.02006781090018189,1.2302687708123812,1.9164610627353873,0.004659814374472655,0.1047211781851653,62.0,36.857142857142854,0.9209008579992318,0.20135775793021593,6170.0,21.0,0.0,551,B12,T_start=60
69472.0,0.02006781090018189,1.6884958594867534,2.0417379446695296,0.02293010133578996,0.141711768770152,110.0,33.0,0.9657343314844936,0.09954781440124919,4650.0,9.0,0.0,552,A3,T_start=60
69472.0,0.02006781090018189,0.5069907082747045,1.6884958594867534,0.008247927222478121,0.04964590050667895,44.0,4.5,0.9535382730402044,0.14068924292110338,7730.0,22.0,0.0,552,A6,T_start=60
69472.0,0.02006781090018189,1.4876473740795015,2.0417379446695296,0.011630584983878397,0.11362851220635652,82.0,27.25,0.9612442165465092,0.11275161320704288,6000.0,30.0,0.2361111111111111,552,B6,T_start=60
69472.0,0.02006781090018189,1.191927939457827,2.0417379446695296,0.011198756333486872,0.08982035928143713,63.0,27.25,0.9620748120778355,0.11331680734112805,5705.0,10.0,0.16944444444444445,552,B8,T_start=60
69472.0,0.02006781090018189,0.8963961859499497,2.0417379446695296,0.009946453247351451,0.07434649930907417,52.0,17.0,0.9591691140420956,0.12112412945751205,6350.0,20.0,0.0,552,B12,T_start=60
70621.0,0.02006781090018189,1.1547819846894583,2.0417379446695296,0.005069313660242704,0.12123872502513416,94.0,59.75,0.9764967292997124,0.07473729872616366,4530.0,7.0,0.0,553,A3,T_start=60
70621.0,0.02006781090018189,0.7897688493998856,2.0417379446695296,0.004644510839551975,0.06608515880545447,54.0,29.0,0.95977887214127,0.12614281899346716,7395.0,27.0,0.0,553,A6,T_start=60
70621.0,0.02006781090018189,1.4412854420872234,2.0417379446695296,0.00741988926806474,0.11588620948443097,90.0,43.75,0.9724984779373759,0.08741863533084285,5415.0,23.0,0.2388888888888889,553,B6,T_start=60
70621.0,0.02006781090018189,0.23713737056616552,1.3963683610559376,0.0018691324110392093,0.0350603928010082,27.0,35.0,0.965461674733294,0.10892931329165059,6185.0,10.0,0.07777777777777778,553,B8,T_start=60
70621.0,0.02006781090018189,1.2302687708123812,2.0417379446695296,0.00741988926806474,0.09228133274804945,72.0,43.75,0.9656008264873404,0.10673026686386246,6340.0,27.0,0.0,553,B12,T_start=60
98321.0,0.02006781090018189,1.742809826672464,2.0417379446695296,0.010923403952360126,0.11601794123330723,132.0,72.25,0.9722747372212075,0.08047957250516945,5445.0,11.0,0.0,554,A3,T_start=60
98321.0,0.02006781090018189,0.03330427623087463,0.5754399373371569,0.0016883473520407644,0.011370917708322738,18.0,4.25,0.9559112365446395,0.13468495637450048,9250.0,29.0,0.0,554,A6,T_start=60
98321.0,0.02006781090018189,1.9781080029332403,2.0417379446695296,0.01780392795028529,0.14882375077552099,165.0,99.75,0.9711672305049157,0.08418650704973869,6015.0,24.0,0.48055555555555557,554,B6,T_start=60
98321.0,0.02006781090018189,0.6958249547006052,1.9781080029332403,0.005136237426389073,0.055074704284944216,54.0,41.75,0.9736572318459816,0.08059977925712493,6235.0,8.0,0.23055555555555557,554,B8,T_start=60
98321.0,0.02006781090018189,0.43276287768448307,1.8567353246307055,0.003864891528768015,0.04751782426948465,44.0,61.75,0.9653514625256453,0.10511609021804849,7040.0,23.0,0.0,554,B12,T_start=60
131648.0,0.02006781090018189,1.4876473740795015,2.0417379446695296,0.008327129922216821,0.11262419482255712,144.0,26.0,0.9898542174113408,0.042649664173323096,6420.0,15.0,0.0,555,A3,T_start=60
131648.0,0.02006781090018189,0.02006781090018189,0.07120327999992027,0.0,0.0009646937287311619,6.0,1.5,0.9789310435753671,0.08297801127577975,10490.0,29.0,0.0,555,A6,T_start=60
131648.0,0.02006781090018189,0.1673978978860472,0.8413951416451951,0.0,0.022408240155566358,26.0,11.5,0.9865982577032266,0.054845720161818295,7345.0,25.0,0.0,555,B6,T_start=60
131648.0,0.02006781090018189,0.03548133892335755,0.5069907082747045,0.0,0.009570977151191054,10.0,26.0,0.9879366568709942,0.05164556248987637,7495.0,10.0,0.0,555,B8,T_start=60
131648.0,0.02006781090018189,0.03330427623087463,0.5069907082747045,0.0,0.009616553232863393,12.0,11.5,0.9867810191008282,0.05695862379156605,7905.0,21.0,0.0,555,B12,T_start=60
189090.0,0.02006781090018189,0.3578903595427346,2.0417379446695296,0.028965043101168757,0.04063144534348723,49.0,1.0,0.9966049586837873,0.028043409359046045,9000.0,9.0,0.0,556,A3,T_start=60
189090.0,0.02006781090018189,0.050263184440820056,2.0417379446695296,0.022132317943836268,0.03234438627108784,26.0,1.0,0.9878617152123955,0.06174921244214427,14685.0,36.0,0.0,556,A6,T_start=60
189090.0,0.02006781090018189,0.6741398498898495,2.0417379446695296,0.0384314347665133,0.053286794648051194,72.0,1.0,0.9937583219719469,0.03877194589459095,9585.0,27.0,0.05,556,B6,T_start=60
189090.0,0.02006781090018189,0.3054921113215514,2.0417379446695296,0.02859484901369718,0.038616531810249086,42.0,1.0,0.9960133640351145,0.032332736732910955,9130.0,20.0,0.06944444444444445,556,B8,T_start=60
189090.0,0.02006781090018189,0.31531889793555934,2.0417379446695296,0.03630546300703369,0.04223914538050664,57.0,1.0,0.9938478464843337,0.0395468462598005,10265.0,23.0,0.041666666666666664,556,B12,T_start=60
163952.0,0.02006781090018189,0.12994213556374826,0.4610520952362225,0.0,0.007087440226407729,11.0,53.0,0.9959147511034204,0.03192795554974716,7890.0,10.0,0.0,557,A3,T_start=60
163952.0,0.02006781090018189,0.02006781090018189,0.06077850313707005,0.0,0.0,0.0,2.0,0.9889045110349057,0.05927654772857993,12540.0,31.0,0.0,557,A6,T_start=60
163952.0,0.02006781090018189,0.9252306262333164,2.0417379446695296,0.00542231872743242,0.06579974626720016,82.0,53.0,0.9913464769310469,0.047111370655301174,8865.0,35.0,0.10555555555555556,557,B6,T_start=60
163952.0,0.02006781090018189,0.04428432200537847,0.3935500754557774,0.0,0.00603225334244169,6.0,53.0,0.9958422549031694,0.035145843724824995,9050.0,17.0,0.0,557,B8,T_start=60
163952.0,0.02006781090018189,0.12994213556374826,1.7988709151287874,0.0030130769981457986,0.029356153020396212,33.0,53.0,0.9942893310893083,0.04065072185743579,9445.0,23.0,0.0,557,B12,T_start=60
218887.0,0.02006781090018189,0.6531305526474723,1.6884958594867534,0.0007355393422176739,0.05957411815228862,75.0,38.333333333333336,0.9946438623617296,0.03297022763496523,9720.0,12.0,0.0,558,A3,T_start=60
218887.0,0.02006781090018189,0.02006781090018189,0.06077850313707005,0.0,0.0020467181696491796,6.0,1.6666666666666667,0.9895292711813608,0.055390194298668295,16350.0,34.0,0.0,558,A6,T_start=60
218887.0,0.02006781090018189,0.8151734005153627,1.742809826672464,0.0010233590848245898,0.07446764769036078,90.0,8.333333333333334,0.9930305462733318,0.041018507972675027,10905.0,38.0,0.0,558,B6,T_start=60
218887.0,0.02006781090018189,0.12589254117941676,0.6531305526474723,0.0,0.01395240466542097,13.0,8.0,0.9959221592093632,0.0331310284432795,10575.0,17.0,0.0,558,B8,T_start=60
218887.0,0.02006781090018189,0.09772372209558107,1.4876473740795015,0.0010233590848245898,0.03115306071169142,39.0,3.0,0.9938221900263423,0.04170619461162969,12025.0,28.0,0.0,558,B12,T_start=60
231995.0,0.02006781090018189,0.1428893958511103,0.9549925860214359,0.0,0.02606952736050346,45.0,,0.9969414839136048,0.02596590419562934,9765.0,10.0,0.0,559,A3,T_start=60
231995.0,0.02006781090018189,0.02006781090018189,0.050263184440820056,0.0,0.0020129744175521025,7.0,,0.9928076486246823,0.04448639428595975,15360.0,22.0,0.0,559,A6,T_start=60
231995.0,0.02006781090018189,0.32546178349804583,1.191927939457827,0.0003706976443457833,0.04142330653677881,63.0,,0.9965656429247017,0.028203353146752423,10335.0,17.0,0.0,559,B6,T_start=60
231995.0,0.02006781090018189,0.05527134079444351,0.9549925860214359,0.0,0.02300911657578827,30.0,,0.9963983427094347,0.031100500181553064,10635.0,21.0,0.0,559,B8,T_start=60
231995.0,0.02006781090018189,0.02006781090018189,0.4610520952362225,9.914006767387229e-05,0.009435548179917671,16.0,,0.9966542309963847,0.029141854808195117,10950.0,15.0,0.0,559,B12,T_start=60
252949.0,0.02006781090018189,1.4876473740795015,2.0417379446695296,0.04948033002700149,0.08279929946352822,103.0,58.0,0.9960945149094949,0.028149517503652747,10665.0,9.0,0.0,560,A3,T_start=60
252949.0,0.02006781090018189,0.7897688493998856,2.0417379446695296,0.030796721868835218,0.05775077189472977,56.0,5.0,0.9874228308953351,0.0626839920363984,18735.0,36.0,0.0,560,A6,T_start=60
252949.0,0.02006781090018189,1.9781080029332403,2.0417379446695296,0.07055572467177178,0.11679824786814734,182.0,97.0,0.9911063875041998,0.0482901607408611,12665.0,43.0,0.10555555555555556,560,B6,T_start=60
252949.0,0.02006781090018189,1.4876473740795015,2.0417379446695296,0.05045285808601734,0.07895662762058756,95.0,58.0,0.9953871724962897,0.034955590941485454,12735.0,20.0,0.0,560,B8,T_start=60
252949.0,0.02006781090018189,1.3963683610559376,2.0417379446695296,0.058735160052026295,0.07761643651487059,110.0,24.0,0.9919987241693607,0.048987912057187104,15030.0,35.0,0.0,560,B12,T_start=60
194055.0,0.02006781090018189,1.0501467677660838,2.0417379446695296,0.01445981809280874,0.07383473757439901,84.0,41.0,0.9937289331612258,0.03746034509115789,9675.0,16.0,0.0,561,A3,T_start=60
194055.0,0.02006781090018189,0.2778113596642536,1.8567353246307055,0.005807631856947773,0.04299811908994872,41.0,15.8,0.9881434234952888,0.061242519740414836,15490.0,34.0,0.0,561,A6,T_start=60
194055.0,0.02006781090018189,1.191927939457827,2.0417379446695296,0.014689134523717503,0.08703460359176522,98.0,43.6,0.9914544103322503,0.0436305810360102,11265.0,37.0,0.0,561,B6,T_start=60
194055.0,0.02006781090018189,0.8151734005153627,2.0417379446695296,0.013300352992708252,0.06313158640591585,67.0,27.2,0.9938796720511394,0.041144223797786636,11650.0,18.0,0.0,561,B8,T_start=60
194055.0,0.02006781090018189,0.8963961859499497,2.0417379446695296,0.011139883022854345,0.06402437453299323,69.0,7.4,0.9917663371325255,0.04865923646212006,12780.0,28.0,0.0,561,B12,T_start=60
239011.0,0.02006781090018189,0.19611011754760474,2.0417379446695296,0.0075184824129433375,0.03291480308437687,33.0,43.5,0.9937624190075914,0.0357666091797981,10755.0,13.0,0.0,562,A3,T_start=60
239011.0,0.02006781090018189,0.04570881896148752,2.0417379446695296,0.013120735028931723,0.034529791515871655,37.0,26.5,0.9884553122805882,0.058863971523730775,16940.0,33.0,0.0,562,A6,T_start=60
239011.0,0.02006781090018189,1.4876473740795015,2.0417379446695296,0.03468041219860174,0.0865901569383836,128.0,85.5,0.9911737548798812,0.04602711103553626,12145.0,42.0,0.0,562,B6,T_start=60
239011.0,0.02006781090018189,0.17834050825119682,1.9781080029332403,0.004740367598144018,0.03254661919325889,26.0,43.0,0.9947592891582452,0.03527343567540077,11680.0,21.0,0.0,562,B8,T_start=60
239011.0,0.02006781090018189,0.7651560209006901,2.0417379446695296,0.013087263766102815,0.055411675613256293,68.0,43.0,0.9922841475291386,0.0444277579124396,13465.0,34.0,0.0,562,B12,T_start=60
179871.0,0.02006781090018189,0.15712670380639343,0.8413951416451951,0.0,0.017006632531091727,35.0,15.0,0.9968976598366062,0.02676937980024807,8010.0,8.0,0.0,563,A3,T_start=60
179871.0,0.02006781090018189,0.024266100950824154,0.4610520952362225,0.0,0.00955684907517054,20.0,6.0,0.9867283344690954,0.06399098275197516,13490.0,38.0,0.0,563,A6,T_start=60
179871.0,0.02006781090018189,1.4876473740795015,2.0417379446695296,0.008378226617965097,0.08742376480922438,134.0,64.0,0.9918736272229974,0.044461084396939174,9230.0,38.0,0.0,563,B6,T_start=60
179871.0,0.02006781090018189,0.04869675251658631,0.4911905467933634,0.0,0.009128764503449694,13.0,15.0,0.9961633807195546,0.03332769006445442,9175.0,13.0,0.0,563,B8,T_start=60
179871.0,0.02006781090018189,0.07585775750291836,1.742809826672464,0.002607424209572416,0.03569780564960444,49.0,6.0,0.9943848098479581,0.038697524243152474,9995.0,25.0,0.0,563,B12,T_start=60
127781.0,0.02006781090018189,2.0417379446695296,2.0417379446695296,0.03512454903311134,0.11718291451780781,105.0,41.2,0.9898094892303213,0.047180623399970825,6915.0,14.0,0.0,564,A3,T_start=60
127781.0,0.02006781090018189,0.2447653853410146,1.9781080029332403,0.0059085466540408985,0.03447304372324524,40.0,17.6,0.980016910393557,0.08441460017249384,11650.0,42.0,0.0,564,A6,T_start=60
127781.0,0.02006781090018189,1.9164610627353873,2.0417379446695296,0.026091515953075965,0.1197361110024182,96.0,48.4,0.9877850132558539,0.05404215139521734,7635.0,31.0,0.0,564,B6,T_start=60
127781.0,0.02006781090018189,2.0417379446695296,2.0417379446695296,0.036679944592701574,0.1131232342836572,89.0,29.2,0.9900629292660145,0.048236327532256304,7745.0,12.0,0.0,564,B8,T_start=60
127781.0,0.02006781090018189,2.0417379446695296,2.0417379446695296,0.032900039912037,0.15373960134918338,147.0,31.0,0.9890065901156178,0.05087795190162151,7645.0,19.0,0.06666666666666667,564,B12,T_start=60
74606.0,0.02006781090018189,2.0417379446695296,2.0417379446695296,0.03313406428437391,0.14108784816234618,113.0,52.875,0.9680398760883063,0.09396820690742655,5190.0,9.0,0.0,565,A3,T_start=60
74606.0,0.02006781090018189,2.0417379446695296,2.0417379446695296,0.02887167251963649,0.10005897648982656,77.0,16.25,0.9511646830425989,0.14933145851103918,8135.0,32.0,0.0,565,A6,T_start=60
74606.0,0.02006781090018189,2.0417379446695296,2.0417379446695296,0.03657882744015226,0.13328686700801545,106.0,42.375,0.967689460263814,0.09716628491231563,5950.0,32.0,0.0,565,B6,T_start=60
74606.0,0.02006781090018189,1.9781080029332403,2.0417379446695296,0.02971610862397126,0.10639894914618127,80.0,26.25,0.9638082333232176,0.11323256292705054,6560.0,13.0,0.14444444444444443,565,B8,T_start=60
74606.0,0.02006781090018189,2.0417379446695296,2.0417379446695296,0.03356298421038523,0.12618288073345307,98.0,21.875,0.9620204013989575,0.11531254258282453,6705.0,27.0,0.0,565,B12,T_start=60
95003.0,0.02006781090018189,1.6358745652400533,2.0417379446695296,0.047609022872961905,0.10428091744471227,90.0,44.166666666666664,0.9841413375281318,0.06052915291004551,5610.0,6.0,0.0,566,A3,T_start=60
95003.0,0.02006781090018189,0.9252306262333164,2.0417379446695296,0.02259928633832616,0.06322958222371926,39.0,1.6666666666666667,0.9702890602662502,0.10464045253692139,9580.0,32.0,0.0,566,A6,T_start=60
95003.0,0.02006781090018189,1.9781080029332403,2.0417379446695296,0.04921949833163163,0.13299580013262738,113.0,48.666666666666664,0.9796361584133672,0.07214239850344721,7100.0,30.0,0.1527777777777778,566,B6,T_start=60
95003.0,0.02006781090018189,1.6884958594867534,2.0417379446695296,0.046619580434302074,0.1005757712914329,81.0,63.0,0.9799453820495637,0.07478461350094236,6650.0,16.0,0.15555555555555556,566,B8,T_start=60
95003.0,0.02006781090018189,1.7988709151287874,2.0417379446695296,0.04773533467364188,0.1070913550098418,91.0,37.0,0.9784879629264239,0.07926703344329544,7935.0,27.0,0.09166666666666666,566,B12,T_start=60
114937.0,0.02006781090018189,2.0417379446695296,2.3173946499684797,0.12610386559593517,0.21537885972315268,197.0,68.6,0.9797179629758065,0.06858105124106396,6405.0,11.0,0.0,567,A3,T_start=60
114937.0,0.02006781090018189,2.0417379446695296,2.0417379446695296,0.02959229838955254,0.15238565474999347,94.0,36.0,0.9647650827021209,0.11564274757814048,10740.0,33.0,0.0,567,A6,T_start=60
114937.0,0.02006781090018189,2.0417379446695296,2.892344370499147,0.040559175896360614,0.07793182352071135,76.0,55.2,0.9754027727702117,0.08378112435192289,8310.0,24.0,0.2388888888888889,567,B6,T_start=60
114937.0,0.02006781090018189,2.0417379446695296,2.0417379446695296,0.04085934033427008,0.17195289593429444,101.0,44.2,0.9723632849196914,0.08883965707737627,7340.0,16.0,0.175,567,B8,T_start=60
114937.0,0.02006781090018189,1.742809826672464,2.0417379446695296,0.02185545124720499,0.09408632555225907,64.0,43.4,0.9744280374560642,0.0869517334473566,8440.0,18.0,0.1111111111111111,567,B12,T_start=60
99807.0,0.02006781090018189,1.8567353246307055,2.0417379446695296,0.07042592202951697,0.09887082068391996,104.0,67.5,0.9722947282402226,0.08616683072805927,6030.0,12.0,0.0,568,A3,T_start=60
99807.0,0.02006781090018189,1.1547819846894583,2.0417379446695296,0.06622781969200557,0.07198893865159758,78.0,8.75,0.9611073548256416,0.12021509433470877,9205.0,26.0,0.0,568,A6,T_start=60
99807.0,0.02006781090018189,1.6358745652400533,2.0417379446695296,0.06810143577103811,0.108028494995341,115.0,74.0,0.9672938464536335,0.09802480695245411,7110.0,34.0,0.18333333333333332,568,B6,T_start=60
99807.0,0.02006781090018189,0.7897688493998856,2.0417379446695296,0.061518731151121664,0.06502549921348202,64.0,51.0,0.9673564552691117,0.10071768161992636,7070.0,14.0,0.16944444444444445,568,B8,T_start=60
99807.0,0.02006781090018189,0.7182076058301705,2.0417379446695296,0.061518731151121664,0.06584708487380644,67.0,21.75,0.9664235526864753,0.10236353544761083,7760.0,17.0,0.06388888888888888,568,B12,T_start=60
61524.0,0.02006781090018189,1.5355006336570662,2.0417379446695296,0.017082764449645668,0.1113874260451206,86.0,49.0,0.9419161312318771,0.15194655772194207,4995.0,12.0,0.0,569,A3,T_start=60
61524.0,0.02006781090018189,1.4876473740795015,2.0417379446695296,0.010629998049541641,0.0965314348871985,61.0,13.5,0.9276597840107209,0.19275988466708366,7400.0,38.0,0.0,569,A6,T_start=60
61524.0,0.02006781090018189,1.6358745652400533,2.0417379446695296,0.017082764449645668,0.10789285482088291,72.0,49.0,0.9486721317366109,0.13373431970396565,5105.0,23.0,0.0,569,B6,T_start=60
61524.0,0.02006781090018189,1.5355006336570662,2.0417379446695296,0.017082764449645668,0.0890709316689422,60.0,49.0,0.9353516609810797,0.16855664893257633,5880.0,11.0,0.0,569,B8,T_start=60
61524.0,0.02006781090018189,1.584893192461114,2.0417379446695296,0.017082764449645668,0.10568233534880697,70.0,14.0,0.9426750788988354,0.1511489605222037,5625.0,20.0,0.0,569,B12,T_start=60
62302.0,0.02006781090018189,2.0417379446695296,2.0417379446695296,0.11850341883085615,0.2749189432120959,164.0,74.625,0.9285213509556349,0.17336864162017596,4845.0,7.0,0.0,570,A3,T_start=60
62302.0,0.02006781090018189,1.7988709151287874,2.0417379446695296,0.03987030913935347,0.13848672594780265,70.0,17.25,0.8947396818046958,0.26697844988351926,8845.0,31.0,0.0,570,A6,T_start=60
62302.0,0.02006781090018189,2.0417379446695296,2.0417379446695296,0.07557141022760104,0.23534958749317839,122.0,74.5,0.9152173621159313,0.2095014762487518,7215.0,26.0,0.21944444444444444,570,B6,T_start=60
62302.0,0.02006781090018189,1.742809826672464,2.0417379446695296,0.039196173477576965,0.13546916631889827,66.0,48.375,0.8918689748029225,0.26979181710905586,7210.0,20.0,0.2777777777777778,570,B8,T_start=60
62302.0,0.02006781090018189,1.8567353246307055,2.0417379446695296,0.04595358094443196,0.12428172450322622,67.0,25.125,0.9022232416349856,0.24316392184225896,8150.0,21.0,0.16666666666666666,570,B12,T_start=60
44926.0,0.02006781090018189,1.9164610627353873,2.0417379446695296,0.1675199216489338,0.13284067132618083,61.0,36.666666666666664,0.9395354256857029,0.1522387591936053,4200.0,6.0,0.0,571,A3,T_start=60
44926.0,0.02006781090018189,1.9164610627353873,2.0417379446695296,0.16560566264523885,0.09582424431287005,46.0,36.666666666666664,0.9187497361487741,0.20761605608709763,6790.0,24.0,0.0,571,A6,T_start=60
44926.0,0.02006781090018189,2.0417379446695296,2.2451739778971898,0.17881627565329652,0.11061523394025731,54.0,36.666666666666664,0.9256070542735386,0.1907062859255621,8660.0,16.0,0.25833333333333336,571,B6,T_start=60
44926.0,0.02006781090018189,1.7988709151287874,2.0417379446695296,0.1667853804033299,0.09687040911721498,50.0,35.0,0.9197317179072874,0.20597520739057093,6330.0,9.0,0.16944444444444445,571,B8,T_start=60
44926.0,0.02006781090018189,1.7988709151287874,2.0417379446695296,0.1667853804033299,0.09833949160842274,47.0,36.666666666666664,0.9172779637443181,0.212809667941531,9280.0,14.0,0.2111111111111111,571,B12,T_start=60
14262.0,0.02006781090018189,0.8413951416451951,1.742809826672464,0.0,0.05847707193941944,6.0,,0.9073490424704347,0.2183133659159031,4065.0,4.0,0.0,572,A3,T_start=60
14262.0,0.02006781090018189,0.21565026690607325,0.5939501549952435,0.0,0.02250736222128734,3.0,,0.9101783036803853,0.21165408097856694,4210.0,6.0,0.0,572,A6,T_start=60
14262.0,0.02006781090018189,0.8413951416451951,1.742809826672464,0.0,0.05847707193941944,6.0,,0.9137427457266322,0.20284313248476338,3695.0,1.0,0.0,572,B6,T_start=60
14262.0,0.02006781090018189,0.8413951416451951,1.742809826672464,0.0,0.05847707193941944,6.0,,0.9084567784555755,0.21521124913125586,4130.0,3.0,0.04722222222222222,572,B8,T_start=60
14262.0,0.02006781090018189,0.8413951416451951,1.742809826672464,0.0,0.05847707193941944,6.0,,0.9107581850984492,0.2089754320592826,3975.0,3.0,0.0,572,B12,T_start=60
10944.0,0.02006781090018189,0.04027170343254591,0.985711900900616,0.0,0.019462719298245616,2.0,2.0,0.8999598816376081,0.22593749400676608,3600.0,0.0,0.0,573,A3,T_start=60
10944.0,0.02006781090018189,0.04570881896148752,0.985711900900616,0.0,0.019462719298245616,2.0,2.0,0.8993421805908941,0.22759469384656272,3665.0,2.0,0.0,573,A6,T_start=60
10944.0,0.02006781090018189,0.04027170343254591,0.985711900900616,0.0,0.019462719298245616,2.0,2.0,0.8999598816376081,0.22593749400676608,3600.0,0.0,0.0,573,B6,T_start=60
10944.0,0.02006781090018189,0.04027170343254591,0.985711900900616,0.0,0.019462719298245616,2.0,2.0,0.8958649314667586,0.2370273135153383,3900.0,2.0,0.0,573,B8,T_start=60
10944.0,0.02006781090018189,0.04027170343254591,0.985711900900616,0.0,0.019462719298245616,2.0,2.0,0.8999598816376081,0.22593749400676608,3600.0,0.0,0.0,573,B12,T_start=60
19768.0,0.02006781090018189,2.0417379446695296,2.0417379446695296,0.05023269931201942,0.21221165520032376,46.0,20.333333333333332,0.9010600299177615,0.22372490825497107,3735.0,2.0,0.0,574,A3,T_start=60
19768.0,0.02006781090018189,1.8567353246307055,2.0417379446695296,0.030706191825171994,0.16567179279643868,36.0,19.0,0.8848660912410836,0.2654525696029767,4840.0,12.0,0.0,574,A6,T_start=60
19768.0,0.02006781090018189,2.0417379446695296,2.0417379446695296,0.049575070821529746,0.20846823148522864,44.0,20.333333333333332,0.89000490008601,0.2506272107120913,4705.0,10.0,0.06666666666666667,574,B6,T_start=60
19768.0,0.02006781090018189,1.9781080029332403,2.0417379446695296,0.04876568191015783,0.17766086604613518,40.0,19.333333333333332,0.8786770360213905,0.27853778511597704,4955.0,10.0,0.030555555555555555,574,B8,T_start=60
19768.0,0.02006781090018189,2.0417379446695296,2.0417379446695296,0.049575070821529746,0.2103399433427762,46.0,20.333333333333332,0.8937091941541007,0.24101475501955266,4615.0,10.0,0.041666666666666664,574,B12,T_start=60
25518.0,0.02006781090018189,2.0417379446695296,2.0417379446695296,0.1761501685085038,0.2522924994121796,72.0,21.6,0.8871196100100681,0.2547714741733377,4050.0,6.0,0.0,575,A3,T_start=60
25518.0,0.02006781090018189,2.0417379446695296,2.0417379446695296,0.1761501685085038,0.2503330982051885,69.0,21.6,0.888137616955914,0.25365216004609636,4495.0,13.0,0.0,575,A6,T_start=60
25518.0,0.02006781090018189,2.0417379446695296,2.0417379446695296,0.1761501685085038,0.2503330982051885,69.0,21.6,0.8737063183290629,0.2991454580696944,6550.0,12.0,0.13055555555555556,575,B6,T_start=60
25518.0,0.02006781090018189,2.0417379446695296,2.0417379446695296,0.1761501685085038,0.2503330982051885,69.0,21.6,0.8809363768443549,0.26948632793264615,5140.0,21.0,0.04722222222222222,575,B8,T_start=60
25518.0,0.02006781090018189,2.0417379446695296,2.0417379446695296,0.1761501685085038,0.2503330982051885,69.0,21.6,0.8794378325385983,0.27539085290044346,5610.0,11.0,0.17777777777777778,575,B12,T_start=60
11918.0,0.02006781090018189,1.7988709151287874,2.0417379446695296,0.023577781506964254,0.1266152038932707,14.0,1.0,0.8733946326739896,0.2767592085053519,3735.0,2.0,0.0,576,A3,T_start=60
11918.0,0.02006781090018189,1.7988709151287874,2.0417379446695296,0.023577781506964254,0.1266152038932707,14.0,1.0,0.8736800303709341,0.2757304428765427,4000.0,8.0,0.0,576,A6,T_start=60
11918.0,0.02006781090018189,1.7988709151287874,2.0417379446695296,0.023577781506964254,0.1266152038932707,14.0,1.0,0.8752126887534539,0.27215755804224795,3925.0,4.0,0.0,576,B6,T_start=60
11918.0,0.02006781090018189,1.7988709151287874,2.0417379446695296,0.023577781506964254,0.1266152038932707,14.0,1.0,0.8680005004223483,0.29173339840791074,4130.0,3.0,0.030555555555555555,576,B8,T_start=60
11918.0,0.02006781090018189,1.7988709151287874,2.0417379446695296,0.023577781506964254,0.1266152038932707,14.0,1.0,0.8705861812975566,0.28402056671555875,4050.0,4.0,0.0,576,B12,T_start=60
11577.0,0.02006781090018189,1.1187936686591167,1.6358745652400533,0.0,0.09501597996026605,13.0,2.0,0.8727819586028221,0.27832522496776446,3735.0,2.0,0.0,577,A3,T_start=60
11577.0,0.02006781090018189,1.1187936686591167,1.6358745652400533,0.0,0.09501597996026605,13.0,2.0,0.8692716559010685,0.2867297587578407,4175.0,10.0,0.0,577,A6,T_start=60
11577.0,0.02006781090018189,1.1187936686591167,1.6358745652400533,0.0,0.09501597996026605,13.0,2.0,0.8741223660467905,0.2742930817121354,3795.0,6.0,0.0,577,B6,T_start=60
11577.0,0.02006781090018189,1.1187936686591167,1.6358745652400533,0.0,0.09501597996026605,13.0,2.0,0.8673027787908671,0.29166578012516614,4100.0,4.0,0.0,577,B8,T_start=60
11577.0,0.02006781090018189,1.1187936686591167,1.6358745652400533,0.0,0.09501597996026605,13.0,2.0,0.8721642592192176,0.2791743615059108,3870.0,6.0,0.0,577,B12,T_start=60
20841.0,0.02006781090018189,2.0417379446695296,2.0417379446695296,0.3450410249028358,0.19504822225421045,40.0,8.0,0.865380071131366,0.29822659438345844,4110.0,3.0,0.0,578,A3,T_start=60
20841.0,0.02006781090018189,2.0417379446695296,4.365158322401661,0.33422100666954563,0.20519648769252916,40.0,8.0,0.8702725626693874,0.28588113293853945,4180.0,4.0,0.0,578,A6,T_start=60
20841.0,0.02006781090018189,2.0417379446695296,2.0417379446695296,0.3143323257041409,0.21841562305071732,40.0,8.0,0.866556918231802,0.29840011731710014,4890.0,5.0,0.03888888888888889,578,B6,T_start=60
20841.0,0.02006781090018189,2.0417379446695296,2.3919384495683134,0.2957151768149321,0.23295427282759945,40.0,7.0,0.8688069405987776,0.2907492822846412,4335.0,4.0,0.041666666666666664,578,B8,T_start=60
20841.0,0.02006781090018189,2.0417379446695296,2.0417379446695296,0.3143323257041409,0.21841562305071732,40.0,8.0,0.8662877307534839,0.3002106388234012,4935.0,4.0,0.05,578,B12,T_start=60
12694.0,0.02006781090018189,0.047179137813158536,0.18407720014689555,0.0,0.0,0.0,,0.8878455580278758,0.24666969997673618,3600.0,0.0,0.0,579,A3,T_start=60
12694.0,0.02006781090018189,0.050263184440820056,0.18407720014689555,0.0,0.0,0.0,,0.8861504113493326,0.2517558302747056,3855.0,6.0,0.0,579,A6,T_start=60
12694.0,0.02006781090018189,0.047179137813158536,0.18407720014689555,0.0,0.0,0.0,,0.8878455580278758,0.24666969997673618,3600.0,0.0,0.0,579,B6,T_start=60
12694.0,0.02006781090018189,0.047179137813158536,0.18407720014689555,0.0,0.0,0.0,,0.8753032900314343,0.2782515340449113,4200.0,6.0,0.0,579,B8,T_start=60
12694.0,0.02006781090018189,0.047179137813158536,0.18407720014689555,0.0,0.0,0.0,,0.8878455580278758,0.24666969997673618,3600.0,0.0,0.0,579,B12,T_start=60
10350.0,0.02006781090018189,0.985711900900616,2.0417379446695296,0.009468599033816425,0.07004830917874397,8.0,,0.868869695919135,0.2864301065656114,3750.0,2.0,0.0,580,A3,T_start=60
10350.0,0.02006781090018189,0.3054921113215514,0.7413102413009177,0.0,0.0327536231884058,4.0,,0.8691248317493453,0.28659274640174004,3915.0,3.0,0.0,580,A6,T_start=60
10350.0,0.02006781090018189,0.985711900900616,2.0417379446695296,0.009468599033816425,0.07004830917874397,8.0,,0.8724825447029346,0.2783579417266513,3810.0,3.0,0.0,580,B6,T_start=60
10350.0,0.02006781090018189,0.985711900900616,2.0417379446695296,0.009468599033816425,0.07004830917874397,8.0,,0.8619186209750558,0.3040536689368366,4080.0,2.0,0.0,580,B8,T_start=60
10350.0,0.02006781090018189,0.985711900900616,2.0417379446695296,0.009468599033816425,0.07004830917874397,8.0,,0.8683714335918236,0.2880927771947203,3885.0,3.0,0.0,580,B12,T_start=60
13783.0,0.02006781090018189,0.02006781090018189,0.04869675251658631,0.0,0.0,0.0,,0.9118117700345998,0.20665992245424836,3600.0,0.0,0.0,581,A3,T_start=60
13783.0,0.02006781090018189,0.0220673406908459,0.050263184440820056,0.0,0.0,0.0,,0.9107157811631229,0.20971712990475502,3860.0,6.0,0.0,581,A6,T_start=60
13783.0,0.02006781090018189,0.02006781090018189,0.04869675251658631,0.0,0.0,0.0,,0.9113341608407297,0.20784888943727556,3665.0,2.0,0.0,581,B6,T_start=60
13783.0,0.02006781090018189,0.02006781090018189,0.04869675251658631,0.0,0.0,0.0,,0.9066539801795026,0.21893628492481784,4020.0,2.0,0.0,581,B8,T_start=60
13783.0,0.02006781090018189,0.02006781090018189,0.04869675251658631,0.0,0.0,0.0,,0.9111461336345507,0.20828861195366616,3690.0,2.0,0.0,581,B12,T_start=60
23473.0,0.02006781090018189,2.0417379446695296,2.0417379446695296,0.07434073190474162,0.10974310910407703,28.0,43.5,0.9128632579476395,0.19884782318281014,3600.0,0.0,0.0,582,A3,T_start=60
23473.0,0.02006781090018189,0.5939501549952435,2.0417379446695296,0.03544497933796276,0.05862054275124611,17.0,6.5,0.8913354169059906,0.2570561791276244,5620.0,17.0,0.0,582,A6,T_start=60
23473.0,0.02006781090018189,2.0417379446695296,2.0417379446695296,0.04190985387466451,0.12952115196182848,27.0,43.5,0.9024197227269563,0.2253655429782811,4505.0,13.0,0.13333333333333333,582,B6,T_start=60
23473.0,0.02006781090018189,1.6358745652400533,2.3173946499684797,0.030694840881012226,0.12424913730669279,24.0,43.0,0.8878695984335281,0.26121903692111137,5005.0,12.0,0.0,582,B8,T_start=60
23473.0,0.02006781090018189,1.2698429144338064,2.0417379446695296,0.017339070421335152,0.0901887274741192,19.0,42.0,0.888103255739605,0.2610554095744631,5020.0,11.0,0.12777777777777777,582,B12,T_start=60
10597.0,0.02006781090018189,0.13412199354053708,0.9549925860214359,0.0,0.032273284891950554,4.0,,0.8773134432126226,0.2689053483199824,3600.0,0.0,0.0,583,A3,T_start=60
10597.0,0.02006781090018189,0.13412199354053708,0.9549925860214359,0.0,0.032273284891950554,4.0,,0.875945382394733,0.2720512059444512,3800.0,5.0,0.0,583,A6,T_start=60
10597.0,0.02006781090018189,0.13412199354053708,0.9549925860214359,0.0,0.032273284891950554,4.0,,0.8767578876570671,0.2700164594310935,3730.0,2.0,0.0,583,B6,T_start=60
10597.0,0.02006781090018189,0.13412199354053708,0.9549925860214359,0.0,0.032273284891950554,4.0,,0.8723079306810938,0.28051998371375914,3915.0,2.0,0.0,583,B8,T_start=60
10597.0,0.02006781090018189,0.13412199354053708,0.9549925860214359,0.0,0.032273284891950554,4.0,,0.874015476728485,0.27660942083712825,3780.0,2.0,0.0,583,B12,T_start=60
9728.0,0.02006781090018189,0.43276287768448307,0.8963961859499497,0.0,0.04286595394736842,5.0,,0.8696178452215809,0.2837298910246287,3600.0,0.0,0.0,584,A3,T_start=60
9728.0,0.02006781090018189,0.02006781090018189,0.3812852456636189,0.0,0.0,0.0,,0.8645229278338414,0.29526880844027004,3970.0,4.0,0.0,584,A6,T_start=60
9728.0,0.02006781090018189,0.43276287768448307,0.8963961859499497,0.0,0.04286595394736842,5.0,,0.8676915666638675,0.2885006810413747,3805.0,5.0,0.0,584,B6,T_start=60
9728.0,0.02006781090018189,0.43276287768448307,0.8963961859499497,0.0,0.04286595394736842,5.0,,0.8662877746861309,0.29104869842095354,3860.0,3.0,0.0,584,B8,T_start=60
9728.0,0.02006781090018189,0.43276287768448307,0.8963961859499497,0.0,0.04286595394736842,5.0,,0.8634305327134435,0.29814830092964933,3880.0,5.0,0.0,584,B12,T_start=60
126130.0,0.02006781090018189,2.0417379446695296,2.892344370499147,0.11642154919527471,0.2735253310076905,198.0,59.25,0.925062428870841,0.18009174437269784,7680.0,12.0,0.0,585,A3,T_start=60
126130.0,0.02006781090018189,2.0417379446695296,2.7148760106825023,0.029265440418615715,0.10653888844842622,84.0,23.25,0.9094767277024622,0.2344947183770583,12935.0,34.0,0.0,585,A6,T_start=60
126130.0,0.02006781090018189,2.0417379446695296,2.0417379446695296,0.06831047332117657,0.17910885594228176,142.0,28.25,0.9322896389877131,0.16535214892559136,8545.0,27.0,0.05,585,B6,T_start=60
126130.0,0.02006781090018189,2.0417379446695296,2.1752040340195222,0.08643859510029335,0.20217632601284388,178.0,32.5,0.911334081202591,0.21635463266454918,8155.0,23.0,0.09444444444444444,585,B8,T_start=60
126130.0,0.02006781090018189,2.0417379446695296,2.1752040340195222,0.07975501466740664,0.18996670102275431,170.0,28.25,0.924895654256722,0.18546965149452502,8665.0,21.0,0.09444444444444444,585,B12,T_start=60
102083.0,0.02006781090018189,1.584893192461114,2.0417379446695296,0.0086939059392847,0.10743708550885064,46.0,77.0,0.9344151831438269,0.16500806184811134,8475.0,10.0,0.0,586,A3,T_start=60
102083.0,0.02006781090018189,0.11448537209469502,1.1187936686591167,0.0,0.028300500573063096,20.0,19.5,0.9228635114807612,0.20496970377264553,13465.0,22.0,0.0,586,A6,T_start=60
102083.0,0.02006781090018189,0.5754399373371569,2.0417379446695296,0.014253107765249845,0.050850778288255634,31.0,39.75,0.9347126069150082,0.16632696614659775,8940.0,16.0,0.0,586,B6,T_start=60
102083.0,0.02006781090018189,1.4876473740795015,2.0417379446695296,0.012813103063193675,0.10674647100888493,47.0,84.25,0.9344983342846617,0.16205036740097178,8155.0,15.0,0.4222222222222222,586,B8,T_start=60
102083.0,0.02006781090018189,2.0417379446695296,3.1805336883295205,0.07709902726212983,0.2307583045169127,160.0,72.75,0.934155338122351,0.16385891831239605,8305.0,18.0,0.17777777777777778,586,B12,T_start=60
82967.0,0.02006781090018189,2.0417379446695296,2.0417379446695296,0.14390661347282654,0.2571564597972688,168.0,82.5,0.8877246518954223,0.2697474601453937,6615.0,9.0,0.0,587,A3,T_start=60
82967.0,0.02006781090018189,2.0417379446695296,3.9696297343000686,0.04723263466197404,0.21754733809828003,129.0,22.625,0.8559487079845788,0.37824989290172,12580.0,34.0,0.0,587,A6,T_start=60
82967.0,0.02006781090018189,2.0417379446695296,2.0417379446695296,0.05923138115154218,0.2917274337989803,158.0,69.625,0.8873807318631515,0.2730343639032659,7335.0,14.0,0.5333333333333333,587,B6,T_start=60
82967.0,0.02006781090018189,2.0417379446695296,2.1752040340195222,0.11331312449528126,0.2810002772186532,168.0,73.625,0.8858613328465614,0.27650809743332866,7300.0,16.0,0.5333333333333333,587,B8,T_start=60
82967.0,0.02006781090018189,2.0417379446695296,2.0417379446695296,0.07714512999144238,0.3129376740149698,176.0,79.875,0.8913157698178942,0.26176327954770234,7075.0,12.0,0.525,587,B12,T_start=60
121686.0,0.02006781090018189,2.6302679918953813,2.7148760106825023,0.06304340680111106,0.2609462058083921,202.0,57.333333333333336,0.9286450772468321,0.18731074710235843,8280.0,15.0,0.0,588,A3,T_start=60
121686.0,0.02006781090018189,2.0417379446695296,2.0417379446695296,0.02609996219778775,0.12486235064017225,110.0,42.166666666666664,0.9160291531233884,0.23414009601967548,14000.0,41.0,0.0,588,A6,T_start=60
121686.0,0.02006781090018189,2.0417379446695296,2.0417379446695296,0.05391540522327959,0.16164760120309649,146.0,56.833333333333336,0.9360449050958413,0.1658434755183109,8310.0,26.0,0.36944444444444446,588,B6,T_start=60
121686.0,0.02006781090018189,1.742809826672464,2.0417379446695296,0.01858060910868958,0.10462994921354962,87.0,69.66666666666667,0.9331065928342336,0.17455497952588903,8320.0,14.0,0.4527777777777778,588,B8,T_start=60
121686.0,0.02006781090018189,2.0417379446695296,2.0417379446695296,0.040592179872787335,0.17110842660618314,155.0,76.0,0.9291877364594098,0.18664215298051115,9315.0,22.0,0.2611111111111111,588,B12,T_start=60
27056.0,0.02006781090018189,0.13843630530808698,0.7182076058301705,0.0,0.016410408042578355,6.0,1.0,0.9189274134147255,0.19527485772718814,4125.0,5.0,0.0,589,A3,T_start=60
27056.0,0.02006781090018189,0.07829787941891024,0.7182076058301705,0.0,0.016410408042578355,6.0,1.0,0.916633952951562,0.20241949196006362,4600.0,13.0,0.0,589,A6,T_start=60
27056.0,0.02006781090018189,0.13412199354053708,0.7182076058301705,0.0,0.016410408042578355,6.0,1.0,0.9279303670365245,0.17297920067877448,3940.0,7.0,0.0,589,B6,T_start=60
27056.0,0.02006781090018189,0.13412199354053708,0.7182076058301705,0.0,0.016410408042578355,6.0,1.0,0.9080913971356205,0.22341833105559128,4615.0,8.0,0.0,589,B8,T_start=60
27056.0,0.02006781090018189,0.13412199354053708,0.7182076058301705,0.0,0.016410408042578355,6.0,1.0,0.9223378114388038,0.18644816754778362,4155.0,9.0,0.0,589,B12,T_start=60
66245.0,0.02006781090018189,1.9781080029332403,2.0417379446695296,0.08656502377537928,0.14204090874783,90.0,37.0,0.9794016046630535,0.0691239081889076,4455.0,4.0,0.0,590,A3,T_start=60
66245.0,0.02006781090018189,1.191927939457827,2.0417379446695296,0.05522680957053362,0.0708204392784361,37.0,17.333333333333332,0.9676942394600698,0.10447795533298694,7210.0,26.0,0.0,590,A6,T_start=60
66245.0,0.02006781090018189,1.6358745652400533,2.0417379446695296,0.06651068005132463,0.1422748886708431,82.0,19.0,0.9813103928719579,0.06495228802814496,5590.0,12.0,0.058333333333333334,590,B6,T_start=60
66245.0,0.02006781090018189,1.2698429144338064,2.0417379446695296,0.053030417389991695,0.08675371726168013,45.0,15.666666666666666,0.9785601287555927,0.07314149252642385,5505.0,11.0,0.06666666666666667,590,B8,T_start=60
66245.0,0.02006781090018189,1.5355006336570662,2.0417379446695296,0.0652426598233829,0.11505774020680806,60.0,18.333333333333332,0.9793790603888293,0.07101545653113248,5805.0,12.0,0.06666666666666667,590,B12,T_start=60
35932.0,0.02006781090018189,0.9252306262333164,2.0417379446695296,0.007542023822776355,0.073138149838584,30.0,5.0,0.9458384670636706,0.13995249425211942,3990.0,4.0,0.0,591,A3,T_start=60
35932.0,0.02006781090018189,0.8413951416451951,2.0417379446695296,0.007542023822776355,0.06206167204720027,25.0,5.0,0.9329473382401514,0.1737807955277222,5370.0,18.0,0.0,591,A6,T_start=60
35932.0,0.02006781090018189,0.9252306262333164,2.0417379446695296,0.007542023822776355,0.073138149838584,30.0,5.0,0.9423293423633725,0.15060147289698048,4535.0,17.0,0.0,591,B6,T_start=60
35932.0,0.02006781090018189,0.7651560209006901,2.0417379446695296,0.007542023822776355,0.05780362907714572,23.0,5.0,0.9353235660690086,0.16800444466284956,4905.0,9.0,0.05,591,B8,T_start=60
35932.0,0.02006781090018189,0.8413951416451951,2.0417379446695296,0.007542023822776355,0.06206167204720027,25.0,5.0,0.93754991743158,0.16284869129663782,4790.0,15.0,0.0,591,B12,T_start=60
77080.0,0.02006781090018189,2.0417379446695296,2.0417379446695296,0.27540217955371044,0.08724701608718215,72.0,8.0,0.9580902246960954,0.10902758719988455,4185.0,6.0,0.0,592,A3,T_start=60
77080.0,0.02006781090018189,2.0417379446695296,2.0417379446695296,0.2652341722885314,0.09654579657498703,78.0,8.0,0.9373839814621432,0.16751038032042717,6430.0,29.0,0.0,592,A6,T_start=60
77080.0,0.02006781090018189,2.0417379446695296,2.0417379446695296,0.2736118318629995,0.08364037363777893,67.0,8.0,0.9437292870624998,0.14975471219718706,7000.0,20.0,0.05,592,B6,T_start=60
77080.0,0.02006781090018189,2.0417379446695296,2.0417379446695296,0.24728853139595225,0.08242086144265698,51.0,5.0,0.9425547420416266,0.14994998946669658,6120.0,13.0,0.08055555555555556,592,B8,T_start=60
77080.0,0.02006781090018189,2.0417379446695296,2.0417379446695296,0.2736118318629995,0.0739880643487286,59.0,8.0,0.941365292678892,0.15928219357593953,7365.0,16.0,0.06388888888888888,592,B12,T_start=60
57231.0,0.02006781090018189,0.15222991328804203,0.6130557921498209,0.0,0.012580594433086963,10.0,,0.9423145870717898,0.13558970915514465,4005.0,5.0,0.0,593,A3,T_start=60
57231.0,0.02006781090018189,0.022777182418573218,0.10086720805993415,0.0,0.0024112805996750015,7.0,,0.9164272022402868,0.206669900975944,6370.0,21.0,0.0,593,A6,T_start=60
57231.0,0.02006781090018189,0.16218100973589297,0.9549925860214359,0.0,0.019534867466932258,17.0,,0.9366549108423922,0.15170287454032386,4695.0,17.0,0.0,593,B6,T_start=60
57231.0,0.02006781090018189,0.04027170343254591,0.5939501549952435,0.0,0.011427373276720658,8.0,,0.9225477463805312,0.18911293912152752,5405.0,12.0,0.0,593,B8,T_start=60
57231.0,0.02006781090018189,0.10086720805993415,0.6130557921498209,0.0,0.012580594433086963,10.0,,0.9295393953288535,0.17068826059335537,5015.0,14.0,0.0,593,B12,T_start=60
100353.0,0.02006781090018189,0.06077850313707005,0.9549925860214359,0.0021723316692076966,0.014498819168335775,18.0,44.0,0.9942429818431354,0.031106759038030198,4920.0,7.0,0.0,594,A3,T_start=60
100353.0,0.02006781090018189,0.02006781090018189,0.06683439175686146,0.0,0.001036341713750461,7.0,4.0,0.9866455843796339,0.06089204082312386,7950.0,26.0,0.0,594,A6,T_start=60
100353.0,0.02006781090018189,0.12589254117941676,0.9549925860214359,0.0021723316692076966,0.016900341793469054,21.0,44.0,0.9892821402729368,0.0463638316564545,5575.0,31.0,0.0,594,B6,T_start=60
100353.0,0.02006781090018189,0.02006781090018189,0.47588279098881686,0.0,0.009616055324703795,9.0,5.0,0.9928456039826167,0.03895933729904684,6050.0,10.0,0.0,594,B8,T_start=60
100353.0,0.02006781090018189,0.03437557726853155,0.47588279098881686,0.0,0.009616055324703795,9.0,5.0,0.9903454738593336,0.04591887819189725,6190.0,22.0,0.0,594,B12,T_start=60
70773.0,0.02006781090018189,0.2447653853410146,1.191927939457827,0.0,0.025857318468907636,21.0,,0.9532685023478965,0.11146935520681382,4170.0,6.0,0.0,595,A3,T_start=60
70773.0,0.02006781090018189,0.02006781090018189,0.07585775750291836,0.0,0.0,0.0,,0.9389143174060367,0.15669431734653894,6835.0,24.0,0.0,595,A6,T_start=60
70773.0,0.02006781090018189,0.13412199354053708,1.0501467677660838,0.0,0.024797592302149125,20.0,,0.9531837690617837,0.11537737111921637,5035.0,20.0,0.0,595,B6,T_start=60
70773.0,0.02006781090018189,0.026683942737144424,0.3935500754557774,0.0,0.002967233266923827,4.0,,0.9465789840915111,0.1319590764446505,5335.0,12.0,0.0,595,B8,T_start=60
70773.0,0.02006781090018189,0.0220673406908459,1.0501467677660838,0.0,0.018354457208257385,15.0,,0.9491427336387537,0.12655790593323288,5365.0,12.0,0.0,595,B12,T_start=60
65737.0,0.02006781090018189,0.15712670380639343,0.4610520952362225,0.0,0.00803200632824741,14.0,,0.9501287353912553,0.12124571905480654,4320.0,8.0,0.0,596,A3,T_start=60
65737.0,0.02006781090018189,0.025852348395621914,0.18407720014689555,0.0,0.005552428617064971,14.0,,0.930315147494579,0.17774253560130682,6595.0,28.0,0.0,596,A6,T_start=60
65737.0,0.02006781090018189,0.10411181076233397,0.47588279098881686,0.0,0.008108066994234601,12.0,,0.9553588959519442,0.11016921228862804,4565.0,17.0,0.0,596,B6,T_start=60
65737.0,0.02006781090018189,0.02006781090018189,0.2225871044793004,0.0,0.00406163956371602,4.0,,0.9430791395850225,0.1447679244854229,5380.0,8.0,0.0,596,B8,T_start=60
65737.0,0.02006781090018189,0.03548133892335755,0.3935500754557774,0.0,0.004426730760454538,6.0,,0.9452919946926172,0.13613585023107347,4980.0,12.0,0.0,596,B12,T_start=60
84089.0,0.02006781090018189,2.0417379446695296,2.0417379446695296,0.07242029278502539,0.166445670658469,123.0,75.5,0.9446203825284128,0.13468087549320315,5340.0,10.0,0.0,597,A3,T_start=60
84089.0,0.02006781090018189,0.40620942890585726,1.4412854420872234,0.0,0.042395557088323085,25.0,50.5,0.9243071232081476,0.19474340550758787,8185.0,25.0,0.0,597,A6,T_start=60
84089.0,0.02006781090018189,1.4412854420872234,2.0417379446695296,0.02362972564782552,0.09533946176075349,73.0,54.0,0.9442667573854543,0.13879538776381461,6130.0,19.0,0.18055555555555555,597,B6,T_start=60
84089.0,0.02006781090018189,1.4412854420872234,2.0417379446695296,0.02362972564782552,0.08582573225986752,60.0,73.5,0.9292331077012849,0.17767058472623448,7090.0,14.0,0.0,597,B8,T_start=60
84089.0,0.02006781090018189,0.7897688493998856,1.9781080029332403,0.007777473866974277,0.07932071971363674,51.0,54.0,0.9382401295185461,0.15471758156057552,6455.0,22.0,0.0,597,B12,T_start=60
54218.0,0.02006781090018189,2.0417379446695296,2.0417379446695296,0.06187981851045778,0.152845918329706,81.0,81.75,0.9019467603250052,0.22703454237443654,4935.0,9.0,0.0,598,A3,T_start=60
54218.0,0.02006781090018189,1.1187936686591167,1.9781080029332403,0.008428935040023608,0.08677929838798923,43.0,63.5,0.8754841912104355,0.32555332821738436,8555.0,23.0,0.0,598,A6,T_start=60
54218.0,0.02006781090018189,1.1547819846894583,1.9781080029332403,0.008428935040023608,0.1013685491903058,51.0,81.25,0.8945289665723282,0.2557770629230561,6080.0,22.0,0.22777777777777777,598,B6,T_start=60
54218.0,0.02006781090018189,1.9164610627353873,2.0417379446695296,0.032526098343723484,0.10873695082813825,48.0,81.25,0.8861761223691158,0.2732622791922476,6040.0,13.0,0.125,598,B8,T_start=60
54218.0,0.02006781090018189,1.0839269140212038,1.9781080029332403,0.008428935040023608,0.10081522741524955,45.0,65.5,0.8857182599582684,0.2815291587961167,6655.0,22.0,0.11388888888888889,598,B12,T_start=60
52027.0,0.02006781090018189,0.11448537209469502,1.2302687708123812,0.003882599419532166,0.018413516058969383,11.0,23.0,0.9580207543711952,0.1080809364977441,3975.0,4.0,0.0,599,A3,T_start=60
52027.0,0.02006781090018189,0.04570881896148752,1.2302687708123812,0.003882599419532166,0.018413516058969383,11.0,23.0,0.9424843632146415,0.15342621407590823,6025.0,23.0,0.0,599,A6,T_start=60
52027.0,0.02006781090018189,0.11091748152624009,1.2302687708123812,0.003882599419532166,0.018413516058969383,11.0,23.0,0.9543967658257367,0.12138131850317498,4595.0,15.0,0.0,599,B6,T_start=60
52027.0,0.02006781090018189,0.04027170343254591,0.6741398498898495,0.0,0.012109097199531012,5.0,5.0,0.9465715723816193,0.14215651992292427,5140.0,10.0,0.0,599,B8,T_start=60
52027.0,0.02006781090018189,0.11091748152624009,1.2302687708123812,0.003882599419532166,0.018413516058969383,11.0,23.0,0.9500912623750508,0.13270058280480615,4800.0,13.0,0.0,599,B12,T_start=60
60689.0,0.02006781090018189,1.191927939457827,2.0417379446695296,0.047158463642505234,0.07142974838932921,36.0,19.0,0.9492444802577614,0.12702835846511573,4380.0,6.0,0.0,600,A3,T_start=60
60689.0,0.02006781090018189,1.4876473740795015,2.468880104906209,0.037469722684506254,0.057456870273031355,21.0,16.0,0.9334552840954449,0.17106909941856288,6545.0,19.0,0.0,600,A6,T_start=60
60689.0,0.02006781090018189,1.1187936686591167,2.0417379446695296,0.047158463642505234,0.061658620178286015,29.0,19.0,0.9442899303209755,0.14237819227108406,5510.0,19.0,0.0,600,B6,T_start=60
60689.0,0.02006781090018189,1.742809826672464,2.1752040340195222,0.026965347921369606,0.0739919919590041,25.0,16.0,0.9361377539510899,0.16362071431521927,6280.0,10.0,0.0,600,B8,T_start=60
60689.0,0.02006781090018189,0.6531305526474723,2.0417379446695296,0.047158463642505234,0.04860847929608331,20.0,19.0,0.9411867955388155,0.15056138733121258,5855.0,13.0,0.05555555555555555,600,B12,T_start=60
96370.0,0.02006781090018189,0.40620942890585726,1.7988709151287874,0.004181799315139566,0.04370654768081353,51.0,62.0,0.9918908861645075,0.03277738382821461,4350.0,8.0,0.0,601,A3,T_start=60
96370.0,0.02006781090018189,0.021379620895022326,0.6327760017024558,0.0,0.01214070768911487,10.0,9.0,0.9878935583481447,0.054659429647930975,7595.0,17.0,0.0,601,A6,T_start=60
96370.0,0.02006781090018189,0.022777182418573218,0.7182076058301705,0.0,0.01509805956210439,12.0,10.333333333333334,0.9910112157913055,0.041452804840592675,5675.0,13.0,0.0,601,B6,T_start=60
96370.0,0.02006781090018189,0.02006781090018189,0.6531305526474723,0.0,0.01286707481581405,11.0,10.333333333333334,0.9890187748206501,0.04653433409797017,6055.0,8.0,0.0,601,B8,T_start=60
96370.0,0.02006781090018189,0.02006781090018189,0.6531305526474723,0.0,0.01286707481581405,11.0,10.333333333333334,0.9910203865845566,0.04174267284310767,5905.0,12.0,0.0,601,B12,T_start=60
31454.0,0.02006781090018189,0.06683439175686146,0.4911905467933634,0.0,0.009219813060342088,2.0,,0.9251048865803306,0.17809917005116305,4440.0,4.0,0.0,602,A3,T_start=60
31454.0,0.02006781090018189,0.02006781090018189,0.06077850313707005,0.0,0.0,0.0,,0.9237607481418619,0.1814854127207528,4755.0,10.0,0.0,602,A6,T_start=60
31454.0,0.02006781090018189,0.985711900900616,2.0417379446695296,0.0020347173650410123,0.08641190309658549,20.0,,0.9265219327601181,0.17394722149444838,4125.0,6.0,0.0,602,B6,T_start=60
31454.0,0.02006781090018189,0.06475152482255576,0.4911905467933634,0.0,0.009219813060342088,2.0,,0.9133895391865651,0.20991119511062067,5520.0,7.0,0.0,602,B8,T_start=60
31454.0,0.02006781090018189,0.985711900900616,2.0417379446695296,0.0020347173650410123,0.08641190309658549,20.0,,0.9253402727333229,0.1772399093165866,4290.0,6.0,0.0,602,B12,T_start=60
38421.0,0.02006781090018189,0.022777182418573218,0.31531889793555934,0.0,0.0006506858228572915,2.0,3.0,0.9103756605466696,0.20255483527017887,4140.0,2.0,0.0,603,A3,T_start=60
38421.0,0.02006781090018189,0.06273356959840379,0.3578903595427346,0.0,0.005075349418286875,10.0,2.0,0.8990051809837579,0.23533628181428792,5590.0,16.0,0.0,603,A6,T_start=60
38421.0,0.02006781090018189,0.2959715725594465,0.7413102413009177,0.0,0.020327425106061787,13.0,73.0,0.9067480691880011,0.21116946629818364,4435.0,13.0,0.0,603,B6,T_start=60
38421.0,0.02006781090018189,0.021379620895022326,0.31531889793555934,0.0,0.0006506858228572915,2.0,72.0,0.8992313918966159,0.23016132873862835,4790.0,7.0,0.0,603,B8,T_start=60
38421.0,0.02006781090018189,0.1673978978860472,0.5401321147646347,0.0,0.01126987845188829,8.0,3.0,0.9028380068245397,0.22190968093763216,4710.0,11.0,0.0,603,B12,T_start=60
79601.0,0.02006781090018189,2.0417379446695296,2.0417379446695296,0.18860315825178076,0.0861421338927903,75.0,45.0,0.9358052488587704,0.14814182880245555,4245.0,4.0,0.0,604,A3,T_start=60
79601.0,0.02006781090018189,2.0417379446695296,2.0417379446695296,0.17929422997198527,0.07594125701938417,57.0,43.0,0.8935564834509705,0.2602104318914066,7980.0,36.0,0.0,604,A6,T_start=60
79601.0,0.02006781090018189,2.0417379446695296,2.0417379446695296,0.18860315825178076,0.08172007889348123,67.0,45.0,0.917183234820748,0.19504722237895755,6640.0,25.0,0.058333333333333334,604,B6,T_start=60
79601.0,0.02006781090018189,2.0417379446695296,2.5482967479793466,0.15399304028843858,0.10041331139056042,59.0,42.0,0.9046774824172141,0.22227138864883153,6140.0,14.0,0.14722222222222223,604,B8,T_start=60
79601.0,0.02006781090018189,2.0417379446695296,2.0417379446695296,0.18860315825178076,0.07749902639414077,63.0,45.0,0.9055486827055407,0.2246406219278879,7025.0,16.0,0.06666666666666667,604,B12,T_start=60
119610.0,0.02006781090018189,0.12196915077508336,0.8413951416451951,0.0,0.016787893988796924,18.0,19.0,0.9986157661851104,0.020193537339401244,5715.0,3.0,0.0,605,A3,T_start=60
119610.0,0.02006781090018189,0.02006781090018189,0.050263184440820056,0.0,0.0008276899924755455,5.0,1.25,0.9927242753728087,0.049218637020291806,10280.0,24.0,0.0,605,A6,T_start=60
119610.0,0.02006781090018189,0.04428432200537847,0.8413951416451951,0.0,0.01490678036953432,15.0,19.5,0.9940549641615821,0.037766360295030034,6885.0,25.0,0.0,605,B6,T_start=60
119610.0,0.02006781090018189,0.037800713730181124,0.5232991146814947,0.0,0.011219797675779616,14.0,2.75,0.9955769968383056,0.0348456325039676,7290.0,16.0,0.0,605,B8,T_start=60
119610.0,0.02006781090018189,0.03330427623087463,0.44668359215096304,0.0,0.008168213360086949,9.0,2.5,0.9934300564750488,0.04115278772466727,7520.0,25.0,0.0,605,B12,T_start=60
114501.0,0.02006781090018189,2.0417379446695296,2.0417379446695296,0.027589278696255926,0.13836560379385332,122.0,52.57142857142857,0.9761378662469908,0.07366988988732602,6090.0,9.0,0.0,606,A3,T_start=60
114501.0,0.02006781090018189,0.44668359215096304,2.0417379446695296,0.006008681146889547,0.047117492423646955,35.0,25.142857142857142,0.9538880689044199,0.1482546784318528,12535.0,37.0,0.0,606,A6,T_start=60
114501.0,0.02006781090018189,1.7988709151287874,2.0417379446695296,0.023397175570519034,0.1207238364730439,106.0,41.42857142857143,0.9695061153309575,0.0964038190896747,8165.0,33.0,0.24444444444444444,606,B6,T_start=60
114501.0,0.02006781090018189,1.9781080029332403,2.0417379446695296,0.027318538702718755,0.11461035274801093,106.0,40.285714285714285,0.9727855910878922,0.08933862027233222,8130.0,15.0,0.35555555555555557,606,B8,T_start=60
114501.0,0.02006781090018189,1.6884958594867534,2.0417379446695296,0.019973624684500573,0.07855826586667365,71.0,27.0,0.9632900535295039,0.11777421273113085,9635.0,32.0,0.09444444444444444,606,B12,T_start=60
88881.0,0.02006781090018189,1.2302687708123812,2.0417379446695296,0.036965155657564606,0.09306263430879491,70.0,33.75,0.9614611697713112,0.10761035009515754,5820.0,7.0,0.0,607,A3,T_start=60
88881.0,0.02006781090018189,0.26076542044591006,1.9164610627353873,0.03950225582520449,0.04177495752748056,38.0,33.75,0.9430786437537414,0.16254877314558908,9490.0,29.0,0.0,607,A6,T_start=60
88881.0,0.02006781090018189,1.191927939457827,2.0417379446695296,0.04929062454292819,0.09097557408219979,78.0,86.75,0.9582743623719162,0.11763364720399647,7340.0,31.0,0.0,607,B6,T_start=60
88881.0,0.02006781090018189,0.47588279098881686,1.7988709151287874,0.03950225582520449,0.04531902206320811,30.0,36.25,0.9509901763237518,0.1386779546500546,8065.0,10.0,0.0,607,B8,T_start=60
88881.0,0.02006781090018189,1.2698429144338064,2.0417379446695296,0.04028982572203283,0.08472001890167752,62.0,62.0,0.9441213315136823,0.15629082903553365,9615.0,26.0,0.07222222222222222,607,B12,T_start=60
91993.0,0.02006781090018189,2.0417379446695296,2.0417379446695296,0.20877675475307905,0.1318578587501223,127.0,56.5,0.9419432385832553,0.14477578533812502,4965.0,11.0,0.0,608,A3,T_start=60
91993.0,0.02006781090018189,2.0417379446695296,2.0417379446695296,0.18128553259487135,0.09757264139662801,80.0,6.5,0.9142469058721872,0.23079131570396896,8630.0,28.0,0.0,608,A6,T_start=60
91993.0,0.02006781090018189,2.0417379446695296,2.0417379446695296,0.20428728272803365,0.1159327340123705,118.0,28.5,0.9373263951054382,0.16718954826051563,8085.0,32.0,0.05555555555555555,608,B6,T_start=60
91993.0,0.02006781090018189,2.0417379446695296,2.0417379446695296,0.19674323046318742,0.07532094833302534,65.0,17.25,0.938871815167222,0.1617385305912417,6810.0,13.0,0.18888888888888888,608,B8,T_start=60
91993.0,0.02006781090018189,2.0417379446695296,2.0417379446695296,0.20350461448153664,0.09002858913178177,86.0,26.25,0.9315399592878938,0.18353479503811482,8590.0,28.0,0.058333333333333334,608,B12,T_start=60
90762.0,0.02006781090018189,2.0417379446695296,2.0417379446695296,0.0674180824574161,0.16653445274454068,149.0,73.28571428571429,0.9491724929377393,0.13143140187984845,5325.0,9.0,0.0,609,A3,T_start=60
90762.0,0.02006781090018189,1.2698429144338064,2.468880104906209,0.007470086600118993,0.09257178114188758,43.0,59.285714285714285,0.9116507073311932,0.24625435105538798,11110.0,30.0,0.0,609,A6,T_start=60
90762.0,0.02006781090018189,2.0417379446695296,2.0417379446695296,0.040975298032216126,0.16440801216368084,118.0,62.57142857142857,0.9333883965361843,0.1794325244480917,7620.0,30.0,0.05,609,B6,T_start=60
90762.0,0.02006781090018189,1.584893192461114,2.0417379446695296,0.03681055948524713,0.09327692205989291,54.0,46.0,0.9329911681476681,0.17676695698322228,7020.0,15.0,0.1388888888888889,609,B8,T_start=60
90762.0,0.02006781090018189,1.5355006336570662,2.0417379446695296,0.023963773385337474,0.10714836605627906,58.0,45.857142857142854,0.9308812856938665,0.18444168075910825,7905.0,32.0,0.044444444444444446,609,B12,T_start=60
56261.0,0.02006781090018189,2.0417379446695296,3.388441561392024,0.2680809086223139,0.24687616643856314,132.0,70.6,0.9005580592111792,0.2296925732144934,4695.0,8.0,0.0,610,A3,T_start=60
56261.0,0.02006781090018189,2.0417379446695296,4.097321098135414,0.21382040845345798,0.22070795044524627,97.0,84.0,0.866920160619026,0.3214112062312902,7525.0,34.0,0.0,610,A6,T_start=60
56261.0,0.02006781090018189,2.0417379446695296,2.7148760106825023,0.21993032473649599,0.2027070261815467,95.0,23.2,0.8714725399769297,0.3170237992464616,8505.0,24.0,0.46111111111111114,610,B6,T_start=60
56261.0,0.02006781090018189,2.0417379446695296,2.468880104906209,0.19149144167362828,0.21747747107232362,87.0,54.2,0.8421953436485411,0.3861423542628213,8615.0,21.0,0.12222222222222222,610,B8,T_start=60
56261.0,0.02006781090018189,2.0417379446695296,2.7148760106825023,0.23128810365972877,0.2184906062814383,109.0,84.0,0.8570800021165251,0.3561665846035777,9345.0,29.0,0.2638888888888889,610,B12,T_start=60
20372.0,0.02006781090018189,0.3812852456636189,0.9252306262333164,0.0,0.034802670331827996,11.0,3.0,0.9049990641265012,0.21586668898486422,3735.0,2.0,0.0,611,A3,T_start=60
20372.0,0.02006781090018189,0.3812852456636189,0.9252306262333164,0.0,0.034802670331827996,11.0,3.0,0.8844506020409949,0.2664188454249266,5460.0,28.0,0.0,611,A6,T_start=60
20372.0,0.02006781090018189,0.3812852456636189,0.9252306262333164,0.0,0.034802670331827996,11.0,3.0,0.8976000501124951,0.23293278903022105,4640.0,28.0,0.0,611,B6,T_start=60
20372.0,0.02006781090018189,0.3812852456636189,0.9252306262333164,0.0,0.034802670331827996,11.0,3.0,0.8794116816395455,0.27865833345120955,5055.0,20.0,0.0,611,B8,T_start=60
20372.0,0.02006781090018189,0.3812852456636189,0.9252306262333164,0.0,0.034802670331827996,11.0,3.0,0.881050355605069,0.27156960656197093,5040.0,28.0,0.0,611,B12,T_start=60
52111.0,0.02006781090018189,2.0417379446695296,2.0417379446695296,0.25558903110667613,0.23066147262574122,130.0,33.666666666666664,0.9404785078545981,0.14827006293302153,4125.0,4.0,0.0,612,A3,T_start=60
52111.0,0.02006781090018189,2.0417379446695296,3.081413635333949,0.047523555487325134,0.30708487651359595,83.0,26.666666666666668,0.9188177482967492,0.2073639670516466,8495.0,38.0,0.0,612,A6,T_start=60
52111.0,0.02006781090018189,2.0417379446695296,2.9853826189179604,0.15860374968816565,0.26437796242635914,104.0,27.666666666666668,0.9193564021398487,0.20142419401791226,7580.0,27.0,0.1,612,B6,T_start=60
52111.0,0.02006781090018189,2.0417379446695296,2.2451739778971898,0.1727082573736831,0.2575272015505364,105.0,27.666666666666668,0.9136686083019229,0.21701724287391333,7030.0,22.0,0.1527777777777778,612,B8,T_start=60
52111.0,0.02006781090018189,2.0417379446695296,2.0417379446695296,0.16215386386751357,0.25910076567327434,103.0,27.666666666666668,0.9237198840905049,0.1926608976191103,6575.0,27.0,0.07222222222222222,612,B12,T_start=60
48787.0,0.02006781090018189,2.0417379446695296,2.0417379446695296,0.27234714165658885,0.2435279890134667,128.0,30.5,0.9166356234750601,0.19745743182803357,4230.0,8.0,0.0,613,A3,T_start=60
48787.0,0.02006781090018189,2.0417379446695296,2.892344370499147,0.17771127554471478,0.29327484780781765,107.0,28.5,0.8930900052276718,0.2575508805989446,7110.0,30.0,0.0,613,A6,T_start=60
48787.0,0.02006781090018189,2.0417379446695296,2.0417379446695296,0.22839075983356222,0.24511652694365302,112.0,26.25,0.898333107528586,0.24992033990552523,7400.0,32.0,0.09444444444444444,613,B6,T_start=60
48787.0,0.02006781090018189,2.0417379446695296,2.0417379446695296,0.22839075983356222,0.25380736671654336,108.0,29.25,0.8890630720225483,0.2726160605220646,6865.0,25.0,0.16111111111111112,613,B8,T_start=60
48787.0,0.02006781090018189,2.0417379446695296,2.0417379446695296,0.22839075983356222,0.24575194211572754,110.0,41.0,0.8943715718239031,0.25783986984363494,7460.0,29.0,0.14444444444444443,613,B12,T_start=60
46250.0,0.02006781090018189,2.0417379446695296,2.0417379446695296,0.2666054054054054,0.19916756756756757,87.0,28.333333333333332,0.9146728899142853,0.20293255506796723,4365.0,5.0,0.0,614,A3,T_start=60
46250.0,0.02006781090018189,2.0417379446695296,3.8459178204535354,0.23492972972972972,0.1886810810810811,75.0,20.666666666666668,0.889953371369011,0.2694046619475767,6800.0,28.0,0.0,614,A6,T_start=60
46250.0,0.02006781090018189,2.0417379446695296,2.0417379446695296,0.2358054054054054,0.17690810810810811,73.0,28.0,0.9145206585805864,0.2044523298828906,6235.0,25.0,0.06111111111111111,614,B6,T_start=60
46250.0,0.02006781090018189,2.0417379446695296,2.9853826189179604,0.22134054054054053,0.17556756756756756,67.0,28.0,0.9062518070233357,0.22265101159995365,5515.0,16.0,0.19444444444444445,614,B8,T_start=60
46250.0,0.02006781090018189,2.0417379446695296,2.0417379446695296,0.2358054054054054,0.17690810810810811,73.0,28.0,0.9058147063124814,0.22860001758532866,6750.0,24.0,0.06666666666666667,614,B12,T_start=60
21030.0,0.02006781090018189,0.5754399373371569,1.0501467677660838,0.0,0.060770328102710415,15.0,2.5,0.9101517740123661,0.20576558591568464,3735.0,2.0,0.0,615,A3,T_start=60
21030.0,0.02006781090018189,0.5754399373371569,1.0501467677660838,0.0,0.060770328102710415,15.0,2.5,0.8905608325336029,0.25472578901840465,5300.0,28.0,0.0,615,A6,T_start=60
21030.0,0.02006781090018189,0.5754399373371569,1.0501467677660838,0.0,0.060770328102710415,15.0,2.5,0.9058097942706961,0.21573263789760455,4445.0,20.0,0.0,615,B6,T_start=60
21030.0,0.02006781090018189,0.557506583166466,1.0501467677660838,0.0,0.05962910128388017,15.0,2.5,0.8913146936067645,0.2520369899342173,4850.0,15.0,0.04722222222222222,615,B8,T_start=60
21030.0,0.02006781090018189,0.5754399373371569,1.0501467677660838,0.0,0.060770328102710415,15.0,2.5,0.8949698624571152,0.24219164818347136,4770.0,20.0,0.0,615,B12,T_start=60
44102.0,0.02006781090018189,1.4412854420872234,2.0417379446695296,0.008321618067207836,0.1169107976962496,60.0,77.5,0.930182551492736,0.16611241940703014,4155.0,5.0,0.0,616,A3,T_start=60
44102.0,0.02006781090018189,1.0174193661806046,2.0417379446695296,0.008321618067207836,0.07906670899278945,39.0,63.25,0.9024002568371274,0.24102982618199872,7265.0,35.0,0.0,616,A6,T_start=60
44102.0,0.02006781090018189,1.4876473740795015,2.0417379446695296,0.012062944991156864,0.10815836016507188,54.0,63.0,0.9244432057813076,0.18000085034865643,5240.0,34.0,0.0,616,B6,T_start=60
44102.0,0.02006781090018189,0.6531305526474723,1.4876473740795015,2.2674708629994104e-05,0.06743458346560247,34.0,76.75,0.909582209640747,0.21619599439252135,5235.0,13.0,0.044444444444444446,616,B8,T_start=60
44102.0,0.02006781090018189,1.0501467677660838,2.0417379446695296,0.0064169425422883316,0.10214956237812343,50.0,63.0,0.911863191944934,0.21067270364770924,5765.0,30.0,0.0,616,B12,T_start=60
63828.0,0.02006781090018189,1.0501467677660838,2.0417379446695296,0.004402456602118193,0.07747383593407282,50.0,57.25,0.9443878686178759,0.1420448643832702,4965.0,8.0,0.0,617,A3,T_start=60
63828.0,0.02006781090018189,0.2867477375581316,1.4412854420872234,0.002679075014100395,0.03243090806542583,21.0,54.5,0.9185170547262275,0.21343554604178772,7690.0,23.0,0.0,617,A6,T_start=60
63828.0,0.02006781090018189,0.8151734005153627,2.0417379446695296,0.005718493451149965,0.06799523719997494,43.0,69.25,0.9400188869393749,0.15496447067315502,5540.0,27.0,0.0,617,B6,T_start=60
63828.0,0.02006781090018189,0.43276287768448307,1.9164610627353873,0.0014257065864510872,0.04690731340477533,28.0,57.25,0.930134480484849,0.18045691443903333,6250.0,16.0,0.0,617,B8,T_start=60
63828.0,0.02006781090018189,0.5939501549952435,1.9164610627353873,0.002882747383593407,0.05821896346431033,37.0,55.5,0.9292080562938139,0.18192736612919672,6330.0,27.0,0.0,617,B12,T_start=60
91433.0,0.02006781090018189,2.0417379446695296,2.0417379446695296,0.14780221583017072,0.16035785766626928,113.0,50.0,0.93581409049421,0.16641804488887962,5865.0,13.0,0.0,618,A3,T_start=60
91433.0,0.02006781090018189,2.0417379446695296,2.0417379446695296,0.12359870068793542,0.10772915686896416,46.0,4.25,0.9095057735931578,0.2380047555075916,9610.0,36.0,0.0,618,A6,T_start=60
91433.0,0.02006781090018189,2.0417379446695296,2.0417379446695296,0.16950116478733063,0.16654818282239453,125.0,46.75,0.9384508864172327,0.15784281161846847,7885.0,34.0,0.06388888888888888,618,B6,T_start=60
91433.0,0.02006781090018189,2.0417379446695296,2.0417379446695296,0.14150252097164043,0.10649327923178721,53.0,16.75,0.9335445248588508,0.1715669571299682,7060.0,11.0,0.18888888888888888,618,B8,T_start=60
91433.0,0.02006781090018189,2.0417379446695296,2.0417379446695296,0.16823247623943216,0.1253923638073781,94.0,39.5,0.9284623910226797,0.18273015476738796,8400.0,20.0,0.06944444444444445,618,B12,T_start=60
66946.0,0.02006781090018189,1.4876473740795015,2.0417379446695296,0.010052878439339169,0.1088489230125773,79.0,47.0,0.9468241984380168,0.1325353458027557,4800.0,6.0,0.0,619,A3,T_start=60
66946.0,0.02006781090018189,0.23713737056616552,0.7182076058301705,0.0,0.024960415857556838,17.0,42.5,0.9075991545233258,0.24095516493142555,9040.0,38.0,0.0,619,A6,T_start=60
66946.0,0.02006781090018189,1.3528511027866506,2.0417379446695296,0.012278552863501926,0.10087234487497386,71.0,66.16666666666667,0.9370993756132222,0.15650272494902892,5895.0,30.0,0.0,619,B6,T_start=60
66946.0,0.02006781090018189,0.7182076058301705,1.742809826672464,0.0015534908732411196,0.06082514265228692,44.0,41.833333333333336,0.9239329007022783,0.1909732994798594,6350.0,14.0,0.20277777777777778,619,B8,T_start=60
66946.0,0.02006781090018189,0.6531305526474723,1.584893192461114,0.00031368565709676455,0.062229259403101006,37.0,61.666666666666664,0.9248864988095566,0.1892240086212075,6705.0,24.0,0.0,619,B12,T_start=60
643240.0,0.02006781090018189,2.0417379446695296,2.3173946499684797,0.1885602574466762,0.23548364529569057,444.0,95.2,0.9832391933444217,0.06072795013599528,25050.0,23.0,0.0,620,A3,T_start=60
643240.0,0.02006781090018189,2.0417379446695296,2.1752040340195222,0.07912598718985138,0.10645482246128972,206.0,79.0,0.975455927869893,0.08815987449551507,42575.0,46.0,0.0,620,A6,T_start=60
643240.0,0.02006781090018189,2.0417379446695296,2.0417379446695296,0.08169812200733785,0.2713489521795908,354.0,84.0,0.9814994113863814,0.06844135659023624,32140.0,57.0,0.08333333333333333,620,B6,T_start=60
643240.0,0.02006781090018189,2.0417379446695296,2.0417379446695296,0.08142411852496735,0.1883243423916423,275.0,85.8,0.976421490321749,0.08272767156986716,31950.0,45.0,0.1111111111111111,620,B8,T_start=60
643240.0,0.02006781090018189,2.0417379446695296,2.1752040340195222,0.0879205273303899,0.20264442509794167,312.0,84.0,0.9772070095322921,0.08193508450028077,35170.0,42.0,0.06111111111111111,620,B12,T_start=60
711831.0,0.02006781090018189,1.3106900423660772,2.0417379446695296,0.015059754351805415,0.10984770261480604,90.0,27.25,0.9845388044663729,0.06467258134200059,35400.0,15.0,0.0,621,A3,T_start=60
711831.0,0.02006781090018189,1.3963683610559376,2.0417379446695296,0.01801270245325084,0.11904230077082903,117.0,18.875,0.9750286099826696,0.09438713841937657,55185.0,46.0,0.0,621,A6,T_start=60
711831.0,0.02006781090018189,2.0417379446695296,2.0417379446695296,0.1048995477859211,0.2474987040463256,346.0,33.875,0.9852932783644961,0.060573166816134213,41390.0,53.0,0.09166666666666666,621,B6,T_start=60
711831.0,0.02006781090018189,2.0417379446695296,2.0417379446695296,0.05793229010818579,0.23053365194828548,255.0,25.125,0.9854002221645922,0.06176278662657827,40970.0,48.0,0.09166666666666666,621,B8,T_start=60
711831.0,0.02006781090018189,2.0417379446695296,2.0417379446695296,0.071487473852642,0.21646711087322693,269.0,24.5,0.9837307012953925,0.06901403246399959,48250.0,37.0,0.1,621,B12,T_start=60
50437.0,0.02006781090018189,2.0417379446695296,2.0417379446695296,0.31821381128933124,0.1726361599619327,57.0,40.0,0.8978161550138155,0.2264905958053177,4425.0,4.0,0.0,622,A3,T_start=60
50437.0,0.02006781090018189,2.0417379446695296,2.0417379446695296,0.265266570176656,0.20809623887225648,53.0,40.0,0.8861249214520622,0.2595843838275301,6380.0,31.0,0.0,622,A6,T_start=60
50437.0,0.02006781090018189,2.0417379446695296,2.0417379446695296,0.32190653686777565,0.15435097250034696,53.0,120.0,0.8951893382208739,0.2330166215405163,6200.0,12.0,0.15555555555555556,622,B6,T_start=60
50437.0,0.02006781090018189,2.0417379446695296,2.3173946499684797,0.2947488946606658,0.18043797212363938,52.0,120.0,0.8971178742033556,0.22795098068361577,5070.0,8.0,0.16111111111111112,622,B8,T_start=60
50437.0,0.02006781090018189,2.0417379446695296,2.0417379446695296,0.3165731506632036,0.15797926125661715,53.0,120.0,0.8917502804661706,0.24184963108646862,6410.0,14.0,0.06666666666666667,622,B12,T_start=60
27999.0,0.02006781090018189,0.6958249547006052,1.8567353246307055,0.0022500803600128574,0.05568056002000071,16.0,2.5,0.964868997266881,0.10475532226980533,3735.0,2.0,0.0,623,A3,T_start=60
27999.0,0.02006781090018189,0.6958249547006052,1.8567353246307055,0.0022500803600128574,0.05568056002000071,16.0,2.5,0.9506351456197377,0.1428409830921991,4990.0,24.0,0.0,623,A6,T_start=60
27999.0,0.02006781090018189,0.6958249547006052,1.8567353246307055,0.0022500803600128574,0.05568056002000071,16.0,2.5,0.9599277689167643,0.11665284216542092,4395.0,19.0,0.0,623,B6,T_start=60
27999.0,0.02006781090018189,0.6958249547006052,1.8567353246307055,0.0022500803600128574,0.05568056002000071,16.0,2.5,0.9526755444235052,0.13586771406679796,4760.0,17.0,0.04722222222222222,623,B8,T_start=60
27999.0,0.02006781090018189,0.6958249547006052,1.8567353246307055,0.0022500803600128574,0.05568056002000071,16.0,2.5,0.9520012629180665,0.13473072799732239,4695.0,19.0,0.0,623,B12,T_start=60
31405.0,0.02006781090018189,1.0839269140212038,2.0417379446695296,0.0035026269702276708,0.08638751791116064,28.0,4.0,0.9356093169927515,0.16127713805158103,4110.0,4.0,0.0,624,A3,T_start=60
31405.0,0.02006781090018189,0.6741398498898495,1.584893192461114,0.0002228944435599427,0.07017990765801624,23.0,4.0,0.9115924666223567,0.22517737746212102,6485.0,28.0,0.0,624,A6,T_start=60
31405.0,0.02006781090018189,1.0839269140212038,2.0417379446695296,0.0035026269702276708,0.08638751791116064,28.0,4.0,0.9335497663728722,0.16476019215034235,4815.0,21.0,0.0,624,B6,T_start=60
31405.0,0.02006781090018189,0.7897688493998856,2.0417379446695296,0.003279732526667728,0.06750517433529693,21.0,3.5,0.9202243752678743,0.2014721690076448,5310.0,18.0,0.06388888888888888,624,B8,T_start=60
31405.0,0.02006781090018189,1.0839269140212038,2.0417379446695296,0.0035026269702276708,0.08638751791116064,28.0,4.0,0.9205742967127167,0.19724955507826414,5540.0,21.0,0.0,624,B12,T_start=60
106035.0,0.04027170343254591,2.0417379446695296,3.726061338637685,0.2826000848776347,0.27867685198283587,234.0,118.5,0.8973195064295352,0.2505115048362514,7095.0,10.0,0.0,625,A3,T_start=60
106035.0,0.02006781090018189,2.0417379446695296,3.388441561392024,0.060930353185269015,0.2048875371339652,97.0,46.5,0.8845354095682874,0.27486654327723953,10860.0,36.0,0.0,625,A6,T_start=60
106035.0,0.02006781090018189,2.0417379446695296,4.505572682644998,0.10985052105436884,0.15700476257839394,111.0,91.5,0.90982028005544,0.2093737890613976,7950.0,35.0,0.06388888888888888,625,B6,T_start=60
106035.0,0.02006781090018189,2.0417379446695296,2.2451739778971898,0.13729428962135143,0.15118592917432924,112.0,51.0,0.8956407165866025,0.2449849278987767,7765.0,25.0,0.13333333333333333,625,B8,T_start=60
106035.0,0.02006781090018189,2.0417379446695296,2.0417379446695296,0.05519875512802377,0.15068609421417456,88.0,40.5,0.8955518587349631,0.24463015908352023,8460.0,26.0,0.022222222222222223,625,B12,T_start=60
58951.0,0.02006781090018189,2.0417379446695296,2.7148760106825023,0.292963647775271,0.23650998286712693,132.0,30.0,0.8803821155522404,0.2691787599436311,4605.0,5.0,0.0,626,A3,T_start=60
58951.0,0.02006781090018189,2.0417379446695296,3.4974378036641802,0.2608098251089888,0.2272395718478058,107.0,22.0,0.8419353374949456,0.3715681917855209,7715.0,25.0,0.0,626,A6,T_start=60
58951.0,0.02006781090018189,2.0417379446695296,2.0417379446695296,0.25226883343794,0.1938135061322115,96.0,7.0,0.8614326933878561,0.3204712081053381,7650.0,18.0,0.08055555555555556,626,B6,T_start=60
58951.0,0.02006781090018189,2.0417379446695296,2.0417379446695296,0.22252379094502214,0.2187070617970857,95.0,7.0,0.8568033405350695,0.3318290537650621,6950.0,13.0,0.1388888888888889,626,B8,T_start=60
58951.0,0.02006781090018189,2.0417379446695296,2.0417379446695296,0.25226883343794,0.1938135061322115,96.0,7.0,0.853652446685521,0.3391134304222829,7820.0,19.0,0.08888888888888889,626,B12,T_start=60
85846.0,0.02006781090018189,1.2698429144338064,2.0417379446695296,0.006523309181557673,0.08609603243016564,83.0,96.66666666666667,0.9245687656899023,0.1813496289350027,5700.0,11.0,0.0,627,A3,T_start=60
85846.0,0.02006781090018189,0.15712670380639343,1.4412854420872234,0.0007571698157165156,0.024998252685040655,23.0,41.0,0.8930767740981421,0.2802708264627849,10260.0,39.0,0.0,627,A6,T_start=60
85846.0,0.02006781090018189,0.985711900900616,1.9164610627353873,0.001327959369102812,0.07759243296134939,62.0,81.0,0.9208771415756558,0.19241163109710424,6745.0,31.0,0.0,627,B6,T_start=60
85846.0,0.02006781090018189,1.0501467677660838,2.0417379446695296,0.006173846189688512,0.07765067679332759,61.0,80.66666666666667,0.903357306590303,0.24044893580905208,7285.0,18.0,0.09166666666666666,627,B8,T_start=60
85846.0,0.02006781090018189,0.44668359215096304,1.6358745652400533,0.0007571698157165156,0.04640868532022459,35.0,41.5,0.9194951484845253,0.19809995764396465,7155.0,23.0,0.06111111111111111,627,B12,T_start=60
55262.0,0.02006781090018189,1.2698429144338064,2.0417379446695296,0.013354565524230031,0.10955086678006587,74.0,61.2,0.9425305640000936,0.14190528467118962,4500.0,8.0,0.0,628,A3,T_start=60
55262.0,0.02006781090018189,0.2447653853410146,1.584893192461114,0.0023886214758785424,0.025569107162245305,16.0,36.4,0.9122754523722894,0.22958012795908106,7775.0,30.0,0.0,628,A6,T_start=60
55262.0,0.02006781090018189,0.9549925860214359,1.9164610627353873,0.002841011906916145,0.08541131337989939,47.0,36.8,0.9384179934772048,0.15469934294515958,5310.0,24.0,0.14722222222222223,628,B6,T_start=60
55262.0,0.02006781090018189,1.0501467677660838,2.0417379446695296,0.013354565524230031,0.08260649270746626,50.0,52.0,0.9265802161113332,0.18736378201496276,5670.0,18.0,0.06666666666666667,628,B8,T_start=60
55262.0,0.02006781090018189,0.9549925860214359,1.9164610627353873,0.002841011906916145,0.07871593500054287,42.0,36.8,0.9274567861110687,0.18311944227977758,5880.0,21.0,0.0,628,B12,T_start=60
74304.0,0.02006781090018189,0.8963961859499497,1.9781080029332403,0.003526055124892334,0.08550010766580535,69.0,69.0,0.9443679365167085,0.14183894941404457,5220.0,10.0,0.0,629,A3,T_start=60
74304.0,0.02006781090018189,0.7182076058301705,1.3963683610559376,0.0,0.06478789836347976,44.0,34.6,0.9198669360542696,0.21075476937628146,8645.0,32.0,0.0,629,A6,T_start=60
74304.0,0.02006781090018189,1.191927939457827,2.0417379446695296,0.008142226528854437,0.1114475667527993,83.0,77.8,0.9490731909235725,0.12963302878023822,5735.0,24.0,0.1111111111111111,629,B6,T_start=60
74304.0,0.02006781090018189,0.6327760017024558,1.584893192461114,0.0021129414298018947,0.05633613264427218,37.0,65.6,0.9335030087108264,0.1688865368546369,5930.0,10.0,0.12777777777777777,629,B8,T_start=60
74304.0,0.02006781090018189,0.8684603593990751,1.742809826672464,0.0021129414298018947,0.08585002153316107,60.0,66.6,0.934733689095653,0.1673218600671492,6555.0,23.0,0.0,629,B12,T_start=60
32785.0,0.02006781090018189,0.5401321147646347,0.8684603593990751,0.0,0.05319505871587616,19.0,,0.9313815774783988,0.16639370875516454,4125.0,3.0,0.0,630,A3,T_start=60
32785.0,0.02006781090018189,0.09772372209558107,0.6531305526474723,0.0,0.017935031264297695,8.0,,0.9168539846990339,0.20570317987138068,5680.0,29.0,0.0,630,A6,T_start=60
32785.0,0.02006781090018189,0.5401321147646347,0.8684603593990751,0.0,0.05319505871587616,19.0,,0.934544989045178,0.16058095829035432,4570.0,23.0,0.0,630,B6,T_start=60
32785.0,0.02006781090018189,0.5232991146814947,0.8151734005153627,0.0,0.05267652890041177,19.0,,0.9188250662070595,0.19690862978468002,4885.0,14.0,0.06944444444444445,630,B8,T_start=60
32785.0,0.02006781090018189,0.5401321147646347,0.8684603593990751,0.0,0.05319505871587616,19.0,,0.9201233160679056,0.19520466190048946,5020.0,22.0,0.0,630,B12,T_start=60
28418.0,0.02006781090018189,0.2778113596642536,2.0417379446695296,0.010697445281159828,0.028573439369413752,10.0,5.0,0.9220050980124711,0.18109470676339998,3735.0,2.0,0.0,631,A3,T_start=60
28418.0,0.02006781090018189,0.2778113596642536,2.0417379446695296,0.010697445281159828,0.028573439369413752,10.0,5.0,0.9066606506622876,0.22200535082976508,5165.0,27.0,0.0,631,A6,T_start=60
28418.0,0.02006781090018189,0.2778113596642536,2.0417379446695296,0.010697445281159828,0.028573439369413752,10.0,5.0,0.9184865280044995,0.19085920263336403,4320.0,19.0,0.0,631,B6,T_start=60
28418.0,0.02006781090018189,0.26915348039269155,2.0417379446695296,0.009571398409458793,0.028115982827785206,9.0,5.0,0.9054807741511304,0.22424964361413305,4990.0,14.0,0.0,631,B8,T_start=60
28418.0,0.02006781090018189,0.2778113596642536,2.0417379446695296,0.010697445281159828,0.028573439369413752,10.0,5.0,0.911236401881639,0.2080070032743979,4595.0,19.0,0.0,631,B12,T_start=60
23119.0,0.02006781090018189,0.8684603593990751,2.0417379446695296,0.0189022016523206,0.07824732903672305,21.0,37.0,0.8902160984072877,0.23734726740528736,3750.0,2.0,0.0,632,A3,T_start=60
23119.0,0.02006781090018189,0.47588279098881686,1.2302687708123812,0.0,0.047925948354167566,10.0,1.0,0.8569157241530996,0.31903311774357546,5915.0,28.0,0.0,632,A6,T_start=60
23119.0,0.02006781090018189,0.8684603593990751,2.0417379446695296,0.0189022016523206,0.07824732903672305,21.0,37.0,0.884553639212973,0.2515387898109837,4715.0,28.0,0.0,632,B6,T_start=60
23119.0,0.02006781090018189,0.8684603593990751,2.0417379446695296,0.0189022016523206,0.06124832388944158,16.0,1.0,0.8762003499931924,0.273435068624492,4625.0,10.0,0.1638888888888889,632,B8,T_start=60
23119.0,0.02006781090018189,0.8684603593990751,2.0417379446695296,0.0189022016523206,0.07824732903672305,21.0,37.0,0.8651932551273704,0.29746328751676293,5310.0,29.0,0.0,632,B12,T_start=60
40141.0,0.02006781090018189,0.8963961859499497,1.9781080029332403,0.0017936772875613463,0.07660496748959916,35.0,45.0,0.9333768565936827,0.16014795763136713,4035.0,4.0,0.0,633,A3,T_start=60
40141.0,0.02006781090018189,0.26915348039269155,1.5355006336570662,0.0008968386437806731,0.03674547221045814,16.0,3.0,0.906130196000482,0.23637613365641721,6560.0,29.0,0.0,633,A6,T_start=60
40141.0,0.02006781090018189,1.3528511027866506,2.0417379446695296,0.006178221768266859,0.09977329912059989,46.0,62.666666666666664,0.9282092549069602,0.17411633986949931,4920.0,25.0,0.0,633,B6,T_start=60
40141.0,0.02006781090018189,1.3528511027866506,2.0417379446695296,0.006178221768266859,0.09155227821927704,40.0,62.666666666666664,0.9125497900609152,0.21297076501678197,5285.0,14.0,0.044444444444444446,633,B8,T_start=60
40141.0,0.02006781090018189,0.8151734005153627,1.9781080029332403,0.005281383124486186,0.06903166338656237,30.0,59.666666666666664,0.9156459791182966,0.20489223328046763,5380.0,23.0,0.0,633,B12,T_start=60
34699.0,0.02006781090018189,0.985711900900616,1.9781080029332403,0.00034583129196806827,0.08063632957722125,33.0,5.0,0.956173138365037,0.11486157722859448,3735.0,2.0,0.0,634,A3,T_start=60
34699.0,0.02006781090018189,0.44668359215096304,1.9164610627353873,0.00025937346897605116,0.048012911034900144,20.0,2.0,0.9350836983936597,0.17517615838480985,6615.0,31.0,0.0,634,A6,T_start=60
34699.0,0.02006781090018189,0.985711900900616,1.9781080029332403,0.00034583129196806827,0.08063632957722125,33.0,5.0,0.9497100420082273,0.13316017302494323,4880.0,24.0,0.0,634,B6,T_start=60
34699.0,0.02006781090018189,0.985711900900616,1.9781080029332403,0.00034583129196806827,0.08063632957722125,33.0,5.0,0.9447521896382953,0.14538401973338724,4785.0,17.0,0.05,634,B8,T_start=60
34699.0,0.02006781090018189,0.985711900900616,1.9781080029332403,0.00034583129196806827,0.08063632957722125,33.0,5.0,0.9417232739781897,0.1538360171203116,5280.0,24.0,0.0,634,B12,T_start=60
46043.0,0.02006781090018189,1.3106900423660772,2.0417379446695296,0.004712985687292314,0.07866559520448277,38.0,7.666666666666667,0.9938713417714171,0.03943351811305332,3885.0,4.0,0.0,635,A3,T_start=60
46043.0,0.02006781090018189,0.31531889793555934,2.0417379446695296,0.003388137176117977,0.041982494624590055,21.0,4.333333333333333,0.9824738465006273,0.07916628091646497,6305.0,31.0,0.0,635,A6,T_start=60
46043.0,0.02006781090018189,1.3106900423660772,2.0417379446695296,0.004712985687292314,0.07866559520448277,38.0,7.666666666666667,0.9871707061763616,0.05810225002946532,4790.0,29.0,0.0,635,B6,T_start=60
46043.0,0.02006781090018189,1.3106900423660772,2.0417379446695296,0.004712985687292314,0.07866559520448277,38.0,7.666666666666667,0.9886011029897168,0.05866844246424767,4955.0,17.0,0.06111111111111111,635,B8,T_start=60
46043.0,0.02006781090018189,1.3106900423660772,2.0417379446695296,0.004712985687292314,0.07866559520448277,38.0,7.666666666666667,0.9856797137594481,0.06500700895210204,5240.0,29.0,0.0,635,B12,T_start=60
38257.0,0.02006781090018189,1.1187936686591167,2.0417379446695296,0.005384635491544031,0.08233787280759076,36.0,4.5,0.9891939594705838,0.05549002797545797,3750.0,2.0,0.0,636,A3,T_start=60
38257.0,0.02006781090018189,0.47588279098881686,1.6884958594867534,0.0,0.04631832083017487,17.0,3.0,0.9730167552947031,0.10758191167395277,6935.0,31.0,0.0,636,A6,T_start=60
38257.0,0.02006781090018189,1.1187936686591167,2.0417379446695296,0.005384635491544031,0.08233787280759076,36.0,4.5,0.9827419364085919,0.0755082504742665,4915.0,31.0,0.0,636,B6,T_start=60
38257.0,0.02006781090018189,0.8684603593990751,1.9781080029332403,0.004757299317771911,0.0767441252581227,34.0,3.0,0.9813828670483745,0.0821012216418332,5175.0,18.0,0.06944444444444445,636,B8,T_start=60
38257.0,0.02006781090018189,1.1187936686591167,2.0417379446695296,0.005384635491544031,0.08233787280759076,36.0,4.5,0.9790869213588385,0.08644657783264029,5415.0,31.0,0.0,636,B12,T_start=60
34656.0,0.02006781090018189,1.0501467677660838,1.9781080029332403,0.0005771006463527239,0.08659395198522622,34.0,3.6666666666666665,0.9883484680985528,0.060210440123506175,3735.0,2.0,0.0,637,A3,T_start=60
34656.0,0.02006781090018189,0.3054921113215514,1.742809826672464,0.00020198522622345337,0.03344298245614035,13.0,1.6666666666666667,0.971537599144516,0.11001611268631507,6530.0,33.0,0.0,637,A6,T_start=60
34656.0,0.02006781090018189,1.0501467677660838,1.9781080029332403,0.0005771006463527239,0.08659395198522622,34.0,3.6666666666666665,0.9820096522237003,0.07893333309363654,4900.0,30.0,0.0,637,B6,T_start=60
34656.0,0.02006781090018189,0.5939501549952435,1.9781080029332403,0.0005771006463527239,0.05355493998153278,20.0,2.3333333333333335,0.9793262869417595,0.08820981279774787,5050.0,17.0,0.06111111111111111,637,B8,T_start=60
34656.0,0.02006781090018189,1.0501467677660838,1.9781080029332403,0.0005771006463527239,0.08659395198522622,34.0,3.6666666666666665,0.9770481919766155,0.09304132323369553,5400.0,30.0,0.0,637,B12,T_start=60
34030.0,0.02006781090018189,0.33593093598651524,1.9781080029332403,0.002057008521892448,0.036996767558037026,15.0,3.0,0.9880374527830958,0.05815896155828229,3735.0,2.0,0.0,638,A3,T_start=60
34030.0,0.02006781090018189,0.1899984246214733,1.9781080029332403,0.002057008521892448,0.023626212165736116,9.0,1.0,0.9761073549146312,0.0945892279590902,5825.0,29.0,0.0,638,A6,T_start=60
34030.0,0.02006781090018189,0.33593093598651524,1.9781080029332403,0.002057008521892448,0.036996767558037026,15.0,3.0,0.9816324166476004,0.07764469036360115,4705.0,28.0,0.0,638,B6,T_start=60
34030.0,0.02006781090018189,0.33593093598651524,1.9781080029332403,0.002057008521892448,0.036996767558037026,15.0,3.0,0.9797889623232267,0.08250755280760125,4910.0,16.0,0.05555555555555555,638,B8,T_start=60
34030.0,0.02006781090018189,0.33593093598651524,1.9781080029332403,0.002057008521892448,0.036996767558037026,15.0,3.0,0.9775068101183173,0.08929372932890571,5130.0,28.0,0.0,638,B12,T_start=60
37309.0,0.02006781090018189,0.6741398498898495,1.584893192461114,0.0,0.06858934841459165,30.0,7.5,0.9885963400962591,0.0566445158773593,3885.0,4.0,0.0,639,A3,T_start=60
37309.0,0.02006781090018189,0.41927599668460547,1.3528511027866506,0.0,0.04213460559114423,18.0,7.5,0.9763302354554808,0.09515203948431593,6645.0,29.0,0.0,639,A6,T_start=60
37309.0,0.02006781090018189,0.6741398498898495,1.584893192461114,0.0,0.06858934841459165,30.0,7.5,0.9810447168394647,0.07497707577044428,4855.0,30.0,0.0,639,B6,T_start=60
37309.0,0.02006781090018189,0.47588279098881686,1.584893192461114,0.0,0.04800450293494867,21.0,7.5,0.9802587612417311,0.08313723328177575,5175.0,16.0,0.06388888888888888,639,B8,T_start=60
37309.0,0.02006781090018189,0.6741398498898495,1.584893192461114,0.0,0.06858934841459165,30.0,7.5,0.9777673969308899,0.08675258127530965,5330.0,30.0,0.0,639,B12,T_start=60
72145.0,0.02006781090018189,2.0417379446695296,2.0417379446695296,0.10502113798600042,0.12265922794372444,97.0,77.28571428571429,0.9726890821856609,0.0848686378977661,4890.0,7.0,0.0,640,A3,T_start=60
72145.0,0.02006781090018189,1.6884958594867534,2.0417379446695296,0.0653406334465313,0.12018850925220043,66.0,27.285714285714285,0.9527396117313235,0.14405496505136917,8375.0,26.0,0.0,640,A6,T_start=60
72145.0,0.02006781090018189,1.4876473740795015,2.0417379446695296,0.0819599417839074,0.13802758333910875,96.0,93.71428571428571,0.9613051063289128,0.10995626503922151,7320.0,35.0,0.05,640,B6,T_start=60
72145.0,0.02006781090018189,0.8963961859499497,2.0417379446695296,0.07505717651950933,0.08366484163836718,61.0,60.714285714285715,0.9634023391201888,0.11104683767522769,6540.0,18.0,0.11944444444444445,640,B8,T_start=60
72145.0,0.02006781090018189,1.4876473740795015,2.0417379446695296,0.0819599417839074,0.13503361286298426,95.0,82.85714285714286,0.9570272868508277,0.12441798804826007,7990.0,29.0,0.06111111111111111,640,B12,T_start=60
132706.0,0.02006781090018189,0.6958249547006052,1.584893192461114,0.0010549636037556704,0.062242852621584556,57.0,65.25,0.9716022231706045,0.08709293449004173,6915.0,6.0,0.0,641,A3,T_start=60
132706.0,0.02006781090018189,0.04290421892388853,1.0174193661806046,0.0,0.019087305773665093,17.0,16.5,0.9569286504227787,0.13648491493343434,12250.0,40.0,0.0,641,A6,T_start=60
132706.0,0.02006781090018189,1.5355006336570662,2.0417379446695296,0.0146790650008289,0.1128208219673564,125.0,81.5,0.9624219366903995,0.1090616865068256,8535.0,49.0,0.0,641,B6,T_start=60
132706.0,0.02006781090018189,0.19611011754760474,1.584893192461114,0.0010549636037556704,0.03358551987099302,31.0,46.5,0.9667996935493314,0.10378207299751416,8430.0,17.0,0.0,641,B8,T_start=60
132706.0,0.02006781090018189,0.31531889793555934,1.584893192461114,0.0010549636037556704,0.042085512335538706,40.0,32.25,0.9619061799017543,0.11540969481638262,9860.0,27.0,0.0,641,B12,T_start=60
200914.0,0.02006781090018189,0.26915348039269155,2.0417379446695296,0.0031356699881541356,0.03935514697830913,34.0,66.0,0.9504225122218033,0.12954919881344207,10800.0,15.0,0.0,642,A3,T_start=60
200914.0,0.02006781090018189,0.024266100950824154,0.11816803125447838,0.0,0.0002588172053714525,2.0,0.0,0.9302920787739274,0.18789747268215135,17635.0,37.0,0.0,642,A6,T_start=60
200914.0,0.02006781090018189,1.4412854420872234,2.0417379446695296,0.038210378569935394,0.08072110455219646,96.0,5.0,0.9500573511209759,0.13272860676271572,11555.0,40.0,0.0,642,B6,T_start=60
200914.0,0.02006781090018189,0.3578903595427346,2.0417379446695296,0.0031356699881541356,0.04333197288392048,32.0,66.0,0.9489274740697891,0.13452041082830693,11065.0,19.0,0.21388888888888888,642,B8,T_start=60
200914.0,0.02006781090018189,0.9549925860214359,2.0417379446695296,0.038210378569935394,0.0601650457409638,81.0,5.0,0.9434835415804715,0.1508036286668382,12870.0,32.0,0.0,642,B12,T_start=60
34789.0,0.02006781090018189,0.8684603593990751,2.0417379446695296,0.0046278996234441925,0.06585414930006611,25.0,120.0,0.9410076257781851,0.14275274984193487,3810.0,2.0,0.0,643,A3,T_start=60
34789.0,0.02006781090018189,0.8684603593990751,2.0417379446695296,0.0046278996234441925,0.06568168099111789,24.0,120.0,0.9140889574946931,0.21316139257017971,6225.0,29.0,0.0,643,A6,T_start=60
34789.0,0.02006781090018189,0.8684603593990751,2.0417379446695296,0.0046278996234441925,0.06568168099111789,24.0,120.0,0.9301244684710032,0.17168615377108185,4895.0,28.0,0.0,643,B6,T_start=60
34789.0,0.02006781090018189,0.8684603593990751,2.0417379446695296,0.0046278996234441925,0.06568168099111789,24.0,120.0,0.9294984464894311,0.17424603617675674,4700.0,16.0,0.07222222222222222,643,B8,T_start=60
34789.0,0.02006781090018189,0.8684603593990751,2.0417379446695296,0.0046278996234441925,0.06568168099111789,24.0,120.0,0.9227616049452124,0.19125333434566913,5325.0,28.0,0.0,643,B12,T_start=60
35169.0,0.02006781090018189,0.31531889793555934,0.7413102413009177,0.0,0.02033040461770309,10.0,3.0,0.9761088576885852,0.07830804993713827,3795.0,2.0,0.0,644,A3,T_start=60
35169.0,0.02006781090018189,0.3054921113215514,0.7413102413009177,0.0,0.02033040461770309,10.0,3.0,0.963242123214104,0.11728424718259237,5920.0,22.0,0.0,644,A6,T_start=60
35169.0,0.02006781090018189,0.32546178349804583,0.7413102413009177,0.0,0.02033040461770309,10.0,3.0,0.9692906879892027,0.09697039006068611,4705.0,30.0,0.0,644,B6,T_start=60
35169.0,0.02006781090018189,0.31531889793555934,0.7413102413009177,0.0,0.02033040461770309,10.0,3.0,0.9654735261594374,0.11030786004498098,5215.0,23.0,0.0,644,B8,T_start=60
35169.0,0.02006781090018189,0.32546178349804583,0.7413102413009177,0.0,0.02033040461770309,10.0,3.0,0.966042153018043,0.10658584084169952,5130.0,30.0,0.0,644,B12,T_start=60
33986.0,0.02006781090018189,0.47588279098881686,1.4876473740795015,0.0,0.0472253280762667,18.0,26.5,0.9821789409974513,0.06660949623583513,3735.0,2.0,0.0,645,A3,T_start=60
33986.0,0.02006781090018189,0.34673685045253166,1.4876473740795015,0.0,0.033425528158653565,12.0,2.5,0.9660536866926671,0.11462921535204448,6135.0,29.0,0.0,645,A6,T_start=60
33986.0,0.02006781090018189,0.47588279098881686,1.4876473740795015,0.0,0.0472253280762667,18.0,26.5,0.9722416840119932,0.09278365221329403,4815.0,31.0,0.0,645,B6,T_start=60
33986.0,0.02006781090018189,0.31531889793555934,1.0501467677660838,0.0,0.015476961101630084,6.0,1.5,0.9701560520173871,0.10108469483446123,5170.0,26.0,0.05277777777777778,645,B8,T_start=60
33986.0,0.02006781090018189,0.47588279098881686,1.4876473740795015,0.0,0.0472253280762667,18.0,26.5,0.9678672977470847,0.1065399416978734,5250.0,29.0,0.0,645,B12,T_start=60
36074.0,0.02006781090018189,1.8567353246307055,2.0417379446695296,0.03307783999556467,0.1100723512779287,47.0,14.5,0.9830305966648538,0.07050604596983005,3960.0,3.0,0.0,646,A3,T_start=60
36074.0,0.02006781090018189,0.6741398498898495,1.9164610627353873,0.005294672062981649,0.06935743194544547,27.0,14.0,0.965217885073034,0.12228772570110738,6990.0,28.0,0.0,646,A6,T_start=60
36074.0,0.02006781090018189,0.8413951416451951,2.0417379446695296,0.020097577202417255,0.07670344292288074,36.0,14.0,0.9742714101498338,0.09166411651030487,5030.0,29.0,0.05,646,B6,T_start=60
36074.0,0.02006781090018189,0.8151734005153627,2.0417379446695296,0.012280312690580473,0.06849808726506625,28.0,13.0,0.9754165930563129,0.0908762687853987,4990.0,20.0,0.09444444444444444,646,B8,T_start=60
36074.0,0.02006781090018189,0.8413951416451951,2.0417379446695296,0.020097577202417255,0.07670344292288074,36.0,14.0,0.971439578133347,0.1009653065895585,5405.0,29.0,0.058333333333333334,646,B12,T_start=60
51900.0,0.02006781090018189,0.8684603593990751,1.9164610627353873,0.0007899807321772639,0.0738728323699422,49.0,41.666666666666664,0.9890652132649982,0.05762845736342718,4425.0,6.0,0.0,647,A3,T_start=60
51900.0,0.02006781090018189,0.2959715725594465,1.2302687708123812,0.0,0.030828516377649325,21.0,1.6666666666666667,0.972751767316438,0.10633509427468583,7700.0,32.0,0.0,647,A6,T_start=60
51900.0,0.02006781090018189,0.47588279098881686,1.584893192461114,0.0,0.04741811175337187,29.0,41.666666666666664,0.9817045142809167,0.07602120902036912,5200.0,33.0,0.0,647,B6,T_start=60
51900.0,0.02006781090018189,0.26076542044591006,0.8684603593990751,0.0,0.024007707129094412,15.0,2.0,0.980918651297213,0.08277065622106582,5575.0,19.0,0.05555555555555555,647,B8,T_start=60
51900.0,0.02006781090018189,0.3812852456636189,1.584893192461114,0.0,0.03842003853564547,24.0,41.666666666666664,0.9795134396023559,0.08431619570990145,5650.0,30.0,0.0,647,B12,T_start=60
83784.0,0.02006781090018189,0.7897688493998856,2.0417379446695296,0.010276425093096534,0.06638498997421942,55.0,53.57142857142857,0.9896256807237697,0.05348189079660207,5385.0,9.0,0.0,648,A3,T_start=60
83784.0,0.02006781090018189,0.09772372209558107,0.8684603593990751,0.003401604124892581,0.01978898118972596,22.0,5.428571428571429,0.9759896838689344,0.09870053557358421,9990.0,37.0,0.0,648,A6,T_start=60
83784.0,0.02006781090018189,0.7413102413009177,2.0417379446695296,0.00940513701900124,0.06685047264394156,60.0,49.0,0.9844214157708153,0.06495999268629304,6410.0,31.0,0.0,648,B6,T_start=60
83784.0,0.02006781090018189,0.2959715725594465,1.8567353246307055,0.0007399980903275089,0.03503055475985868,26.0,39.0,0.9830073436869294,0.07600937587711122,7130.0,14.0,0.0,648,B8,T_start=60
83784.0,0.02006781090018189,0.6327760017024558,1.8567353246307055,0.0007399980903275089,0.059999522581877206,44.0,39.42857142857143,0.9824680200508248,0.0750571039119957,7485.0,28.0,0.0,648,B12,T_start=60
76228.0,0.02006781090018189,1.584893192461114,2.0417379446695296,0.00585086844728971,0.13874166972765914,111.0,85.6,0.9707391703118868,0.09536093364301322,5550.0,13.0,0.0,649,A3,T_start=60
76228.0,0.02006781090018189,0.5754399373371569,1.9164610627353873,0.0059426982211260955,0.05257910479089049,44.0,72.2,0.9499705554084774,0.15923992140129972,9230.0,36.0,0.0,649,A6,T_start=60
76228.0,0.02006781090018189,1.0839269140212038,1.9164610627353873,0.007162722359238075,0.08331584194784068,62.0,78.2,0.9642396600265785,0.10927767818697337,6505.0,34.0,0.0,649,B6,T_start=60
76228.0,0.02006781090018189,0.7897688493998856,1.6884958594867534,0.0,0.06282468384320722,39.0,55.6,0.9587865900966793,0.12890674039182654,7220.0,18.0,0.0,649,B8,T_start=60
76228.0,0.02006781090018189,0.32546178349804583,1.191927939457827,0.0,0.03378023823267041,21.0,54.8,0.9558771168178871,0.13511680251410513,7375.0,22.0,0.0,649,B12,T_start=60
69244.0,0.02006781090018189,1.3963683610559376,2.0417379446695296,0.011437814106637398,0.1148836000231067,76.0,69.28571428571429,0.9201084848276166,0.1827240014330115,4935.0,9.0,0.0,650,A3,T_start=60
69244.0,0.02006781090018189,0.3935500754557774,1.9781080029332403,0.004159205129686327,0.0434983536479695,32.0,43.42857142857143,0.8758568915541175,0.3029604362458254,8400.0,32.0,0.0,650,A6,T_start=60
69244.0,0.02006781090018189,1.742809826672464,2.0417379446695296,0.011957714747848189,0.1258737219109237,88.0,69.28571428571429,0.9240148486712494,0.17225258224263093,5580.0,29.0,0.225,650,B6,T_start=60
69244.0,0.02006781090018189,0.5401321147646347,1.2302687708123812,0.0,0.053650857836058,30.0,19.857142857142858,0.9002188081682185,0.2315843966914658,5920.0,10.0,0.20833333333333334,650,B8,T_start=60
69244.0,0.02006781090018189,1.4876473740795015,2.0417379446695296,0.009401536595228467,0.09896886372826527,65.0,27.142857142857142,0.8931360653032108,0.25188350132962967,7025.0,29.0,0.0,650,B12,T_start=60
80447.0,0.02006781090018189,0.7897688493998856,2.0417379446695296,0.004176662896068219,0.07327805884619687,53.0,59.125,0.9843634664081735,0.06947693441301747,5880.0,12.0,0.0,651,A3,T_start=60
80447.0,0.02006781090018189,0.44668359215096304,2.0417379446695296,0.004151801807401146,0.04682586050443149,38.0,39.375,0.9712347357625501,0.10937681192392987,10050.0,35.0,0.0,651,A6,T_start=60
80447.0,0.02006781090018189,1.4412854420872234,2.0417379446695296,0.019988315288326477,0.10359615647569206,84.0,55.25,0.9802846618356857,0.07835460752512756,6635.0,36.0,0.0,651,B6,T_start=60
80447.0,0.02006781090018189,0.41927599668460547,1.5355006336570662,0.003256802615386528,0.037614827153281044,29.0,40.25,0.9803159852690567,0.08358871280105969,6950.0,15.0,0.125,651,B8,T_start=60
80447.0,0.02006781090018189,0.557506583166466,2.0417379446695296,0.006476313597772446,0.05163648116151006,36.0,40.375,0.9767424308425211,0.09273007120288687,7725.0,31.0,0.0,651,B12,T_start=60
85652.0,0.02006781090018189,2.0417379446695296,2.0417379446695296,0.18848363143884556,0.10979311633120067,94.0,73.2,0.9860326511677363,0.06231991050077923,5025.0,8.0,0.0,652,A3,T_start=60
85652.0,0.02006781090018189,2.0417379446695296,2.0417379446695296,0.15718255265492925,0.12181852145892683,80.0,96.8,0.967231966921312,0.11478023168856934,8465.0,29.0,0.0,652,A6,T_start=60
85652.0,0.02006781090018189,2.0417379446695296,2.0417379446695296,0.1805095035725961,0.09352963153224676,81.0,96.8,0.9771741282951492,0.08434728079153957,7275.0,29.0,0.058333333333333334,652,B6,T_start=60
85652.0,0.02006781090018189,2.0417379446695296,2.0417379446695296,0.17205669453135947,0.07105496660906925,55.0,4.6,0.975150724706875,0.09265842834710115,7350.0,20.0,0.07222222222222222,652,B8,T_start=60
85652.0,0.02006781090018189,2.0417379446695296,2.0417379446695296,0.1805095035725961,0.09352963153224676,81.0,96.8,0.9738947082537326,0.09358158878124033,7730.0,27.0,0.06111111111111111,652,B12,T_start=60
34738.0,0.02006781090018189,0.6741398498898495,1.4876473740795015,0.0,0.06324486153491854,27.0,9.0,0.9838325376900993,0.0665087873203247,3735.0,2.0,0.0,653,A3,T_start=60
34738.0,0.02006781090018189,0.6741398498898495,1.4876473740795015,0.0,0.05886924981288502,24.0,9.0,0.970682278049946,0.10713727280527692,6175.0,25.0,0.0,653,A6,T_start=60
34738.0,0.02006781090018189,0.6741398498898495,1.4876473740795015,0.0,0.06324486153491854,27.0,9.0,0.9739882995717135,0.09090490755990623,4775.0,31.0,0.0,653,B6,T_start=60
34738.0,0.02006781090018189,0.6531305526474723,1.4876473740795015,0.0,0.05987679198572169,26.0,9.0,0.9725587294055423,0.09795772919662418,5000.0,24.0,0.058333333333333334,653,B8,T_start=60
34738.0,0.02006781090018189,0.6741398498898495,1.4876473740795015,0.0,0.06324486153491854,27.0,9.0,0.9715740204729577,0.09973903402361939,5225.0,31.0,0.0,653,B12,T_start=60
55781.0,0.02006781090018189,2.0417379446695296,2.0417379446695296,0.1141248812319607,0.2296839425610871,59.0,,0.9751848755166576,0.08323974878243272,4785.0,3.0,0.0,654,A3,T_start=60
55781.0,0.02006781090018189,2.0417379446695296,2.0417379446695296,0.03067352682813144,0.27439450709022783,46.0,,0.958841345041339,0.13514983639395772,7825.0,24.0,0.0,654,A6,T_start=60
55781.0,0.02006781090018189,2.0417379446695296,2.0417379446695296,0.2171527939621018,0.1618113694627203,71.0,,0.9692342931477985,0.09726257639914179,6210.0,27.0,0.20555555555555555,654,B6,T_start=60
55781.0,0.02006781090018189,2.0417379446695296,2.0417379446695296,0.08454491672791811,0.24969075491654866,54.0,,0.9670328382373734,0.10540012968427527,6135.0,21.0,0.11944444444444445,654,B8,T_start=60
55781.0,0.02006781090018189,2.0417379446695296,2.0417379446695296,0.2171527939621018,0.1618113694627203,71.0,,0.960627596417776,0.12055293175404144,7155.0,31.0,0.05555555555555555,654,B12,T_start=60
35701.0,0.02006781090018189,0.6741398498898495,1.6884958594867534,2.8010419876193944e-05,0.06865353911655135,31.0,,0.9798790196424616,0.07025140715519579,3735.0,2.0,0.0,655,A3,T_start=60
35701.0,0.02006781090018189,0.5232991146814947,1.6884958594867534,2.8010419876193944e-05,0.05159519341194924,23.0,,0.9611668596137882,0.12596975819139916,6585.0,28.0,0.0,655,A6,T_start=60
35701.0,0.02006781090018189,0.6741398498898495,1.6884958594867534,2.8010419876193944e-05,0.06865353911655135,31.0,,0.9708260499465782,0.09290548565946694,5085.0,28.0,0.0,655,B6,T_start=60
35701.0,0.02006781090018189,0.6327760017024558,1.6884958594867534,2.8010419876193944e-05,0.059466121397159746,25.0,,0.9684622339738672,0.10366123723531186,5055.0,18.0,0.06944444444444445,655,B8,T_start=60
35701.0,0.02006781090018189,0.6741398498898495,1.6884958594867534,2.8010419876193944e-05,0.06865353911655135,31.0,,0.9648133130460989,0.11196014083984682,5610.0,28.0,0.0,655,B12,T_start=60
48679.0,0.02006781090018189,2.0417379446695296,2.0417379446695296,0.11563507878140471,0.11349863390784527,58.0,14.0,0.9834545004057437,0.063637757260284,4155.0,3.0,0.0,656,A3,T_start=60
48679.0,0.02006781090018189,2.0417379446695296,2.0417379446695296,0.11563507878140471,0.07968528523593336,40.0,12.333333333333334,0.9700111027827722,0.10869102575874634,6955.0,29.0,0.0,656,A6,T_start=60
48679.0,0.02006781090018189,1.8567353246307055,2.0417379446695296,0.11351917664701411,0.09268883912980957,49.0,13.0,0.9775089293070748,0.07965722719826596,5595.0,27.0,0.1361111111111111,656,B6,T_start=60
48679.0,0.02006781090018189,1.6884958594867534,2.0417379446695296,0.1035354054109575,0.07921280223505002,35.0,3.3333333333333335,0.9792070550673675,0.0784523345196528,5250.0,17.0,0.13055555555555556,656,B8,T_start=60
48679.0,0.02006781090018189,1.8567353246307055,2.0417379446695296,0.11351917664701411,0.09268883912980957,49.0,13.0,0.9749019840968132,0.08853286136842779,6010.0,29.0,0.06111111111111111,656,B12,T_start=60
43769.0,0.02006781090018189,0.5401321147646347,1.9164610627353873,0.0008681943841531678,0.05647832941122712,30.0,2.6666666666666665,0.9897341629560724,0.04774988790082078,3735.0,2.0,0.0,657,A3,T_start=60
43769.0,0.02006781090018189,0.43276287768448307,1.9164610627353873,0.0008681943841531678,0.04187895542507254,23.0,2.0,0.9739388367334539,0.10023706834449084,6900.0,32.0,0.0,657,A6,T_start=60
43769.0,0.02006781090018189,0.5401321147646347,1.9164610627353873,0.0008681943841531678,0.05647832941122712,30.0,2.6666666666666665,0.9802746580369789,0.0727397516893433,4890.0,28.0,0.0,657,B6,T_start=60
43769.0,0.02006781090018189,0.5232991146814947,1.9164610627353873,0.0008681943841531678,0.05337110740478421,29.0,2.6666666666666665,0.9811854832815503,0.0749551187571654,5000.0,17.0,0.075,657,B8,T_start=60
43769.0,0.02006781090018189,0.5401321147646347,1.9164610627353873,0.0008681943841531678,0.05647832941122712,30.0,2.6666666666666665,0.9785712195223486,0.08051980962530711,5340.0,28.0,0.0,657,B12,T_start=60
70280.0,0.02006781090018189,2.0417379446695296,2.0417379446695296,0.25493739328400683,0.12565452475811043,66.0,4.0,0.9932027556442831,0.043588637158558756,4740.0,4.0,0.0,658,A3,T_start=60
70280.0,0.02006781090018189,2.0417379446695296,3.081413635333949,0.2460621798520205,0.12365893568582811,58.0,3.0,0.9834356608588826,0.08093331642437951,7735.0,32.0,0.0,658,A6,T_start=60
70280.0,0.02006781090018189,2.0417379446695296,2.0417379446695296,0.2557199772339215,0.12554069436539556,67.0,4.0,0.9832520768259754,0.06757275426911764,6770.0,28.0,0.05555555555555555,658,B6,T_start=60
70280.0,0.02006781090018189,2.0417379446695296,2.0417379446695296,0.2408935685828116,0.139314171883893,66.0,4.0,0.9882658068350719,0.059072101637150556,5980.0,19.0,0.10833333333333334,658,B8,T_start=60
70280.0,0.02006781090018189,2.0417379446695296,2.0417379446695296,0.25199203187250996,0.1265793966989186,65.0,4.0,0.9817898666249885,0.07451380698812125,7400.0,28.0,0.05555555555555555,658,B12,T_start=60
58788.0,0.02006781090018189,1.2698429144338064,2.0417379446695296,0.002347417840375587,0.09287609716268626,64.0,45.0,0.9968560443854048,0.02790952108269586,3750.0,2.0,0.0,659,A3,T_start=60
58788.0,0.02006781090018189,0.11091748152624009,0.6531305526474723,0.0,0.011515955637204872,8.0,4.0,0.9847914674602657,0.07422539023924296,7195.0,32.0,0.0,659,A6,T_start=60
58788.0,0.02006781090018189,1.2698429144338064,2.0417379446695296,0.002347417840375587,0.08530652514118528,59.0,67.0,0.9878916713353311,0.05536881354968468,5215.0,34.0,0.0,659,B6,T_start=60
58788.0,0.02006781090018189,0.7182076058301705,2.0417379446695296,0.0014798938558889569,0.05919575423555828,41.0,43.333333333333336,0.9896831043655255,0.0537671498475015,5240.0,19.0,0.06388888888888888,659,B8,T_start=60
58788.0,0.02006781090018189,1.1187936686591167,2.0417379446695296,0.002347417840375587,0.07593386405388855,52.0,45.0,0.9873327362963892,0.05994949670330652,5765.0,32.0,0.0,659,B12,T_start=60
39866.0,0.02006781090018189,0.7897688493998856,1.584893192461114,0.0,0.07745948928911854,40.0,68.0,0.9942992351218436,0.04219495315095206,3735.0,2.0,0.0,660,A3,T_start=60
39866.0,0.02006781090018189,0.4911905467933634,1.584893192461114,0.0,0.04319470225254603,21.0,60.5,0.981230224718182,0.08778123608030954,6760.0,26.0,0.0,660,A6,T_start=60
39866.0,0.02006781090018189,0.7897688493998856,1.584893192461114,0.0,0.07439923744544223,38.0,68.0,0.985424865899908,0.06581661425646931,5075.0,26.0,0.0,660,B6,T_start=60
39866.0,0.02006781090018189,0.5069907082747045,1.584893192461114,0.0,0.04833692871118246,25.0,60.5,0.9859924274961185,0.0686873704480838,5075.0,19.0,0.05555555555555555,660,B8,T_start=60
39866.0,0.02006781090018189,0.7897688493998856,1.584893192461114,0.0,0.07439923744544223,38.0,68.0,0.9827134811535448,0.07650672174637366,5550.0,26.0,0.0,660,B12,T_start=60
39033.0,0.02006781090018189,0.4911905467933634,1.6358745652400533,0.00023057412958266084,0.04806189634411908,23.0,2.5,0.993402496566931,0.04396483007271968,3735.0,2.0,0.0,661,A3,T_start=60
39033.0,0.02006781090018189,0.40620942890585726,1.6358745652400533,0.00023057412958266084,0.041042195065713626,19.0,2.5,0.9794272052122611,0.09084362489442231,6755.0,28.0,0.0,661,A6,T_start=60
39033.0,0.02006781090018189,0.4911905467933634,1.6358745652400533,0.00023057412958266084,0.04806189634411908,23.0,2.5,0.9845607961615198,0.06707137714444064,4825.0,26.0,0.0,661,B6,T_start=60
39033.0,0.02006781090018189,0.3935500754557774,1.6358745652400533,0.00023057412958266084,0.040196756590577205,19.0,1.5,0.9845066639717825,0.07148993557975097,5110.0,22.0,0.058333333333333334,661,B8,T_start=60
39033.0,0.02006781090018189,0.4911905467933634,1.6358745652400533,0.00023057412958266084,0.04806189634411908,23.0,2.5,0.9822993409680231,0.07553793279238784,5250.0,26.0,0.0,661,B12,T_start=60
59160.0,0.02006781090018189,1.3963683610559376,1.9781080029332403,0.0050033806626098715,0.10738674780256931,66.0,100.4,0.9895891115699033,0.05511927189354885,4830.0,10.0,0.0,662,A3,T_start=60
59160.0,0.02006781090018189,0.26076542044591006,1.9781080029332403,0.005527383367139959,0.03613928329952671,23.0,49.0,0.9789908934540831,0.08907490747814949,7660.0,27.0,0.0,662,A6,T_start=60
59160.0,0.02006781090018189,1.3528511027866506,2.0417379446695296,0.008485463150777552,0.08003718728870858,48.0,95.8,0.9850405084959319,0.06648717517357959,5615.0,28.0,0.0,662,B6,T_start=60
59160.0,0.02006781090018189,0.40620942890585726,1.7988709151287874,0.002958079783637593,0.04389790398918188,25.0,71.8,0.9842851330573734,0.07251838073367618,5850.0,21.0,0.07222222222222222,662,B8,T_start=60
59160.0,0.02006781090018189,1.3528511027866506,2.0417379446695296,0.008485463150777552,0.08003718728870858,48.0,95.8,0.98167171647722,0.077758768360679,6420.0,30.0,0.0,662,B12,T_start=60
81860.0,0.02006781090018189,0.5232991146814947,1.3963683610559376,0.0004275592474957244,0.05184461275348155,42.0,62.0,0.9908073152263808,0.049525268827213385,5115.0,6.0,0.0,663,A3,T_start=60
81860.0,0.02006781090018189,0.050263184440820056,1.0501467677660838,0.0018446127534815539,0.01696799413633032,18.0,33.0,0.9759059832754138,0.09830795633315838,8545.0,32.0,0.0,663,A6,T_start=60
81860.0,0.02006781090018189,0.8963961859499497,1.9781080029332403,0.0027241632054727585,0.07288052773027119,57.0,69.4,0.9856590032024238,0.06664422816229884,6280.0,32.0,0.0,663,B6,T_start=60
81860.0,0.02006781090018189,0.04027170343254591,0.6130557921498209,0.0,0.015111165404348889,12.0,13.2,0.9864955714710238,0.06600174276707296,6610.0,19.0,0.058333333333333334,663,B8,T_start=60
81860.0,0.02006781090018189,0.22974707980333003,1.1187936686591167,0.0018446127534815539,0.027107256291228926,24.0,34.0,0.9842255433256071,0.07391768447610737,6850.0,25.0,0.0,663,B12,T_start=60
37048.0,0.02006781090018189,0.5939501549952435,2.0417379446695296,0.00993305981429497,0.056116389548693586,24.0,4.5,0.9904999945889835,0.05075271298671727,3735.0,2.0,0.0,664,A3,T_start=60
37048.0,0.02006781090018189,0.25263877101318966,1.1187936686591167,0.0,0.02712697041675664,11.0,3.0,0.9745168066082508,0.1010748515025052,6850.0,28.0,0.0,664,A6,T_start=60
37048.0,0.02006781090018189,0.5939501549952435,2.0417379446695296,0.00993305981429497,0.056116389548693586,24.0,4.5,0.9801780408354491,0.07723161714064351,4985.0,30.0,0.0,664,B6,T_start=60
37048.0,0.02006781090018189,0.3935500754557774,1.584893192461114,0.0013226085078816671,0.04359209673936515,16.0,3.0,0.981269911211291,0.0782649635227187,5000.0,19.0,0.058333333333333334,664,B8,T_start=60
37048.0,0.02006781090018189,0.5939501549952435,2.0417379446695296,0.00993305981429497,0.056116389548693586,24.0,4.5,0.9765504202898915,0.08967881647687652,5460.0,30.0,0.0,664,B12,T_start=60
36302.0,0.02006781090018189,0.47588279098881686,1.584893192461114,0.0,0.048068976915872405,23.0,,0.9930813229491451,0.0449684176112367,3750.0,2.0,0.0,665,A3,T_start=60
36302.0,0.02006781090018189,0.17834050825119682,0.5754399373371569,0.0,0.016693295135254256,9.0,,0.9819267590750721,0.08094572655446702,6145.0,27.0,0.0,665,A6,T_start=60
36302.0,0.02006781090018189,0.47588279098881686,1.584893192461114,0.0,0.048068976915872405,23.0,,0.9846567414929054,0.06755831665893512,4775.0,31.0,0.0,665,B6,T_start=60
36302.0,0.02006781090018189,0.47588279098881686,1.584893192461114,0.0,0.048068976915872405,23.0,,0.9850946702351135,0.06913276503248542,4875.0,22.0,0.06944444444444445,665,B8,T_start=60
36302.0,0.02006781090018189,0.47588279098881686,1.584893192461114,0.0,0.048068976915872405,23.0,,0.9821112997936721,0.07741704657811666,5225.0,31.0,0.0,665,B12,T_start=60
62471.0,0.02006781090018189,2.0417379446695296,2.0417379446695296,0.26239375070032495,0.16133886123161148,82.0,34.0,0.9885389666009579,0.057927493132973226,4785.0,5.0,0.0,666,A3,T_start=60
62471.0,0.02006781090018189,2.0417379446695296,2.0417379446695296,0.22112660274367307,0.18014758848105522,67.0,12.0,0.9747892353000889,0.10200256212856115,8020.0,24.0,0.0,666,A6,T_start=60
62471.0,0.02006781090018189,2.0417379446695296,2.0417379446695296,0.26087304509292314,0.16025035616526068,82.0,34.0,0.9794638532915548,0.07793066921709253,7250.0,31.0,0.06111111111111111,666,B6,T_start=60
62471.0,0.02006781090018189,2.0417379446695296,2.0417379446695296,0.24936370475900818,0.15690480382897665,71.0,12.0,0.982956057087407,0.07542979108103107,6150.0,23.0,0.12222222222222222,666,B8,T_start=60
62471.0,0.02006781090018189,2.0417379446695296,2.0417379446695296,0.2595444286148773,0.1591618510989099,82.0,12.0,0.9762515280263319,0.08920017935262736,7775.0,31.0,0.06111111111111111,666,B12,T_start=60
51096.0,0.02006781090018189,1.0174193661806046,1.9164610627353873,0.0011546892124628151,0.10599655550336622,62.0,90.25,0.9959877777077193,0.03205632227018753,3750.0,2.0,0.0,667,A3,T_start=60
51096.0,0.02006781090018189,0.3578903595427346,1.0174193661806046,0.0,0.03734147487083138,23.0,61.0,0.9847290805579351,0.0753589069172795,7230.0,28.0,0.0,667,A6,T_start=60
51096.0,0.02006781090018189,1.0174193661806046,1.9164610627353873,0.0011546892124628151,0.10599655550336622,62.0,90.25,0.9872884185989002,0.053819123127437786,5365.0,30.0,0.0,667,B6,T_start=60
51096.0,0.02006781090018189,0.7413102413009177,1.4412854420872234,1.9571003601064663e-05,0.06620870518240175,41.0,90.25,0.9884207556158332,0.05832240903296772,5620.0,22.0,0.05555555555555555,667,B8,T_start=60
51096.0,0.02006781090018189,1.0174193661806046,1.9164610627353873,0.0011546892124628151,0.10599655550336622,62.0,90.25,0.984486293624435,0.06732540747744963,5990.0,30.0,0.0,667,B12,T_start=60
82627.0,0.02006781090018189,1.2302687708123812,2.0417379446695296,0.00468369903300374,0.0909145920824912,87.0,83.22222222222223,0.9976655184310059,0.021411558191336676,4170.0,4.0,0.0,668,A3,T_start=60
82627.0,0.02006781090018189,0.04290421892388853,0.5754399373371569,0.0,0.01202996599174604,9.0,14.222222222222221,0.9906177994821664,0.056183065630316664,8310.0,27.0,0.0,668,A6,T_start=60
82627.0,0.02006781090018189,1.1547819846894583,2.0417379446695296,0.0050346738959420045,0.08957120553814128,87.0,83.0,0.9914104688653889,0.040021100269378565,5890.0,31.0,0.0,668,B6,T_start=60
82627.0,0.02006781090018189,0.8684603593990751,1.9781080029332403,0.0039817493071272105,0.07365631089111307,71.0,74.22222222222223,0.993180002210715,0.039525393015475176,5640.0,23.0,0.05277777777777778,668,B8,T_start=60
82627.0,0.02006781090018189,1.1187936686591167,2.0417379446695296,0.0050346738959420045,0.08807048543454318,86.0,83.0,0.9900031987125825,0.047867495286964136,6565.0,31.0,0.0,668,B12,T_start=60
65595.0,0.02006781090018189,0.985711900900616,1.9164610627353873,0.001570241634270905,0.11055720710420001,90.0,49.8,0.9979835398756188,0.022832825807130884,3855.0,2.0,0.0,669,A3,T_start=60
65595.0,0.02006781090018189,0.15712670380639343,1.0174193661806046,0.0,0.02637396142998704,22.0,12.8,0.987905510085844,0.06622490718073315,7950.0,29.0,0.0,669,A6,T_start=60
65595.0,0.02006781090018189,0.9549925860214359,1.9164610627353873,0.001570241634270905,0.1005259547221587,79.0,38.0,0.9904078005846566,0.04485544361286248,5575.0,29.0,0.0,669,B6,T_start=60
65595.0,0.02006781090018189,0.7897688493998856,1.742809826672464,0.0015549965698605076,0.07328302462077903,59.0,37.6,0.991627936467506,0.04677844919392358,5535.0,22.0,0.058333333333333334,669,B8,T_start=60
65595.0,0.02006781090018189,0.9549925860214359,1.9164610627353873,0.001570241634270905,0.1005259547221587,79.0,38.0,0.9890051500424407,0.05382792147112607,6175.0,29.0,0.0,669,B12,T_start=60
68131.0,0.02006781090018189,0.8413951416451951,1.8567353246307055,0.0063260483480354025,0.07597129060192864,60.0,4.333333333333333,0.9945568293177486,0.033688013160765876,4305.0,6.0,0.0,670,A3,T_start=60
68131.0,0.02006781090018189,0.25263877101318966,1.3528511027866506,0.0,0.0401726086509812,25.0,4.0,0.9833126619876399,0.07517271578612149,7780.0,31.0,0.0,670,A6,T_start=60
68131.0,0.02006781090018189,1.191927939457827,2.0417379446695296,0.013327266589364607,0.10089386622829549,77.0,25.0,0.9876966147789129,0.05254379809183465,5520.0,33.0,0.0,670,B6,T_start=60
68131.0,0.02006781090018189,0.7897688493998856,1.3528511027866506,0.0,0.06885265150959181,48.0,2.6666666666666665,0.9893695697274678,0.05195740476640383,5440.0,19.0,0.15833333333333333,670,B8,T_start=60
68131.0,0.02006781090018189,1.191927939457827,2.0417379446695296,0.013327266589364607,0.10089386622829549,77.0,25.0,0.9853104591007701,0.06164594675619245,6400.0,35.0,0.0,670,B12,T_start=60
44259.0,0.02006781090018189,0.5401321147646347,1.584893192461114,0.0,0.05156013466187668,28.0,36.0,0.9797155623365456,0.07009940863661154,3915.0,3.0,0.0,671,A3,T_start=60
44259.0,0.02006781090018189,0.12196915077508336,1.3528511027866506,0.0,0.03038929935154432,18.0,2.5,0.9664129214621489,0.11342147550183265,6610.0,23.0,0.0,671,A6,T_start=60
44259.0,0.02006781090018189,0.8963961859499497,1.9164610627353873,0.0,0.06972593144897084,41.0,39.5,0.9734975821188947,0.08806067178639539,4900.0,25.0,0.0,671,B6,T_start=60
44259.0,0.02006781090018189,0.18407720014689555,1.3963683610559376,0.0,0.027565015025192617,18.0,37.5,0.9696961376844843,0.10118084477948013,5350.0,19.0,0.06944444444444445,671,B8,T_start=60
44259.0,0.02006781090018189,0.5401321147646347,1.584893192461114,0.0,0.05156013466187668,28.0,2.5,0.9718660551327863,0.09521180095188883,5260.0,22.0,0.0,671,B12,T_start=60
